sessionId,deviceAddress,filterId,index,timestamp,offsetMs,distanceCm
session-1783603457869-ue25e2,10:51:DB:0D:31:EA,b3bb9015,0,2026-07-09T13:24:22.885000Z,1783603462885,29.05
session-1783603457869-ue25e2,10:51:DB:0D:31:EA,b3bb9015,1,2026-07-09T13:24:23.066000Z,1783603463066,75.65
session-1783603457869-ue25e2,10:51:DB:0D:31:EA,b3bb9015,2,2026-07-09T13:24:23.337000Z,1783603463337,25.6
session-1783603457869-ue25e2,10:51:DB:0D:31:EA,b3bb9015,3,2026-07-09T13:24:24.327000Z,1783603464327,27.08
session-1783603457869-ue25e2,10:51:DB:0D:31:EA,b3bb9015,4,2026-07-09T13:24:24.461000Z,1783603464461,27.33
session-1783603457869-ue25e2,10:51:DB:0D:31:EA,b3bb9015,5,2026-07-09T13:24:25.138000Z,1783603465138,25.58
session-1783603457869-ue25e2,10:51:DB:0D:31:EA,b3bb9015,6,2026-07-09T13:24:25.513000Z,1783603465513,28.01
session-1783603457869-ue25e2,10:51:DB:0D:31:EA,b3bb9015,7,2026-07-09T13:24:25.724000Z,1783603465724,25.56
session-1783603457869-ue25e2,10:51:DB:0D:31:EA,b3bb9015,8,2026-07-09T13:24:27.972000Z,1783603467972,26.19
session-1783603457869-ue25e2,10:51:DB:0D:31:EA,b3bb9015,9,2026-07-09T13:24:28.510000Z,1783603468510,25.77
session-1783603457869-ue25e2,10:51:DB:0D:31:EA,b3bb9015,10,2026-07-09T13:24:31.256000Z,1783603471256,25.32
session-1783603457869-ue25e2,10:51:DB:0D:31:EA,b3bb9015,11,2026-07-09T13:24:31.842000Z,1783603471842,25.72
session-1783603457869-ue25e2,10:51:DB:0D:31:EA,b3bb9015,12,2026-07-09T13:24:36.162000Z,1783603476162,39.72
session-1783603457869-ue25e2,10:51:DB:0D:31:EA,b3bb9015,13,2026-07-09T13:24:36.342000Z,1783603476342,34.93
session-1783603457869-ue25e2,10:51:DB:0D:31:EA,b3bb9015,14,2026-07-09T13:24:36.431000Z,1783603476431,32.82
session-1783603457869-ue25e2,10:51:DB:0D:31:EA,b3bb9015,15,2026-07-09T13:24:36.581000Z,1783603476581,30.59
session-1783603457869-ue25e2,10:51:DB:0D:31:EA,b3bb9015,16,2026-07-09T13:24:36.702000Z,1783603476702,28.18
session-1783603457869-ue25e2,10:51:DB:0D:31:EA,b3bb9015,17,2026-07-09T13:24:36.791000Z,1783603476791,32.58
session-1783603457869-ue25e2,10:51:DB:0D:31:EA,b3bb9015,18,2026-07-09T13:24:37.062000Z,1783603477062,25.18
session-1783603457869-ue25e2,10:51:DB:0D:31:EA,b3bb9015,19,2026-07-09T13:24:54.703000Z,1783603494703,26.02
session-1783603457869-ue25e2,10:51:DB:0D:31:EA,b3bb9015,20,2026-07-09T13:24:56.141000Z,1783603496141,26.17
session-1783603457869-ue25e2,10:51:DB:0D:31:EA,b3bb9015,21,2026-07-09T13:25:07.530000Z,1783603507530,25.3
session-1783603457869-ue25e2,10:51:DB:0D:31:EA,b3bb9015,22,2026-07-09T13:25:07.531000Z,1783603507531,25.11
session-1783603457869-ue25e2,10:51:DB:0D:31:EA,b3bb9015,23,2026-07-09T13:25:08.250000Z,1783603508250,25.29
session-1783603457869-ue25e2,10:51:DB:0D:31:EA,b3bb9015,24,2026-07-09T13:25:08.251000Z,1783603508251,25.34
session-1783603457869-ue25e2,10:51:DB:0D:31:EA,b3bb9015,25,2026-07-09T13:25:08.292000Z,1783603508292,25.3
session-1783603457869-ue25e2,10:51:DB:0D:31:EA,b3bb9015,26,2026-07-09T13:25:08.294000Z,1783603508294,25.35
session-1783603457869-ue25e2,10:51:DB:0D:31:EA,b3bb9015,27,2026-07-09T13:25:08.294000Z,1783603508294,25.32
session-1783603457869-ue25e2,10:51:DB:0D:31:EA,b3bb9015,28,2026-07-09T13:25:08.339000Z,1783603508339,25.3
session-1783603457869-ue25e2,10:51:DB:0D:31:EA,b3bb9015,29,2026-07-09T13:25:08.475000Z,1783603508475,25.35
session-1783603457869-ue25e2,10:51:DB:0D:31:EA,b3bb9015,30,2026-07-09T13:25:08.476000Z,1783603508476,25.32
session-1783603457869-ue25e2,10:51:DB:0D:31:EA,b3bb9015,31,2026-07-09T13:25:08.476000Z,1783603508476,25.3
session-1783603457869-ue25e2,10:51:DB:0D:31:EA,b3bb9015,32,2026-07-09T13:25:08.835000Z,1783603508835,25.08
session-1783603457869-ue25e2,10:51:DB:0D:31:EA,b3bb9015,33,2026-07-09T13:25:10.230000Z,1783603510230,30.47
session-1783603457869-ue25e2,10:51:DB:0D:31:EA,b3bb9015,34,2026-07-09T13:25:13.648000Z,1783603513648,25.29
session-1783603457869-ue25e2,10:51:DB:0D:31:EA,b3bb9015,35,2026-07-09T13:25:13.961000Z,1783603513961,25.34
session-1783603457869-ue25e2,10:51:DB:0D:31:EA,b3bb9015,36,2026-07-09T13:25:14.054000Z,1783603514054,25.13
session-1783603457869-ue25e2,10:51:DB:0D:31:EA,b3bb9015,37,2026-07-09T13:25:14.232000Z,1783603514232,25.29
session-1783603457869-ue25e2,10:51:DB:0D:31:EA,b3bb9015,38,2026-07-09T13:25:15.808000Z,1783603515808,25.3
session-1783603457869-ue25e2,10:51:DB:0D:31:EA,b3bb9015,39,2026-07-09T13:25:17.428000Z,1783603517428,25.11
session-1783603457869-ue25e2,10:51:DB:0D:31:EA,b3bb9015,40,2026-07-09T13:25:19.454000Z,1783603519454,25.32
session-1783603457869-ue25e2,10:51:DB:0D:31:EA,b3bb9015,41,2026-07-09T13:25:19.814000Z,1783603519814,25.13
session-1783603457869-ue25e2,10:51:DB:0D:31:EA,b3bb9015,42,2026-07-09T13:25:19.904000Z,1783603519904,25.13
session-1783603457869-ue25e2,10:51:DB:0D:31:EA,b3bb9015,43,2026-07-09T13:25:20.039000Z,1783603520039,25.35
session-1783603457869-ue25e2,10:51:DB:0D:31:EA,b3bb9015,44,2026-07-09T13:25:20.399000Z,1783603520399,25.13
session-1783603457869-ue25e2,10:51:DB:0D:31:EA,b3bb9015,45,2026-07-09T13:25:20.731000Z,1783603520731,25.08
session-1783603457869-ue25e2,10:51:DB:0D:31:EA,b3bb9015,46,2026-07-09T13:25:21.030000Z,1783603521030,25.09
session-1783603457869-ue25e2,10:51:DB:0D:31:EA,b3bb9015,47,2026-07-09T13:25:21.119000Z,1783603521119,25.09
session-1783603457869-ue25e2,10:51:DB:0D:31:EA,b3bb9015,48,2026-07-09T13:25:21.168000Z,1783603521168,25.11
session-1783603457869-ue25e2,10:51:DB:0D:31:EA,b3bb9015,49,2026-07-09T13:25:21.311000Z,1783603521311,25.11
session-1783603457869-ue25e2,10:51:DB:0D:31:EA,b3bb9015,50,2026-07-09T13:25:21.387000Z,1783603521387,25.13
session-1783603457869-ue25e2,10:51:DB:0D:31:EA,b3bb9015,51,2026-07-09T13:25:21.613000Z,1783603521613,25.11
session-1783603457869-ue25e2,10:51:DB:0D:31:EA,b3bb9015,52,2026-07-09T13:25:21.794000Z,1783603521794,25.13
session-1783603457869-ue25e2,10:51:DB:0D:31:EA,b3bb9015,53,2026-07-09T13:25:22.080000Z,1783603522080,25.09
session-1783603457869-ue25e2,10:51:DB:0D:31:EA,b3bb9015,54,2026-07-09T13:25:22.606000Z,1783603522606,25.08
session-1783603457869-ue25e2,10:51:DB:0D:31:EA,b3bb9015,55,2026-07-09T13:25:23.015000Z,1783603523015,25.13
session-1783603457869-ue25e2,10:51:DB:0D:31:EA,b3bb9015,56,2026-07-09T13:25:23.016000Z,1783603523016,25.11
session-1783603457869-ue25e2,10:51:DB:0D:31:EA,b3bb9015,57,2026-07-09T13:25:23.144000Z,1783603523144,25.55
session-1783603457869-ue25e2,10:51:DB:0D:31:EA,b3bb9015,58,2026-07-09T13:25:23.294000Z,1783603523294,25.56
session-1783603457869-ue25e2,10:51:DB:0D:31:EA,b3bb9015,59,2026-07-09T13:25:23.653000Z,1783603523653,25.6
session-1783603457869-ue25e2,10:51:DB:0D:31:EA,b3bb9015,60,2026-07-09T13:25:23.818000Z,1783603523818,25.6
session-1783603457869-ue25e2,10:51:DB:0D:31:EA,b3bb9015,61,2026-07-09T13:25:23.907000Z,1783603523907,25.01
session-1783603457869-ue25e2,10:51:DB:0D:31:EA,b3bb9015,62,2026-07-09T13:25:24.042000Z,1783603524042,25.62
session-1783603457869-ue25e2,10:51:DB:0D:31:EA,b3bb9015,63,2026-07-09T13:25:24.284000Z,1783603524284,25.77
session-1783603457869-ue25e2,10:51:DB:0D:31:EA,b3bb9015,64,2026-07-09T13:25:24.402000Z,1783603524402,25.77
session-1783603457869-ue25e2,10:51:DB:0D:31:EA,b3bb9015,65,2026-07-09T13:25:24.448000Z,1783603524448,25.76
session-1783603457869-ue25e2,10:51:DB:0D:31:EA,b3bb9015,66,2026-07-09T13:25:24.734000Z,1783603524734,25.79
session-1783603457869-ue25e2,10:51:DB:0D:31:EA,b3bb9015,67,2026-07-09T13:25:24.913000Z,1783603524913,25.77
session-1783603457869-ue25e2,10:51:DB:0D:31:EA,b3bb9015,68,2026-07-09T13:25:25.227000Z,1783603525227,25.74
session-1783603457869-ue25e2,10:51:DB:0D:31:EA,b3bb9015,69,2026-07-09T13:25:25.347000Z,1783603525347,25.76
session-1783603457869-ue25e2,10:51:DB:0D:31:EA,b3bb9015,70,2026-07-09T13:25:25.349000Z,1783603525349,25.74
session-1783603457869-ue25e2,10:51:DB:0D:31:EA,b3bb9015,71,2026-07-09T13:25:25.439000Z,1783603525439,25.74
session-1783603457869-ue25e2,10:51:DB:0D:31:EA,b3bb9015,72,2026-07-09T13:25:26.069000Z,1783603526069,25.74
session-1783603457869-ue25e2,10:51:DB:0D:31:EA,b3bb9015,73,2026-07-09T13:25:26.205000Z,1783603526205,25.77
session-1783603457869-ue25e2,10:51:DB:0D:31:EA,b3bb9015,74,2026-07-09T13:25:26.339000Z,1783603526339,26.63
session-1783603457869-ue25e2,10:51:DB:0D:31:EA,b3bb9015,75,2026-07-09T13:25:26.340000Z,1783603526340,25.72
session-1783603457869-ue25e2,10:51:DB:0D:31:EA,b3bb9015,76,2026-07-09T13:25:26.490000Z,1783603526490,25.77
session-1783603457869-ue25e2,10:51:DB:0D:31:EA,b3bb9015,77,2026-07-09T13:25:26.608000Z,1783603526608,25.81
session-1783603457869-ue25e2,10:51:DB:0D:31:EA,b3bb9015,78,2026-07-09T13:25:26.696000Z,1783603526696,25.79
session-1783603457869-ue25e2,10:51:DB:0D:31:EA,b3bb9015,79,2026-07-09T13:25:26.880000Z,1783603526880,25.77
session-1783603457869-ue25e2,10:51:DB:0D:31:EA,b3bb9015,80,2026-07-09T13:25:27.192000Z,1783603527192,25.86
session-1783603457869-ue25e2,10:51:DB:0D:31:EA,b3bb9015,81,2026-07-09T13:25:27.283000Z,1783603527283,25.83
session-1783603457869-ue25e2,10:51:DB:0D:31:EA,b3bb9015,82,2026-07-09T13:25:27.508000Z,1783603527508,25.83
session-1783603457869-ue25e2,10:51:DB:0D:31:EA,b3bb9015,83,2026-07-09T13:25:27.644000Z,1783603527644,25.81
session-1783603457869-ue25e2,10:51:DB:0D:31:EA,b3bb9015,84,2026-07-09T13:25:27.823000Z,1783603527823,25.83
session-1783603457869-ue25e2,10:51:DB:0D:31:EA,b3bb9015,85,2026-07-09T13:25:28.230000Z,1783603528230,25.98
session-1783603457869-ue25e2,10:51:DB:0D:31:EA,b3bb9015,86,2026-07-09T13:25:28.319000Z,1783603528319,25.97
session-1783603457869-ue25e2,10:51:DB:0D:31:EA,b3bb9015,87,2026-07-09T13:25:28.679000Z,1783603528679,25.95
session-1783603457869-ue25e2,10:51:DB:0D:31:EA,b3bb9015,88,2026-07-09T13:25:28.723000Z,1783603528723,26.0
session-1783603457869-ue25e2,10:51:DB:0D:31:EA,b3bb9015,89,2026-07-09T13:25:29.039000Z,1783603529039,25.98
session-1783603457869-ue25e2,10:51:DB:0D:31:EA,b3bb9015,90,2026-07-09T13:25:29.145000Z,1783603529145,26.0
session-1783603457869-ue25e2,10:51:DB:0D:31:EA,b3bb9015,91,2026-07-09T13:25:29.214000Z,1783603529214,25.95
session-1783603457869-ue25e2,10:51:DB:0D:31:EA,b3bb9015,92,2026-07-09T13:25:29.347000Z,1783603529347,26.02
session-1783603457869-ue25e2,10:51:DB:0D:31:EA,b3bb9015,93,2026-07-09T13:25:29.663000Z,1783603529663,25.98
session-1783603457869-ue25e2,10:51:DB:0D:31:EA,b3bb9015,94,2026-07-09T13:25:29.904000Z,1783603529904,26.0
session-1783603457869-ue25e2,10:51:DB:0D:31:EA,b3bb9015,95,2026-07-09T13:25:29.978000Z,1783603529978,25.98
session-1783603457869-ue25e2,10:51:DB:0D:31:EA,b3bb9015,96,2026-07-09T13:25:30.383000Z,1783603530383,25.55
session-1783603457869-ue25e2,10:51:DB:0D:31:EA,b3bb9015,97,2026-07-09T13:25:30.519000Z,1783603530519,25.98
session-1783603457869-ue25e2,10:51:DB:0D:31:EA,b3bb9015,98,2026-07-09T13:25:30.564000Z,1783603530564,26.0
session-1783603457869-ue25e2,10:51:DB:0D:31:EA,b3bb9015,99,2026-07-09T13:25:30.803000Z,1783603530803,26.0
session-1783603457869-ue25e2,10:51:DB:0D:31:EA,b3bb9015,100,2026-07-09T13:25:30.923000Z,1783603530923,25.08
session-1783603457869-ue25e2,10:51:DB:0D:31:EA,b3bb9015,101,2026-07-09T13:25:31.103000Z,1783603531103,26.0
session-1783603457869-ue25e2,10:51:DB:0D:31:EA,b3bb9015,102,2026-07-09T13:25:31.194000Z,1783603531194,26.0
session-1783603457869-ue25e2,10:51:DB:0D:31:EA,b3bb9015,103,2026-07-09T13:25:31.377000Z,1783603531377,25.98
session-1783603457869-ue25e2,10:51:DB:0D:31:EA,b3bb9015,104,2026-07-09T13:25:31.465000Z,1783603531465,25.97
session-1783603457869-ue25e2,10:51:DB:0D:31:EA,b3bb9015,105,2026-07-09T13:25:31.687000Z,1783603531687,25.97
session-1783603457869-ue25e2,10:51:DB:0D:31:EA,b3bb9015,106,2026-07-09T13:25:31.915000Z,1783603531915,25.95
session-1783603457869-ue25e2,10:51:DB:0D:31:EA,b3bb9015,107,2026-07-09T13:25:32.184000Z,1783603532184,25.97
session-1783603457869-ue25e2,10:51:DB:0D:31:EA,b3bb9015,108,2026-07-09T13:25:32.228000Z,1783603532228,26.02
session-1783603457869-ue25e2,10:51:DB:0D:31:EA,b3bb9015,109,2026-07-09T13:25:32.365000Z,1783603532365,25.97
session-1783603457869-ue25e2,10:51:DB:0D:31:EA,b3bb9015,110,2026-07-09T13:25:32.432000Z,1783603532432,26.0
session-1783603457869-ue25e2,10:51:DB:0D:31:EA,b3bb9015,111,2026-07-09T13:25:32.636000Z,1783603532636,26.05
session-1783603457869-ue25e2,10:51:DB:0D:31:EA,b3bb9015,112,2026-07-09T13:25:32.725000Z,1783603532725,26.23
session-1783603457869-ue25e2,10:51:DB:0D:31:EA,b3bb9015,113,2026-07-09T13:25:32.816000Z,1783603532816,26.02
session-1783603457869-ue25e2,10:51:DB:0D:31:EA,b3bb9015,114,2026-07-09T13:25:32.906000Z,1783603532906,26.19
session-1783603457869-ue25e2,10:51:DB:0D:31:EA,b3bb9015,115,2026-07-09T13:25:33.041000Z,1783603533041,26.16
session-1783603457869-ue25e2,10:51:DB:0D:31:EA,b3bb9015,116,2026-07-09T13:25:33.219000Z,1783603533219,26.17
session-1783603457869-ue25e2,10:51:DB:0D:31:EA,b3bb9015,117,2026-07-09T13:25:33.355000Z,1783603533355,26.19
session-1783603457869-ue25e2,10:51:DB:0D:31:EA,b3bb9015,118,2026-07-09T13:25:33.398000Z,1783603533398,26.17
session-1783603457869-ue25e2,10:51:DB:0D:31:EA,b3bb9015,119,2026-07-09T13:25:33.489000Z,1783603533489,26.19
session-1783603457869-ue25e2,10:51:DB:0D:31:EA,b3bb9015,120,2026-07-09T13:25:33.624000Z,1783603533624,26.17
session-1783603457869-ue25e2,10:51:DB:0D:31:EA,b3bb9015,121,2026-07-09T13:25:33.760000Z,1783603533760,26.21
session-1783603457869-ue25e2,10:51:DB:0D:31:EA,b3bb9015,122,2026-07-09T13:25:33.938000Z,1783603533938,26.19
session-1783603457869-ue25e2,10:51:DB:0D:31:EA,b3bb9015,123,2026-07-09T13:25:34.028000Z,1783603534028,26.16
session-1783603457869-ue25e2,10:51:DB:0D:31:EA,b3bb9015,124,2026-07-09T13:25:34.164000Z,1783603534164,26.19
session-1783603457869-ue25e2,10:51:DB:0D:31:EA,b3bb9015,125,2026-07-09T13:25:34.254000Z,1783603534254,26.17
session-1783603457869-ue25e2,10:51:DB:0D:31:EA,b3bb9015,126,2026-07-09T13:25:34.344000Z,1783603534344,26.63
session-1783603457869-ue25e2,10:51:DB:0D:31:EA,b3bb9015,127,2026-07-09T13:25:34.434000Z,1783603534434,26.21
session-1783603457869-ue25e2,10:51:DB:0D:31:EA,b3bb9015,128,2026-07-09T13:25:34.658000Z,1783603534658,26.23
session-1783603457869-ue25e2,10:51:DB:0D:31:EA,b3bb9015,129,2026-07-09T13:25:34.748000Z,1783603534748,26.21
session-1783603457869-ue25e2,10:51:DB:0D:31:EA,b3bb9015,130,2026-07-09T13:25:34.930000Z,1783603534930,26.24
session-1783603457869-ue25e2,10:51:DB:0D:31:EA,b3bb9015,131,2026-07-09T13:25:35.080000Z,1783603535080,26.19
session-1783603457869-ue25e2,10:51:DB:0D:31:EA,b3bb9015,132,2026-07-09T13:25:35.245000Z,1783603535245,26.19
session-1783603457869-ue25e2,10:51:DB:0D:31:EA,b3bb9015,133,2026-07-09T13:25:35.470000Z,1783603535470,26.21
session-1783603457869-ue25e2,10:51:DB:0D:31:EA,b3bb9015,134,2026-07-09T13:25:35.800000Z,1783603535800,26.24
session-1783603457869-ue25e2,10:51:DB:0D:31:EA,b3bb9015,135,2026-07-09T13:25:36.277000Z,1783603536277,26.42
session-1783603457869-ue25e2,10:51:DB:0D:31:EA,b3bb9015,136,2026-07-09T13:25:36.368000Z,1783603536368,26.44
session-1783603457869-ue25e2,10:51:DB:0D:31:EA,b3bb9015,137,2026-07-09T13:25:36.504000Z,1783603536504,26.42
session-1783603457869-ue25e2,10:51:DB:0D:31:EA,b3bb9015,138,2026-07-09T13:25:36.595000Z,1783603536595,26.47
session-1783603457869-ue25e2,10:51:DB:0D:31:EA,b3bb9015,139,2026-07-09T13:25:36.773000Z,1783603536773,26.44
session-1783603457869-ue25e2,10:51:DB:0D:31:EA,b3bb9015,140,2026-07-09T13:25:36.908000Z,1783603536908,26.42
session-1783603457869-ue25e2,10:51:DB:0D:31:EA,b3bb9015,141,2026-07-09T13:25:37.045000Z,1783603537045,26.44
session-1783603457869-ue25e2,10:51:DB:0D:31:EA,b3bb9015,142,2026-07-09T13:25:37.088000Z,1783603537088,26.42
session-1783603457869-ue25e2,10:51:DB:0D:31:EA,b3bb9015,143,2026-07-09T13:25:37.178000Z,1783603537178,26.44
session-1783603457869-ue25e2,10:51:DB:0D:31:EA,b3bb9015,144,2026-07-09T13:25:37.268000Z,1783603537268,26.42
session-1783603457869-ue25e2,10:51:DB:0D:31:EA,b3bb9015,145,2026-07-09T13:25:37.404000Z,1783603537404,26.45
session-1783603457869-ue25e2,10:51:DB:0D:31:EA,b3bb9015,146,2026-07-09T13:25:37.584000Z,1783603537584,26.44
session-1783603457869-ue25e2,10:51:DB:0D:31:EA,b3bb9015,147,2026-07-09T13:25:37.674000Z,1783603537674,26.45
session-1783603457869-ue25e2,10:51:DB:0D:31:EA,b3bb9015,148,2026-07-09T13:25:37.825000Z,1783603537825,26.45
session-1783603457869-ue25e2,10:51:DB:0D:31:EA,b3bb9015,149,2026-07-09T13:25:38.094000Z,1783603538094,26.47
session-1783603457869-ue25e2,10:51:DB:0D:31:EA,b3bb9015,150,2026-07-09T13:25:38.168000Z,1783603538168,26.42
session-1783603457869-ue25e2,10:51:DB:0D:31:EA,b3bb9015,151,2026-07-09T13:25:38.317000Z,1783603538317,26.45
session-1783603457869-ue25e2,10:51:DB:0D:31:EA,b3bb9015,152,2026-07-09T13:25:38.533000Z,1783603538533,26.42
session-1783603457869-ue25e2,10:51:DB:0D:31:EA,b3bb9015,153,2026-07-09T13:25:38.541000Z,1783603538541,26.45
session-1783603457869-ue25e2,10:51:DB:0D:31:EA,b3bb9015,154,2026-07-09T13:25:38.684000Z,1783603538684,26.42
session-1783603457869-ue25e2,10:51:DB:0D:31:EA,b3bb9015,155,2026-07-09T13:25:38.802000Z,1783603538802,26.38
session-1783603457869-ue25e2,10:51:DB:0D:31:EA,b3bb9015,156,2026-07-09T13:25:38.802000Z,1783603538802,26.42
session-1783603457869-ue25e2,10:51:DB:0D:31:EA,b3bb9015,157,2026-07-09T13:25:38.842000Z,1783603538842,26.42
session-1783603457869-ue25e2,10:51:DB:0D:31:EA,b3bb9015,158,2026-07-09T13:25:38.993000Z,1783603538993,26.47
session-1783603457869-ue25e2,10:51:DB:0D:31:EA,b3bb9015,159,2026-07-09T13:25:39.070000Z,1783603539070,26.42
session-1783603457869-ue25e2,10:51:DB:0D:31:EA,b3bb9015,160,2026-07-09T13:25:39.158000Z,1783603539158,26.47
session-1783603457869-ue25e2,10:51:DB:0D:31:EA,b3bb9015,161,2026-07-09T13:25:39.337000Z,1783603539337,26.45
session-1783603457869-ue25e2,10:51:DB:0D:31:EA,b3bb9015,162,2026-07-09T13:25:39.429000Z,1783603539429,26.42
session-1783603457869-ue25e2,10:51:DB:0D:31:EA,b3bb9015,163,2026-07-09T13:25:39.473000Z,1783603539473,26.42
session-1783603457869-ue25e2,10:51:DB:0D:31:EA,b3bb9015,164,2026-07-09T13:25:39.566000Z,1783603539566,26.42
session-1783603457869-ue25e2,10:51:DB:0D:31:EA,b3bb9015,165,2026-07-09T13:25:39.834000Z,1783603539834,26.47
session-1783603457869-ue25e2,10:51:DB:0D:31:EA,b3bb9015,166,2026-07-09T13:25:40.462000Z,1783603540462,26.44
session-1783603457869-ue25e2,10:51:DB:0D:31:EA,b3bb9015,167,2026-07-09T13:25:40.597000Z,1783603540597,26.47
session-1783603457869-ue25e2,10:51:DB:0D:31:EA,b3bb9015,168,2026-07-09T13:25:40.688000Z,1783603540688,26.45
session-1783603457869-ue25e2,10:51:DB:0D:31:EA,b3bb9015,169,2026-07-09T13:25:40.777000Z,1783603540777,26.47
session-1783603457869-ue25e2,10:51:DB:0D:31:EA,b3bb9015,170,2026-07-09T13:25:40.912000Z,1783603540912,26.45
session-1783603457869-ue25e2,10:51:DB:0D:31:EA,b3bb9015,171,2026-07-09T13:25:41.182000Z,1783603541182,26.65
session-1783603457869-ue25e2,10:51:DB:0D:31:EA,b3bb9015,172,2026-07-09T13:25:41.453000Z,1783603541453,26.61
session-1783603457869-ue25e2,10:51:DB:0D:31:EA,b3bb9015,173,2026-07-09T13:25:41.813000Z,1783603541813,26.59
session-1783603457869-ue25e2,10:51:DB:0D:31:EA,b3bb9015,174,2026-07-09T13:25:41.947000Z,1783603541947,26.63
session-1783603457869-ue25e2,10:51:DB:0D:31:EA,b3bb9015,175,2026-07-09T13:25:42.218000Z,1783603542218,26.65
session-1783603457869-ue25e2,10:51:DB:0D:31:EA,b3bb9015,176,2026-07-09T13:25:42.578000Z,1783603542578,26.65
session-1783603457869-ue25e2,10:51:DB:0D:31:EA,b3bb9015,177,2026-07-09T13:25:42.758000Z,1783603542758,26.65
session-1783603457869-ue25e2,10:51:DB:0D:31:EA,b3bb9015,178,2026-07-09T13:25:43.405000Z,1783603543405,26.59
session-1783603457869-ue25e2,10:51:DB:0D:31:EA,b3bb9015,179,2026-07-09T13:25:43.523000Z,1783603543523,26.65
session-1783603457869-ue25e2,10:51:DB:0D:31:EA,b3bb9015,180,2026-07-09T13:25:43.661000Z,1783603543661,26.65
session-1783603457869-ue25e2,10:51:DB:0D:31:EA,b3bb9015,181,2026-07-09T13:25:43.839000Z,1783603543839,26.63
session-1783603457869-ue25e2,10:51:DB:0D:31:EA,b3bb9015,182,2026-07-09T13:25:44.064000Z,1783603544064,26.65
session-1783603457869-ue25e2,10:51:DB:0D:31:EA,b3bb9015,183,2026-07-09T13:25:44.289000Z,1783603544289,26.66
session-1783603457869-ue25e2,10:51:DB:0D:31:EA,b3bb9015,184,2026-07-09T13:25:44.558000Z,1783603544558,26.66
session-1783603457869-ue25e2,10:51:DB:0D:31:EA,b3bb9015,185,2026-07-09T13:25:44.708000Z,1783603544708,26.68
session-1783603457869-ue25e2,10:51:DB:0D:31:EA,b3bb9015,186,2026-07-09T13:25:44.873000Z,1783603544873,26.68
session-1783603457869-ue25e2,10:51:DB:0D:31:EA,b3bb9015,187,2026-07-09T13:25:44.962000Z,1783603544962,26.7
session-1783603457869-ue25e2,10:51:DB:0D:31:EA,b3bb9015,188,2026-07-09T13:25:45.099000Z,1783603545099,26.66
session-1783603457869-ue25e2,10:51:DB:0D:31:EA,b3bb9015,189,2026-07-09T13:25:45.188000Z,1783603545188,26.7
session-1783603457869-ue25e2,10:51:DB:0D:31:EA,b3bb9015,190,2026-07-09T13:25:45.277000Z,1783603545277,26.68
session-1783603457869-ue25e2,10:51:DB:0D:31:EA,b3bb9015,191,2026-07-09T13:25:45.458000Z,1783603545458,26.7
session-1783603457869-ue25e2,10:51:DB:0D:31:EA,b3bb9015,192,2026-07-09T13:25:45.593000Z,1783603545593,26.84
session-1783603457869-ue25e2,10:51:DB:0D:31:EA,b3bb9015,193,2026-07-09T13:25:45.864000Z,1783603545864,26.87
session-1783603457869-ue25e2,10:51:DB:0D:31:EA,b3bb9015,194,2026-07-09T13:25:46.016000Z,1783603546016,26.84
session-1783603457869-ue25e2,10:51:DB:0D:31:EA,b3bb9015,195,2026-07-09T13:25:46.366000Z,1783603546366,26.84
session-1783603457869-ue25e2,10:51:DB:0D:31:EA,b3bb9015,196,2026-07-09T13:25:46.628000Z,1783603546628,26.86
session-1783603457869-ue25e2,10:51:DB:0D:31:EA,b3bb9015,197,2026-07-09T13:25:46.718000Z,1783603546718,26.84
session-1783603457869-ue25e2,10:51:DB:0D:31:EA,b3bb9015,198,2026-07-09T13:25:46.947000Z,1783603546947,26.84
session-1783603457869-ue25e2,10:51:DB:0D:31:EA,b3bb9015,199,2026-07-09T13:25:47.078000Z,1783603547078,26.86
session-1783603457869-ue25e2,10:51:DB:0D:31:EA,b3bb9015,200,2026-07-09T13:25:47.458000Z,1783603547458,26.84
session-1783603457869-ue25e2,10:51:DB:0D:31:EA,b3bb9015,201,2026-07-09T13:25:47.528000Z,1783603547528,26.84
session-1783603457869-ue25e2,10:51:DB:0D:31:EA,b3bb9015,202,2026-07-09T13:25:47.753000Z,1783603547753,26.84
session-1783603457869-ue25e2,10:51:DB:0D:31:EA,b3bb9015,203,2026-07-09T13:25:47.978000Z,1783603547978,26.87
session-1783603457869-ue25e2,10:51:DB:0D:31:EA,b3bb9015,204,2026-07-09T13:25:48.122000Z,1783603548122,26.87
session-1783603457869-ue25e2,10:51:DB:0D:31:EA,b3bb9015,205,2026-07-09T13:25:48.203000Z,1783603548203,26.87
session-1783603457869-ue25e2,10:51:DB:0D:31:EA,b3bb9015,206,2026-07-09T13:25:48.293000Z,1783603548293,26.86
session-1783603457869-ue25e2,10:51:DB:0D:31:EA,b3bb9015,207,2026-07-09T13:25:48.473000Z,1783603548473,26.84
session-1783603457869-ue25e2,10:51:DB:0D:31:EA,b3bb9015,208,2026-07-09T13:25:48.878000Z,1783603548878,26.86
session-1783603457869-ue25e2,10:51:DB:0D:31:EA,b3bb9015,209,2026-07-09T13:25:48.967000Z,1783603548967,26.86
session-1783603457869-ue25e2,10:51:DB:0D:31:EA,b3bb9015,210,2026-07-09T13:25:49.253000Z,1783603549253,26.91
session-1783603457869-ue25e2,10:51:DB:0D:31:EA,b3bb9015,211,2026-07-09T13:25:49.373000Z,1783603549373,26.91
session-1783603457869-ue25e2,10:51:DB:0D:31:EA,b3bb9015,212,2026-07-09T13:25:49.523000Z,1783603549523,26.91
session-1783603457869-ue25e2,10:51:DB:0D:31:EA,b3bb9015,213,2026-07-09T13:25:49.825000Z,1783603549825,26.89
session-1783603457869-ue25e2,10:51:DB:0D:31:EA,b3bb9015,214,2026-07-09T13:25:49.913000Z,1783603549913,27.05
session-1783603457869-ue25e2,10:51:DB:0D:31:EA,b3bb9015,215,2026-07-09T13:25:50.008000Z,1783603550008,27.05
session-1783603457869-ue25e2,10:51:DB:0D:31:EA,b3bb9015,216,2026-07-09T13:25:50.363000Z,1783603550363,27.06
session-1783603457869-ue25e2,10:51:DB:0D:31:EA,b3bb9015,217,2026-07-09T13:25:50.542000Z,1783603550542,27.06
session-1783603457869-ue25e2,10:51:DB:0D:31:EA,b3bb9015,218,2026-07-09T13:25:50.770000Z,1783603550770,27.06
session-1783603457869-ue25e2,10:51:DB:0D:31:EA,b3bb9015,219,2026-07-09T13:25:50.859000Z,1783603550859,27.06
session-1783603457869-ue25e2,10:51:DB:0D:31:EA,b3bb9015,220,2026-07-09T13:25:51.262000Z,1783603551262,27.03
session-1783603457869-ue25e2,10:51:DB:0D:31:EA,b3bb9015,221,2026-07-09T13:25:51.399000Z,1783603551399,27.05
session-1783603457869-ue25e2,10:51:DB:0D:31:EA,b3bb9015,222,2026-07-09T13:25:51.578000Z,1783603551578,27.06
session-1783603457869-ue25e2,10:51:DB:0D:31:EA,b3bb9015,223,2026-07-09T13:25:51.803000Z,1783603551803,27.03
session-1783603457869-ue25e2,10:51:DB:0D:31:EA,b3bb9015,224,2026-07-09T13:25:51.897000Z,1783603551897,27.05
session-1783603457869-ue25e2,10:51:DB:0D:31:EA,b3bb9015,225,2026-07-09T13:25:51.983000Z,1783603551983,27.05
session-1783603457869-ue25e2,10:51:DB:0D:31:EA,b3bb9015,226,2026-07-09T13:25:52.072000Z,1783603552072,27.03
session-1783603457869-ue25e2,10:51:DB:0D:31:EA,b3bb9015,227,2026-07-09T13:25:52.343000Z,1783603552343,27.08
session-1783603457869-ue25e2,10:51:DB:0D:31:EA,b3bb9015,228,2026-07-09T13:25:52.658000Z,1783603552658,27.06
session-1783603457869-ue25e2,10:51:DB:0D:31:EA,b3bb9015,229,2026-07-09T13:25:52.927000Z,1783603552927,27.06
session-1783603457869-ue25e2,10:51:DB:0D:31:EA,b3bb9015,230,2026-07-09T13:25:53.018000Z,1783603553018,27.03
session-1783603457869-ue25e2,10:51:DB:0D:31:EA,b3bb9015,231,2026-07-09T13:25:53.107000Z,1783603553107,27.03
session-1783603457869-ue25e2,10:51:DB:0D:31:EA,b3bb9015,232,2026-07-09T13:25:53.333000Z,1783603553333,27.06
session-1783603457869-ue25e2,10:51:DB:0D:31:EA,b3bb9015,233,2026-07-09T13:25:53.422000Z,1783603553422,27.06
session-1783603457869-ue25e2,10:51:DB:0D:31:EA,b3bb9015,234,2026-07-09T13:25:53.648000Z,1783603553648,27.06
session-1783603457869-ue25e2,10:51:DB:0D:31:EA,b3bb9015,235,2026-07-09T13:25:53.918000Z,1783603553918,27.12
session-1783603457869-ue25e2,10:51:DB:0D:31:EA,b3bb9015,236,2026-07-09T13:25:54.008000Z,1783603554008,27.12
session-1783603457869-ue25e2,10:51:DB:0D:31:EA,b3bb9015,237,2026-07-09T13:25:54.143000Z,1783603554143,27.13
session-1783603457869-ue25e2,10:51:DB:0D:31:EA,b3bb9015,238,2026-07-09T13:25:54.277000Z,1783603554277,27.1
session-1783603457869-ue25e2,10:51:DB:0D:31:EA,b3bb9015,239,2026-07-09T13:25:54.458000Z,1783603554458,27.13
session-1783603457869-ue25e2,10:51:DB:0D:31:EA,b3bb9015,240,2026-07-09T13:25:54.641000Z,1783603554641,27.29
session-1783603457869-ue25e2,10:51:DB:0D:31:EA,b3bb9015,241,2026-07-09T13:25:54.772000Z,1783603554772,27.27
session-1783603457869-ue25e2,10:51:DB:0D:31:EA,b3bb9015,242,2026-07-09T13:25:54.907000Z,1783603554907,27.26
session-1783603457869-ue25e2,10:51:DB:0D:31:EA,b3bb9015,243,2026-07-09T13:25:55.102000Z,1783603555102,27.26
session-1783603457869-ue25e2,10:51:DB:0D:31:EA,b3bb9015,244,2026-07-09T13:25:55.177000Z,1783603555177,27.29
session-1783603457869-ue25e2,10:51:DB:0D:31:EA,b3bb9015,245,2026-07-09T13:25:55.360000Z,1783603555360,27.26
session-1783603457869-ue25e2,10:51:DB:0D:31:EA,b3bb9015,246,2026-07-09T13:25:55.448000Z,1783603555448,27.29
session-1783603457869-ue25e2,10:51:DB:0D:31:EA,b3bb9015,247,2026-07-09T13:25:55.674000Z,1783603555674,27.27
session-1783603457869-ue25e2,10:51:DB:0D:31:EA,b3bb9015,248,2026-07-09T13:25:55.763000Z,1783603555763,27.26
session-1783603457869-ue25e2,10:51:DB:0D:31:EA,b3bb9015,249,2026-07-09T13:25:56.003000Z,1783603556003,27.26
session-1783603457869-ue25e2,10:51:DB:0D:31:EA,b3bb9015,250,2026-07-09T13:25:56.122000Z,1783603556122,27.29
session-1783603457869-ue25e2,10:51:DB:0D:31:EA,b3bb9015,251,2026-07-09T13:25:56.348000Z,1783603556348,27.29
session-1783603457869-ue25e2,10:51:DB:0D:31:EA,b3bb9015,252,2026-07-09T13:25:56.752000Z,1783603556752,27.26
session-1783603457869-ue25e2,10:51:DB:0D:31:EA,b3bb9015,253,2026-07-09T13:25:56.843000Z,1783603556843,27.29
session-1783603457869-ue25e2,10:51:DB:0D:31:EA,b3bb9015,254,2026-07-09T13:25:57.022000Z,1783603557022,27.29
session-1783603457869-ue25e2,10:51:DB:0D:31:EA,b3bb9015,255,2026-07-09T13:25:57.173000Z,1783603557173,27.29
session-1783603457869-ue25e2,10:51:DB:0D:31:EA,b3bb9015,256,2026-07-09T13:25:57.339000Z,1783603557339,27.31
session-1783603457869-ue25e2,10:51:DB:0D:31:EA,b3bb9015,257,2026-07-09T13:25:57.518000Z,1783603557518,27.29
session-1783603457869-ue25e2,10:51:DB:0D:31:EA,b3bb9015,258,2026-07-09T13:25:57.746000Z,1783603557746,27.33
session-1783603457869-ue25e2,10:51:DB:0D:31:EA,b3bb9015,259,2026-07-09T13:25:57.833000Z,1783603557833,27.34
session-1783603457869-ue25e2,10:51:DB:0D:31:EA,b3bb9015,260,2026-07-09T13:25:58.060000Z,1783603558060,27.31
session-1783603457869-ue25e2,10:51:DB:0D:31:EA,b3bb9015,261,2026-07-09T13:25:58.148000Z,1783603558148,27.34
session-1783603457869-ue25e2,10:51:DB:0D:31:EA,b3bb9015,262,2026-07-09T13:25:58.238000Z,1783603558238,27.34
session-1783603457869-ue25e2,10:51:DB:0D:31:EA,b3bb9015,263,2026-07-09T13:25:58.599000Z,1783603558599,27.36
session-1783603457869-ue25e2,10:51:DB:0D:31:EA,b3bb9015,264,2026-07-09T13:25:58.868000Z,1783603558868,27.34
session-1783603457869-ue25e2,10:51:DB:0D:31:EA,b3bb9015,265,2026-07-09T13:26:00.308000Z,1783603560308,27.48
session-1783603457869-ue25e2,10:51:DB:0D:31:EA,b3bb9015,266,2026-07-09T13:26:00.669000Z,1783603560669,27.52
session-1783603457869-ue25e2,10:51:DB:0D:31:EA,b3bb9015,267,2026-07-09T13:26:00.758000Z,1783603560758,27.52
session-1783603457869-ue25e2,10:51:DB:0D:31:EA,b3bb9015,268,2026-07-09T13:26:00.848000Z,1783603560848,27.52
session-1783603457869-ue25e2,10:51:DB:0D:31:EA,b3bb9015,269,2026-07-09T13:26:00.938000Z,1783603560938,27.52
session-1783603457869-ue25e2,10:51:DB:0D:31:EA,b3bb9015,270,2026-07-09T13:26:01.074000Z,1783603561074,27.48
session-1783603457869-ue25e2,10:51:DB:0D:31:EA,b3bb9015,271,2026-07-09T13:26:01.163000Z,1783603561163,27.48
session-1783603457869-ue25e2,10:51:DB:0D:31:EA,b3bb9015,272,2026-07-09T13:26:01.568000Z,1783603561568,27.48
session-1783603457869-ue25e2,10:51:DB:0D:31:EA,b3bb9015,273,2026-07-09T13:26:01.747000Z,1783603561747,27.5
session-1783603457869-ue25e2,10:51:DB:0D:31:EA,b3bb9015,274,2026-07-09T13:26:01.973000Z,1783603561973,27.5
session-1783603457869-ue25e2,10:51:DB:0D:31:EA,b3bb9015,275,2026-07-09T13:26:02.062000Z,1783603562062,27.5
session-1783603457869-ue25e2,10:51:DB:0D:31:EA,b3bb9015,276,2026-07-09T13:26:02.378000Z,1783603562378,27.52
session-1783603457869-ue25e2,10:51:DB:0D:31:EA,b3bb9015,277,2026-07-09T13:26:02.528000Z,1783603562528,27.59
session-1783603457869-ue25e2,10:51:DB:0D:31:EA,b3bb9015,278,2026-07-09T13:26:02.693000Z,1783603562693,27.55
session-1783603457869-ue25e2,10:51:DB:0D:31:EA,b3bb9015,279,2026-07-09T13:26:03.009000Z,1783603563009,27.71
session-1783603457869-ue25e2,10:51:DB:0D:31:EA,b3bb9015,280,2026-07-09T13:26:03.190000Z,1783603563190,27.75
session-1783603457869-ue25e2,10:51:DB:0D:31:EA,b3bb9015,281,2026-07-09T13:26:03.281000Z,1783603563281,27.73
session-1783603457869-ue25e2,10:51:DB:0D:31:EA,b3bb9015,282,2026-07-09T13:26:03.368000Z,1783603563368,27.75
session-1783603457869-ue25e2,10:51:DB:0D:31:EA,b3bb9015,283,2026-07-09T13:26:03.503000Z,1783603563503,27.71
session-1783603457869-ue25e2,10:51:DB:0D:31:EA,b3bb9015,284,2026-07-09T13:26:03.596000Z,1783603563596,27.71
session-1783603457869-ue25e2,10:51:DB:0D:31:EA,b3bb9015,285,2026-07-09T13:26:03.684000Z,1783603563684,27.75
session-1783603457869-ue25e2,10:51:DB:0D:31:EA,b3bb9015,286,2026-07-09T13:26:03.911000Z,1783603563911,27.95
session-1783603457869-ue25e2,10:51:DB:0D:31:EA,b3bb9015,287,2026-07-09T13:26:04.089000Z,1783603564089,27.92
session-1783603457869-ue25e2,10:51:DB:0D:31:EA,b3bb9015,288,2026-07-09T13:26:04.178000Z,1783603564178,27.95
session-1783603457869-ue25e2,10:51:DB:0D:31:EA,b3bb9015,289,2026-07-09T13:26:04.419000Z,1783603564419,28.16
session-1783603457869-ue25e2,10:51:DB:0D:31:EA,b3bb9015,290,2026-07-09T13:26:04.540000Z,1783603564540,28.16
session-1783603457869-ue25e2,10:51:DB:0D:31:EA,b3bb9015,291,2026-07-09T13:26:05.093000Z,1783603565093,28.36
session-1783603457869-ue25e2,10:51:DB:0D:31:EA,b3bb9015,292,2026-07-09T13:26:05.351000Z,1783603565351,28.58
session-1783603457869-ue25e2,10:51:DB:0D:31:EA,b3bb9015,293,2026-07-09T13:26:05.501000Z,1783603565501,28.57
session-1783603457869-ue25e2,10:51:DB:0D:31:EA,b3bb9015,294,2026-07-09T13:26:05.709000Z,1783603565709,28.81
session-1783603457869-ue25e2,10:51:DB:0D:31:EA,b3bb9015,295,2026-07-09T13:26:06.116000Z,1783603566116,29.05
session-1783603457869-ue25e2,10:51:DB:0D:31:EA,b3bb9015,296,2026-07-09T13:26:06.250000Z,1783603566250,29.25
session-1783603457869-ue25e2,10:51:DB:0D:31:EA,b3bb9015,297,2026-07-09T13:26:06.431000Z,1783603566431,29.32
session-1783603457869-ue25e2,10:51:DB:0D:31:EA,b3bb9015,298,2026-07-09T13:26:06.564000Z,1783603566564,29.46
session-1783603457869-ue25e2,10:51:DB:0D:31:EA,b3bb9015,299,2026-07-09T13:26:06.879000Z,1783603566879,29.75
session-1783603457869-ue25e2,10:51:DB:0D:31:EA,b3bb9015,300,2026-07-09T13:26:07.061000Z,1783603567061,30.36
session-1783603457869-ue25e2,10:51:DB:0D:31:EA,b3bb9015,301,2026-07-09T13:26:07.148000Z,1783603567148,30.14
session-1783603457869-ue25e2,10:51:DB:0D:31:EA,b3bb9015,302,2026-07-09T13:26:07.463000Z,1783603567463,30.55
session-1783603457869-ue25e2,10:51:DB:0D:31:EA,b3bb9015,303,2026-07-09T13:26:07.554000Z,1783603567554,30.61
session-1783603457869-ue25e2,10:51:DB:0D:31:EA,b3bb9015,304,2026-07-09T13:26:07.707000Z,1783603567707,31.2
session-1783603457869-ue25e2,10:51:DB:0D:31:EA,b3bb9015,305,2026-07-09T13:26:07.959000Z,1783603567959,31.64
session-1783603457869-ue25e2,10:51:DB:0D:31:EA,b3bb9015,306,2026-07-09T13:26:08.199000Z,1783603568199,31.86
session-1783603457869-ue25e2,10:51:DB:0D:31:EA,b3bb9015,307,2026-07-09T13:26:08.461000Z,1783603568461,32.33
session-1783603457869-ue25e2,10:51:DB:0D:31:EA,b3bb9015,308,2026-07-09T13:26:08.724000Z,1783603568724,32.74
session-1783603457869-ue25e2,10:51:DB:0D:31:EA,b3bb9015,309,2026-07-09T13:26:09.054000Z,1783603569054,33.21
session-1783603457869-ue25e2,10:51:DB:0D:31:EA,b3bb9015,310,2026-07-09T13:26:09.219000Z,1783603569219,33.61
session-1783603457869-ue25e2,10:51:DB:0D:31:EA,b3bb9015,311,2026-07-09T13:26:09.401000Z,1783603569401,33.87
session-1783603457869-ue25e2,10:51:DB:0D:31:EA,b3bb9015,312,2026-07-09T13:26:09.713000Z,1783603569713,34.45
session-1783603457869-ue25e2,10:51:DB:0D:31:EA,b3bb9015,313,2026-07-09T13:26:09.894000Z,1783603569894,34.69
session-1783603457869-ue25e2,10:51:DB:0D:31:EA,b3bb9015,314,2026-07-09T13:26:10.207000Z,1783603570207,35.34
session-1783603457869-ue25e2,10:51:DB:0D:31:EA,b3bb9015,315,2026-07-09T13:26:10.657000Z,1783603570657,35.96
session-1783603457869-ue25e2,10:51:DB:0D:31:EA,b3bb9015,316,2026-07-09T13:26:10.837000Z,1783603570837,36.44
session-1783603457869-ue25e2,10:51:DB:0D:31:EA,b3bb9015,317,2026-07-09T13:26:10.972000Z,1783603570972,36.66
session-1783603457869-ue25e2,10:51:DB:0D:31:EA,b3bb9015,318,2026-07-09T13:26:11.064000Z,1783603571064,36.7
session-1783603457869-ue25e2,10:51:DB:0D:31:EA,b3bb9015,319,2026-07-09T13:26:11.336000Z,1783603571336,38.27
session-1783603457869-ue25e2,10:51:DB:0D:31:EA,b3bb9015,320,2026-07-09T13:26:11.468000Z,1783603571468,38.42
session-1783603457869-ue25e2,10:51:DB:0D:31:EA,b3bb9015,321,2026-07-09T13:26:11.558000Z,1783603571558,38.65
session-1783603457869-ue25e2,10:51:DB:0D:31:EA,b3bb9015,322,2026-07-09T13:26:11.651000Z,1783603571651,38.83
session-1783603457869-ue25e2,10:51:DB:0D:31:EA,b3bb9015,323,2026-07-09T13:26:11.739000Z,1783603571739,39.09
session-1783603457869-ue25e2,10:51:DB:0D:31:EA,b3bb9015,324,2026-07-09T13:26:11.829000Z,1783603571829,38.83
session-1783603457869-ue25e2,10:51:DB:0D:31:EA,b3bb9015,325,2026-07-09T13:26:11.966000Z,1783603571966,39.52
session-1783603457869-ue25e2,10:51:DB:0D:31:EA,b3bb9015,326,2026-07-09T13:26:12.367000Z,1783603572367,40.15
session-1783603457869-ue25e2,10:51:DB:0D:31:EA,b3bb9015,327,2026-07-09T13:26:12.458000Z,1783603572458,40.41
session-1783603457869-ue25e2,10:51:DB:0D:31:EA,b3bb9015,328,2026-07-09T13:26:12.746000Z,1783603572746,40.36
session-1783603457869-ue25e2,10:51:DB:0D:31:EA,b3bb9015,329,2026-07-09T13:26:13.061000Z,1783603573061,41.08
session-1783603457869-ue25e2,10:51:DB:0D:31:EA,b3bb9015,330,2026-07-09T13:26:13.179000Z,1783603573179,41.3
session-1783603457869-ue25e2,10:51:DB:0D:31:EA,b3bb9015,331,2026-07-09T13:26:13.268000Z,1783603573268,41.51
session-1783603457869-ue25e2,10:51:DB:0D:31:EA,b3bb9015,332,2026-07-09T13:26:13.358000Z,1783603573358,41.72
session-1783603457869-ue25e2,10:51:DB:0D:31:EA,b3bb9015,333,2026-07-09T13:26:13.404000Z,1783603573404,41.9
session-1783603457869-ue25e2,10:51:DB:0D:31:EA,b3bb9015,334,2026-07-09T13:26:13.630000Z,1783603573630,42.33
session-1783603457869-ue25e2,10:51:DB:0D:31:EA,b3bb9015,335,2026-07-09T13:26:13.809000Z,1783603573809,42.75
session-1783603457869-ue25e2,10:51:DB:0D:31:EA,b3bb9015,336,2026-07-09T13:26:13.898000Z,1783603573898,42.98
session-1783603457869-ue25e2,10:51:DB:0D:31:EA,b3bb9015,337,2026-07-09T13:26:13.988000Z,1783603573988,43.17
session-1783603457869-ue25e2,10:51:DB:0D:31:EA,b3bb9015,338,2026-07-09T13:26:14.214000Z,1783603574214,43.66
session-1783603457869-ue25e2,10:51:DB:0D:31:EA,b3bb9015,339,2026-07-09T13:26:14.400000Z,1783603574400,44.08
session-1783603457869-ue25e2,10:51:DB:0D:31:EA,b3bb9015,340,2026-07-09T13:26:14.619000Z,1783603574619,44.5
session-1783603457869-ue25e2,10:51:DB:0D:31:EA,b3bb9015,341,2026-07-09T13:26:14.843000Z,1783603574843,44.97
session-1783603457869-ue25e2,10:51:DB:0D:31:EA,b3bb9015,342,2026-07-09T13:26:15.068000Z,1783603575068,45.61
session-1783603457869-ue25e2,10:51:DB:0D:31:EA,b3bb9015,343,2026-07-09T13:26:15.159000Z,1783603575159,45.82
session-1783603457869-ue25e2,10:51:DB:0D:31:EA,b3bb9015,344,2026-07-09T13:26:15.248000Z,1783603575248,46.05
session-1783603457869-ue25e2,10:51:DB:0D:31:EA,b3bb9015,345,2026-07-09T13:26:15.338000Z,1783603575338,46.24
session-1783603457869-ue25e2,10:51:DB:0D:31:EA,b3bb9015,346,2026-07-09T13:26:15.430000Z,1783603575430,46.49
session-1783603457869-ue25e2,10:51:DB:0D:31:EA,b3bb9015,347,2026-07-09T13:26:15.835000Z,1783603575835,47.53
session-1783603457869-ue25e2,10:51:DB:0D:31:EA,b3bb9015,348,2026-07-09T13:26:16.149000Z,1783603576149,48.42
session-1783603457869-ue25e2,10:51:DB:0D:31:EA,b3bb9015,349,2026-07-09T13:26:16.242000Z,1783603576242,48.23
session-1783603457869-ue25e2,10:51:DB:0D:31:EA,b3bb9015,350,2026-07-09T13:26:16.339000Z,1783603576339,48.48
session-1783603457869-ue25e2,10:51:DB:0D:31:EA,b3bb9015,351,2026-07-09T13:26:16.558000Z,1783603576558,49.14
session-1783603457869-ue25e2,10:51:DB:0D:31:EA,b3bb9015,352,2026-07-09T13:26:16.643000Z,1783603576643,49.75
session-1783603457869-ue25e2,10:51:DB:0D:31:EA,b3bb9015,353,2026-07-09T13:26:17.273000Z,1783603577273,52.14
session-1783603457869-ue25e2,10:51:DB:0D:31:EA,b3bb9015,354,2026-07-09T13:26:17.501000Z,1783603577501,54.11
session-1783603457869-ue25e2,10:51:DB:0D:31:EA,b3bb9015,355,2026-07-09T13:26:17.679000Z,1783603577679,52.77
session-1783603457869-ue25e2,10:51:DB:0D:31:EA,b3bb9015,356,2026-07-09T13:26:17.768000Z,1783603577768,51.7
session-1783603457869-ue25e2,10:51:DB:0D:31:EA,b3bb9015,357,2026-07-09T13:26:17.995000Z,1783603577995,53.0
session-1783603457869-ue25e2,10:51:DB:0D:31:EA,b3bb9015,358,2026-07-09T13:26:18.173000Z,1783603578173,53.24
session-1783603457869-ue25e2,10:51:DB:0D:31:EA,b3bb9015,359,2026-07-09T13:26:18.406000Z,1783603578406,53.64
session-1783603457869-ue25e2,10:51:DB:0D:31:EA,b3bb9015,360,2026-07-09T13:26:18.580000Z,1783603578580,54.55
session-1783603457869-ue25e2,10:51:DB:0D:31:EA,b3bb9015,361,2026-07-09T13:26:19.029000Z,1783603579029,56.28
session-1783603457869-ue25e2,10:51:DB:0D:31:EA,b3bb9015,362,2026-07-09T13:26:19.209000Z,1783603579209,56.52
session-1783603457869-ue25e2,10:51:DB:0D:31:EA,b3bb9015,363,2026-07-09T13:26:19.343000Z,1783603579343,55.87
session-1783603457869-ue25e2,10:51:DB:0D:31:EA,b3bb9015,364,2026-07-09T13:26:19.433000Z,1783603579433,56.35
session-1783603457869-ue25e2,10:51:DB:0D:31:EA,b3bb9015,365,2026-07-09T13:26:19.614000Z,1783603579614,59.82
session-1783603457869-ue25e2,10:51:DB:0D:31:EA,b3bb9015,366,2026-07-09T13:26:19.857000Z,1783603579857,60.62
session-1783603457869-ue25e2,10:51:DB:0D:31:EA,b3bb9015,367,2026-07-09T13:26:19.929000Z,1783603579929,57.15
session-1783603457869-ue25e2,10:51:DB:0D:31:EA,b3bb9015,368,2026-07-09T13:26:20.109000Z,1783603580109,58.7
session-1783603457869-ue25e2,10:51:DB:0D:31:EA,b3bb9015,369,2026-07-09T13:26:20.335000Z,1783603580335,60.29
session-1783603457869-ue25e2,10:51:DB:0D:31:EA,b3bb9015,370,2026-07-09T13:26:20.514000Z,1783603580514,60.25
session-1783603457869-ue25e2,10:51:DB:0D:31:EA,b3bb9015,371,2026-07-09T13:26:20.754000Z,1783603580754,60.66
session-1783603457869-ue25e2,10:51:DB:0D:31:EA,b3bb9015,372,2026-07-09T13:26:20.965000Z,1783603580965,62.17
session-1783603457869-ue25e2,10:51:DB:0D:31:EA,b3bb9015,373,2026-07-09T13:26:21.054000Z,1783603581054,60.85
session-1783603457869-ue25e2,10:51:DB:0D:31:EA,b3bb9015,374,2026-07-09T13:26:21.462000Z,1783603581462,67.39
session-1783603457869-ue25e2,10:51:DB:0D:31:EA,b3bb9015,375,2026-07-09T13:26:21.637000Z,1783603581637,80.53
session-1783603457869-ue25e2,10:51:DB:0D:31:EA,b3bb9015,376,2026-07-09T13:26:21.997000Z,1783603581997,63.48
session-1783603457869-ue25e2,10:51:DB:0D:31:EA,b3bb9015,377,2026-07-09T13:26:22.312000Z,1783603582312,63.47
session-1783603457869-ue25e2,10:51:DB:0D:31:EA,b3bb9015,378,2026-07-09T13:26:22.402000Z,1783603582402,64.13
session-1783603457869-ue25e2,10:51:DB:0D:31:EA,b3bb9015,379,2026-07-09T13:26:22.552000Z,1783603582552,63.47
session-1783603457869-ue25e2,10:51:DB:0D:31:EA,b3bb9015,380,2026-07-09T13:26:22.627000Z,1783603582627,63.52
session-1783603457869-ue25e2,10:51:DB:0D:31:EA,b3bb9015,381,2026-07-09T13:26:22.671000Z,1783603582671,92.71
session-1783603457869-ue25e2,10:51:DB:0D:31:EA,b3bb9015,382,2026-07-09T13:26:22.944000Z,1783603582944,64.77
session-1783603457869-ue25e2,10:51:DB:0D:31:EA,b3bb9015,383,2026-07-09T13:26:23.033000Z,1783603583033,65.65
session-1783603457869-ue25e2,10:51:DB:0D:31:EA,b3bb9015,384,2026-07-09T13:26:23.123000Z,1783603583123,65.44
session-1783603457869-ue25e2,10:51:DB:0D:31:EA,b3bb9015,385,2026-07-09T13:26:23.213000Z,1783603583213,94.3
session-1783603457869-ue25e2,10:51:DB:0D:31:EA,b3bb9015,386,2026-07-09T13:26:23.437000Z,1783603583437,66.36
session-1783603457869-ue25e2,10:51:DB:0D:31:EA,b3bb9015,387,2026-07-09T13:26:23.618000Z,1783603583618,65.96
session-1783603457869-ue25e2,10:51:DB:0D:31:EA,b3bb9015,388,2026-07-09T13:26:23.753000Z,1783603583753,68.11
session-1783603457869-ue25e2,10:51:DB:0D:31:EA,b3bb9015,389,2026-07-09T13:26:23.844000Z,1783603583844,66.33
session-1783603457869-ue25e2,10:51:DB:0D:31:EA,b3bb9015,390,2026-07-09T13:26:23.933000Z,1783603583933,68.32
session-1783603457869-ue25e2,10:51:DB:0D:31:EA,b3bb9015,391,2026-07-09T13:26:24.023000Z,1783603584023,77.9
session-1783603457869-ue25e2,10:51:DB:0D:31:EA,b3bb9015,392,2026-07-09T13:26:24.518000Z,1783603584518,69.59
session-1783603457869-ue25e2,10:51:DB:0D:31:EA,b3bb9015,393,2026-07-09T13:26:24.653000Z,1783603584653,68.33
session-1783603457869-ue25e2,10:51:DB:0D:31:EA,b3bb9015,394,2026-07-09T13:26:24.744000Z,1783603584744,69.4
session-1783603457869-ue25e2,10:51:DB:0D:31:EA,b3bb9015,395,2026-07-09T13:26:24.969000Z,1783603584969,95.97
session-1783603457869-ue25e2,10:51:DB:0D:31:EA,b3bb9015,396,2026-07-09T13:26:25.060000Z,1783603585060,75.92
session-1783603457869-ue25e2,10:51:DB:0D:31:EA,b3bb9015,397,2026-07-09T13:26:25.211000Z,1783603585211,69.66
session-1783603457869-ue25e2,10:51:DB:0D:31:EA,b3bb9015,398,2026-07-09T13:26:25.284000Z,1783603585284,69.83
session-1783603457869-ue25e2,10:51:DB:0D:31:EA,b3bb9015,399,2026-07-09T13:26:25.706000Z,1783603585706,71.54
session-1783603457869-ue25e2,10:51:DB:0D:31:EA,b3bb9015,400,2026-07-09T13:26:25.872000Z,1783603585872,73.38
session-1783603457869-ue25e2,10:51:DB:0D:31:EA,b3bb9015,401,2026-07-09T13:26:26.049000Z,1783603586049,73.81
session-1783603457869-ue25e2,10:51:DB:0D:31:EA,b3bb9015,402,2026-07-09T13:26:26.273000Z,1783603586273,71.6
session-1783603457869-ue25e2,10:51:DB:0D:31:EA,b3bb9015,403,2026-07-09T13:26:26.364000Z,1783603586364,76.15
session-1783603457869-ue25e2,10:51:DB:0D:31:EA,b3bb9015,404,2026-07-09T13:26:26.603000Z,1783603586603,78.12
session-1783603457869-ue25e2,10:51:DB:0D:31:EA,b3bb9015,405,2026-07-09T13:26:26.679000Z,1783603586679,76.59
session-1783603457869-ue25e2,10:51:DB:0D:31:EA,b3bb9015,406,2026-07-09T13:26:27.053000Z,1783603587053,78.32
session-1783603457869-ue25e2,10:51:DB:0D:31:EA,b3bb9015,407,2026-07-09T13:26:27.313000Z,1783603587313,77.43
session-1783603457869-ue25e2,10:51:DB:0D:31:EA,b3bb9015,408,2026-07-09T13:26:27.532000Z,1783603587532,75.3
session-1783603457869-ue25e2,10:51:DB:0D:31:EA,b3bb9015,409,2026-07-09T13:26:27.623000Z,1783603587623,79.61
session-1783603457869-ue25e2,10:51:DB:0D:31:EA,b3bb9015,410,2026-07-09T13:26:28.028000Z,1783603588028,76.57
session-1783603457869-ue25e2,10:51:DB:0D:31:EA,b3bb9015,411,2026-07-09T13:26:28.119000Z,1783603588119,77.88
session-1783603457869-ue25e2,10:51:DB:0D:31:EA,b3bb9015,412,2026-07-09T13:26:28.208000Z,1783603588208,76.8
session-1783603457869-ue25e2,10:51:DB:0D:31:EA,b3bb9015,413,2026-07-09T13:26:28.433000Z,1783603588433,76.57
session-1783603457869-ue25e2,10:51:DB:0D:31:EA,b3bb9015,414,2026-07-09T13:26:28.614000Z,1783603588614,78.32
session-1783603457869-ue25e2,10:51:DB:0D:31:EA,b3bb9015,415,2026-07-09T13:26:28.749000Z,1783603588749,78.96
session-1783603457869-ue25e2,10:51:DB:0D:31:EA,b3bb9015,416,2026-07-09T13:26:28.838000Z,1783603588838,78.58
session-1783603457869-ue25e2,10:51:DB:0D:31:EA,b3bb9015,417,2026-07-09T13:26:28.928000Z,1783603588928,80.13
session-1783603457869-ue25e2,10:51:DB:0D:31:EA,b3bb9015,418,2026-07-09T13:26:29.064000Z,1783603589064,78.96
session-1783603457869-ue25e2,10:51:DB:0D:31:EA,b3bb9015,419,2026-07-09T13:26:29.155000Z,1783603589155,78.32
session-1783603457869-ue25e2,10:51:DB:0D:31:EA,b3bb9015,420,2026-07-09T13:26:29.305000Z,1783603589305,78.37
session-1783603457869-ue25e2,10:51:DB:0D:31:EA,b3bb9015,421,2026-07-09T13:26:29.559000Z,1783603589559,80.95
session-1783603457869-ue25e2,10:51:DB:0D:31:EA,b3bb9015,422,2026-07-09T13:26:29.693000Z,1783603589693,79.85
session-1783603457869-ue25e2,10:51:DB:0D:31:EA,b3bb9015,423,2026-07-09T13:26:29.783000Z,1783603589783,68.75
session-1783603457869-ue25e2,10:51:DB:0D:31:EA,b3bb9015,424,2026-07-09T13:26:30.203000Z,1783603590203,83.78
session-1783603457869-ue25e2,10:51:DB:0D:31:EA,b3bb9015,425,2026-07-09T13:26:30.368000Z,1783603590368,81.63
session-1783603457869-ue25e2,10:51:DB:0D:31:EA,b3bb9015,426,2026-07-09T13:26:30.461000Z,1783603590461,84.41
session-1783603457869-ue25e2,10:51:DB:0D:31:EA,b3bb9015,427,2026-07-09T13:26:30.683000Z,1783603590683,68.3
session-1783603457869-ue25e2,10:51:DB:0D:31:EA,b3bb9015,428,2026-07-09T13:26:30.773000Z,1783603590773,82.56
session-1783603457869-ue25e2,10:51:DB:0D:31:EA,b3bb9015,429,2026-07-09T13:26:30.864000Z,1783603590864,81.63
session-1783603457869-ue25e2,10:51:DB:0D:31:EA,b3bb9015,430,2026-07-09T13:26:31.493000Z,1783603591493,85.94
session-1783603457869-ue25e2,10:51:DB:0D:31:EA,b3bb9015,431,2026-07-09T13:26:31.629000Z,1783603591629,84.25
session-1783603457869-ue25e2,10:51:DB:0D:31:EA,b3bb9015,432,2026-07-09T13:26:31.722000Z,1783603591722,85.07
session-1783603457869-ue25e2,10:51:DB:0D:31:EA,b3bb9015,433,2026-07-09T13:26:31.900000Z,1783603591900,86.15
session-1783603457869-ue25e2,10:51:DB:0D:31:EA,b3bb9015,434,2026-07-09T13:26:31.988000Z,1783603591988,87.91
session-1783603457869-ue25e2,10:51:DB:0D:31:EA,b3bb9015,435,2026-07-09T13:26:32.214000Z,1783603592214,85.49
session-1783603457869-ue25e2,10:51:DB:0D:31:EA,b3bb9015,436,2026-07-09T13:26:32.303000Z,1783603592303,86.83
session-1783603457869-ue25e2,10:51:DB:0D:31:EA,b3bb9015,437,2026-07-09T13:26:32.394000Z,1783603592394,85.57
session-1783603457869-ue25e2,10:51:DB:0D:31:EA,b3bb9015,438,2026-07-09T13:26:32.529000Z,1783603592529,86.67
session-1783603457869-ue25e2,10:51:DB:0D:31:EA,b3bb9015,439,2026-07-09T13:26:32.618000Z,1783603592618,91.02
session-1783603457869-ue25e2,10:51:DB:0D:31:EA,b3bb9015,440,2026-07-09T13:26:33.024000Z,1783603593024,67.9
session-1783603457869-ue25e2,10:51:DB:0D:31:EA,b3bb9015,441,2026-07-09T13:26:33.248000Z,1783603593248,87.08
session-1783603457869-ue25e2,10:51:DB:0D:31:EA,b3bb9015,442,2026-07-09T13:26:33.339000Z,1783603593339,86.87
session-1783603457869-ue25e2,10:51:DB:0D:31:EA,b3bb9015,443,2026-07-09T13:26:33.564000Z,1783603593564,67.67
session-1783603457869-ue25e2,10:51:DB:0D:31:EA,b3bb9015,444,2026-07-09T13:26:33.744000Z,1783603593744,97.55
session-1783603457869-ue25e2,10:51:DB:0D:31:EA,b3bb9015,445,2026-07-09T13:26:33.969000Z,1783603593969,89.03
session-1783603457869-ue25e2,10:51:DB:0D:31:EA,b3bb9015,446,2026-07-09T13:26:34.240000Z,1783603594240,90.11
session-1783603457869-ue25e2,10:51:DB:0D:31:EA,b3bb9015,447,2026-07-09T13:26:34.328000Z,1783603594328,88.79
session-1783603457869-ue25e2,10:51:DB:0D:31:EA,b3bb9015,448,2026-07-09T13:26:34.643000Z,1783603594643,91.16
session-1783603457869-ue25e2,10:51:DB:0D:31:EA,b3bb9015,449,2026-07-09T13:26:34.733000Z,1783603594733,90.6
session-1783603457869-ue25e2,10:51:DB:0D:31:EA,b3bb9015,450,2026-07-09T13:26:34.959000Z,1783603594959,91.19
session-1783603457869-ue25e2,10:51:DB:0D:31:EA,b3bb9015,451,2026-07-09T13:26:35.048000Z,1783603595048,91.19
session-1783603457869-ue25e2,10:51:DB:0D:31:EA,b3bb9015,452,2026-07-09T13:26:35.409000Z,1783603595409,91.6
session-1783603457869-ue25e2,10:51:DB:0D:31:EA,b3bb9015,453,2026-07-09T13:26:35.544000Z,1783603595544,91.66
session-1783603457869-ue25e2,10:51:DB:0D:31:EA,b3bb9015,454,2026-07-09T13:26:35.587000Z,1783603595587,93.36
session-1783603457869-ue25e2,10:51:DB:0D:31:EA,b3bb9015,455,2026-07-09T13:26:35.817000Z,1783603595817,91.82
session-1783603457869-ue25e2,10:51:DB:0D:31:EA,b3bb9015,456,2026-07-09T13:26:35.903000Z,1783603595903,97.13
session-1783603457869-ue25e2,10:51:DB:0D:31:EA,b3bb9015,457,2026-07-09T13:26:36.084000Z,1783603596084,93.64
session-1783603457869-ue25e2,10:51:DB:0D:31:EA,b3bb9015,458,2026-07-09T13:26:36.173000Z,1783603596173,95.35
session-1783603457869-ue25e2,10:51:DB:0D:31:EA,b3bb9015,459,2026-07-09T13:26:36.488000Z,1783603596488,92.75
session-1783603457869-ue25e2,10:51:DB:0D:31:EA,b3bb9015,460,2026-07-09T13:26:36.713000Z,1783603596713,97.07
session-1783603457869-ue25e2,10:51:DB:0D:31:EA,b3bb9015,461,2026-07-09T13:26:36.803000Z,1783603596803,67.39
session-1783603457869-ue25e2,10:51:DB:0D:31:EA,b3bb9015,462,2026-07-09T13:26:36.983000Z,1783603596983,92.94
session-1783603457869-ue25e2,10:51:DB:0D:31:EA,b3bb9015,463,2026-07-09T13:26:37.074000Z,1783603597074,93.36
session-1783603457869-ue25e2,10:51:DB:0D:31:EA,b3bb9015,464,2026-07-09T13:26:37.344000Z,1783603597344,89.05
session-1783603457869-ue25e2,10:51:DB:0D:31:EA,b3bb9015,465,2026-07-09T13:26:37.524000Z,1783603597524,96.41
session-1783603457869-ue25e2,10:51:DB:0D:31:EA,b3bb9015,466,2026-07-09T13:26:37.614000Z,1783603597614,94.04
session-1783603457869-ue25e2,10:51:DB:0D:31:EA,b3bb9015,467,2026-07-09T13:26:37.748000Z,1783603597748,99.48
session-1783603457869-ue25e2,10:51:DB:0D:31:EA,b3bb9015,468,2026-07-09T13:26:37.837000Z,1783603597837,95.12
session-1783603457869-ue25e2,10:51:DB:0D:31:EA,b3bb9015,469,2026-07-09T13:26:38.020000Z,1783603598020,93.39
session-1783603457869-ue25e2,10:51:DB:0D:31:EA,b3bb9015,470,2026-07-09T13:26:38.108000Z,1783603598108,94.7
session-1783603457869-ue25e2,10:51:DB:0D:31:EA,b3bb9015,471,2026-07-09T13:26:38.334000Z,1783603598334,93.62
session-1783603457869-ue25e2,10:51:DB:0D:31:EA,b3bb9015,472,2026-07-09T13:26:38.423000Z,1783603598423,94.06
session-1783603457869-ue25e2,10:51:DB:0D:31:EA,b3bb9015,473,2026-07-09T13:26:38.516000Z,1783603598516,94.04
session-1783603457869-ue25e2,10:51:DB:0D:31:EA,b3bb9015,474,2026-07-09T13:26:38.874000Z,1783603598874,94.32
session-1783603457869-ue25e2,10:51:DB:0D:31:EA,b3bb9015,475,2026-07-09T13:26:38.925000Z,1783603598925,93.46
session-1783603457869-ue25e2,10:51:DB:0D:31:EA,b3bb9015,476,2026-07-09T13:26:39.144000Z,1783603599144,66.29
session-1783603457869-ue25e2,10:51:DB:0D:31:EA,b3bb9015,477,2026-07-09T13:26:39.296000Z,1783603599296,93.81
session-1783603457869-ue25e2,10:51:DB:0D:31:EA,b3bb9015,478,2026-07-09T13:26:39.461000Z,1783603599461,94.44
session-1783603457869-ue25e2,10:51:DB:0D:31:EA,b3bb9015,479,2026-07-09T13:26:39.593000Z,1783603599593,93.58
session-1783603457869-ue25e2,10:51:DB:0D:31:EA,b3bb9015,480,2026-07-09T13:26:39.745000Z,1783603599745,66.15
session-1783603457869-ue25e2,10:51:DB:0D:31:EA,b3bb9015,481,2026-07-09T13:26:39.953000Z,1783603599953,95.4
session-1783603457869-ue25e2,10:51:DB:0D:31:EA,b3bb9015,482,2026-07-09T13:26:40.267000Z,1783603600267,94.0
session-1783603457869-ue25e2,10:51:DB:0D:31:EA,b3bb9015,483,2026-07-09T13:26:40.446000Z,1783603600446,94.88
session-1783603457869-ue25e2,10:51:DB:0D:31:EA,b3bb9015,484,2026-07-09T13:26:40.854000Z,1783603600854,94.68
session-1783603457869-ue25e2,10:51:DB:0D:31:EA,b3bb9015,485,2026-07-09T13:26:41.168000Z,1783603601168,94.74
session-1783603457869-ue25e2,10:51:DB:0D:31:EA,b3bb9015,486,2026-07-09T13:26:41.318000Z,1783603601318,95.35
session-1783603457869-ue25e2,10:51:DB:0D:31:EA,b3bb9015,487,2026-07-09T13:26:41.666000Z,1783603601666,94.7
session-1783603457869-ue25e2,10:51:DB:0D:31:EA,b3bb9015,488,2026-07-09T13:26:42.068000Z,1783603602068,94.68
session-1783603457869-ue25e2,10:51:DB:0D:31:EA,b3bb9015,489,2026-07-09T13:26:42.248000Z,1783603602248,94.65
session-1783603457869-ue25e2,10:51:DB:0D:31:EA,b3bb9015,490,2026-07-09T13:26:42.653000Z,1783603602653,95.35
session-1783603457869-ue25e2,10:51:DB:0D:31:EA,b3bb9015,491,2026-07-09T13:26:42.742000Z,1783603602742,98.44
session-1783603457869-ue25e2,10:51:DB:0D:31:EA,b3bb9015,492,2026-07-09T13:26:42.833000Z,1783603602833,95.97
session-1783603457869-ue25e2,10:51:DB:0D:31:EA,b3bb9015,493,2026-07-09T13:26:43.059000Z,1783603603059,94.95
session-1783603457869-ue25e2,10:51:DB:0D:31:EA,b3bb9015,494,2026-07-09T13:26:43.239000Z,1783603603239,96.64
session-1783603457869-ue25e2,10:51:DB:0D:31:EA,b3bb9015,495,2026-07-09T13:26:43.598000Z,1783603603598,95.78
session-1783603457869-ue25e2,10:51:DB:0D:31:EA,b3bb9015,496,2026-07-09T13:26:43.688000Z,1783603603688,95.33
session-1783603457869-ue25e2,10:51:DB:0D:31:EA,b3bb9015,497,2026-07-09T13:26:43.777000Z,1783603603777,95.33
session-1783603457869-ue25e2,10:51:DB:0D:31:EA,b3bb9015,498,2026-07-09T13:26:43.914000Z,1783603603914,96.22
session-1783603457869-ue25e2,10:51:DB:0D:31:EA,b3bb9015,499,2026-07-09T13:26:44.003000Z,1783603604003,64.53
session-1783603457869-ue25e2,10:51:DB:0D:31:EA,b3bb9015,500,2026-07-09T13:26:44.229000Z,1783603604229,97.58
session-1783603457869-ue25e2,10:51:DB:0D:31:EA,b3bb9015,501,2026-07-09T13:26:44.408000Z,1783603604408,96.43
session-1783603457869-ue25e2,10:51:DB:0D:31:EA,b3bb9015,502,2026-07-09T13:26:44.588000Z,1783603604588,97.35
session-1783603457869-ue25e2,10:51:DB:0D:31:EA,b3bb9015,503,2026-07-09T13:26:44.993000Z,1783603604993,95.29
session-1783603457869-ue25e2,10:51:DB:0D:31:EA,b3bb9015,504,2026-07-09T13:26:45.142000Z,1783603605142,96.01
session-1783603457869-ue25e2,10:51:DB:0D:31:EA,b3bb9015,505,2026-07-09T13:26:45.308000Z,1783603605308,96.69
session-1783603457869-ue25e2,10:51:DB:0D:31:EA,b3bb9015,506,2026-07-09T13:26:45.714000Z,1783603605714,96.92
session-1783603457869-ue25e2,10:51:DB:0D:31:EA,b3bb9015,507,2026-07-09T13:26:45.719000Z,1783603605719,119.06
session-1783603457869-ue25e2,10:51:DB:0D:31:EA,b3bb9015,508,2026-07-09T13:26:45.847000Z,1783603605847,96.62
session-1783603457869-ue25e2,10:51:DB:0D:31:EA,b3bb9015,509,2026-07-09T13:26:46.118000Z,1783603606118,97.74
session-1783603457869-ue25e2,10:51:DB:0D:31:EA,b3bb9015,510,2026-07-09T13:26:46.343000Z,1783603606343,96.86
session-1783603457869-ue25e2,10:51:DB:0D:31:EA,b3bb9015,511,2026-07-09T13:26:46.478000Z,1783603606478,97.77
session-1783603457869-ue25e2,10:51:DB:0D:31:EA,b3bb9015,512,2026-07-09T13:26:46.523000Z,1783603606523,96.66
session-1783603457869-ue25e2,10:51:DB:0D:31:EA,b3bb9015,513,2026-07-09T13:26:46.657000Z,1783603606657,97.04
session-1783603457869-ue25e2,10:51:DB:0D:31:EA,b3bb9015,514,2026-07-09T13:26:46.883000Z,1783603606883,98.4
session-1783603457869-ue25e2,10:51:DB:0D:31:EA,b3bb9015,515,2026-07-09T13:26:47.064000Z,1783603607064,97.7
session-1783603457869-ue25e2,10:51:DB:0D:31:EA,b3bb9015,516,2026-07-09T13:26:47.302000Z,1783603607302,97.28
session-1783603457869-ue25e2,10:51:DB:0D:31:EA,b3bb9015,517,2026-07-09T13:26:47.693000Z,1783603607693,96.92
session-1783603457869-ue25e2,10:51:DB:0D:31:EA,b3bb9015,518,2026-07-09T13:26:47.917000Z,1783603607917,96.86
session-1783603457869-ue25e2,10:51:DB:0D:31:EA,b3bb9015,519,2026-07-09T13:26:48.098000Z,1783603608098,96.9
session-1783603457869-ue25e2,10:51:DB:0D:31:EA,b3bb9015,520,2026-07-09T13:26:48.187000Z,1783603608187,98.38
session-1783603457869-ue25e2,10:51:DB:0D:31:EA,b3bb9015,521,2026-07-09T13:26:48.414000Z,1783603608414,101.0
session-1783603457869-ue25e2,10:51:DB:0D:31:EA,b3bb9015,522,2026-07-09T13:26:48.593000Z,1783603608593,125.06
session-1783603457869-ue25e2,10:51:DB:0D:31:EA,b3bb9015,523,2026-07-09T13:26:48.728000Z,1783603608728,102.1
session-1783603457869-ue25e2,10:51:DB:0D:31:EA,b3bb9015,524,2026-07-09T13:26:48.969000Z,1783603608969,198.7
session-1783603457869-ue25e2,10:51:DB:0D:31:EA,b3bb9015,525,2026-07-09T13:26:49.042000Z,1783603609042,98.82
session-1783603457869-ue25e2,10:51:DB:0D:31:EA,b3bb9015,526,2026-07-09T13:26:49.222000Z,1783603609222,97.32
session-1783603457869-ue25e2,10:51:DB:0D:31:EA,b3bb9015,527,2026-07-09T13:26:49.673000Z,1783603609673,97.95
session-1783603457869-ue25e2,10:51:DB:0D:31:EA,b3bb9015,528,2026-07-09T13:26:49.807000Z,1783603609807,97.96
session-1783603457869-ue25e2,10:51:DB:0D:31:EA,b3bb9015,529,2026-07-09T13:26:49.853000Z,1783603609853,97.48
session-1783603457869-ue25e2,10:51:DB:0D:31:EA,b3bb9015,530,2026-07-09T13:26:50.170000Z,1783603610170,99.05
session-1783603457869-ue25e2,10:51:DB:0D:31:EA,b3bb9015,531,2026-07-09T13:26:50.258000Z,1783603610258,98.66
session-1783603457869-ue25e2,10:51:DB:0D:31:EA,b3bb9015,532,2026-07-09T13:26:50.350000Z,1783603610350,99.5
session-1783603457869-ue25e2,10:51:DB:0D:31:EA,b3bb9015,533,2026-07-09T13:26:50.499000Z,1783603610499,100.37
session-1783603457869-ue25e2,10:51:DB:0D:31:EA,b3bb9015,534,2026-07-09T13:26:50.708000Z,1783603610708,99.27
session-1783603457869-ue25e2,10:51:DB:0D:31:EA,b3bb9015,535,2026-07-09T13:26:50.888000Z,1783603610888,199.8
session-1783603457869-ue25e2,10:51:DB:0D:31:EA,b3bb9015,536,2026-07-09T13:26:51.202000Z,1783603611202,99.69
session-1783603457869-ue25e2,10:51:DB:0D:31:EA,b3bb9015,537,2026-07-09T13:26:51.354000Z,1783603611354,98.84
session-1783603457869-ue25e2,10:51:DB:0D:31:EA,b3bb9015,538,2026-07-09T13:26:51.518000Z,1783603611518,99.74
session-1783603457869-ue25e2,10:51:DB:0D:31:EA,b3bb9015,539,2026-07-09T13:26:51.653000Z,1783603611653,100.35
session-1783603457869-ue25e2,10:51:DB:0D:31:EA,b3bb9015,540,2026-07-09T13:26:51.878000Z,1783603611878,99.53
session-1783603457869-ue25e2,10:51:DB:0D:31:EA,b3bb9015,541,2026-07-09T13:26:52.013000Z,1783603612013,201.32
session-1783603457869-ue25e2,10:51:DB:0D:31:EA,b3bb9015,542,2026-07-09T13:26:52.057000Z,1783603612057,99.5
session-1783603457869-ue25e2,10:51:DB:0D:31:EA,b3bb9015,543,2026-07-09T13:26:52.240000Z,1783603612240,99.92
session-1783603457869-ue25e2,10:51:DB:0D:31:EA,b3bb9015,544,2026-07-09T13:26:52.462000Z,1783603612462,62.17
session-1783603457869-ue25e2,10:51:DB:0D:31:EA,b3bb9015,545,2026-07-09T13:26:52.613000Z,1783603612613,99.1
session-1783603457869-ue25e2,10:51:DB:0D:31:EA,b3bb9015,546,2026-07-09T13:26:52.823000Z,1783603612823,99.27
session-1783603457869-ue25e2,10:51:DB:0D:31:EA,b3bb9015,547,2026-07-09T13:26:53.004000Z,1783603613004,99.06
session-1783603457869-ue25e2,10:51:DB:0D:31:EA,b3bb9015,548,2026-07-09T13:26:53.092000Z,1783603613092,99.03
session-1783603457869-ue25e2,10:51:DB:0D:31:EA,b3bb9015,549,2026-07-09T13:26:53.273000Z,1783603613273,99.26
session-1783603457869-ue25e2,10:51:DB:0D:31:EA,b3bb9015,550,2026-07-09T13:26:53.498000Z,1783603613498,98.8
session-1783603457869-ue25e2,10:51:DB:0D:31:EA,b3bb9015,551,2026-07-09T13:26:53.723000Z,1783603613723,98.84
session-1783603457869-ue25e2,10:51:DB:0D:31:EA,b3bb9015,552,2026-07-09T13:26:53.814000Z,1783603613814,98.68
session-1783603457869-ue25e2,10:51:DB:0D:31:EA,b3bb9015,553,2026-07-09T13:26:53.903000Z,1783603613903,99.24
session-1783603457869-ue25e2,10:51:DB:0D:31:EA,b3bb9015,554,2026-07-09T13:26:54.054000Z,1783603614054,98.84
session-1783603457869-ue25e2,10:51:DB:0D:31:EA,b3bb9015,555,2026-07-09T13:26:54.218000Z,1783603614218,99.27
session-1783603457869-ue25e2,10:51:DB:0D:31:EA,b3bb9015,556,2026-07-09T13:26:54.443000Z,1783603614443,99.78
session-1783603457869-ue25e2,10:51:DB:0D:31:EA,b3bb9015,557,2026-07-09T13:26:54.627000Z,1783603614627,99.46
session-1783603457869-ue25e2,10:51:DB:0D:31:EA,b3bb9015,558,2026-07-09T13:26:54.847000Z,1783603614847,99.45
session-1783603457869-ue25e2,10:51:DB:0D:31:EA,b3bb9015,559,2026-07-09T13:26:54.940000Z,1783603614940,99.78
session-1783603457869-ue25e2,10:51:DB:0D:31:EA,b3bb9015,560,2026-07-09T13:26:55.028000Z,1783603615028,99.73
session-1783603457869-ue25e2,10:51:DB:0D:31:EA,b3bb9015,561,2026-07-09T13:26:55.118000Z,1783603615118,99.48
session-1783603457869-ue25e2,10:51:DB:0D:31:EA,b3bb9015,562,2026-07-09T13:26:55.256000Z,1783603615256,99.52
session-1783603457869-ue25e2,10:51:DB:0D:31:EA,b3bb9015,563,2026-07-09T13:26:55.342000Z,1783603615342,99.31
session-1783603457869-ue25e2,10:51:DB:0D:31:EA,b3bb9015,564,2026-07-09T13:26:55.524000Z,1783603615524,99.78
session-1783603457869-ue25e2,10:51:DB:0D:31:EA,b3bb9015,565,2026-07-09T13:26:55.763000Z,1783603615763,99.92
session-1783603457869-ue25e2,10:51:DB:0D:31:EA,b3bb9015,566,2026-07-09T13:26:55.929000Z,1783603615929,99.5
session-1783603457869-ue25e2,10:51:DB:0D:31:EA,b3bb9015,567,2026-07-09T13:26:55.984000Z,1783603615984,99.71
session-1783603457869-ue25e2,10:51:DB:0D:31:EA,b3bb9015,568,2026-07-09T13:26:56.153000Z,1783603616153,99.73
session-1783603457869-ue25e2,10:51:DB:0D:31:EA,b3bb9015,569,2026-07-09T13:26:56.378000Z,1783603616378,99.53
session-1783603457869-ue25e2,10:51:DB:0D:31:EA,b3bb9015,570,2026-07-09T13:26:56.467000Z,1783603616467,99.53
session-1783603457869-ue25e2,10:51:DB:0D:31:EA,b3bb9015,571,2026-07-09T13:26:56.558000Z,1783603616558,99.53
session-1783603457869-ue25e2,10:51:DB:0D:31:EA,b3bb9015,572,2026-07-09T13:26:56.874000Z,1783603616874,99.69
session-1783603457869-ue25e2,10:51:DB:0D:31:EA,b3bb9015,573,2026-07-09T13:26:57.056000Z,1783603617056,100.15
session-1783603457869-ue25e2,10:51:DB:0D:31:EA,b3bb9015,574,2026-07-09T13:26:57.324000Z,1783603617324,100.15
session-1783603457869-ue25e2,10:51:DB:0D:31:EA,b3bb9015,575,2026-07-09T13:26:57.412000Z,1783603617412,100.2
session-1783603457869-ue25e2,10:51:DB:0D:31:EA,b3bb9015,576,2026-07-09T13:26:57.682000Z,1783603617682,61.09
session-1783603457869-ue25e2,10:51:DB:0D:31:EA,b3bb9015,577,2026-07-09T13:26:57.818000Z,1783603617818,101.65
session-1783603457869-ue25e2,10:51:DB:0D:31:EA,b3bb9015,578,2026-07-09T13:26:58.223000Z,1783603618223,101.0
session-1783603457869-ue25e2,10:51:DB:0D:31:EA,b3bb9015,579,2026-07-09T13:26:58.313000Z,1783603618313,100.56
session-1783603457869-ue25e2,10:51:DB:0D:31:EA,b3bb9015,580,2026-07-09T13:26:58.405000Z,1783603618405,100.98
session-1783603457869-ue25e2,10:51:DB:0D:31:EA,b3bb9015,581,2026-07-09T13:26:58.720000Z,1783603618720,132.24
session-1783603457869-ue25e2,10:51:DB:0D:31:EA,b3bb9015,582,2026-07-09T13:26:58.722000Z,1783603618722,102.31
session-1783603457869-ue25e2,10:51:DB:0D:31:EA,b3bb9015,583,2026-07-09T13:26:58.808000Z,1783603618808,101.47
session-1783603457869-ue25e2,10:51:DB:0D:31:EA,b3bb9015,584,2026-07-09T13:26:59.048000Z,1783603619048,101.49
session-1783603457869-ue25e2,10:51:DB:0D:31:EA,b3bb9015,585,2026-07-09T13:26:59.123000Z,1783603619123,60.45
session-1783603457869-ue25e2,10:51:DB:0D:31:EA,b3bb9015,586,2026-07-09T13:26:59.213000Z,1783603619213,101.87
session-1783603457869-ue25e2,10:51:DB:0D:31:EA,b3bb9015,587,2026-07-09T13:26:59.618000Z,1783603619618,101.7
session-1783603457869-ue25e2,10:51:DB:0D:31:EA,b3bb9015,588,2026-07-09T13:26:59.707000Z,1783603619707,101.47
session-1783603457869-ue25e2,10:51:DB:0D:31:EA,b3bb9015,589,2026-07-09T13:26:59.857000Z,1783603619857,101.89
session-1783603457869-ue25e2,10:51:DB:0D:31:EA,b3bb9015,590,2026-07-09T13:27:00.112000Z,1783603620112,131.82
session-1783603457869-ue25e2,10:51:DB:0D:31:EA,b3bb9015,591,2026-07-09T13:27:00.408000Z,1783603620408,106.1
session-1783603457869-ue25e2,10:51:DB:0D:31:EA,b3bb9015,592,2026-07-09T13:27:00.517000Z,1783603620517,103.65
session-1783603457869-ue25e2,10:51:DB:0D:31:EA,b3bb9015,593,2026-07-09T13:27:00.609000Z,1783603620609,102.08
session-1783603457869-ue25e2,10:51:DB:0D:31:EA,b3bb9015,594,2026-07-09T13:27:00.697000Z,1783603620697,102.1
session-1783603457869-ue25e2,10:51:DB:0D:31:EA,b3bb9015,595,2026-07-09T13:27:01.013000Z,1783603621013,102.54
session-1783603457869-ue25e2,10:51:DB:0D:31:EA,b3bb9015,596,2026-07-09T13:27:01.103000Z,1783603621103,131.76
session-1783603457869-ue25e2,10:51:DB:0D:31:EA,b3bb9015,597,2026-07-09T13:27:01.256000Z,1783603621256,104.3
session-1783603457869-ue25e2,10:51:DB:0D:31:EA,b3bb9015,598,2026-07-09T13:27:01.327000Z,1783603621327,131.29
session-1783603457869-ue25e2,10:51:DB:0D:31:EA,b3bb9015,599,2026-07-09T13:27:01.554000Z,1783603621554,205.47
session-1783603457869-ue25e2,10:51:DB:0D:31:EA,b3bb9015,600,2026-07-09T13:27:01.642000Z,1783603621642,60.03
session-1783603457869-ue25e2,10:51:DB:0D:31:EA,b3bb9015,601,2026-07-09T13:27:01.869000Z,1783603621869,111.91
session-1783603457869-ue25e2,10:51:DB:0D:31:EA,b3bb9015,602,2026-07-09T13:27:01.957000Z,1783603621957,103.44
session-1783603457869-ue25e2,10:51:DB:0D:31:EA,b3bb9015,603,2026-07-09T13:27:02.093000Z,1783603622093,108.66
session-1783603457869-ue25e2,10:51:DB:0D:31:EA,b3bb9015,604,2026-07-09T13:27:02.183000Z,1783603622183,59.78
session-1783603457869-ue25e2,10:51:DB:0D:31:EA,b3bb9015,605,2026-07-09T13:27:02.366000Z,1783603622366,102.59
session-1783603457869-ue25e2,10:51:DB:0D:31:EA,b3bb9015,606,2026-07-09T13:27:02.499000Z,1783603622499,205.05
session-1783603457869-ue25e2,10:51:DB:0D:31:EA,b3bb9015,607,2026-07-09T13:27:02.680000Z,1783603622680,109.97
session-1783603457869-ue25e2,10:51:DB:0D:31:EA,b3bb9015,608,2026-07-09T13:27:02.814000Z,1783603622814,206.15
session-1783603457869-ue25e2,10:51:DB:0D:31:EA,b3bb9015,609,2026-07-09T13:27:02.902000Z,1783603622902,102.95
session-1783603457869-ue25e2,10:51:DB:0D:31:EA,b3bb9015,610,2026-07-09T13:27:03.175000Z,1783603623175,103.23
session-1783603457869-ue25e2,10:51:DB:0D:31:EA,b3bb9015,611,2026-07-09T13:27:03.324000Z,1783603623324,102.52
session-1783603457869-ue25e2,10:51:DB:0D:31:EA,b3bb9015,612,2026-07-09T13:27:03.443000Z,1783603623443,102.5
session-1783603457869-ue25e2,10:51:DB:0D:31:EA,b3bb9015,613,2026-07-09T13:27:03.488000Z,1783603623488,110.37
session-1783603457869-ue25e2,10:51:DB:0D:31:EA,b3bb9015,614,2026-07-09T13:27:03.713000Z,1783603623713,104.12
session-1783603457869-ue25e2,10:51:DB:0D:31:EA,b3bb9015,615,2026-07-09T13:27:03.803000Z,1783603623803,126.13
session-1783603457869-ue25e2,10:51:DB:0D:31:EA,b3bb9015,616,2026-07-09T13:27:04.164000Z,1783603624164,117.58
session-1783603457869-ue25e2,10:51:DB:0D:31:EA,b3bb9015,617,2026-07-09T13:27:04.255000Z,1783603624255,107.74
session-1783603457869-ue25e2,10:51:DB:0D:31:EA,b3bb9015,618,2026-07-09T13:27:04.493000Z,1783603624493,124.99
session-1783603457869-ue25e2,10:51:DB:0D:31:EA,b3bb9015,619,2026-07-09T13:27:04.898000Z,1783603624898,104.53
session-1783603457869-ue25e2,10:51:DB:0D:31:EA,b3bb9015,620,2026-07-09T13:27:04.972000Z,1783603624972,124.77
session-1783603457869-ue25e2,10:51:DB:0D:31:EA,b3bb9015,621,2026-07-09T13:27:05.200000Z,1783603625200,105.59
session-1783603457869-ue25e2,10:51:DB:0D:31:EA,b3bb9015,622,2026-07-09T13:27:05.286000Z,1783603625286,105.59
session-1783603457869-ue25e2,10:51:DB:0D:31:EA,b3bb9015,623,2026-07-09T13:27:05.377000Z,1783603625377,107.37
session-1783603457869-ue25e2,10:51:DB:0D:31:EA,b3bb9015,624,2026-07-09T13:27:05.468000Z,1783603625468,103.41
session-1783603457869-ue25e2,10:51:DB:0D:31:EA,b3bb9015,625,2026-07-09T13:27:05.558000Z,1783603625558,107.11
session-1783603457869-ue25e2,10:51:DB:0D:31:EA,b3bb9015,626,2026-07-09T13:27:05.648000Z,1783603625648,103.84
session-1783603457869-ue25e2,10:51:DB:0D:31:EA,b3bb9015,627,2026-07-09T13:27:05.738000Z,1783603625738,103.83
session-1783603457869-ue25e2,10:51:DB:0D:31:EA,b3bb9015,628,2026-07-09T13:27:06.053000Z,1783603626053,107.56
session-1783603457869-ue25e2,10:51:DB:0D:31:EA,b3bb9015,629,2026-07-09T13:27:06.105000Z,1783603626105,103.22
session-1783603457869-ue25e2,10:51:DB:0D:31:EA,b3bb9015,630,2026-07-09T13:27:06.278000Z,1783603626278,115.19
session-1783603457869-ue25e2,10:51:DB:0D:31:EA,b3bb9015,631,2026-07-09T13:27:06.592000Z,1783603626592,104.3
session-1783603457869-ue25e2,10:51:DB:0D:31:EA,b3bb9015,632,2026-07-09T13:27:06.907000Z,1783603626907,105.35
session-1783603457869-ue25e2,10:51:DB:0D:31:EA,b3bb9015,633,2026-07-09T13:27:06.998000Z,1783603626998,111.44
session-1783603457869-ue25e2,10:51:DB:0D:31:EA,b3bb9015,634,2026-07-09T13:27:07.089000Z,1783603627089,103.79
session-1783603457869-ue25e2,10:51:DB:0D:31:EA,b3bb9015,635,2026-07-09T13:27:07.312000Z,1783603627312,104.3
session-1783603457869-ue25e2,10:51:DB:0D:31:EA,b3bb9015,636,2026-07-09T13:27:07.493000Z,1783603627493,104.07
session-1783603457869-ue25e2,10:51:DB:0D:31:EA,b3bb9015,637,2026-07-09T13:27:07.736000Z,1783603627736,112.6
session-1783603457869-ue25e2,10:51:DB:0D:31:EA,b3bb9015,638,2026-07-09T13:27:07.898000Z,1783603627898,113.01
session-1783603457869-ue25e2,10:51:DB:0D:31:EA,b3bb9015,639,2026-07-09T13:27:08.258000Z,1783603628258,104.02
session-1783603457869-ue25e2,10:51:DB:0D:31:EA,b3bb9015,640,2026-07-09T13:27:08.400000Z,1783603628400,104.05
session-1783603457869-ue25e2,10:51:DB:0D:31:EA,b3bb9015,641,2026-07-09T13:27:08.527000Z,1783603628527,104.12
session-1783603457869-ue25e2,10:51:DB:0D:31:EA,b3bb9015,642,2026-07-09T13:27:08.680000Z,1783603628680,104.07
session-1783603457869-ue25e2,10:51:DB:0D:31:EA,b3bb9015,643,2026-07-09T13:27:08.752000Z,1783603628752,58.09
session-1783603457869-ue25e2,10:51:DB:0D:31:EA,b3bb9015,644,2026-07-09T13:27:08.846000Z,1783603628846,103.41
session-1783603457869-ue25e2,10:51:DB:0D:31:EA,b3bb9015,645,2026-07-09T13:27:08.932000Z,1783603628932,103.41
session-1783603457869-ue25e2,10:51:DB:0D:31:EA,b3bb9015,646,2026-07-09T13:27:09.158000Z,1783603629158,103.37
session-1783603457869-ue25e2,10:51:DB:0D:31:EA,b3bb9015,647,2026-07-09T13:27:09.247000Z,1783603629247,103.83
session-1783603457869-ue25e2,10:51:DB:0D:31:EA,b3bb9015,648,2026-07-09T13:27:09.653000Z,1783603629653,58.02
session-1783603457869-ue25e2,10:51:DB:0D:31:EA,b3bb9015,649,2026-07-09T13:27:09.742000Z,1783603629742,103.39
session-1783603457869-ue25e2,10:51:DB:0D:31:EA,b3bb9015,650,2026-07-09T13:27:09.832000Z,1783603629832,103.41
session-1783603457869-ue25e2,10:51:DB:0D:31:EA,b3bb9015,651,2026-07-09T13:27:10.073000Z,1783603630073,103.81
session-1783603457869-ue25e2,10:51:DB:0D:31:EA,b3bb9015,652,2026-07-09T13:27:10.191000Z,1783603630191,73.52
session-1783603457869-ue25e2,10:51:DB:0D:31:EA,b3bb9015,653,2026-07-09T13:27:10.373000Z,1783603630373,103.88
session-1783603457869-ue25e2,10:51:DB:0D:31:EA,b3bb9015,654,2026-07-09T13:27:10.462000Z,1783603630462,103.41
session-1783603457869-ue25e2,10:51:DB:0D:31:EA,b3bb9015,655,2026-07-09T13:27:10.686000Z,1783603630686,103.48
session-1783603457869-ue25e2,10:51:DB:0D:31:EA,b3bb9015,656,2026-07-09T13:27:10.778000Z,1783603630778,103.6
session-1783603457869-ue25e2,10:51:DB:0D:31:EA,b3bb9015,657,2026-07-09T13:27:10.868000Z,1783603630868,103.62
session-1783603457869-ue25e2,10:51:DB:0D:31:EA,b3bb9015,658,2026-07-09T13:27:10.957000Z,1783603630957,103.62
session-1783603457869-ue25e2,10:51:DB:0D:31:EA,b3bb9015,659,2026-07-09T13:27:11.184000Z,1783603631184,103.64
session-1783603457869-ue25e2,10:51:DB:0D:31:EA,b3bb9015,660,2026-07-09T13:27:11.364000Z,1783603631364,104.07
session-1783603457869-ue25e2,10:51:DB:0D:31:EA,b3bb9015,661,2026-07-09T13:27:11.767000Z,1783603631767,103.6
session-1783603457869-ue25e2,10:51:DB:0D:31:EA,b3bb9015,662,2026-07-09T13:27:11.902000Z,1783603631902,103.64
session-1783603457869-ue25e2,10:51:DB:0D:31:EA,b3bb9015,663,2026-07-09T13:27:11.994000Z,1783603631994,103.64
session-1783603457869-ue25e2,10:51:DB:0D:31:EA,b3bb9015,664,2026-07-09T13:27:12.263000Z,1783603632263,104.05
session-1783603457869-ue25e2,10:51:DB:0D:31:EA,b3bb9015,665,2026-07-09T13:27:12.353000Z,1783603632353,104.05
session-1783603457869-ue25e2,10:51:DB:0D:31:EA,b3bb9015,666,2026-07-09T13:27:12.441000Z,1783603632441,104.05
session-1783603457869-ue25e2,10:51:DB:0D:31:EA,b3bb9015,667,2026-07-09T13:27:12.533000Z,1783603632533,104.05
session-1783603457869-ue25e2,10:51:DB:0D:31:EA,b3bb9015,668,2026-07-09T13:27:12.848000Z,1783603632848,104.05
session-1783603457869-ue25e2,10:51:DB:0D:31:EA,b3bb9015,669,2026-07-09T13:27:13.027000Z,1783603633027,104.07
session-1783603457869-ue25e2,10:51:DB:0D:31:EA,b3bb9015,670,2026-07-09T13:27:13.254000Z,1783603633254,104.49
session-1783603457869-ue25e2,10:51:DB:0D:31:EA,b3bb9015,671,2026-07-09T13:27:13.587000Z,1783603633587,104.47
session-1783603457869-ue25e2,10:51:DB:0D:31:EA,b3bb9015,672,2026-07-09T13:27:13.702000Z,1783603633702,104.04
session-1783603457869-ue25e2,10:51:DB:0D:31:EA,b3bb9015,673,2026-07-09T13:27:13.928000Z,1783603633928,104.49
session-1783603457869-ue25e2,10:51:DB:0D:31:EA,b3bb9015,674,2026-07-09T13:27:14.199000Z,1783603634199,104.12
session-1783603457869-ue25e2,10:51:DB:0D:31:EA,b3bb9015,675,2026-07-09T13:27:14.287000Z,1783603634287,104.28
session-1783603457869-ue25e2,10:51:DB:0D:31:EA,b3bb9015,676,2026-07-09T13:27:14.514000Z,1783603634514,104.26
session-1783603457869-ue25e2,10:51:DB:0D:31:EA,b3bb9015,677,2026-07-09T13:27:14.602000Z,1783603634602,104.25
session-1783603457869-ue25e2,10:51:DB:0D:31:EA,b3bb9015,678,2026-07-09T13:27:14.752000Z,1783603634752,104.3
session-1783603457869-ue25e2,10:51:DB:0D:31:EA,b3bb9015,679,2026-07-09T13:27:15.008000Z,1783603635008,104.26
session-1783603457869-ue25e2,10:51:DB:0D:31:EA,b3bb9015,680,2026-07-09T13:27:15.143000Z,1783603635143,104.26
session-1783603457869-ue25e2,10:51:DB:0D:31:EA,b3bb9015,681,2026-07-09T13:27:15.234000Z,1783603635234,104.25
session-1783603457869-ue25e2,10:51:DB:0D:31:EA,b3bb9015,682,2026-07-09T13:27:15.277000Z,1783603635277,104.3
session-1783603457869-ue25e2,10:51:DB:0D:31:EA,b3bb9015,683,2026-07-09T13:27:15.593000Z,1783603635593,104.25
session-1783603457869-ue25e2,10:51:DB:0D:31:EA,b3bb9015,684,2026-07-09T13:27:15.682000Z,1783603635682,104.73
session-1783603457869-ue25e2,10:51:DB:0D:31:EA,b3bb9015,685,2026-07-09T13:27:15.816000Z,1783603635816,104.67
session-1783603457869-ue25e2,10:51:DB:0D:31:EA,b3bb9015,686,2026-07-09T13:27:15.906000Z,1783603635906,104.3
session-1783603457869-ue25e2,10:51:DB:0D:31:EA,b3bb9015,687,2026-07-09T13:27:16.041000Z,1783603636041,104.26
session-1783603457869-ue25e2,10:51:DB:0D:31:EA,b3bb9015,688,2026-07-09T13:27:16.672000Z,1783603636672,104.25
session-1783603457869-ue25e2,10:51:DB:0D:31:EA,b3bb9015,689,2026-07-09T13:27:16.762000Z,1783603636762,104.3
session-1783603457869-ue25e2,10:51:DB:0D:31:EA,b3bb9015,690,2026-07-09T13:27:17.002000Z,1783603637002,104.3
session-1783603457869-ue25e2,10:51:DB:0D:31:EA,b3bb9015,691,2026-07-09T13:27:17.078000Z,1783603637078,104.28
session-1783603457869-ue25e2,10:51:DB:0D:31:EA,b3bb9015,692,2026-07-09T13:27:17.257000Z,1783603637257,104.26
session-1783603457869-ue25e2,10:51:DB:0D:31:EA,b3bb9015,693,2026-07-09T13:27:17.394000Z,1783603637394,104.26
session-1783603457869-ue25e2,10:51:DB:0D:31:EA,b3bb9015,694,2026-07-09T13:27:17.528000Z,1783603637528,56.12
session-1783603457869-ue25e2,10:51:DB:0D:31:EA,b3bb9015,695,2026-07-09T13:27:17.663000Z,1783603637663,104.26
session-1783603457869-ue25e2,10:51:DB:0D:31:EA,b3bb9015,696,2026-07-09T13:27:17.752000Z,1783603637752,104.68
session-1783603457869-ue25e2,10:51:DB:0D:31:EA,b3bb9015,697,2026-07-09T13:27:17.903000Z,1783603637903,104.7
session-1783603457869-ue25e2,10:51:DB:0D:31:EA,b3bb9015,698,2026-07-09T13:27:17.979000Z,1783603637979,104.58
session-1783603457869-ue25e2,10:51:DB:0D:31:EA,b3bb9015,699,2026-07-09T13:27:18.161000Z,1783603638161,105.42
session-1783603457869-ue25e2,10:51:DB:0D:31:EA,b3bb9015,700,2026-07-09T13:27:18.652000Z,1783603638652,105.43
session-1783603457869-ue25e2,10:51:DB:0D:31:EA,b3bb9015,701,2026-07-09T13:27:18.703000Z,1783603638703,105.57
session-1783603457869-ue25e2,10:51:DB:0D:31:EA,b3bb9015,702,2026-07-09T13:27:18.789000Z,1783603638789,105.15
session-1783603457869-ue25e2,10:51:DB:0D:31:EA,b3bb9015,703,2026-07-09T13:27:19.013000Z,1783603639013,105.56
session-1783603457869-ue25e2,10:51:DB:0D:31:EA,b3bb9015,704,2026-07-09T13:27:19.105000Z,1783603639105,105.59
session-1783603457869-ue25e2,10:51:DB:0D:31:EA,b3bb9015,705,2026-07-09T13:27:19.328000Z,1783603639328,105.15
session-1783603457869-ue25e2,10:51:DB:0D:31:EA,b3bb9015,706,2026-07-09T13:27:19.419000Z,1783603639419,104.53
session-1783603457869-ue25e2,10:51:DB:0D:31:EA,b3bb9015,707,2026-07-09T13:27:19.552000Z,1783603639552,104.67
session-1783603457869-ue25e2,10:51:DB:0D:31:EA,b3bb9015,708,2026-07-09T13:27:19.598000Z,1783603639598,105.57
session-1783603457869-ue25e2,10:51:DB:0D:31:EA,b3bb9015,709,2026-07-09T13:27:19.748000Z,1783603639748,105.15
session-1783603457869-ue25e2,10:51:DB:0D:31:EA,b3bb9015,710,2026-07-09T13:27:19.822000Z,1783603639822,106.01
session-1783603457869-ue25e2,10:51:DB:0D:31:EA,b3bb9015,711,2026-07-09T13:27:20.003000Z,1783603640003,106.48
session-1783603457869-ue25e2,10:51:DB:0D:31:EA,b3bb9015,712,2026-07-09T13:27:20.228000Z,1783603640228,106.46
session-1783603457869-ue25e2,10:51:DB:0D:31:EA,b3bb9015,713,2026-07-09T13:27:20.514000Z,1783603640514,105.56
session-1783603457869-ue25e2,10:51:DB:0D:31:EA,b3bb9015,714,2026-07-09T13:27:20.768000Z,1783603640768,106.03
session-1783603457869-ue25e2,10:51:DB:0D:31:EA,b3bb9015,715,2026-07-09T13:27:20.994000Z,1783603640994,106.48
session-1783603457869-ue25e2,10:51:DB:0D:31:EA,b3bb9015,716,2026-07-09T13:27:21.082000Z,1783603641082,105.99
session-1783603457869-ue25e2,10:51:DB:0D:31:EA,b3bb9015,717,2026-07-09T13:27:21.171000Z,1783603641171,105.59
session-1783603457869-ue25e2,10:51:DB:0D:31:EA,b3bb9015,718,2026-07-09T13:27:21.262000Z,1783603641262,105.59
session-1783603457869-ue25e2,10:51:DB:0D:31:EA,b3bb9015,719,2026-07-09T13:27:21.401000Z,1783603641401,105.17
session-1783603457869-ue25e2,10:51:DB:0D:31:EA,b3bb9015,720,2026-07-09T13:27:21.487000Z,1783603641487,105.12
session-1783603457869-ue25e2,10:51:DB:0D:31:EA,b3bb9015,721,2026-07-09T13:27:21.577000Z,1783603641577,104.73
session-1783603457869-ue25e2,10:51:DB:0D:31:EA,b3bb9015,722,2026-07-09T13:27:21.667000Z,1783603641667,105.15
session-1783603457869-ue25e2,10:51:DB:0D:31:EA,b3bb9015,723,2026-07-09T13:27:21.892000Z,1783603641892,54.97
session-1783603457869-ue25e2,10:51:DB:0D:31:EA,b3bb9015,724,2026-07-09T13:27:21.982000Z,1783603641982,105.14
session-1783603457869-ue25e2,10:51:DB:0D:31:EA,b3bb9015,725,2026-07-09T13:27:22.072000Z,1783603642072,104.73
session-1783603457869-ue25e2,10:51:DB:0D:31:EA,b3bb9015,726,2026-07-09T13:27:22.164000Z,1783603642164,105.59
session-1783603457869-ue25e2,10:51:DB:0D:31:EA,b3bb9015,727,2026-07-09T13:27:22.298000Z,1783603642298,105.15
session-1783603457869-ue25e2,10:51:DB:0D:31:EA,b3bb9015,728,2026-07-09T13:27:22.701000Z,1783603642701,105.0
session-1783603457869-ue25e2,10:51:DB:0D:31:EA,b3bb9015,729,2026-07-09T13:27:22.852000Z,1783603642852,105.0
session-1783603457869-ue25e2,10:51:DB:0D:31:EA,b3bb9015,730,2026-07-09T13:27:23.018000Z,1783603643018,104.98
session-1783603457869-ue25e2,10:51:DB:0D:31:EA,b3bb9015,731,2026-07-09T13:27:23.198000Z,1783603643198,104.93
session-1783603457869-ue25e2,10:51:DB:0D:31:EA,b3bb9015,732,2026-07-09T13:27:23.514000Z,1783603643514,105.36
session-1783603457869-ue25e2,10:51:DB:0D:31:EA,b3bb9015,733,2026-07-09T13:27:23.602000Z,1783603643602,104.94
session-1783603457869-ue25e2,10:51:DB:0D:31:EA,b3bb9015,734,2026-07-09T13:27:23.753000Z,1783603643753,104.8
session-1783603457869-ue25e2,10:51:DB:0D:31:EA,b3bb9015,735,2026-07-09T13:27:24.010000Z,1783603644010,105.35
session-1783603457869-ue25e2,10:51:DB:0D:31:EA,b3bb9015,736,2026-07-09T13:27:24.142000Z,1783603644142,105.36
session-1783603457869-ue25e2,10:51:DB:0D:31:EA,b3bb9015,737,2026-07-09T13:27:24.367000Z,1783603644367,105.36
session-1783603457869-ue25e2,10:51:DB:0D:31:EA,b3bb9015,738,2026-07-09T13:27:24.908000Z,1783603644908,104.49
session-1783603457869-ue25e2,10:51:DB:0D:31:EA,b3bb9015,739,2026-07-09T13:27:25.057000Z,1783603645057,104.47
session-1783603457869-ue25e2,10:51:DB:0D:31:EA,b3bb9015,740,2026-07-09T13:27:25.133000Z,1783603645133,54.15
session-1783603457869-ue25e2,10:51:DB:0D:31:EA,b3bb9015,741,2026-07-09T13:27:25.222000Z,1783603645222,104.47
session-1783603457869-ue25e2,10:51:DB:0D:31:EA,b3bb9015,742,2026-07-09T13:27:25.408000Z,1783603645408,104.51
session-1783603457869-ue25e2,10:51:DB:0D:31:EA,b3bb9015,743,2026-07-09T13:27:25.808000Z,1783603645808,114.94
session-1783603457869-ue25e2,10:51:DB:0D:31:EA,b3bb9015,744,2026-07-09T13:27:25.943000Z,1783603645943,108.21
session-1783603457869-ue25e2,10:51:DB:0D:31:EA,b3bb9015,745,2026-07-09T13:27:26.033000Z,1783603646033,53.89
session-1783603457869-ue25e2,10:51:DB:0D:31:EA,b3bb9015,746,2026-07-09T13:27:26.122000Z,1783603646122,105.62
session-1783603457869-ue25e2,10:51:DB:0D:31:EA,b3bb9015,747,2026-07-09T13:27:26.214000Z,1783603646214,105.42
session-1783603457869-ue25e2,10:51:DB:0D:31:EA,b3bb9015,748,2026-07-09T13:27:26.679000Z,1783603646679,105.59
session-1783603457869-ue25e2,10:51:DB:0D:31:EA,b3bb9015,749,2026-07-09T13:27:27.247000Z,1783603647247,118.24
session-1783603457869-ue25e2,10:51:DB:0D:31:EA,b3bb9015,750,2026-07-09T13:27:27.336000Z,1783603647336,121.35
session-1783603457869-ue25e2,10:51:DB:0D:31:EA,b3bb9015,751,2026-07-09T13:27:27.653000Z,1783603647653,116.29
session-1783603457869-ue25e2,10:51:DB:0D:31:EA,b3bb9015,752,2026-07-09T13:27:27.743000Z,1783603647743,53.48
session-1783603457869-ue25e2,10:51:DB:0D:31:EA,b3bb9015,753,2026-07-09T13:27:28.012000Z,1783603648012,126.51
session-1783603457869-ue25e2,10:51:DB:0D:31:EA,b3bb9015,754,2026-07-09T13:27:28.147000Z,1783603648147,114.93
session-1783603457869-ue25e2,10:51:DB:0D:31:EA,b3bb9015,755,2026-07-09T13:27:28.327000Z,1783603648327,108.03
session-1783603457869-ue25e2,10:51:DB:0D:31:EA,b3bb9015,756,2026-07-09T13:27:28.418000Z,1783603648418,116.29
session-1783603457869-ue25e2,10:51:DB:0D:31:EA,b3bb9015,757,2026-07-09T13:27:28.551000Z,1783603648551,116.25
session-1783603457869-ue25e2,10:51:DB:0D:31:EA,b3bb9015,758,2026-07-09T13:27:28.703000Z,1783603648703,114.52
session-1783603457869-ue25e2,10:51:DB:0D:31:EA,b3bb9015,759,2026-07-09T13:27:28.867000Z,1783603648867,107.58
session-1783603457869-ue25e2,10:51:DB:0D:31:EA,b3bb9015,760,2026-07-09T13:27:28.957000Z,1783603648957,107.54
session-1783603457869-ue25e2,10:51:DB:0D:31:EA,b3bb9015,761,2026-07-09T13:27:29.183000Z,1783603649183,106.69
session-1783603457869-ue25e2,10:51:DB:0D:31:EA,b3bb9015,762,2026-07-09T13:27:29.272000Z,1783603649272,106.74
session-1783603457869-ue25e2,10:51:DB:0D:31:EA,b3bb9015,763,2026-07-09T13:27:29.365000Z,1783603649365,106.25
session-1783603457869-ue25e2,10:51:DB:0D:31:EA,b3bb9015,764,2026-07-09T13:27:29.680000Z,1783603649680,105.89
session-1783603457869-ue25e2,10:51:DB:0D:31:EA,b3bb9015,765,2026-07-09T13:27:29.858000Z,1783603649858,105.99
session-1783603457869-ue25e2,10:51:DB:0D:31:EA,b3bb9015,766,2026-07-09T13:27:30.128000Z,1783603650128,52.8
session-1783603457869-ue25e2,10:51:DB:0D:31:EA,b3bb9015,767,2026-07-09T13:27:30.180000Z,1783603650180,106.06
session-1783603457869-ue25e2,10:51:DB:0D:31:EA,b3bb9015,768,2026-07-09T13:27:30.353000Z,1783603650353,116.04
session-1783603457869-ue25e2,10:51:DB:0D:31:EA,b3bb9015,769,2026-07-09T13:27:31.121000Z,1783603651121,120.3
session-1783603457869-ue25e2,10:51:DB:0D:31:EA,b3bb9015,770,2026-07-09T13:27:31.122000Z,1783603651122,122.39
session-1783603457869-ue25e2,10:51:DB:0D:31:EA,b3bb9015,771,2026-07-09T13:27:31.342000Z,1783603651342,115.17
session-1783603457869-ue25e2,10:51:DB:0D:31:EA,b3bb9015,772,2026-07-09T13:27:31.400000Z,1783603651400,115.59
session-1783603457869-ue25e2,10:51:DB:0D:31:EA,b3bb9015,773,2026-07-09T13:27:31.611000Z,1783603651611,114.31
session-1783603457869-ue25e2,10:51:DB:0D:31:EA,b3bb9015,774,2026-07-09T13:27:31.792000Z,1783603651792,115.62
session-1783603457869-ue25e2,10:51:DB:0D:31:EA,b3bb9015,775,2026-07-09T13:27:32.016000Z,1783603652016,116.48
session-1783603457869-ue25e2,10:51:DB:0D:31:EA,b3bb9015,776,2026-07-09T13:27:32.198000Z,1783603652198,106.27
session-1783603457869-ue25e2,10:51:DB:0D:31:EA,b3bb9015,777,2026-07-09T13:27:32.467000Z,1783603652467,52.16
session-1783603457869-ue25e2,10:51:DB:0D:31:EA,b3bb9015,778,2026-07-09T13:27:32.647000Z,1783603652647,119.34
session-1783603457869-ue25e2,10:51:DB:0D:31:EA,b3bb9015,779,2026-07-09T13:27:32.962000Z,1783603652962,52.16
session-1783603457869-ue25e2,10:51:DB:0D:31:EA,b3bb9015,780,2026-07-09T13:27:33.143000Z,1783603653143,114.31
session-1783603457869-ue25e2,10:51:DB:0D:31:EA,b3bb9015,781,2026-07-09T13:27:33.231000Z,1783603653231,115.2
session-1783603457869-ue25e2,10:51:DB:0D:31:EA,b3bb9015,782,2026-07-09T13:27:33.457000Z,1783603653457,114.73
session-1783603457869-ue25e2,10:51:DB:0D:31:EA,b3bb9015,783,2026-07-09T13:27:33.547000Z,1783603653547,106.43
session-1783603457869-ue25e2,10:51:DB:0D:31:EA,b3bb9015,784,2026-07-09T13:27:33.773000Z,1783603653773,114.75
session-1783603457869-ue25e2,10:51:DB:0D:31:EA,b3bb9015,785,2026-07-09T13:27:33.998000Z,1783603653998,114.31
session-1783603457869-ue25e2,10:51:DB:0D:31:EA,b3bb9015,786,2026-07-09T13:27:34.178000Z,1783603654178,133.11
session-1783603457869-ue25e2,10:51:DB:0D:31:EA,b3bb9015,787,2026-07-09T13:27:34.492000Z,1783603654492,51.56
session-1783603457869-ue25e2,10:51:DB:0D:31:EA,b3bb9015,788,2026-07-09T13:27:34.807000Z,1783603654807,105.62
session-1783603457869-ue25e2,10:51:DB:0D:31:EA,b3bb9015,789,2026-07-09T13:27:34.942000Z,1783603654942,105.35
session-1783603457869-ue25e2,10:51:DB:0D:31:EA,b3bb9015,790,2026-07-09T13:27:35.077000Z,1783603655077,51.51
session-1783603457869-ue25e2,10:51:DB:0D:31:EA,b3bb9015,791,2026-07-09T13:27:35.121000Z,1783603655121,105.35
session-1783603457869-ue25e2,10:51:DB:0D:31:EA,b3bb9015,792,2026-07-09T13:27:35.302000Z,1783603655302,105.4
session-1783603457869-ue25e2,10:51:DB:0D:31:EA,b3bb9015,793,2026-07-09T13:27:35.708000Z,1783603655708,105.21
session-1783603457869-ue25e2,10:51:DB:0D:31:EA,b3bb9015,794,2026-07-09T13:27:35.844000Z,1783603655844,105.22
session-1783603457869-ue25e2,10:51:DB:0D:31:EA,b3bb9015,795,2026-07-09T13:27:35.931000Z,1783603655931,51.48
session-1783603457869-ue25e2,10:51:DB:0D:31:EA,b3bb9015,796,2026-07-09T13:27:36.022000Z,1783603656022,104.94
session-1783603457869-ue25e2,10:51:DB:0D:31:EA,b3bb9015,797,2026-07-09T13:27:36.113000Z,1783603656113,104.77
session-1783603457869-ue25e2,10:51:DB:0D:31:EA,b3bb9015,798,2026-07-09T13:27:36.202000Z,1783603656202,104.96
session-1783603457869-ue25e2,10:51:DB:0D:31:EA,b3bb9015,799,2026-07-09T13:27:36.351000Z,1783603656351,104.94
session-1783603457869-ue25e2,10:51:DB:0D:31:EA,b3bb9015,800,2026-07-09T13:27:36.517000Z,1783603656517,104.79
session-1783603457869-ue25e2,10:51:DB:0D:31:EA,b3bb9015,801,2026-07-09T13:27:36.607000Z,1783603656607,104.72
session-1783603457869-ue25e2,10:51:DB:0D:31:EA,b3bb9015,802,2026-07-09T13:27:36.877000Z,1783603656877,105.22
session-1783603457869-ue25e2,10:51:DB:0D:31:EA,b3bb9015,803,2026-07-09T13:27:37.057000Z,1783603657057,105.22
session-1783603457869-ue25e2,10:51:DB:0D:31:EA,b3bb9015,804,2026-07-09T13:27:37.237000Z,1783603657237,105.17
session-1783603457869-ue25e2,10:51:DB:0D:31:EA,b3bb9015,805,2026-07-09T13:27:37.462000Z,1783603657462,105.14
session-1783603457869-ue25e2,10:51:DB:0D:31:EA,b3bb9015,806,2026-07-09T13:27:37.642000Z,1783603657642,105.59
session-1783603457869-ue25e2,10:51:DB:0D:31:EA,b3bb9015,807,2026-07-09T13:27:37.866000Z,1783603657866,105.22
session-1783603457869-ue25e2,10:51:DB:0D:31:EA,b3bb9015,808,2026-07-09T13:27:38.048000Z,1783603658048,105.21
session-1783603457869-ue25e2,10:51:DB:0D:31:EA,b3bb9015,809,2026-07-09T13:27:38.363000Z,1783603658363,105.35
session-1783603457869-ue25e2,10:51:DB:0D:31:EA,b3bb9015,810,2026-07-09T13:27:38.451000Z,1783603658451,105.33
session-1783603457869-ue25e2,10:51:DB:0D:31:EA,b3bb9015,811,2026-07-09T13:27:38.602000Z,1783603658602,105.36
session-1783603457869-ue25e2,10:51:DB:0D:31:EA,b3bb9015,812,2026-07-09T13:27:39.038000Z,1783603659038,105.19
session-1783603457869-ue25e2,10:51:DB:0D:31:EA,b3bb9015,813,2026-07-09T13:27:39.127000Z,1783603659127,105.35
session-1783603457869-ue25e2,10:51:DB:0D:31:EA,b3bb9015,814,2026-07-09T13:27:39.218000Z,1783603659218,104.94
session-1783603457869-ue25e2,10:51:DB:0D:31:EA,b3bb9015,815,2026-07-09T13:27:39.367000Z,1783603659367,104.47
session-1783603457869-ue25e2,10:51:DB:0D:31:EA,b3bb9015,816,2026-07-09T13:27:39.442000Z,1783603659442,50.4
session-1783603457869-ue25e2,10:51:DB:0D:31:EA,b3bb9015,817,2026-07-09T13:27:39.532000Z,1783603659532,104.94
session-1783603457869-ue25e2,10:51:DB:0D:31:EA,b3bb9015,818,2026-07-09T13:27:39.622000Z,1783603659622,104.94
session-1783603457869-ue25e2,10:51:DB:0D:31:EA,b3bb9015,819,2026-07-09T13:27:39.712000Z,1783603659712,104.49
session-1783603457869-ue25e2,10:51:DB:0D:31:EA,b3bb9015,820,2026-07-09T13:27:39.846000Z,1783603659846,104.91
session-1783603457869-ue25e2,10:51:DB:0D:31:EA,b3bb9015,821,2026-07-09T13:27:40.120000Z,1783603660120,104.47
session-1783603457869-ue25e2,10:51:DB:0D:31:EA,b3bb9015,822,2026-07-09T13:27:40.253000Z,1783603660253,104.94
session-1783603457869-ue25e2,10:51:DB:0D:31:EA,b3bb9015,823,2026-07-09T13:27:40.343000Z,1783603660343,49.85
session-1783603457869-ue25e2,10:51:DB:0D:31:EA,b3bb9015,824,2026-07-09T13:27:40.568000Z,1783603660568,104.94
session-1783603457869-ue25e2,10:51:DB:0D:31:EA,b3bb9015,825,2026-07-09T13:27:40.625000Z,1783603660625,104.49
session-1783603457869-ue25e2,10:51:DB:0D:31:EA,b3bb9015,826,2026-07-09T13:27:40.749000Z,1783603660749,104.91
session-1783603457869-ue25e2,10:51:DB:0D:31:EA,b3bb9015,827,2026-07-09T13:27:40.900000Z,1783603660900,104.49
session-1783603457869-ue25e2,10:51:DB:0D:31:EA,b3bb9015,828,2026-07-09T13:27:41.065000Z,1783603661065,104.47
session-1783603457869-ue25e2,10:51:DB:0D:31:EA,b3bb9015,829,2026-07-09T13:27:41.152000Z,1783603661152,104.47
session-1783603457869-ue25e2,10:51:DB:0D:31:EA,b3bb9015,830,2026-07-09T13:27:41.302000Z,1783603661302,104.47
session-1783603457869-ue25e2,10:51:DB:0D:31:EA,b3bb9015,831,2026-07-09T13:27:41.380000Z,1783603661380,104.47
session-1783603457869-ue25e2,10:51:DB:0D:31:EA,b3bb9015,832,2026-07-09T13:27:41.466000Z,1783603661466,104.49
session-1783603457869-ue25e2,10:51:DB:0D:31:EA,b3bb9015,833,2026-07-09T13:27:41.694000Z,1783603661694,104.49
session-1783603457869-ue25e2,10:51:DB:0D:31:EA,b3bb9015,834,2026-07-09T13:27:41.782000Z,1783603661782,104.47
session-1783603457869-ue25e2,10:51:DB:0D:31:EA,b3bb9015,835,2026-07-09T13:27:41.872000Z,1783603661872,104.04
session-1783603457869-ue25e2,10:51:DB:0D:31:EA,b3bb9015,836,2026-07-09T13:27:42.097000Z,1783603662097,104.49
session-1783603457869-ue25e2,10:51:DB:0D:31:EA,b3bb9015,837,2026-07-09T13:27:42.187000Z,1783603662187,104.47
session-1783603457869-ue25e2,10:51:DB:0D:31:EA,b3bb9015,838,2026-07-09T13:27:42.276000Z,1783603662276,104.47
session-1783603457869-ue25e2,10:51:DB:0D:31:EA,b3bb9015,839,2026-07-09T13:27:42.368000Z,1783603662368,104.02
session-1783603457869-ue25e2,10:51:DB:0D:31:EA,b3bb9015,840,2026-07-09T13:27:42.518000Z,1783603662518,104.47
session-1783603457869-ue25e2,10:51:DB:0D:31:EA,b3bb9015,841,2026-07-09T13:27:42.592000Z,1783603662592,49.52
session-1783603457869-ue25e2,10:51:DB:0D:31:EA,b3bb9015,842,2026-07-09T13:27:42.682000Z,1783603662682,104.47
session-1783603457869-ue25e2,10:51:DB:0D:31:EA,b3bb9015,843,2026-07-09T13:27:42.771000Z,1783603662771,104.47
session-1783603457869-ue25e2,10:51:DB:0D:31:EA,b3bb9015,844,2026-07-09T13:27:42.998000Z,1783603662998,104.47
session-1783603457869-ue25e2,10:51:DB:0D:31:EA,b3bb9015,845,2026-07-09T13:27:43.221000Z,1783603663221,104.53
session-1783603457869-ue25e2,10:51:DB:0D:31:EA,b3bb9015,846,2026-07-09T13:27:43.311000Z,1783603663311,104.05
session-1783603457869-ue25e2,10:51:DB:0D:31:EA,b3bb9015,847,2026-07-09T13:27:43.553000Z,1783603663553,104.53
session-1783603457869-ue25e2,10:51:DB:0D:31:EA,b3bb9015,848,2026-07-09T13:27:43.627000Z,1783603663627,104.47
session-1783603457869-ue25e2,10:51:DB:0D:31:EA,b3bb9015,849,2026-07-09T13:27:43.762000Z,1783603663762,104.47
session-1783603457869-ue25e2,10:51:DB:0D:31:EA,b3bb9015,850,2026-07-09T13:27:43.942000Z,1783603663942,104.32
session-1783603457869-ue25e2,10:51:DB:0D:31:EA,b3bb9015,851,2026-07-09T13:27:44.031000Z,1783603664031,104.33
session-1783603457869-ue25e2,10:51:DB:0D:31:EA,b3bb9015,852,2026-07-09T13:27:44.167000Z,1783603664167,104.75
session-1783603457869-ue25e2,10:51:DB:0D:31:EA,b3bb9015,853,2026-07-09T13:27:44.257000Z,1783603664257,104.26
session-1783603457869-ue25e2,10:51:DB:0D:31:EA,b3bb9015,854,2026-07-09T13:27:44.347000Z,1783603664347,104.26
session-1783603457869-ue25e2,10:51:DB:0D:31:EA,b3bb9015,855,2026-07-09T13:27:44.572000Z,1783603664572,104.7
session-1783603457869-ue25e2,10:51:DB:0D:31:EA,b3bb9015,856,2026-07-09T13:27:44.661000Z,1783603664661,104.73
session-1783603457869-ue25e2,10:51:DB:0D:31:EA,b3bb9015,857,2026-07-09T13:27:44.797000Z,1783603664797,104.26
session-1783603457869-ue25e2,10:51:DB:0D:31:EA,b3bb9015,858,2026-07-09T13:27:44.844000Z,1783603664844,104.25
session-1783603457869-ue25e2,10:51:DB:0D:31:EA,b3bb9015,859,2026-07-09T13:27:44.976000Z,1783603664976,104.3
session-1783603457869-ue25e2,10:51:DB:0D:31:EA,b3bb9015,860,2026-07-09T13:27:45.202000Z,1783603665202,104.28
session-1783603457869-ue25e2,10:51:DB:0D:31:EA,b3bb9015,861,2026-07-09T13:27:45.292000Z,1783603665292,103.86
session-1783603457869-ue25e2,10:51:DB:0D:31:EA,b3bb9015,862,2026-07-09T13:27:45.382000Z,1783603665382,104.28
session-1783603457869-ue25e2,10:51:DB:0D:31:EA,b3bb9015,863,2026-07-09T13:27:45.472000Z,1783603665472,104.3
session-1783603457869-ue25e2,10:51:DB:0D:31:EA,b3bb9015,864,2026-07-09T13:27:45.608000Z,1783603665608,104.3
session-1783603457869-ue25e2,10:51:DB:0D:31:EA,b3bb9015,865,2026-07-09T13:27:45.697000Z,1783603665697,104.25
session-1783603457869-ue25e2,10:51:DB:0D:31:EA,b3bb9015,866,2026-07-09T13:27:45.788000Z,1783603665788,104.3
session-1783603457869-ue25e2,10:51:DB:0D:31:EA,b3bb9015,867,2026-07-09T13:27:45.877000Z,1783603665877,103.83
session-1783603457869-ue25e2,10:51:DB:0D:31:EA,b3bb9015,868,2026-07-09T13:27:46.286000Z,1783603666286,104.26
session-1783603457869-ue25e2,10:51:DB:0D:31:EA,b3bb9015,869,2026-07-09T13:27:46.371000Z,1783603666371,104.3
session-1783603457869-ue25e2,10:51:DB:0D:31:EA,b3bb9015,870,2026-07-09T13:27:46.601000Z,1783603666601,104.3
session-1783603457869-ue25e2,10:51:DB:0D:31:EA,b3bb9015,871,2026-07-09T13:27:46.687000Z,1783603666687,104.26
session-1783603457869-ue25e2,10:51:DB:0D:31:EA,b3bb9015,872,2026-07-09T13:27:46.777000Z,1783603666777,104.28
session-1783603457869-ue25e2,10:51:DB:0D:31:EA,b3bb9015,873,2026-07-09T13:27:47.061000Z,1783603667061,48.46
session-1783603457869-ue25e2,10:51:DB:0D:31:EA,b3bb9015,874,2026-07-09T13:27:47.317000Z,1783603667317,104.28
session-1783603457869-ue25e2,10:51:DB:0D:31:EA,b3bb9015,875,2026-07-09T13:27:47.407000Z,1783603667407,104.28
session-1783603457869-ue25e2,10:51:DB:0D:31:EA,b3bb9015,876,2026-07-09T13:27:47.632000Z,1783603667632,48.21
session-1783603457869-ue25e2,10:51:DB:0D:31:EA,b3bb9015,877,2026-07-09T13:27:47.722000Z,1783603667722,104.33
session-1783603457869-ue25e2,10:51:DB:0D:31:EA,b3bb9015,878,2026-07-09T13:27:47.903000Z,1783603667903,104.49
session-1783603457869-ue25e2,10:51:DB:0D:31:EA,b3bb9015,879,2026-07-09T13:27:48.053000Z,1783603668053,103.88
session-1783603457869-ue25e2,10:51:DB:0D:31:EA,b3bb9015,880,2026-07-09T13:27:48.127000Z,1783603668127,104.33
session-1783603457869-ue25e2,10:51:DB:0D:31:EA,b3bb9015,881,2026-07-09T13:27:48.217000Z,1783603668217,104.94
session-1783603457869-ue25e2,10:51:DB:0D:31:EA,b3bb9015,882,2026-07-09T13:27:48.441000Z,1783603668441,104.47
session-1783603457869-ue25e2,10:51:DB:0D:31:EA,b3bb9015,883,2026-07-09T13:27:48.531000Z,1783603668531,48.2
session-1783603457869-ue25e2,10:51:DB:0D:31:EA,b3bb9015,884,2026-07-09T13:27:48.712000Z,1783603668712,104.94
session-1783603457869-ue25e2,10:51:DB:0D:31:EA,b3bb9015,885,2026-07-09T13:27:48.804000Z,1783603668804,104.32
session-1783603457869-ue25e2,10:51:DB:0D:31:EA,b3bb9015,886,2026-07-09T13:27:49.072000Z,1783603669072,105.38
session-1783603457869-ue25e2,10:51:DB:0D:31:EA,b3bb9015,887,2026-07-09T13:27:49.791000Z,1783603669791,105.36
session-1783603457869-ue25e2,10:51:DB:0D:31:EA,b3bb9015,888,2026-07-09T13:27:49.883000Z,1783603669883,104.93
session-1783603457869-ue25e2,10:51:DB:0D:31:EA,b3bb9015,889,2026-07-09T13:27:50.033000Z,1783603670033,104.79
session-1783603457869-ue25e2,10:51:DB:0D:31:EA,b3bb9015,890,2026-07-09T13:27:50.084000Z,1783603670084,104.96
session-1783603457869-ue25e2,10:51:DB:0D:31:EA,b3bb9015,891,2026-07-09T13:27:50.152000Z,1783603670152,104.51
session-1783603457869-ue25e2,10:51:DB:0D:31:EA,b3bb9015,892,2026-07-09T13:27:50.302000Z,1783603670302,104.93
session-1783603457869-ue25e2,10:51:DB:0D:31:EA,b3bb9015,893,2026-07-09T13:27:50.379000Z,1783603670379,104.94
session-1783603457869-ue25e2,10:51:DB:0D:31:EA,b3bb9015,894,2026-07-09T13:27:50.467000Z,1783603670467,104.94
session-1783603457869-ue25e2,10:51:DB:0D:31:EA,b3bb9015,895,2026-07-09T13:27:50.647000Z,1783603670647,104.93
session-1783603457869-ue25e2,10:51:DB:0D:31:EA,b3bb9015,896,2026-07-09T13:27:50.737000Z,1783603670737,104.93
session-1783603457869-ue25e2,10:51:DB:0D:31:EA,b3bb9015,897,2026-07-09T13:27:51.097000Z,1783603671097,104.91
session-1783603457869-ue25e2,10:51:DB:0D:31:EA,b3bb9015,898,2026-07-09T13:27:51.247000Z,1783603671247,104.94
session-1783603457869-ue25e2,10:51:DB:0D:31:EA,b3bb9015,899,2026-07-09T13:27:51.322000Z,1783603671322,47.13
session-1783603457869-ue25e2,10:51:DB:0D:31:EA,b3bb9015,900,2026-07-09T13:27:51.410000Z,1783603671410,105.21
session-1783603457869-ue25e2,10:51:DB:0D:31:EA,b3bb9015,901,2026-07-09T13:27:51.727000Z,1783603671727,105.4
session-1783603457869-ue25e2,10:51:DB:0D:31:EA,b3bb9015,902,2026-07-09T13:27:51.818000Z,1783603671818,105.4
session-1783603457869-ue25e2,10:51:DB:0D:31:EA,b3bb9015,903,2026-07-09T13:27:51.907000Z,1783603671907,105.42
session-1783603457869-ue25e2,10:51:DB:0D:31:EA,b3bb9015,904,2026-07-09T13:27:52.152000Z,1783603672152,105.78
session-1783603457869-ue25e2,10:51:DB:0D:31:EA,b3bb9015,905,2026-07-09T13:27:52.220000Z,1783603672220,46.96
session-1783603457869-ue25e2,10:51:DB:0D:31:EA,b3bb9015,906,2026-07-09T13:27:52.313000Z,1783603672313,123.93
session-1783603457869-ue25e2,10:51:DB:0D:31:EA,b3bb9015,907,2026-07-09T13:27:52.401000Z,1783603672401,105.78
session-1783603457869-ue25e2,10:51:DB:0D:31:EA,b3bb9015,908,2026-07-09T13:27:52.492000Z,1783603672492,105.38
session-1783603457869-ue25e2,10:51:DB:0D:31:EA,b3bb9015,909,2026-07-09T13:27:52.627000Z,1783603672627,106.27
session-1783603457869-ue25e2,10:51:DB:0D:31:EA,b3bb9015,910,2026-07-09T13:27:52.807000Z,1783603672807,106.27
session-1783603457869-ue25e2,10:51:DB:0D:31:EA,b3bb9015,911,2026-07-09T13:27:53.346000Z,1783603673346,105.36
session-1783603457869-ue25e2,10:51:DB:0D:31:EA,b3bb9015,912,2026-07-09T13:27:53.660000Z,1783603673660,104.96
session-1783603457869-ue25e2,10:51:DB:0D:31:EA,b3bb9015,913,2026-07-09T13:27:53.931000Z,1783603673931,104.94
session-1783603457869-ue25e2,10:51:DB:0D:31:EA,b3bb9015,914,2026-07-09T13:27:54.157000Z,1783603674157,104.93
session-1783603457869-ue25e2,10:51:DB:0D:31:EA,b3bb9015,915,2026-07-09T13:27:54.562000Z,1783603674562,46.68
session-1783603457869-ue25e2,10:51:DB:0D:31:EA,b3bb9015,916,2026-07-09T13:27:54.653000Z,1783603674653,105.36
session-1783603457869-ue25e2,10:51:DB:0D:31:EA,b3bb9015,917,2026-07-09T13:27:54.804000Z,1783603674804,105.35
session-1783603457869-ue25e2,10:51:DB:0D:31:EA,b3bb9015,918,2026-07-09T13:27:55.101000Z,1783603675101,105.36
session-1783603457869-ue25e2,10:51:DB:0D:31:EA,b3bb9015,919,2026-07-09T13:27:55.251000Z,1783603675251,104.93
session-1783603457869-ue25e2,10:51:DB:0D:31:EA,b3bb9015,920,2026-07-09T13:27:55.416000Z,1783603675416,104.98
session-1783603457869-ue25e2,10:51:DB:0D:31:EA,b3bb9015,921,2026-07-09T13:27:55.505000Z,1783603675505,104.49
session-1783603457869-ue25e2,10:51:DB:0D:31:EA,b3bb9015,922,2026-07-09T13:27:55.597000Z,1783603675597,104.93
session-1783603457869-ue25e2,10:51:DB:0D:31:EA,b3bb9015,923,2026-07-09T13:27:55.821000Z,1783603675821,104.94
session-1783603457869-ue25e2,10:51:DB:0D:31:EA,b3bb9015,924,2026-07-09T13:27:56.001000Z,1783603676001,104.96
session-1783603457869-ue25e2,10:51:DB:0D:31:EA,b3bb9015,925,2026-07-09T13:27:56.228000Z,1783603676228,104.94
session-1783603457869-ue25e2,10:51:DB:0D:31:EA,b3bb9015,926,2026-07-09T13:27:56.496000Z,1783603676496,105.4
session-1783603457869-ue25e2,10:51:DB:0D:31:EA,b3bb9015,927,2026-07-09T13:27:56.722000Z,1783603676722,105.35
session-1783603457869-ue25e2,10:51:DB:0D:31:EA,b3bb9015,928,2026-07-09T13:27:56.812000Z,1783603676812,104.93
session-1783603457869-ue25e2,10:51:DB:0D:31:EA,b3bb9015,929,2026-07-09T13:27:57.054000Z,1783603677054,105.4
session-1783603457869-ue25e2,10:51:DB:0D:31:EA,b3bb9015,930,2026-07-09T13:27:57.351000Z,1783603677351,105.82
session-1783603457869-ue25e2,10:51:DB:0D:31:EA,b3bb9015,931,2026-07-09T13:27:57.440000Z,1783603677440,105.38
session-1783603457869-ue25e2,10:51:DB:0D:31:EA,b3bb9015,932,2026-07-09T13:27:57.756000Z,1783603677756,105.62
session-1783603457869-ue25e2,10:51:DB:0D:31:EA,b3bb9015,933,2026-07-09T13:27:57.996000Z,1783603677996,105.36
session-1783603457869-ue25e2,10:51:DB:0D:31:EA,b3bb9015,934,2026-07-09T13:27:58.070000Z,1783603678070,45.81
session-1783603457869-ue25e2,10:51:DB:0D:31:EA,b3bb9015,935,2026-07-09T13:27:58.160000Z,1783603678160,104.94
session-1783603457869-ue25e2,10:51:DB:0D:31:EA,b3bb9015,936,2026-07-09T13:27:58.252000Z,1783603678252,105.36
session-1783603457869-ue25e2,10:51:DB:0D:31:EA,b3bb9015,937,2026-07-09T13:27:58.340000Z,1783603678340,105.35
session-1783603457869-ue25e2,10:51:DB:0D:31:EA,b3bb9015,938,2026-07-09T13:27:58.476000Z,1783603678476,105.35
session-1783603457869-ue25e2,10:51:DB:0D:31:EA,b3bb9015,939,2026-07-09T13:27:58.566000Z,1783603678566,105.33
session-1783603457869-ue25e2,10:51:DB:0D:31:EA,b3bb9015,940,2026-07-09T13:27:58.748000Z,1783603678748,105.19
session-1783603457869-ue25e2,10:51:DB:0D:31:EA,b3bb9015,941,2026-07-09T13:27:58.897000Z,1783603678897,105.62
session-1783603457869-ue25e2,10:51:DB:0D:31:EA,b3bb9015,942,2026-07-09T13:27:58.972000Z,1783603678972,105.64
session-1783603457869-ue25e2,10:51:DB:0D:31:EA,b3bb9015,943,2026-07-09T13:27:59.378000Z,1783603679378,106.04
session-1783603457869-ue25e2,10:51:DB:0D:31:EA,b3bb9015,944,2026-07-09T13:27:59.692000Z,1783603679692,105.12
session-1783603457869-ue25e2,10:51:DB:0D:31:EA,b3bb9015,945,2026-07-09T13:27:59.780000Z,1783603679780,104.73
session-1783603457869-ue25e2,10:51:DB:0D:31:EA,b3bb9015,946,2026-07-09T13:27:59.915000Z,1783603679915,29.54
session-1783603457869-ue25e2,10:51:DB:0D:31:EA,b3bb9015,947,2026-07-09T13:28:00.007000Z,1783603680007,106.43
session-1783603457869-ue25e2,10:51:DB:0D:31:EA,b3bb9015,948,2026-07-09T13:28:00.095000Z,1783603680095,105.14
session-1783603457869-ue25e2,10:51:DB:0D:31:EA,b3bb9015,949,2026-07-09T13:28:00.276000Z,1783603680276,105.59
session-1783603457869-ue25e2,10:51:DB:0D:31:EA,b3bb9015,950,2026-07-09T13:28:00.501000Z,1783603680501,105.59
session-1783603457869-ue25e2,10:51:DB:0D:31:EA,b3bb9015,951,2026-07-09T13:28:00.653000Z,1783603680653,105.62
session-1783603457869-ue25e2,10:51:DB:0D:31:EA,b3bb9015,952,2026-07-09T13:28:00.952000Z,1783603680952,116.04
session-1783603457869-ue25e2,10:51:DB:0D:31:EA,b3bb9015,953,2026-07-09T13:28:01.041000Z,1783603681041,44.55
session-1783603457869-ue25e2,10:51:DB:0D:31:EA,b3bb9015,954,2026-07-09T13:28:01.130000Z,1783603681130,116.04
session-1783603457869-ue25e2,10:51:DB:0D:31:EA,b3bb9015,955,2026-07-09T13:28:01.491000Z,1783603681491,105.64
session-1783603457869-ue25e2,10:51:DB:0D:31:EA,b3bb9015,956,2026-07-09T13:28:01.582000Z,1783603681582,44.31
session-1783603457869-ue25e2,10:51:DB:0D:31:EA,b3bb9015,957,2026-07-09T13:28:01.715000Z,1783603681715,105.0
session-1783603457869-ue25e2,10:51:DB:0D:31:EA,b3bb9015,958,2026-07-09T13:28:01.850000Z,1783603681850,104.56
session-1783603457869-ue25e2,10:51:DB:0D:31:EA,b3bb9015,959,2026-07-09T13:28:02.081000Z,1783603682081,104.51
session-1783603457869-ue25e2,10:51:DB:0D:31:EA,b3bb9015,960,2026-07-09T13:28:02.256000Z,1783603682256,104.7
session-1783603457869-ue25e2,10:51:DB:0D:31:EA,b3bb9015,961,2026-07-09T13:28:02.392000Z,1783603682392,104.7
session-1783603457869-ue25e2,10:51:DB:0D:31:EA,b3bb9015,962,2026-07-09T13:28:02.480000Z,1783603682480,44.13
session-1783603457869-ue25e2,10:51:DB:0D:31:EA,b3bb9015,963,2026-07-09T13:28:02.571000Z,1783603682571,104.54
session-1783603457869-ue25e2,10:51:DB:0D:31:EA,b3bb9015,964,2026-07-09T13:28:02.660000Z,1783603682660,104.58
session-1783603457869-ue25e2,10:51:DB:0D:31:EA,b3bb9015,965,2026-07-09T13:28:02.886000Z,1783603682886,104.54
session-1783603457869-ue25e2,10:51:DB:0D:31:EA,b3bb9015,966,2026-07-09T13:28:02.975000Z,1783603682975,104.56
session-1783603457869-ue25e2,10:51:DB:0D:31:EA,b3bb9015,967,2026-07-09T13:28:03.157000Z,1783603683157,104.56
session-1783603457869-ue25e2,10:51:DB:0D:31:EA,b3bb9015,968,2026-07-09T13:28:03.516000Z,1783603683516,104.09
session-1783603457869-ue25e2,10:51:DB:0D:31:EA,b3bb9015,969,2026-07-09T13:28:03.605000Z,1783603683605,104.07
session-1783603457869-ue25e2,10:51:DB:0D:31:EA,b3bb9015,970,2026-07-09T13:28:03.696000Z,1783603683696,104.07
session-1783603457869-ue25e2,10:51:DB:0D:31:EA,b3bb9015,971,2026-07-09T13:28:03.920000Z,1783603683920,104.05
session-1783603457869-ue25e2,10:51:DB:0D:31:EA,b3bb9015,972,2026-07-09T13:28:04.010000Z,1783603684010,104.09
session-1783603457869-ue25e2,10:51:DB:0D:31:EA,b3bb9015,973,2026-07-09T13:28:04.100000Z,1783603684100,104.07
session-1783603457869-ue25e2,10:51:DB:0D:31:EA,b3bb9015,974,2026-07-09T13:28:04.190000Z,1783603684190,104.51
session-1783603457869-ue25e2,10:51:DB:0D:31:EA,b3bb9015,975,2026-07-09T13:28:04.325000Z,1783603684325,104.04
session-1783603457869-ue25e2,10:51:DB:0D:31:EA,b3bb9015,976,2026-07-09T13:28:04.598000Z,1783603684598,104.04
session-1783603457869-ue25e2,10:51:DB:0D:31:EA,b3bb9015,977,2026-07-09T13:28:04.749000Z,1783603684749,103.9
session-1783603457869-ue25e2,10:51:DB:0D:31:EA,b3bb9015,978,2026-07-09T13:28:04.913000Z,1783603684913,104.05
session-1783603457869-ue25e2,10:51:DB:0D:31:EA,b3bb9015,979,2026-07-09T13:28:05.091000Z,1783603685091,104.07
session-1783603457869-ue25e2,10:51:DB:0D:31:EA,b3bb9015,980,2026-07-09T13:28:05.451000Z,1783603685451,104.04
session-1783603457869-ue25e2,10:51:DB:0D:31:EA,b3bb9015,981,2026-07-09T13:28:05.781000Z,1783603685781,104.07
session-1783603457869-ue25e2,10:51:DB:0D:31:EA,b3bb9015,982,2026-07-09T13:28:05.946000Z,1783603685946,104.05
session-1783603457869-ue25e2,10:51:DB:0D:31:EA,b3bb9015,983,2026-07-09T13:28:06.261000Z,1783603686261,45.82
session-1783603457869-ue25e2,10:51:DB:0D:31:EA,b3bb9015,984,2026-07-09T13:28:06.351000Z,1783603686351,104.05
session-1783603457869-ue25e2,10:51:DB:0D:31:EA,b3bb9015,985,2026-07-09T13:28:06.441000Z,1783603686441,104.05
session-1783603457869-ue25e2,10:51:DB:0D:31:EA,b3bb9015,986,2026-07-09T13:28:06.531000Z,1783603686531,104.09
session-1783603457869-ue25e2,10:51:DB:0D:31:EA,b3bb9015,987,2026-07-09T13:28:06.667000Z,1783603686667,104.07
session-1783603457869-ue25e2,10:51:DB:0D:31:EA,b3bb9015,988,2026-07-09T13:28:06.846000Z,1783603686846,104.04
session-1783603457869-ue25e2,10:51:DB:0D:31:EA,b3bb9015,989,2026-07-09T13:28:07.206000Z,1783603687206,42.79
session-1783603457869-ue25e2,10:51:DB:0D:31:EA,b3bb9015,990,2026-07-09T13:28:07.342000Z,1783603687342,104.04
session-1783603457869-ue25e2,10:51:DB:0D:31:EA,b3bb9015,991,2026-07-09T13:28:07.610000Z,1783603687610,103.9
session-1783603457869-ue25e2,10:51:DB:0D:31:EA,b3bb9015,992,2026-07-09T13:28:07.748000Z,1783603687748,103.88
session-1783603457869-ue25e2,10:51:DB:0D:31:EA,b3bb9015,993,2026-07-09T13:28:08.015000Z,1783603688015,103.81
session-1783603457869-ue25e2,10:51:DB:0D:31:EA,b3bb9015,994,2026-07-09T13:28:08.285000Z,1783603688285,103.84
session-1783603457869-ue25e2,10:51:DB:0D:31:EA,b3bb9015,995,2026-07-09T13:28:08.378000Z,1783603688378,103.67
session-1783603457869-ue25e2,10:51:DB:0D:31:EA,b3bb9015,996,2026-07-09T13:28:08.510000Z,1783603688510,103.62
session-1783603457869-ue25e2,10:51:DB:0D:31:EA,b3bb9015,997,2026-07-09T13:28:08.600000Z,1783603688600,42.53
session-1783603457869-ue25e2,10:51:DB:0D:31:EA,b3bb9015,998,2026-07-09T13:28:08.781000Z,1783603688781,103.62
session-1783603457869-ue25e2,10:51:DB:0D:31:EA,b3bb9015,999,2026-07-09T13:28:08.871000Z,1783603688871,103.64
session-1783603457869-ue25e2,10:51:DB:0D:31:EA,b3bb9015,1000,2026-07-09T13:28:09.007000Z,1783603689007,103.62
session-1783603457869-ue25e2,10:51:DB:0D:31:EA,b3bb9015,1001,2026-07-09T13:28:09.185000Z,1783603689185,103.64
session-1783603457869-ue25e2,10:51:DB:0D:31:EA,b3bb9015,1002,2026-07-09T13:28:09.275000Z,1783603689275,103.64
session-1783603457869-ue25e2,10:51:DB:0D:31:EA,b3bb9015,1003,2026-07-09T13:28:09.545000Z,1783603689545,42.14
session-1783603457869-ue25e2,10:51:DB:0D:31:EA,b3bb9015,1004,2026-07-09T13:28:09.725000Z,1783603689725,103.62
session-1783603457869-ue25e2,10:51:DB:0D:31:EA,b3bb9015,1005,2026-07-09T13:28:09.815000Z,1783603689815,103.65
session-1783603457869-ue25e2,10:51:DB:0D:31:EA,b3bb9015,1006,2026-07-09T13:28:09.951000Z,1783603689951,103.6
session-1783603457869-ue25e2,10:51:DB:0D:31:EA,b3bb9015,1007,2026-07-09T13:28:10.040000Z,1783603690040,41.95
session-1783603457869-ue25e2,10:51:DB:0D:31:EA,b3bb9015,1008,2026-07-09T13:28:10.132000Z,1783603690132,103.62
session-1783603457869-ue25e2,10:51:DB:0D:31:EA,b3bb9015,1009,2026-07-09T13:28:10.220000Z,1783603690220,103.6
session-1783603457869-ue25e2,10:51:DB:0D:31:EA,b3bb9015,1010,2026-07-09T13:28:10.310000Z,1783603690310,103.64
session-1783603457869-ue25e2,10:51:DB:0D:31:EA,b3bb9015,1011,2026-07-09T13:28:10.446000Z,1783603690446,103.62
session-1783603457869-ue25e2,10:51:DB:0D:31:EA,b3bb9015,1012,2026-07-09T13:28:10.535000Z,1783603690535,103.46
session-1783603457869-ue25e2,10:51:DB:0D:31:EA,b3bb9015,1013,2026-07-09T13:28:10.715000Z,1783603690715,103.65
session-1783603457869-ue25e2,10:51:DB:0D:31:EA,b3bb9015,1014,2026-07-09T13:28:10.941000Z,1783603690941,41.65
session-1783603457869-ue25e2,10:51:DB:0D:31:EA,b3bb9015,1015,2026-07-09T13:28:11.122000Z,1783603691122,103.64
session-1783603457869-ue25e2,10:51:DB:0D:31:EA,b3bb9015,1016,2026-07-09T13:28:11.255000Z,1783603691255,103.64
session-1783603457869-ue25e2,10:51:DB:0D:31:EA,b3bb9015,1017,2026-07-09T13:28:11.348000Z,1783603691348,103.62
session-1783603457869-ue25e2,10:51:DB:0D:31:EA,b3bb9015,1018,2026-07-09T13:28:11.587000Z,1783603691587,103.62
session-1783603457869-ue25e2,10:51:DB:0D:31:EA,b3bb9015,1019,2026-07-09T13:28:12.068000Z,1783603692068,103.64
session-1783603457869-ue25e2,10:51:DB:0D:31:EA,b3bb9015,1020,2026-07-09T13:28:12.157000Z,1783603692157,103.3
session-1783603457869-ue25e2,10:51:DB:0D:31:EA,b3bb9015,1021,2026-07-09T13:28:12.247000Z,1783603692247,103.46
session-1783603457869-ue25e2,10:51:DB:0D:31:EA,b3bb9015,1022,2026-07-09T13:28:12.473000Z,1783603692473,41.44
session-1783603457869-ue25e2,10:51:DB:0D:31:EA,b3bb9015,1023,2026-07-09T13:28:12.563000Z,1783603692563,103.48
session-1783603457869-ue25e2,10:51:DB:0D:31:EA,b3bb9015,1024,2026-07-09T13:28:12.653000Z,1783603692653,103.48
session-1783603457869-ue25e2,10:51:DB:0D:31:EA,b3bb9015,1025,2026-07-09T13:28:12.742000Z,1783603692742,103.43
session-1783603457869-ue25e2,10:51:DB:0D:31:EA,b3bb9015,1026,2026-07-09T13:28:12.879000Z,1783603692879,103.64
session-1783603457869-ue25e2,10:51:DB:0D:31:EA,b3bb9015,1027,2026-07-09T13:28:12.968000Z,1783603692968,103.46
session-1783603457869-ue25e2,10:51:DB:0D:31:EA,b3bb9015,1028,2026-07-09T13:28:13.118000Z,1783603693118,103.64
session-1783603457869-ue25e2,10:51:DB:0D:31:EA,b3bb9015,1029,2026-07-09T13:28:13.417000Z,1783603693417,103.62
session-1783603457869-ue25e2,10:51:DB:0D:31:EA,b3bb9015,1030,2026-07-09T13:28:13.505000Z,1783603693505,103.62
session-1783603457869-ue25e2,10:51:DB:0D:31:EA,b3bb9015,1031,2026-07-09T13:28:13.598000Z,1783603693598,103.22
session-1783603457869-ue25e2,10:51:DB:0D:31:EA,b3bb9015,1032,2026-07-09T13:28:13.686000Z,1783603693686,103.62
session-1783603457869-ue25e2,10:51:DB:0D:31:EA,b3bb9015,1033,2026-07-09T13:28:13.911000Z,1783603693911,40.89
session-1783603457869-ue25e2,10:51:DB:0D:31:EA,b3bb9015,1034,2026-07-09T13:28:14.001000Z,1783603694001,103.62
session-1783603457869-ue25e2,10:51:DB:0D:31:EA,b3bb9015,1035,2026-07-09T13:28:14.091000Z,1783603694091,103.64
session-1783603457869-ue25e2,10:51:DB:0D:31:EA,b3bb9015,1036,2026-07-09T13:28:14.316000Z,1783603694316,103.46
session-1783603457869-ue25e2,10:51:DB:0D:31:EA,b3bb9015,1037,2026-07-09T13:28:14.585000Z,1783603694585,103.83
session-1783603457869-ue25e2,10:51:DB:0D:31:EA,b3bb9015,1038,2026-07-09T13:28:14.720000Z,1783603694720,103.43
session-1783603457869-ue25e2,10:51:DB:0D:31:EA,b3bb9015,1039,2026-07-09T13:28:14.814000Z,1783603694814,40.82
session-1783603457869-ue25e2,10:51:DB:0D:31:EA,b3bb9015,1040,2026-07-09T13:28:14.900000Z,1783603694900,103.88
session-1783603457869-ue25e2,10:51:DB:0D:31:EA,b3bb9015,1041,2026-07-09T13:28:14.997000Z,1783603694997,103.84
session-1783603457869-ue25e2,10:51:DB:0D:31:EA,b3bb9015,1042,2026-07-09T13:28:15.128000Z,1783603695128,103.88
session-1783603457869-ue25e2,10:51:DB:0D:31:EA,b3bb9015,1043,2026-07-09T13:28:15.216000Z,1783603695216,103.83
session-1783603457869-ue25e2,10:51:DB:0D:31:EA,b3bb9015,1044,2026-07-09T13:28:15.311000Z,1783603695311,103.88
session-1783603457869-ue25e2,10:51:DB:0D:31:EA,b3bb9015,1045,2026-07-09T13:28:15.625000Z,1783603695625,103.84
session-1783603457869-ue25e2,10:51:DB:0D:31:EA,b3bb9015,1046,2026-07-09T13:28:15.758000Z,1783603695758,103.83
session-1783603457869-ue25e2,10:51:DB:0D:31:EA,b3bb9015,1047,2026-07-09T13:28:15.940000Z,1783603695940,103.83
session-1783603457869-ue25e2,10:51:DB:0D:31:EA,b3bb9015,1048,2026-07-09T13:28:16.161000Z,1783603696161,104.26
session-1783603457869-ue25e2,10:51:DB:0D:31:EA,b3bb9015,1049,2026-07-09T13:28:16.255000Z,1783603696255,103.86
session-1783603457869-ue25e2,10:51:DB:0D:31:EA,b3bb9015,1050,2026-07-09T13:28:16.341000Z,1783603696341,103.88
session-1783603457869-ue25e2,10:51:DB:0D:31:EA,b3bb9015,1051,2026-07-09T13:28:16.437000Z,1783603696437,103.9
session-1783603457869-ue25e2,10:51:DB:0D:31:EA,b3bb9015,1052,2026-07-09T13:28:16.752000Z,1783603696752,103.93
session-1783603457869-ue25e2,10:51:DB:0D:31:EA,b3bb9015,1053,2026-07-09T13:28:17.016000Z,1783603697016,103.44
session-1783603457869-ue25e2,10:51:DB:0D:31:EA,b3bb9015,1054,2026-07-09T13:28:17.067000Z,1783603697067,103.48
session-1783603457869-ue25e2,10:51:DB:0D:31:EA,b3bb9015,1055,2026-07-09T13:28:17.242000Z,1783603697242,103.48
session-1783603457869-ue25e2,10:51:DB:0D:31:EA,b3bb9015,1056,2026-07-09T13:28:17.332000Z,1783603697332,103.86
session-1783603457869-ue25e2,10:51:DB:0D:31:EA,b3bb9015,1057,2026-07-09T13:28:17.425000Z,1783603697425,103.88
session-1783603457869-ue25e2,10:51:DB:0D:31:EA,b3bb9015,1058,2026-07-09T13:28:17.576000Z,1783603697576,103.48
session-1783603457869-ue25e2,10:51:DB:0D:31:EA,b3bb9015,1059,2026-07-09T13:28:17.772000Z,1783603697772,103.43
session-1783603457869-ue25e2,10:51:DB:0D:31:EA,b3bb9015,1060,2026-07-09T13:28:17.824000Z,1783603697824,103.62
session-1783603457869-ue25e2,10:51:DB:0D:31:EA,b3bb9015,1061,2026-07-09T13:28:17.870000Z,1783603697870,103.44
session-1783603457869-ue25e2,10:51:DB:0D:31:EA,b3bb9015,1062,2026-07-09T13:28:17.960000Z,1783603697960,103.48
session-1783603457869-ue25e2,10:51:DB:0D:31:EA,b3bb9015,1063,2026-07-09T13:28:18.187000Z,1783603698187,103.48
session-1783603457869-ue25e2,10:51:DB:0D:31:EA,b3bb9015,1064,2026-07-09T13:28:18.275000Z,1783603698275,103.46
session-1783603457869-ue25e2,10:51:DB:0D:31:EA,b3bb9015,1065,2026-07-09T13:28:18.365000Z,1783603698365,103.62
session-1783603457869-ue25e2,10:51:DB:0D:31:EA,b3bb9015,1066,2026-07-09T13:28:18.504000Z,1783603698504,103.43
session-1783603457869-ue25e2,10:51:DB:0D:31:EA,b3bb9015,1067,2026-07-09T13:28:18.590000Z,1783603698590,39.79
session-1783603457869-ue25e2,10:51:DB:0D:31:EA,b3bb9015,1068,2026-07-09T13:28:18.861000Z,1783603698861,103.48
session-1783603457869-ue25e2,10:51:DB:0D:31:EA,b3bb9015,1069,2026-07-09T13:28:18.996000Z,1783603698996,103.43
session-1783603457869-ue25e2,10:51:DB:0D:31:EA,b3bb9015,1070,2026-07-09T13:28:19.085000Z,1783603699085,103.46
session-1783603457869-ue25e2,10:51:DB:0D:31:EA,b3bb9015,1071,2026-07-09T13:28:19.175000Z,1783603699175,103.65
session-1783603457869-ue25e2,10:51:DB:0D:31:EA,b3bb9015,1072,2026-07-09T13:28:19.400000Z,1783603699400,103.44
session-1783603457869-ue25e2,10:51:DB:0D:31:EA,b3bb9015,1073,2026-07-09T13:28:19.626000Z,1783603699626,103.6
session-1783603457869-ue25e2,10:51:DB:0D:31:EA,b3bb9015,1074,2026-07-09T13:28:19.715000Z,1783603699715,103.65
session-1783603457869-ue25e2,10:51:DB:0D:31:EA,b3bb9015,1075,2026-07-09T13:28:19.850000Z,1783603699850,103.44
session-1783603457869-ue25e2,10:51:DB:0D:31:EA,b3bb9015,1076,2026-07-09T13:28:19.940000Z,1783603699940,39.26
session-1783603457869-ue25e2,10:51:DB:0D:31:EA,b3bb9015,1077,2026-07-09T13:28:20.093000Z,1783603700093,103.62
session-1783603457869-ue25e2,10:51:DB:0D:31:EA,b3bb9015,1078,2026-07-09T13:28:20.255000Z,1783603700255,103.46
session-1783603457869-ue25e2,10:51:DB:0D:31:EA,b3bb9015,1079,2026-07-09T13:28:20.435000Z,1783603700435,103.6
session-1783603457869-ue25e2,10:51:DB:0D:31:EA,b3bb9015,1080,2026-07-09T13:28:20.570000Z,1783603700570,103.62
session-1783603457869-ue25e2,10:51:DB:0D:31:EA,b3bb9015,1081,2026-07-09T13:28:20.614000Z,1783603700614,103.62
session-1783603457869-ue25e2,10:51:DB:0D:31:EA,b3bb9015,1082,2026-07-09T13:28:20.840000Z,1783603700840,39.14
session-1783603457869-ue25e2,10:51:DB:0D:31:EA,b3bb9015,1083,2026-07-09T13:28:21.022000Z,1783603701022,103.6
session-1783603457869-ue25e2,10:51:DB:0D:31:EA,b3bb9015,1084,2026-07-09T13:28:21.110000Z,1783603701110,103.83
session-1783603457869-ue25e2,10:51:DB:0D:31:EA,b3bb9015,1085,2026-07-09T13:28:21.398000Z,1783603701398,104.35
session-1783603457869-ue25e2,10:51:DB:0D:31:EA,b3bb9015,1086,2026-07-09T13:28:21.425000Z,1783603701425,103.9
session-1783603457869-ue25e2,10:51:DB:0D:31:EA,b3bb9015,1087,2026-07-09T13:28:21.517000Z,1783603701517,103.9
session-1783603457869-ue25e2,10:51:DB:0D:31:EA,b3bb9015,1088,2026-07-09T13:28:21.804000Z,1783603701804,39.09
session-1783603457869-ue25e2,10:51:DB:0D:31:EA,b3bb9015,1089,2026-07-09T13:28:22.194000Z,1783603702194,104.47
session-1783603457869-ue25e2,10:51:DB:0D:31:EA,b3bb9015,1090,2026-07-09T13:28:22.282000Z,1783603702282,39.05
session-1783603457869-ue25e2,10:51:DB:0D:31:EA,b3bb9015,1091,2026-07-09T13:28:22.463000Z,1783603702463,104.51
session-1783603457869-ue25e2,10:51:DB:0D:31:EA,b3bb9015,1092,2026-07-09T13:28:22.597000Z,1783603702597,104.47
session-1783603457869-ue25e2,10:51:DB:0D:31:EA,b3bb9015,1093,2026-07-09T13:28:22.822000Z,1783603702822,104.49
session-1783603457869-ue25e2,10:51:DB:0D:31:EA,b3bb9015,1094,2026-07-09T13:28:22.911000Z,1783603702911,104.09
session-1783603457869-ue25e2,10:51:DB:0D:31:EA,b3bb9015,1095,2026-07-09T13:28:23.227000Z,1783603703227,104.47
session-1783603457869-ue25e2,10:51:DB:0D:31:EA,b3bb9015,1096,2026-07-09T13:28:23.316000Z,1783603703316,104.09
session-1783603457869-ue25e2,10:51:DB:0D:31:EA,b3bb9015,1097,2026-07-09T13:28:23.542000Z,1783603703542,104.02
session-1783603457869-ue25e2,10:51:DB:0D:31:EA,b3bb9015,1098,2026-07-09T13:28:24.217000Z,1783603704217,104.51
session-1783603457869-ue25e2,10:51:DB:0D:31:EA,b3bb9015,1099,2026-07-09T13:28:24.532000Z,1783603704532,104.47
session-1783603457869-ue25e2,10:51:DB:0D:31:EA,b3bb9015,1100,2026-07-09T13:28:24.623000Z,1783603704623,104.51
session-1783603457869-ue25e2,10:51:DB:0D:31:EA,b3bb9015,1101,2026-07-09T13:28:24.757000Z,1783603704757,104.49
session-1783603457869-ue25e2,10:51:DB:0D:31:EA,b3bb9015,1102,2026-07-09T13:28:24.847000Z,1783603704847,104.49
session-1783603457869-ue25e2,10:51:DB:0D:31:EA,b3bb9015,1103,2026-07-09T13:28:25.029000Z,1783603705029,104.51
session-1783603457869-ue25e2,10:51:DB:0D:31:EA,b3bb9015,1104,2026-07-09T13:28:25.160000Z,1783603705160,104.47
session-1783603457869-ue25e2,10:51:DB:0D:31:EA,b3bb9015,1105,2026-07-09T13:28:25.302000Z,1783603705302,38.02
session-1783603457869-ue25e2,10:51:DB:0D:31:EA,b3bb9015,1106,2026-07-09T13:28:25.340000Z,1783603705340,104.53
session-1783603457869-ue25e2,10:51:DB:0D:31:EA,b3bb9015,1107,2026-07-09T13:28:25.521000Z,1783603705521,104.49
session-1783603457869-ue25e2,10:51:DB:0D:31:EA,b3bb9015,1108,2026-07-09T13:28:25.655000Z,1783603705655,104.05
session-1783603457869-ue25e2,10:51:DB:0D:31:EA,b3bb9015,1109,2026-07-09T13:28:25.896000Z,1783603705896,104.11
session-1783603457869-ue25e2,10:51:DB:0D:31:EA,b3bb9015,1110,2026-07-09T13:28:26.214000Z,1783603706214,104.05
session-1783603457869-ue25e2,10:51:DB:0D:31:EA,b3bb9015,1111,2026-07-09T13:28:26.285000Z,1783603706285,104.07
session-1783603457869-ue25e2,10:51:DB:0D:31:EA,b3bb9015,1112,2026-07-09T13:28:26.465000Z,1783603706465,104.11
session-1783603457869-ue25e2,10:51:DB:0D:31:EA,b3bb9015,1113,2026-07-09T13:28:26.875000Z,1783603706875,104.07
session-1783603457869-ue25e2,10:51:DB:0D:31:EA,b3bb9015,1114,2026-07-09T13:28:27.111000Z,1783603707111,104.11
session-1783603457869-ue25e2,10:51:DB:0D:31:EA,b3bb9015,1115,2026-07-09T13:28:27.283000Z,1783603707283,104.07
session-1783603457869-ue25e2,10:51:DB:0D:31:EA,b3bb9015,1116,2026-07-09T13:28:27.367000Z,1783603707367,104.07
session-1783603457869-ue25e2,10:51:DB:0D:31:EA,b3bb9015,1117,2026-07-09T13:28:27.502000Z,1783603707502,103.91
session-1783603457869-ue25e2,10:51:DB:0D:31:EA,b3bb9015,1118,2026-07-09T13:28:27.728000Z,1783603707728,104.09
session-1783603457869-ue25e2,10:51:DB:0D:31:EA,b3bb9015,1119,2026-07-09T13:28:28.132000Z,1783603708132,104.04
session-1783603457869-ue25e2,10:51:DB:0D:31:EA,b3bb9015,1120,2026-07-09T13:28:28.223000Z,1783603708223,25.81
session-1783603457869-ue25e2,10:51:DB:0D:31:EA,b3bb9015,1121,2026-07-09T13:28:28.312000Z,1783603708312,104.51
session-1783603457869-ue25e2,10:51:DB:0D:31:EA,b3bb9015,1122,2026-07-09T13:28:28.402000Z,1783603708402,104.49
session-1783603457869-ue25e2,10:51:DB:0D:31:EA,b3bb9015,1123,2026-07-09T13:28:28.493000Z,1783603708493,104.47
session-1783603457869-ue25e2,10:51:DB:0D:31:EA,b3bb9015,1124,2026-07-09T13:28:28.627000Z,1783603708627,103.93
session-1783603457869-ue25e2,10:51:DB:0D:31:EA,b3bb9015,1125,2026-07-09T13:28:28.853000Z,1783603708853,104.53
session-1783603457869-ue25e2,10:51:DB:0D:31:EA,b3bb9015,1126,2026-07-09T13:28:28.896000Z,1783603708896,104.32
session-1783603457869-ue25e2,10:51:DB:0D:31:EA,b3bb9015,1127,2026-07-09T13:28:29.047000Z,1783603709047,104.11
session-1783603457869-ue25e2,10:51:DB:0D:31:EA,b3bb9015,1128,2026-07-09T13:28:29.214000Z,1783603709214,104.53
session-1783603457869-ue25e2,10:51:DB:0D:31:EA,b3bb9015,1129,2026-07-09T13:28:29.393000Z,1783603709393,104.09
session-1783603457869-ue25e2,10:51:DB:0D:31:EA,b3bb9015,1130,2026-07-09T13:28:29.543000Z,1783603709543,104.05
session-1783603457869-ue25e2,10:51:DB:0D:31:EA,b3bb9015,1131,2026-07-09T13:28:29.616000Z,1783603709616,104.53
session-1783603457869-ue25e2,10:51:DB:0D:31:EA,b3bb9015,1132,2026-07-09T13:28:29.767000Z,1783603709767,104.05
session-1783603457869-ue25e2,10:51:DB:0D:31:EA,b3bb9015,1133,2026-07-09T13:28:30.067000Z,1783603710067,104.49
session-1783603457869-ue25e2,10:51:DB:0D:31:EA,b3bb9015,1134,2026-07-09T13:28:30.247000Z,1783603710247,103.91
session-1783603457869-ue25e2,10:51:DB:0D:31:EA,b3bb9015,1135,2026-07-09T13:28:30.472000Z,1783603710472,103.93
session-1783603457869-ue25e2,10:51:DB:0D:31:EA,b3bb9015,1136,2026-07-09T13:28:30.565000Z,1783603710565,36.44
session-1783603457869-ue25e2,10:51:DB:0D:31:EA,b3bb9015,1137,2026-07-09T13:28:30.653000Z,1783603710653,103.9
session-1783603457869-ue25e2,10:51:DB:0D:31:EA,b3bb9015,1138,2026-07-09T13:28:30.876000Z,1783603710876,103.9
session-1783603457869-ue25e2,10:51:DB:0D:31:EA,b3bb9015,1139,2026-07-09T13:28:30.966000Z,1783603710966,104.51
session-1783603457869-ue25e2,10:51:DB:0D:31:EA,b3bb9015,1140,2026-07-09T13:28:31.154000Z,1783603711154,104.51
session-1783603457869-ue25e2,10:51:DB:0D:31:EA,b3bb9015,1141,2026-07-09T13:28:31.463000Z,1783603711463,36.64
session-1783603457869-ue25e2,10:51:DB:0D:31:EA,b3bb9015,1142,2026-07-09T13:28:31.640000Z,1783603711640,104.07
session-1783603457869-ue25e2,10:51:DB:0D:31:EA,b3bb9015,1143,2026-07-09T13:28:32.272000Z,1783603712272,104.51
session-1783603457869-ue25e2,10:51:DB:0D:31:EA,b3bb9015,1144,2026-07-09T13:28:32.279000Z,1783603712279,104.35
session-1783603457869-ue25e2,10:51:DB:0D:31:EA,b3bb9015,1145,2026-07-09T13:28:32.495000Z,1783603712495,103.9
session-1783603457869-ue25e2,10:51:DB:0D:31:EA,b3bb9015,1146,2026-07-09T13:28:32.585000Z,1783603712585,104.49
session-1783603457869-ue25e2,10:51:DB:0D:31:EA,b3bb9015,1147,2026-07-09T13:28:32.826000Z,1783603712826,104.09
session-1783603457869-ue25e2,10:51:DB:0D:31:EA,b3bb9015,1148,2026-07-09T13:28:33.042000Z,1783603713042,103.9
session-1783603457869-ue25e2,10:51:DB:0D:31:EA,b3bb9015,1149,2026-07-09T13:28:33.305000Z,1783603713305,103.93
session-1783603457869-ue25e2,10:51:DB:0D:31:EA,b3bb9015,1150,2026-07-09T13:28:33.440000Z,1783603713440,103.91
session-1783603457869-ue25e2,10:51:DB:0D:31:EA,b3bb9015,1151,2026-07-09T13:28:33.574000Z,1783603713574,35.88
session-1783603457869-ue25e2,10:51:DB:0D:31:EA,b3bb9015,1152,2026-07-09T13:28:33.889000Z,1783603713889,104.32
session-1783603457869-ue25e2,10:51:DB:0D:31:EA,b3bb9015,1153,2026-07-09T13:28:33.935000Z,1783603713935,104.39
session-1783603457869-ue25e2,10:51:DB:0D:31:EA,b3bb9015,1154,2026-07-09T13:28:34.160000Z,1783603714160,103.88
session-1783603457869-ue25e2,10:51:DB:0D:31:EA,b3bb9015,1155,2026-07-09T13:28:34.250000Z,1783603714250,103.88
session-1783603457869-ue25e2,10:51:DB:0D:31:EA,b3bb9015,1156,2026-07-09T13:28:34.475000Z,1783603714475,103.88
session-1783603457869-ue25e2,10:51:DB:0D:31:EA,b3bb9015,1157,2026-07-09T13:28:34.564000Z,1783603714564,103.91
session-1783603457869-ue25e2,10:51:DB:0D:31:EA,b3bb9015,1158,2026-07-09T13:28:34.791000Z,1783603714791,103.93
session-1783603457869-ue25e2,10:51:DB:0D:31:EA,b3bb9015,1159,2026-07-09T13:28:34.880000Z,1783603714880,35.6
session-1783603457869-ue25e2,10:51:DB:0D:31:EA,b3bb9015,1160,2026-07-09T13:28:34.969000Z,1783603714969,103.72
session-1783603457869-ue25e2,10:51:DB:0D:31:EA,b3bb9015,1161,2026-07-09T13:28:35.151000Z,1783603715151,103.9
session-1783603457869-ue25e2,10:51:DB:0D:31:EA,b3bb9015,1162,2026-07-09T13:28:35.469000Z,1783603715469,103.91
session-1783603457869-ue25e2,10:51:DB:0D:31:EA,b3bb9015,1163,2026-07-09T13:28:35.559000Z,1783603715559,103.9
session-1783603457869-ue25e2,10:51:DB:0D:31:EA,b3bb9015,1164,2026-07-09T13:28:35.781000Z,1783603715781,35.2
session-1783603457869-ue25e2,10:51:DB:0D:31:EA,b3bb9015,1165,2026-07-09T13:28:35.915000Z,1783603715915,103.9
session-1783603457869-ue25e2,10:51:DB:0D:31:EA,b3bb9015,1166,2026-07-09T13:28:35.960000Z,1783603715960,104.37
session-1783603457869-ue25e2,10:51:DB:0D:31:EA,b3bb9015,1167,2026-07-09T13:28:36.095000Z,1783603716095,103.86
session-1783603457869-ue25e2,10:51:DB:0D:31:EA,b3bb9015,1168,2026-07-09T13:28:36.320000Z,1783603716320,35.35
session-1783603457869-ue25e2,10:51:DB:0D:31:EA,b3bb9015,1169,2026-07-09T13:28:36.410000Z,1783603716410,103.88
session-1783603457869-ue25e2,10:51:DB:0D:31:EA,b3bb9015,1170,2026-07-09T13:28:36.501000Z,1783603716501,104.33
session-1783603457869-ue25e2,10:51:DB:0D:31:EA,b3bb9015,1171,2026-07-09T13:28:36.590000Z,1783603716590,103.84
session-1783603457869-ue25e2,10:51:DB:0D:31:EA,b3bb9015,1172,2026-07-09T13:28:36.905000Z,1783603716905,104.3
session-1783603457869-ue25e2,10:51:DB:0D:31:EA,b3bb9015,1173,2026-07-09T13:28:36.995000Z,1783603716995,103.86
session-1783603457869-ue25e2,10:51:DB:0D:31:EA,b3bb9015,1174,2026-07-09T13:28:37.220000Z,1783603717220,35.53
session-1783603457869-ue25e2,10:51:DB:0D:31:EA,b3bb9015,1175,2026-07-09T13:28:37.311000Z,1783603717311,104.35
session-1783603457869-ue25e2,10:51:DB:0D:31:EA,b3bb9015,1176,2026-07-09T13:28:37.452000Z,1783603717452,104.16
session-1783603457869-ue25e2,10:51:DB:0D:31:EA,b3bb9015,1177,2026-07-09T13:28:37.626000Z,1783603717626,104.35
session-1783603457869-ue25e2,10:51:DB:0D:31:EA,b3bb9015,1178,2026-07-09T13:28:37.898000Z,1783603717898,104.32
session-1783603457869-ue25e2,10:51:DB:0D:31:EA,b3bb9015,1179,2026-07-09T13:28:38.047000Z,1783603718047,104.35
session-1783603457869-ue25e2,10:51:DB:0D:31:EA,b3bb9015,1180,2026-07-09T13:28:38.254000Z,1783603718254,103.93
session-1783603457869-ue25e2,10:51:DB:0D:31:EA,b3bb9015,1181,2026-07-09T13:28:38.574000Z,1783603718574,104.49
session-1783603457869-ue25e2,10:51:DB:0D:31:EA,b3bb9015,1182,2026-07-09T13:28:38.711000Z,1783603718711,34.93
session-1783603457869-ue25e2,10:51:DB:0D:31:EA,b3bb9015,1183,2026-07-09T13:28:38.750000Z,1783603718750,103.9
session-1783603457869-ue25e2,10:51:DB:0D:31:EA,b3bb9015,1184,2026-07-09T13:28:38.976000Z,1783603718976,104.02
session-1783603457869-ue25e2,10:51:DB:0D:31:EA,b3bb9015,1185,2026-07-09T13:28:39.064000Z,1783603719064,104.09
session-1783603457869-ue25e2,10:51:DB:0D:31:EA,b3bb9015,1186,2026-07-09T13:28:39.290000Z,1783603719290,104.09
session-1783603457869-ue25e2,10:51:DB:0D:31:EA,b3bb9015,1187,2026-07-09T13:28:39.741000Z,1783603719741,104.05
session-1783603457869-ue25e2,10:51:DB:0D:31:EA,b3bb9015,1188,2026-07-09T13:28:39.875000Z,1783603719875,104.07
session-1783603457869-ue25e2,10:51:DB:0D:31:EA,b3bb9015,1189,2026-07-09T13:28:39.965000Z,1783603719965,104.05
session-1783603457869-ue25e2,10:51:DB:0D:31:EA,b3bb9015,1190,2026-07-09T13:28:40.056000Z,1783603720056,104.07
session-1783603457869-ue25e2,10:51:DB:0D:31:EA,b3bb9015,1191,2026-07-09T13:28:40.325000Z,1783603720325,104.07
session-1783603457869-ue25e2,10:51:DB:0D:31:EA,b3bb9015,1192,2026-07-09T13:28:40.370000Z,1783603720370,103.9
session-1783603457869-ue25e2,10:51:DB:0D:31:EA,b3bb9015,1193,2026-07-09T13:28:40.597000Z,1783603720597,103.9
session-1783603457869-ue25e2,10:51:DB:0D:31:EA,b3bb9015,1194,2026-07-09T13:28:40.686000Z,1783603720686,103.95
session-1783603457869-ue25e2,10:51:DB:0D:31:EA,b3bb9015,1195,2026-07-09T13:28:40.910000Z,1783603720910,103.91
session-1783603457869-ue25e2,10:51:DB:0D:31:EA,b3bb9015,1196,2026-07-09T13:28:41.096000Z,1783603721096,103.93
session-1783603457869-ue25e2,10:51:DB:0D:31:EA,b3bb9015,1197,2026-07-09T13:28:41.315000Z,1783603721315,103.93
session-1783603457869-ue25e2,10:51:DB:0D:31:EA,b3bb9015,1198,2026-07-09T13:28:41.410000Z,1783603721410,104.05
session-1783603457869-ue25e2,10:51:DB:0D:31:EA,b3bb9015,1199,2026-07-09T13:28:41.495000Z,1783603721495,104.07
session-1783603457869-ue25e2,10:51:DB:0D:31:EA,b3bb9015,1200,2026-07-09T13:28:41.585000Z,1783603721585,103.9
session-1783603457869-ue25e2,10:51:DB:0D:31:EA,b3bb9015,1201,2026-07-09T13:28:41.674000Z,1783603721674,104.11
session-1783603457869-ue25e2,10:51:DB:0D:31:EA,b3bb9015,1202,2026-07-09T13:28:42.439000Z,1783603722439,33.45
session-1783603457869-ue25e2,10:51:DB:0D:31:EA,b3bb9015,1203,2026-07-09T13:28:42.530000Z,1783603722530,104.07
session-1783603457869-ue25e2,10:51:DB:0D:31:EA,b3bb9015,1204,2026-07-09T13:28:42.709000Z,1783603722709,104.02
session-1783603457869-ue25e2,10:51:DB:0D:31:EA,b3bb9015,1205,2026-07-09T13:28:42.860000Z,1783603722860,104.09
session-1783603457869-ue25e2,10:51:DB:0D:31:EA,b3bb9015,1206,2026-07-09T13:28:43.475000Z,1783603723475,104.51
session-1783603457869-ue25e2,10:51:DB:0D:31:EA,b3bb9015,1207,2026-07-09T13:28:43.520000Z,1783603723520,104.02
session-1783603457869-ue25e2,10:51:DB:0D:31:EA,b3bb9015,1208,2026-07-09T13:28:43.611000Z,1783603723611,103.9
session-1783603457869-ue25e2,10:51:DB:0D:31:EA,b3bb9015,1209,2026-07-09T13:28:43.835000Z,1783603723835,104.11
session-1783603457869-ue25e2,10:51:DB:0D:31:EA,b3bb9015,1210,2026-07-09T13:28:44.150000Z,1783603724150,104.04
session-1783603457869-ue25e2,10:51:DB:0D:31:EA,b3bb9015,1211,2026-07-09T13:28:44.419000Z,1783603724419,104.05
session-1783603457869-ue25e2,10:51:DB:0D:31:EA,b3bb9015,1212,2026-07-09T13:28:44.464000Z,1783603724464,104.05
session-1783603457869-ue25e2,10:51:DB:0D:31:EA,b3bb9015,1213,2026-07-09T13:28:44.696000Z,1783603724696,103.93
session-1783603457869-ue25e2,10:51:DB:0D:31:EA,b3bb9015,1214,2026-07-09T13:28:44.916000Z,1783603724916,104.11
session-1783603457869-ue25e2,10:51:DB:0D:31:EA,b3bb9015,1215,2026-07-09T13:28:45.006000Z,1783603725006,104.33
session-1783603457869-ue25e2,10:51:DB:0D:31:EA,b3bb9015,1216,2026-07-09T13:28:45.095000Z,1783603725095,104.07
session-1783603457869-ue25e2,10:51:DB:0D:31:EA,b3bb9015,1217,2026-07-09T13:28:45.185000Z,1783603725185,103.86
session-1783603457869-ue25e2,10:51:DB:0D:31:EA,b3bb9015,1218,2026-07-09T13:28:45.321000Z,1783603725321,104.07
session-1783603457869-ue25e2,10:51:DB:0D:31:EA,b3bb9015,1219,2026-07-09T13:28:45.411000Z,1783603725411,32.98
session-1783603457869-ue25e2,10:51:DB:0D:31:EA,b3bb9015,1220,2026-07-09T13:28:45.546000Z,1783603725546,104.53
session-1783603457869-ue25e2,10:51:DB:0D:31:EA,b3bb9015,1221,2026-07-09T13:28:45.591000Z,1783603725591,103.93
session-1783603457869-ue25e2,10:51:DB:0D:31:EA,b3bb9015,1222,2026-07-09T13:28:45.681000Z,1783603725681,103.9
session-1783603457869-ue25e2,10:51:DB:0D:31:EA,b3bb9015,1223,2026-07-09T13:28:45.952000Z,1783603725952,104.02
session-1783603457869-ue25e2,10:51:DB:0D:31:EA,b3bb9015,1224,2026-07-09T13:28:45.994000Z,1783603725994,103.93
session-1783603457869-ue25e2,10:51:DB:0D:31:EA,b3bb9015,1225,2026-07-09T13:28:46.357000Z,1783603726357,33.15
session-1783603457869-ue25e2,10:51:DB:0D:31:EA,b3bb9015,1226,2026-07-09T13:28:46.446000Z,1783603726446,104.05
session-1783603457869-ue25e2,10:51:DB:0D:31:EA,b3bb9015,1227,2026-07-09T13:28:46.581000Z,1783603726581,103.93
session-1783603457869-ue25e2,10:51:DB:0D:31:EA,b3bb9015,1228,2026-07-09T13:28:46.673000Z,1783603726673,103.88
session-1783603457869-ue25e2,10:51:DB:0D:31:EA,b3bb9015,1229,2026-07-09T13:28:46.761000Z,1783603726761,104.09
session-1783603457869-ue25e2,10:51:DB:0D:31:EA,b3bb9015,1230,2026-07-09T13:28:46.940000Z,1783603726940,104.07
session-1783603457869-ue25e2,10:51:DB:0D:31:EA,b3bb9015,1231,2026-07-09T13:28:47.076000Z,1783603727076,103.9
session-1783603457869-ue25e2,10:51:DB:0D:31:EA,b3bb9015,1232,2026-07-09T13:28:47.165000Z,1783603727165,103.93
session-1783603457869-ue25e2,10:51:DB:0D:31:EA,b3bb9015,1233,2026-07-09T13:28:47.257000Z,1783603727257,103.93
session-1783603457869-ue25e2,10:51:DB:0D:31:EA,b3bb9015,1234,2026-07-09T13:28:47.618000Z,1783603727618,104.3
session-1783603457869-ue25e2,10:51:DB:0D:31:EA,b3bb9015,1235,2026-07-09T13:28:47.750000Z,1783603727750,104.05
session-1783603457869-ue25e2,10:51:DB:0D:31:EA,b3bb9015,1236,2026-07-09T13:28:48.038000Z,1783603728038,104.11
session-1783603457869-ue25e2,10:51:DB:0D:31:EA,b3bb9015,1237,2026-07-09T13:28:48.201000Z,1783603728201,104.09
session-1783603457869-ue25e2,10:51:DB:0D:31:EA,b3bb9015,1238,2026-07-09T13:28:48.425000Z,1783603728425,104.09
session-1783603457869-ue25e2,10:51:DB:0D:31:EA,b3bb9015,1239,2026-07-09T13:28:48.562000Z,1783603728562,104.07
session-1783603457869-ue25e2,10:51:DB:0D:31:EA,b3bb9015,1240,2026-07-09T13:28:48.743000Z,1783603728743,104.49
session-1783603457869-ue25e2,10:51:DB:0D:31:EA,b3bb9015,1241,2026-07-09T13:28:48.982000Z,1783603728982,104.05
session-1783603457869-ue25e2,10:51:DB:0D:31:EA,b3bb9015,1242,2026-07-09T13:28:49.056000Z,1783603729056,104.53
session-1783603457869-ue25e2,10:51:DB:0D:31:EA,b3bb9015,1243,2026-07-09T13:28:49.146000Z,1783603729146,104.47
session-1783603457869-ue25e2,10:51:DB:0D:31:EA,b3bb9015,1244,2026-07-09T13:28:49.237000Z,1783603729237,104.51
session-1783603457869-ue25e2,10:51:DB:0D:31:EA,b3bb9015,1245,2026-07-09T13:28:49.326000Z,1783603729326,104.47
session-1783603457869-ue25e2,10:51:DB:0D:31:EA,b3bb9015,1246,2026-07-09T13:28:49.552000Z,1783603729552,31.69
session-1783603457869-ue25e2,10:51:DB:0D:31:EA,b3bb9015,1247,2026-07-09T13:28:49.702000Z,1783603729702,104.47
session-1783603457869-ue25e2,10:51:DB:0D:31:EA,b3bb9015,1248,2026-07-09T13:28:49.823000Z,1783603729823,104.51
session-1783603457869-ue25e2,10:51:DB:0D:31:EA,b3bb9015,1249,2026-07-09T13:28:49.823000Z,1783603729823,104.05
session-1783603457869-ue25e2,10:51:DB:0D:31:EA,b3bb9015,1250,2026-07-09T13:28:49.958000Z,1783603729958,103.9
session-1783603457869-ue25e2,10:51:DB:0D:31:EA,b3bb9015,1251,2026-07-09T13:28:50.046000Z,1783603730046,103.91
session-1783603457869-ue25e2,10:51:DB:0D:31:EA,b3bb9015,1252,2026-07-09T13:28:50.136000Z,1783603730136,103.88
session-1783603457869-ue25e2,10:51:DB:0D:31:EA,b3bb9015,1253,2026-07-09T13:28:50.226000Z,1783603730226,104.28
session-1783603457869-ue25e2,10:51:DB:0D:31:EA,b3bb9015,1254,2026-07-09T13:28:50.585000Z,1783603730585,103.84
session-1783603457869-ue25e2,10:51:DB:0D:31:EA,b3bb9015,1255,2026-07-09T13:28:50.810000Z,1783603730810,104.14
session-1783603457869-ue25e2,10:51:DB:0D:31:EA,b3bb9015,1256,2026-07-09T13:28:51.080000Z,1783603731080,103.69
session-1783603457869-ue25e2,10:51:DB:0D:31:EA,b3bb9015,1257,2026-07-09T13:28:51.216000Z,1783603731216,103.71
session-1783603457869-ue25e2,10:51:DB:0D:31:EA,b3bb9015,1258,2026-07-09T13:28:51.306000Z,1783603731306,103.69
session-1783603457869-ue25e2,10:51:DB:0D:31:EA,b3bb9015,1259,2026-07-09T13:28:51.395000Z,1783603731395,103.69
session-1783603457869-ue25e2,10:51:DB:0D:31:EA,b3bb9015,1260,2026-07-09T13:28:51.668000Z,1783603731668,103.6
session-1783603457869-ue25e2,10:51:DB:0D:31:EA,b3bb9015,1261,2026-07-09T13:28:51.801000Z,1783603731801,103.65
session-1783603457869-ue25e2,10:51:DB:0D:31:EA,b3bb9015,1262,2026-07-09T13:28:51.891000Z,1783603731891,103.64
session-1783603457869-ue25e2,10:51:DB:0D:31:EA,b3bb9015,1263,2026-07-09T13:28:52.070000Z,1783603732070,104.11
session-1783603457869-ue25e2,10:51:DB:0D:31:EA,b3bb9015,1264,2026-07-09T13:28:52.297000Z,1783603732297,104.11
session-1783603457869-ue25e2,10:51:DB:0D:31:EA,b3bb9015,1265,2026-07-09T13:28:52.568000Z,1783603732568,104.05
session-1783603457869-ue25e2,10:51:DB:0D:31:EA,b3bb9015,1266,2026-07-09T13:28:52.747000Z,1783603732747,104.09
session-1783603457869-ue25e2,10:51:DB:0D:31:EA,b3bb9015,1267,2026-07-09T13:28:52.883000Z,1783603732883,104.05
session-1783603457869-ue25e2,10:51:DB:0D:31:EA,b3bb9015,1268,2026-07-09T13:28:52.973000Z,1783603732973,104.07
session-1783603457869-ue25e2,10:51:DB:0D:31:EA,b3bb9015,1269,2026-07-09T13:28:53.016000Z,1783603733016,104.05
session-1783603457869-ue25e2,10:51:DB:0D:31:EA,b3bb9015,1270,2026-07-09T13:28:53.331000Z,1783603733331,103.9
session-1783603457869-ue25e2,10:51:DB:0D:31:EA,b3bb9015,1271,2026-07-09T13:28:53.423000Z,1783603733423,104.35
session-1783603457869-ue25e2,10:51:DB:0D:31:EA,b3bb9015,1272,2026-07-09T13:28:53.512000Z,1783603733512,103.93
session-1783603457869-ue25e2,10:51:DB:0D:31:EA,b3bb9015,1273,2026-07-09T13:28:53.736000Z,1783603733736,104.37
session-1783603457869-ue25e2,10:51:DB:0D:31:EA,b3bb9015,1274,2026-07-09T13:28:53.826000Z,1783603733826,104.35
session-1783603457869-ue25e2,10:51:DB:0D:31:EA,b3bb9015,1275,2026-07-09T13:28:53.917000Z,1783603733917,104.35
session-1783603457869-ue25e2,10:51:DB:0D:31:EA,b3bb9015,1276,2026-07-09T13:28:54.005000Z,1783603734005,103.9
session-1783603457869-ue25e2,10:51:DB:0D:31:EA,b3bb9015,1277,2026-07-09T13:28:54.140000Z,1783603734140,104.09
session-1783603457869-ue25e2,10:51:DB:0D:31:EA,b3bb9015,1278,2026-07-09T13:28:54.229000Z,1783603734229,30.4
session-1783603457869-ue25e2,10:51:DB:0D:31:EA,b3bb9015,1279,2026-07-09T13:28:54.454000Z,1783603734454,104.05
session-1783603457869-ue25e2,10:51:DB:0D:31:EA,b3bb9015,1280,2026-07-09T13:28:54.591000Z,1783603734591,103.9
session-1783603457869-ue25e2,10:51:DB:0D:31:EA,b3bb9015,1281,2026-07-09T13:28:54.770000Z,1783603734770,104.05
session-1783603457869-ue25e2,10:51:DB:0D:31:EA,b3bb9015,1282,2026-07-09T13:28:54.859000Z,1783603734859,103.91
session-1783603457869-ue25e2,10:51:DB:0D:31:EA,b3bb9015,1283,2026-07-09T13:28:55.010000Z,1783603735010,103.86
session-1783603457869-ue25e2,10:51:DB:0D:31:EA,b3bb9015,1284,2026-07-09T13:28:55.085000Z,1783603735085,104.09
session-1783603457869-ue25e2,10:51:DB:0D:31:EA,b3bb9015,1285,2026-07-09T13:28:55.267000Z,1783603735267,103.95
session-1783603457869-ue25e2,10:51:DB:0D:31:EA,b3bb9015,1286,2026-07-09T13:28:55.490000Z,1783603735490,103.93
session-1783603457869-ue25e2,10:51:DB:0D:31:EA,b3bb9015,1287,2026-07-09T13:28:55.670000Z,1783603735670,103.86
session-1783603457869-ue25e2,10:51:DB:0D:31:EA,b3bb9015,1288,2026-07-09T13:28:55.760000Z,1783603735760,103.84
session-1783603457869-ue25e2,10:51:DB:0D:31:EA,b3bb9015,1289,2026-07-09T13:28:55.898000Z,1783603735898,104.32
session-1783603457869-ue25e2,10:51:DB:0D:31:EA,b3bb9015,1290,2026-07-09T13:28:55.984000Z,1783603735984,103.86
session-1783603457869-ue25e2,10:51:DB:0D:31:EA,b3bb9015,1291,2026-07-09T13:28:56.076000Z,1783603736076,103.88
session-1783603457869-ue25e2,10:51:DB:0D:31:EA,b3bb9015,1292,2026-07-09T13:28:56.164000Z,1783603736164,103.86
session-1783603457869-ue25e2,10:51:DB:0D:31:EA,b3bb9015,1293,2026-07-09T13:28:56.259000Z,1783603736259,103.88
session-1783603457869-ue25e2,10:51:DB:0D:31:EA,b3bb9015,1294,2026-07-09T13:28:56.615000Z,1783603736615,104.25
session-1783603457869-ue25e2,10:51:DB:0D:31:EA,b3bb9015,1295,2026-07-09T13:28:56.706000Z,1783603736706,104.28
session-1783603457869-ue25e2,10:51:DB:0D:31:EA,b3bb9015,1296,2026-07-09T13:28:56.843000Z,1783603736843,104.26
session-1783603457869-ue25e2,10:51:DB:0D:31:EA,b3bb9015,1297,2026-07-09T13:28:57.335000Z,1783603737335,104.33
