sessionId,deviceAddress,filterId,index,timestamp,offsetMs,distanceCm
session-1784031314726-n0212a,24:EC:4A:C7:F5:3A,custom-11f9db6b38bd,0,2026-07-14T12:15:15.668000Z,1784031315668,85.5
session-1784031314726-n0212a,24:EC:4A:C7:F5:3A,custom-11f9db6b38bd,1,2026-07-14T12:15:15.814000Z,1784031315814,85.47
session-1784031314726-n0212a,24:EC:4A:C7:F5:3A,custom-11f9db6b38bd,2,2026-07-14T12:15:15.889000Z,1784031315889,85.38
session-1784031314726-n0212a,24:EC:4A:C7:F5:3A,custom-11f9db6b38bd,3,2026-07-14T12:15:15.978000Z,1784031315978,85.38
session-1784031314726-n0212a,24:EC:4A:C7:F5:3A,custom-11f9db6b38bd,4,2026-07-14T12:15:16.068000Z,1784031316068,85.42
session-1784031314726-n0212a,24:EC:4A:C7:F5:3A,custom-11f9db6b38bd,5,2026-07-14T12:15:16.160000Z,1784031316160,85.49
session-1784031314726-n0212a,24:EC:4A:C7:F5:3A,custom-11f9db6b38bd,6,2026-07-14T12:15:16.295000Z,1784031316295,85.54
session-1784031314726-n0212a,24:EC:4A:C7:F5:3A,custom-11f9db6b38bd,7,2026-07-14T12:15:16.384000Z,1784031316384,88.33
session-1784031314726-n0212a,24:EC:4A:C7:F5:3A,custom-11f9db6b38bd,8,2026-07-14T12:15:16.474000Z,1784031316474,85.49
session-1784031314726-n0212a,24:EC:4A:C7:F5:3A,custom-11f9db6b38bd,9,2026-07-14T12:15:16.563000Z,1784031316563,85.0
session-1784031314726-n0212a,24:EC:4A:C7:F5:3A,custom-11f9db6b38bd,10,2026-07-14T12:15:16.714000Z,1784031316714,85.47
session-1784031314726-n0212a,24:EC:4A:C7:F5:3A,custom-11f9db6b38bd,11,2026-07-14T12:15:16.789000Z,1784031316789,85.49
session-1784031314726-n0212a,24:EC:4A:C7:F5:3A,custom-11f9db6b38bd,12,2026-07-14T12:15:16.924000Z,1784031316924,85.49
session-1784031314726-n0212a,24:EC:4A:C7:F5:3A,custom-11f9db6b38bd,13,2026-07-14T12:15:16.970000Z,1784031316970,85.5
session-1784031314726-n0212a,24:EC:4A:C7:F5:3A,custom-11f9db6b38bd,14,2026-07-14T12:15:17.059000Z,1784031317059,85.47
session-1784031314726-n0212a,24:EC:4A:C7:F5:3A,custom-11f9db6b38bd,15,2026-07-14T12:15:17.220000Z,1784031317220,85.54
session-1784031314726-n0212a,24:EC:4A:C7:F5:3A,custom-11f9db6b38bd,16,2026-07-14T12:15:17.284000Z,1784031317284,85.5
session-1784031314726-n0212a,24:EC:4A:C7:F5:3A,custom-11f9db6b38bd,17,2026-07-14T12:15:17.373000Z,1784031317373,85.49
session-1784031314726-n0212a,24:EC:4A:C7:F5:3A,custom-11f9db6b38bd,18,2026-07-14T12:15:17.424000Z,1784031317424,85.49
session-1784031314726-n0212a,24:EC:4A:C7:F5:3A,custom-11f9db6b38bd,19,2026-07-14T12:15:17.472000Z,1784031317472,85.52
session-1784031314726-n0212a,24:EC:4A:C7:F5:3A,custom-11f9db6b38bd,20,2026-07-14T12:15:17.714000Z,1784031317714,85.5
session-1784031314726-n0212a,24:EC:4A:C7:F5:3A,custom-11f9db6b38bd,21,2026-07-14T12:15:17.746000Z,1784031317746,85.52
session-1784031314726-n0212a,24:EC:4A:C7:F5:3A,custom-11f9db6b38bd,22,2026-07-14T12:15:17.783000Z,1784031317783,85.52
session-1784031314726-n0212a,24:EC:4A:C7:F5:3A,custom-11f9db6b38bd,23,2026-07-14T12:15:17.913000Z,1784031317913,85.52
session-1784031314726-n0212a,24:EC:4A:C7:F5:3A,custom-11f9db6b38bd,24,2026-07-14T12:15:18.010000Z,1784031318010,85.49
session-1784031314726-n0212a,24:EC:4A:C7:F5:3A,custom-11f9db6b38bd,25,2026-07-14T12:15:18.183000Z,1784031318183,85.54
session-1784031314726-n0212a,24:EC:4A:C7:F5:3A,custom-11f9db6b38bd,26,2026-07-14T12:15:18.273000Z,1784031318273,85.5
session-1784031314726-n0212a,24:EC:4A:C7:F5:3A,custom-11f9db6b38bd,27,2026-07-14T12:15:18.364000Z,1784031318364,85.49
session-1784031314726-n0212a,24:EC:4A:C7:F5:3A,custom-11f9db6b38bd,28,2026-07-14T12:15:18.499000Z,1784031318499,85.54
session-1784031314726-n0212a,24:EC:4A:C7:F5:3A,custom-11f9db6b38bd,29,2026-07-14T12:15:18.589000Z,1784031318589,85.5
session-1784031314726-n0212a,24:EC:4A:C7:F5:3A,custom-11f9db6b38bd,30,2026-07-14T12:15:18.681000Z,1784031318681,85.47
session-1784031314726-n0212a,24:EC:4A:C7:F5:3A,custom-11f9db6b38bd,31,2026-07-14T12:15:18.772000Z,1784031318772,85.52
session-1784031314726-n0212a,24:EC:4A:C7:F5:3A,custom-11f9db6b38bd,32,2026-07-14T12:15:18.859000Z,1784031318859,85.52
session-1784031314726-n0212a,24:EC:4A:C7:F5:3A,custom-11f9db6b38bd,33,2026-07-14T12:15:19.011000Z,1784031319011,85.5
session-1784031314726-n0212a,24:EC:4A:C7:F5:3A,custom-11f9db6b38bd,34,2026-07-14T12:15:19.084000Z,1784031319084,85.47
session-1784031314726-n0212a,24:EC:4A:C7:F5:3A,custom-11f9db6b38bd,35,2026-07-14T12:15:19.184000Z,1784031319184,85.49
session-1784031314726-n0212a,24:EC:4A:C7:F5:3A,custom-11f9db6b38bd,36,2026-07-14T12:15:19.264000Z,1784031319264,85.54
session-1784031314726-n0212a,24:EC:4A:C7:F5:3A,custom-11f9db6b38bd,37,2026-07-14T12:15:19.400000Z,1784031319400,85.5
session-1784031314726-n0212a,24:EC:4A:C7:F5:3A,custom-11f9db6b38bd,38,2026-07-14T12:15:19.487000Z,1784031319487,85.49
session-1784031314726-n0212a,24:EC:4A:C7:F5:3A,custom-11f9db6b38bd,39,2026-07-14T12:15:19.576000Z,1784031319576,85.54
session-1784031314726-n0212a,24:EC:4A:C7:F5:3A,custom-11f9db6b38bd,40,2026-07-14T12:15:19.727000Z,1784031319727,85.52
session-1784031314726-n0212a,24:EC:4A:C7:F5:3A,custom-11f9db6b38bd,41,2026-07-14T12:15:19.803000Z,1784031319803,85.49
session-1784031314726-n0212a,24:EC:4A:C7:F5:3A,custom-11f9db6b38bd,42,2026-07-14T12:15:19.954000Z,1784031319954,85.54
session-1784031314726-n0212a,24:EC:4A:C7:F5:3A,custom-11f9db6b38bd,43,2026-07-14T12:15:20.027000Z,1784031320027,85.52
session-1784031314726-n0212a,24:EC:4A:C7:F5:3A,custom-11f9db6b38bd,44,2026-07-14T12:15:20.071000Z,1784031320071,85.52
session-1784031314726-n0212a,24:EC:4A:C7:F5:3A,custom-11f9db6b38bd,45,2026-07-14T12:15:20.162000Z,1784031320162,85.5
session-1784031314726-n0212a,24:EC:4A:C7:F5:3A,custom-11f9db6b38bd,46,2026-07-14T12:15:20.312000Z,1784031320312,85.49
session-1784031314726-n0212a,24:EC:4A:C7:F5:3A,custom-11f9db6b38bd,47,2026-07-14T12:15:20.389000Z,1784031320389,85.54
session-1784031314726-n0212a,24:EC:4A:C7:F5:3A,custom-11f9db6b38bd,48,2026-07-14T12:15:20.482000Z,1784031320482,85.5
session-1784031314726-n0212a,24:EC:4A:C7:F5:3A,custom-11f9db6b38bd,49,2026-07-14T12:15:20.566000Z,1784031320566,85.47
session-1784031314726-n0212a,24:EC:4A:C7:F5:3A,custom-11f9db6b38bd,50,2026-07-14T12:15:20.656000Z,1784031320656,85.54
session-1784031314726-n0212a,24:EC:4A:C7:F5:3A,custom-11f9db6b38bd,51,2026-07-14T12:15:20.798000Z,1784031320798,85.52
session-1784031314726-n0212a,24:EC:4A:C7:F5:3A,custom-11f9db6b38bd,52,2026-07-14T12:15:20.881000Z,1784031320881,85.49
session-1784031314726-n0212a,24:EC:4A:C7:F5:3A,custom-11f9db6b38bd,53,2026-07-14T12:15:20.971000Z,1784031320971,85.54
session-1784031314726-n0212a,24:EC:4A:C7:F5:3A,custom-11f9db6b38bd,54,2026-07-14T12:15:21.061000Z,1784031321061,85.52
session-1784031314726-n0212a,24:EC:4A:C7:F5:3A,custom-11f9db6b38bd,55,2026-07-14T12:15:21.213000Z,1784031321213,85.52
session-1784031314726-n0212a,24:EC:4A:C7:F5:3A,custom-11f9db6b38bd,56,2026-07-14T12:15:21.287000Z,1784031321287,85.49
session-1784031314726-n0212a,24:EC:4A:C7:F5:3A,custom-11f9db6b38bd,57,2026-07-14T12:15:21.424000Z,1784031321424,85.47
session-1784031314726-n0212a,24:EC:4A:C7:F5:3A,custom-11f9db6b38bd,58,2026-07-14T12:15:21.466000Z,1784031321466,85.42
session-1784031314726-n0212a,24:EC:4A:C7:F5:3A,custom-11f9db6b38bd,59,2026-07-14T12:15:21.559000Z,1784031321559,85.37
session-1784031314726-n0212a,24:EC:4A:C7:F5:3A,custom-11f9db6b38bd,60,2026-07-14T12:15:21.708000Z,1784031321708,85.38
session-1784031314726-n0212a,24:EC:4A:C7:F5:3A,custom-11f9db6b38bd,61,2026-07-14T12:15:21.782000Z,1784031321782,85.4
session-1784031314726-n0212a,24:EC:4A:C7:F5:3A,custom-11f9db6b38bd,62,2026-07-14T12:15:21.872000Z,1784031321872,85.44
session-1784031314726-n0212a,24:EC:4A:C7:F5:3A,custom-11f9db6b38bd,63,2026-07-14T12:15:21.962000Z,1784031321962,85.35
session-1784031314726-n0212a,24:EC:4A:C7:F5:3A,custom-11f9db6b38bd,64,2026-07-14T12:15:22.098000Z,1784031322098,85.4
session-1784031314726-n0212a,24:EC:4A:C7:F5:3A,custom-11f9db6b38bd,65,2026-07-14T12:15:22.187000Z,1784031322187,85.37
session-1784031314726-n0212a,24:EC:4A:C7:F5:3A,custom-11f9db6b38bd,66,2026-07-14T12:15:22.277000Z,1784031322277,85.38
session-1784031314726-n0212a,24:EC:4A:C7:F5:3A,custom-11f9db6b38bd,67,2026-07-14T12:15:22.369000Z,1784031322369,85.37
session-1784031314726-n0212a,24:EC:4A:C7:F5:3A,custom-11f9db6b38bd,68,2026-07-14T12:15:22.458000Z,1784031322458,85.4
session-1784031314726-n0212a,24:EC:4A:C7:F5:3A,custom-11f9db6b38bd,69,2026-07-14T12:15:22.615000Z,1784031322615,85.42
session-1784031314726-n0212a,24:EC:4A:C7:F5:3A,custom-11f9db6b38bd,70,2026-07-14T12:15:22.729000Z,1784031322729,85.35
session-1784031314726-n0212a,24:EC:4A:C7:F5:3A,custom-11f9db6b38bd,71,2026-07-14T12:15:22.786000Z,1784031322786,85.38
session-1784031314726-n0212a,24:EC:4A:C7:F5:3A,custom-11f9db6b38bd,72,2026-07-14T12:15:22.876000Z,1784031322876,85.38
session-1784031314726-n0212a,24:EC:4A:C7:F5:3A,custom-11f9db6b38bd,73,2026-07-14T12:15:23.021000Z,1784031323021,85.85
session-1784031314726-n0212a,24:EC:4A:C7:F5:3A,custom-11f9db6b38bd,74,2026-07-14T12:15:23.096000Z,1784031323096,85.49
session-1784031314726-n0212a,24:EC:4A:C7:F5:3A,custom-11f9db6b38bd,75,2026-07-14T12:15:23.185000Z,1784031323185,85.54
session-1784031314726-n0212a,24:EC:4A:C7:F5:3A,custom-11f9db6b38bd,76,2026-07-14T12:15:23.268000Z,1784031323268,85.52
session-1784031314726-n0212a,24:EC:4A:C7:F5:3A,custom-11f9db6b38bd,77,2026-07-14T12:15:23.359000Z,1784031323359,85.05
session-1784031314726-n0212a,24:EC:4A:C7:F5:3A,custom-11f9db6b38bd,78,2026-07-14T12:15:23.494000Z,1784031323494,85.52
session-1784031314726-n0212a,24:EC:4A:C7:F5:3A,custom-11f9db6b38bd,79,2026-07-14T12:15:23.583000Z,1784031323583,85.91
session-1784031314726-n0212a,24:EC:4A:C7:F5:3A,custom-11f9db6b38bd,80,2026-07-14T12:15:23.683000Z,1784031323683,85.5
session-1784031314726-n0212a,24:EC:4A:C7:F5:3A,custom-11f9db6b38bd,81,2026-07-14T12:15:23.762000Z,1784031323762,85.47
session-1784031314726-n0212a,24:EC:4A:C7:F5:3A,custom-11f9db6b38bd,82,2026-07-14T12:15:23.914000Z,1784031323914,85.54
session-1784031314726-n0212a,24:EC:4A:C7:F5:3A,custom-11f9db6b38bd,83,2026-07-14T12:15:24.033000Z,1784031324033,85.52
session-1784031314726-n0212a,24:EC:4A:C7:F5:3A,custom-11f9db6b38bd,84,2026-07-14T12:15:24.125000Z,1784031324125,85.49
session-1784031314726-n0212a,24:EC:4A:C7:F5:3A,custom-11f9db6b38bd,85,2026-07-14T12:15:24.168000Z,1784031324168,85.54
session-1784031314726-n0212a,24:EC:4A:C7:F5:3A,custom-11f9db6b38bd,86,2026-07-14T12:15:24.304000Z,1784031324304,85.07
session-1784031314726-n0212a,24:EC:4A:C7:F5:3A,custom-11f9db6b38bd,87,2026-07-14T12:15:24.394000Z,1784031324394,85.52
session-1784031314726-n0212a,24:EC:4A:C7:F5:3A,custom-11f9db6b38bd,88,2026-07-14T12:15:24.529000Z,1784031324529,85.5
session-1784031314726-n0212a,24:EC:4A:C7:F5:3A,custom-11f9db6b38bd,89,2026-07-14T12:15:24.573000Z,1784031324573,85.5
session-1784031314726-n0212a,24:EC:4A:C7:F5:3A,custom-11f9db6b38bd,90,2026-07-14T12:15:24.674000Z,1784031324674,85.35
session-1784031314726-n0212a,24:EC:4A:C7:F5:3A,custom-11f9db6b38bd,91,2026-07-14T12:15:24.818000Z,1784031324818,85.38
session-1784031314726-n0212a,24:EC:4A:C7:F5:3A,custom-11f9db6b38bd,92,2026-07-14T12:15:24.902000Z,1784031324902,85.42
session-1784031314726-n0212a,24:EC:4A:C7:F5:3A,custom-11f9db6b38bd,93,2026-07-14T12:15:24.979000Z,1784031324979,85.42
session-1784031314726-n0212a,24:EC:4A:C7:F5:3A,custom-11f9db6b38bd,94,2026-07-14T12:15:25.070000Z,1784031325070,85.37
session-1784031314726-n0212a,24:EC:4A:C7:F5:3A,custom-11f9db6b38bd,95,2026-07-14T12:15:25.161000Z,1784031325161,85.5
session-1784031314726-n0212a,24:EC:4A:C7:F5:3A,custom-11f9db6b38bd,96,2026-07-14T12:15:25.317000Z,1784031325317,85.52
session-1784031314726-n0212a,24:EC:4A:C7:F5:3A,custom-11f9db6b38bd,97,2026-07-14T12:15:25.384000Z,1784031325384,85.5
session-1784031314726-n0212a,24:EC:4A:C7:F5:3A,custom-11f9db6b38bd,98,2026-07-14T12:15:25.473000Z,1784031325473,85.49
session-1784031314726-n0212a,24:EC:4A:C7:F5:3A,custom-11f9db6b38bd,99,2026-07-14T12:15:25.573000Z,1784031325573,85.49
session-1784031314726-n0212a,24:EC:4A:C7:F5:3A,custom-11f9db6b38bd,100,2026-07-14T12:15:25.721000Z,1784031325721,85.47
session-1784031314726-n0212a,24:EC:4A:C7:F5:3A,custom-11f9db6b38bd,101,2026-07-14T12:15:25.790000Z,1784031325790,85.54
session-1784031314726-n0212a,24:EC:4A:C7:F5:3A,custom-11f9db6b38bd,102,2026-07-14T12:15:25.880000Z,1784031325880,85.5
session-1784031314726-n0212a,24:EC:4A:C7:F5:3A,custom-11f9db6b38bd,103,2026-07-14T12:15:25.969000Z,1784031325969,85.49
session-1784031314726-n0212a,24:EC:4A:C7:F5:3A,custom-11f9db6b38bd,104,2026-07-14T12:15:26.058000Z,1784031326058,85.54
session-1784031314726-n0212a,24:EC:4A:C7:F5:3A,custom-11f9db6b38bd,105,2026-07-14T12:15:26.209000Z,1784031326209,85.5
session-1784031314726-n0212a,24:EC:4A:C7:F5:3A,custom-11f9db6b38bd,106,2026-07-14T12:15:26.284000Z,1784031326284,85.52
session-1784031314726-n0212a,24:EC:4A:C7:F5:3A,custom-11f9db6b38bd,107,2026-07-14T12:15:26.375000Z,1784031326375,85.49
session-1784031314726-n0212a,24:EC:4A:C7:F5:3A,custom-11f9db6b38bd,108,2026-07-14T12:15:26.465000Z,1784031326465,85.49
session-1784031314726-n0212a,24:EC:4A:C7:F5:3A,custom-11f9db6b38bd,109,2026-07-14T12:15:26.599000Z,1784031326599,85.49
session-1784031314726-n0212a,24:EC:4A:C7:F5:3A,custom-11f9db6b38bd,110,2026-07-14T12:15:26.688000Z,1784031326688,85.49
session-1784031314726-n0212a,24:EC:4A:C7:F5:3A,custom-11f9db6b38bd,111,2026-07-14T12:15:26.779000Z,1784031326779,85.49
session-1784031314726-n0212a,24:EC:4A:C7:F5:3A,custom-11f9db6b38bd,112,2026-07-14T12:15:26.871000Z,1784031326871,85.54
session-1784031314726-n0212a,24:EC:4A:C7:F5:3A,custom-11f9db6b38bd,113,2026-07-14T12:15:26.961000Z,1784031326961,85.5
session-1784031314726-n0212a,24:EC:4A:C7:F5:3A,custom-11f9db6b38bd,114,2026-07-14T12:15:27.112000Z,1784031327112,85.47
session-1784031314726-n0212a,24:EC:4A:C7:F5:3A,custom-11f9db6b38bd,115,2026-07-14T12:15:27.184000Z,1784031327184,85.56
session-1784031314726-n0212a,24:EC:4A:C7:F5:3A,custom-11f9db6b38bd,116,2026-07-14T12:15:27.273000Z,1784031327273,85.52
session-1784031314726-n0212a,24:EC:4A:C7:F5:3A,custom-11f9db6b38bd,117,2026-07-14T12:15:27.363000Z,1784031327363,85.5
session-1784031314726-n0212a,24:EC:4A:C7:F5:3A,custom-11f9db6b38bd,118,2026-07-14T12:15:27.499000Z,1784031327499,85.47
session-1784031314726-n0212a,24:EC:4A:C7:F5:3A,custom-11f9db6b38bd,119,2026-07-14T12:15:27.589000Z,1784031327589,85.47
session-1784031314726-n0212a,24:EC:4A:C7:F5:3A,custom-11f9db6b38bd,120,2026-07-14T12:15:27.680000Z,1784031327680,85.5
session-1784031314726-n0212a,24:EC:4A:C7:F5:3A,custom-11f9db6b38bd,121,2026-07-14T12:15:27.774000Z,1784031327774,85.49
session-1784031314726-n0212a,24:EC:4A:C7:F5:3A,custom-11f9db6b38bd,122,2026-07-14T12:15:27.862000Z,1784031327862,85.56
session-1784031314726-n0212a,24:EC:4A:C7:F5:3A,custom-11f9db6b38bd,123,2026-07-14T12:15:28.015000Z,1784031328015,85.5
session-1784031314726-n0212a,24:EC:4A:C7:F5:3A,custom-11f9db6b38bd,124,2026-07-14T12:15:28.082000Z,1784031328082,85.49
session-1784031314726-n0212a,24:EC:4A:C7:F5:3A,custom-11f9db6b38bd,125,2026-07-14T12:15:28.174000Z,1784031328174,85.56
session-1784031314726-n0212a,24:EC:4A:C7:F5:3A,custom-11f9db6b38bd,126,2026-07-14T12:15:28.266000Z,1784031328266,85.54
session-1784031314726-n0212a,24:EC:4A:C7:F5:3A,custom-11f9db6b38bd,127,2026-07-14T12:15:28.399000Z,1784031328399,85.52
session-1784031314726-n0212a,24:EC:4A:C7:F5:3A,custom-11f9db6b38bd,128,2026-07-14T12:15:28.489000Z,1784031328489,85.54
session-1784031314726-n0212a,24:EC:4A:C7:F5:3A,custom-11f9db6b38bd,129,2026-07-14T12:15:28.580000Z,1784031328580,85.56
session-1784031314726-n0212a,24:EC:4A:C7:F5:3A,custom-11f9db6b38bd,130,2026-07-14T12:15:28.667000Z,1784031328667,85.52
session-1784031314726-n0212a,24:EC:4A:C7:F5:3A,custom-11f9db6b38bd,131,2026-07-14T12:15:28.820000Z,1784031328820,85.54
session-1784031314726-n0212a,24:EC:4A:C7:F5:3A,custom-11f9db6b38bd,132,2026-07-14T12:15:28.893000Z,1784031328893,85.5
session-1784031314726-n0212a,24:EC:4A:C7:F5:3A,custom-11f9db6b38bd,133,2026-07-14T12:15:29.048000Z,1784031329048,85.5
session-1784031314726-n0212a,24:EC:4A:C7:F5:3A,custom-11f9db6b38bd,134,2026-07-14T12:15:29.122000Z,1784031329122,85.07
session-1784031314726-n0212a,24:EC:4A:C7:F5:3A,custom-11f9db6b38bd,135,2026-07-14T12:15:29.168000Z,1784031329168,85.09
session-1784031314726-n0212a,24:EC:4A:C7:F5:3A,custom-11f9db6b38bd,136,2026-07-14T12:15:29.320000Z,1784031329320,85.57
session-1784031314726-n0212a,24:EC:4A:C7:F5:3A,custom-11f9db6b38bd,137,2026-07-14T12:15:29.388000Z,1784031329388,85.56
session-1784031314726-n0212a,24:EC:4A:C7:F5:3A,custom-11f9db6b38bd,138,2026-07-14T12:15:29.478000Z,1784031329478,85.57
session-1784031314726-n0212a,24:EC:4A:C7:F5:3A,custom-11f9db6b38bd,139,2026-07-14T12:15:29.568000Z,1784031329568,85.57
session-1784031314726-n0212a,24:EC:4A:C7:F5:3A,custom-11f9db6b38bd,140,2026-07-14T12:15:29.660000Z,1784031329660,85.59
session-1784031314726-n0212a,24:EC:4A:C7:F5:3A,custom-11f9db6b38bd,141,2026-07-14T12:15:29.792000Z,1784031329792,85.54
session-1784031314726-n0212a,24:EC:4A:C7:F5:3A,custom-11f9db6b38bd,142,2026-07-14T12:15:29.883000Z,1784031329883,85.52
session-1784031314726-n0212a,24:EC:4A:C7:F5:3A,custom-11f9db6b38bd,143,2026-07-14T12:15:29.974000Z,1784031329974,85.61
session-1784031314726-n0212a,24:EC:4A:C7:F5:3A,custom-11f9db6b38bd,144,2026-07-14T12:15:30.063000Z,1784031330063,85.54
session-1784031314726-n0212a,24:EC:4A:C7:F5:3A,custom-11f9db6b38bd,145,2026-07-14T12:15:30.214000Z,1784031330214,85.52
session-1784031314726-n0212a,24:EC:4A:C7:F5:3A,custom-11f9db6b38bd,146,2026-07-14T12:15:30.288000Z,1784031330288,85.56
session-1784031314726-n0212a,24:EC:4A:C7:F5:3A,custom-11f9db6b38bd,147,2026-07-14T12:15:30.376000Z,1784031330376,85.56
session-1784031314726-n0212a,24:EC:4A:C7:F5:3A,custom-11f9db6b38bd,148,2026-07-14T12:15:30.468000Z,1784031330468,85.52
session-1784031314726-n0212a,24:EC:4A:C7:F5:3A,custom-11f9db6b38bd,149,2026-07-14T12:15:30.561000Z,1784031330561,85.57
session-1784031314726-n0212a,24:EC:4A:C7:F5:3A,custom-11f9db6b38bd,150,2026-07-14T12:15:30.712000Z,1784031330712,85.56
session-1784031314726-n0212a,24:EC:4A:C7:F5:3A,custom-11f9db6b38bd,151,2026-07-14T12:15:30.784000Z,1784031330784,85.54
session-1784031314726-n0212a,24:EC:4A:C7:F5:3A,custom-11f9db6b38bd,152,2026-07-14T12:15:30.874000Z,1784031330874,85.56
session-1784031314726-n0212a,24:EC:4A:C7:F5:3A,custom-11f9db6b38bd,153,2026-07-14T12:15:30.964000Z,1784031330964,85.61
session-1784031314726-n0212a,24:EC:4A:C7:F5:3A,custom-11f9db6b38bd,154,2026-07-14T12:15:31.100000Z,1784031331100,85.52
session-1784031314726-n0212a,24:EC:4A:C7:F5:3A,custom-11f9db6b38bd,155,2026-07-14T12:15:31.195000Z,1784031331195,85.61
session-1784031314726-n0212a,24:EC:4A:C7:F5:3A,custom-11f9db6b38bd,156,2026-07-14T12:15:31.278000Z,1784031331278,85.12
session-1784031314726-n0212a,24:EC:4A:C7:F5:3A,custom-11f9db6b38bd,157,2026-07-14T12:15:31.366000Z,1784031331366,85.59
session-1784031314726-n0212a,24:EC:4A:C7:F5:3A,custom-11f9db6b38bd,158,2026-07-14T12:15:31.456000Z,1784031331456,85.12
session-1784031314726-n0212a,24:EC:4A:C7:F5:3A,custom-11f9db6b38bd,159,2026-07-14T12:15:31.607000Z,1784031331607,85.63
session-1784031314726-n0212a,24:EC:4A:C7:F5:3A,custom-11f9db6b38bd,160,2026-07-14T12:15:31.684000Z,1784031331684,85.57
session-1784031314726-n0212a,24:EC:4A:C7:F5:3A,custom-11f9db6b38bd,161,2026-07-14T12:15:31.772000Z,1784031331772,85.59
session-1784031314726-n0212a,24:EC:4A:C7:F5:3A,custom-11f9db6b38bd,162,2026-07-14T12:15:31.870000Z,1784031331870,86.05
session-1784031314726-n0212a,24:EC:4A:C7:F5:3A,custom-11f9db6b38bd,163,2026-07-14T12:15:31.998000Z,1784031331998,85.54
session-1784031314726-n0212a,24:EC:4A:C7:F5:3A,custom-11f9db6b38bd,164,2026-07-14T12:15:32.089000Z,1784031332089,85.57
session-1784031314726-n0212a,24:EC:4A:C7:F5:3A,custom-11f9db6b38bd,165,2026-07-14T12:15:32.176000Z,1784031332176,85.54
session-1784031314726-n0212a,24:EC:4A:C7:F5:3A,custom-11f9db6b38bd,166,2026-07-14T12:15:32.269000Z,1784031332269,85.54
session-1784031314726-n0212a,24:EC:4A:C7:F5:3A,custom-11f9db6b38bd,167,2026-07-14T12:15:32.358000Z,1784031332358,85.56
session-1784031314726-n0212a,24:EC:4A:C7:F5:3A,custom-11f9db6b38bd,168,2026-07-14T12:15:32.494000Z,1784031332494,85.56
session-1784031314726-n0212a,24:EC:4A:C7:F5:3A,custom-11f9db6b38bd,169,2026-07-14T12:15:32.584000Z,1784031332584,85.56
session-1784031314726-n0212a,24:EC:4A:C7:F5:3A,custom-11f9db6b38bd,170,2026-07-14T12:15:32.674000Z,1784031332674,85.56
session-1784031314726-n0212a,24:EC:4A:C7:F5:3A,custom-11f9db6b38bd,171,2026-07-14T12:15:32.767000Z,1784031332767,85.09
session-1784031314726-n0212a,24:EC:4A:C7:F5:3A,custom-11f9db6b38bd,172,2026-07-14T12:15:32.921000Z,1784031332921,85.57
session-1784031314726-n0212a,24:EC:4A:C7:F5:3A,custom-11f9db6b38bd,173,2026-07-14T12:15:32.988000Z,1784031332988,85.52
session-1784031314726-n0212a,24:EC:4A:C7:F5:3A,custom-11f9db6b38bd,174,2026-07-14T12:15:33.078000Z,1784031333078,85.54
session-1784031314726-n0212a,24:EC:4A:C7:F5:3A,custom-11f9db6b38bd,175,2026-07-14T12:15:33.168000Z,1784031333168,85.56
session-1784031314726-n0212a,24:EC:4A:C7:F5:3A,custom-11f9db6b38bd,176,2026-07-14T12:15:33.266000Z,1784031333266,85.57
session-1784031314726-n0212a,24:EC:4A:C7:F5:3A,custom-11f9db6b38bd,177,2026-07-14T12:15:33.394000Z,1784031333394,85.63
session-1784031314726-n0212a,24:EC:4A:C7:F5:3A,custom-11f9db6b38bd,178,2026-07-14T12:15:33.483000Z,1784031333483,85.61
session-1784031314726-n0212a,24:EC:4A:C7:F5:3A,custom-11f9db6b38bd,179,2026-07-14T12:15:33.575000Z,1784031333575,85.52
session-1784031314726-n0212a,24:EC:4A:C7:F5:3A,custom-11f9db6b38bd,180,2026-07-14T12:15:33.665000Z,1784031333665,85.54
session-1784031314726-n0212a,24:EC:4A:C7:F5:3A,custom-11f9db6b38bd,181,2026-07-14T12:15:33.764000Z,1784031333764,85.5
session-1784031314726-n0212a,24:EC:4A:C7:F5:3A,custom-11f9db6b38bd,182,2026-07-14T12:15:33.921000Z,1784031333921,85.54
session-1784031314726-n0212a,24:EC:4A:C7:F5:3A,custom-11f9db6b38bd,183,2026-07-14T12:15:33.987000Z,1784031333987,85.52
session-1784031314726-n0212a,24:EC:4A:C7:F5:3A,custom-11f9db6b38bd,184,2026-07-14T12:15:34.134000Z,1784031334134,85.5
session-1784031314726-n0212a,24:EC:4A:C7:F5:3A,custom-11f9db6b38bd,185,2026-07-14T12:15:34.161000Z,1784031334161,85.49
session-1784031314726-n0212a,24:EC:4A:C7:F5:3A,custom-11f9db6b38bd,186,2026-07-14T12:15:34.313000Z,1784031334313,85.49
session-1784031314726-n0212a,24:EC:4A:C7:F5:3A,custom-11f9db6b38bd,187,2026-07-14T12:15:34.388000Z,1784031334388,85.52
session-1784031314726-n0212a,24:EC:4A:C7:F5:3A,custom-11f9db6b38bd,188,2026-07-14T12:15:34.474000Z,1784031334474,85.05
session-1784031314726-n0212a,24:EC:4A:C7:F5:3A,custom-11f9db6b38bd,189,2026-07-14T12:15:34.574000Z,1784031334574,85.5
session-1784031314726-n0212a,24:EC:4A:C7:F5:3A,custom-11f9db6b38bd,190,2026-07-14T12:15:34.653000Z,1784031334653,85.47
session-1784031314726-n0212a,24:EC:4A:C7:F5:3A,custom-11f9db6b38bd,191,2026-07-14T12:15:34.786000Z,1784031334786,85.44
session-1784031314726-n0212a,24:EC:4A:C7:F5:3A,custom-11f9db6b38bd,192,2026-07-14T12:15:34.879000Z,1784031334879,85.82
session-1784031314726-n0212a,24:EC:4A:C7:F5:3A,custom-11f9db6b38bd,193,2026-07-14T12:15:34.969000Z,1784031334969,85.94
session-1784031314726-n0212a,24:EC:4A:C7:F5:3A,custom-11f9db6b38bd,194,2026-07-14T12:15:35.058000Z,1784031335058,85.91
session-1784031314726-n0212a,24:EC:4A:C7:F5:3A,custom-11f9db6b38bd,195,2026-07-14T12:15:35.215000Z,1784031335215,85.54
session-1784031314726-n0212a,24:EC:4A:C7:F5:3A,custom-11f9db6b38bd,196,2026-07-14T12:15:35.284000Z,1784031335284,85.54
session-1784031314726-n0212a,24:EC:4A:C7:F5:3A,custom-11f9db6b38bd,197,2026-07-14T12:15:35.376000Z,1784031335376,85.54
session-1784031314726-n0212a,24:EC:4A:C7:F5:3A,custom-11f9db6b38bd,198,2026-07-14T12:15:35.470000Z,1784031335470,85.57
session-1784031314726-n0212a,24:EC:4A:C7:F5:3A,custom-11f9db6b38bd,199,2026-07-14T12:15:35.554000Z,1784031335554,85.61
session-1784031314726-n0212a,24:EC:4A:C7:F5:3A,custom-11f9db6b38bd,200,2026-07-14T12:15:35.698000Z,1784031335698,85.54
session-1784031314726-n0212a,24:EC:4A:C7:F5:3A,custom-11f9db6b38bd,201,2026-07-14T12:15:35.778000Z,1784031335778,85.52
session-1784031314726-n0212a,24:EC:4A:C7:F5:3A,custom-11f9db6b38bd,202,2026-07-14T12:15:35.868000Z,1784031335868,85.49
session-1784031314726-n0212a,24:EC:4A:C7:F5:3A,custom-11f9db6b38bd,203,2026-07-14T12:15:35.959000Z,1784031335959,85.54
session-1784031314726-n0212a,24:EC:4A:C7:F5:3A,custom-11f9db6b38bd,204,2026-07-14T12:15:36.095000Z,1784031336095,85.52
session-1784031314726-n0212a,24:EC:4A:C7:F5:3A,custom-11f9db6b38bd,205,2026-07-14T12:15:36.188000Z,1784031336188,85.52
session-1784031314726-n0212a,24:EC:4A:C7:F5:3A,custom-11f9db6b38bd,206,2026-07-14T12:15:36.281000Z,1784031336281,85.49
session-1784031314726-n0212a,24:EC:4A:C7:F5:3A,custom-11f9db6b38bd,207,2026-07-14T12:15:36.363000Z,1784031336363,85.47
session-1784031314726-n0212a,24:EC:4A:C7:F5:3A,custom-11f9db6b38bd,208,2026-07-14T12:15:36.455000Z,1784031336455,85.54
session-1784031314726-n0212a,24:EC:4A:C7:F5:3A,custom-11f9db6b38bd,209,2026-07-14T12:15:36.590000Z,1784031336590,86.36
session-1784031314726-n0212a,24:EC:4A:C7:F5:3A,custom-11f9db6b38bd,210,2026-07-14T12:15:36.740000Z,1784031336740,85.89
session-1784031314726-n0212a,24:EC:4A:C7:F5:3A,custom-11f9db6b38bd,211,2026-07-14T12:15:36.821000Z,1784031336821,85.96
session-1784031314726-n0212a,24:EC:4A:C7:F5:3A,custom-11f9db6b38bd,212,2026-07-14T12:15:36.863000Z,1784031336863,85.96
session-1784031314726-n0212a,24:EC:4A:C7:F5:3A,custom-11f9db6b38bd,213,2026-07-14T12:15:37.014000Z,1784031337014,85.54
session-1784031314726-n0212a,24:EC:4A:C7:F5:3A,custom-11f9db6b38bd,214,2026-07-14T12:15:37.128000Z,1784031337128,85.54
session-1784031314726-n0212a,24:EC:4A:C7:F5:3A,custom-11f9db6b38bd,215,2026-07-14T12:15:37.172000Z,1784031337172,85.5
session-1784031314726-n0212a,24:EC:4A:C7:F5:3A,custom-11f9db6b38bd,216,2026-07-14T12:15:37.262000Z,1784031337262,85.92
session-1784031314726-n0212a,24:EC:4A:C7:F5:3A,custom-11f9db6b38bd,217,2026-07-14T12:15:37.354000Z,1784031337354,85.49
session-1784031314726-n0212a,24:EC:4A:C7:F5:3A,custom-11f9db6b38bd,218,2026-07-14T12:15:37.487000Z,1784031337487,85.92
session-1784031314726-n0212a,24:EC:4A:C7:F5:3A,custom-11f9db6b38bd,219,2026-07-14T12:15:37.578000Z,1784031337578,85.96
session-1784031314726-n0212a,24:EC:4A:C7:F5:3A,custom-11f9db6b38bd,220,2026-07-14T12:15:37.670000Z,1784031337670,85.54
session-1784031314726-n0212a,24:EC:4A:C7:F5:3A,custom-11f9db6b38bd,221,2026-07-14T12:15:37.760000Z,1784031337760,85.5
session-1784031314726-n0212a,24:EC:4A:C7:F5:3A,custom-11f9db6b38bd,222,2026-07-14T12:15:37.914000Z,1784031337914,85.47
session-1784031314726-n0212a,24:EC:4A:C7:F5:3A,custom-11f9db6b38bd,223,2026-07-14T12:15:37.996000Z,1784031337996,85.56
session-1784031314726-n0212a,24:EC:4A:C7:F5:3A,custom-11f9db6b38bd,224,2026-07-14T12:15:38.080000Z,1784031338080,85.52
session-1784031314726-n0212a,24:EC:4A:C7:F5:3A,custom-11f9db6b38bd,225,2026-07-14T12:15:38.163000Z,1784031338163,85.56
session-1784031314726-n0212a,24:EC:4A:C7:F5:3A,custom-11f9db6b38bd,226,2026-07-14T12:15:38.255000Z,1784031338255,85.59
session-1784031314726-n0212a,24:EC:4A:C7:F5:3A,custom-11f9db6b38bd,227,2026-07-14T12:15:38.414000Z,1784031338414,85.12
session-1784031314726-n0212a,24:EC:4A:C7:F5:3A,custom-11f9db6b38bd,228,2026-07-14T12:15:38.487000Z,1784031338487,85.61
session-1784031314726-n0212a,24:EC:4A:C7:F5:3A,custom-11f9db6b38bd,229,2026-07-14T12:15:38.567000Z,1784031338567,85.57
session-1784031314726-n0212a,24:EC:4A:C7:F5:3A,custom-11f9db6b38bd,230,2026-07-14T12:15:38.659000Z,1784031338659,85.57
session-1784031314726-n0212a,24:EC:4A:C7:F5:3A,custom-11f9db6b38bd,231,2026-07-14T12:15:38.794000Z,1784031338794,85.54
session-1784031314726-n0212a,24:EC:4A:C7:F5:3A,custom-11f9db6b38bd,232,2026-07-14T12:15:38.929000Z,1784031338929,85.12
session-1784031314726-n0212a,24:EC:4A:C7:F5:3A,custom-11f9db6b38bd,233,2026-07-14T12:15:38.975000Z,1784031338975,85.07
session-1784031314726-n0212a,24:EC:4A:C7:F5:3A,custom-11f9db6b38bd,234,2026-07-14T12:15:39.064000Z,1784031339064,85.12
session-1784031314726-n0212a,24:EC:4A:C7:F5:3A,custom-11f9db6b38bd,235,2026-07-14T12:15:39.156000Z,1784031339156,85.09
session-1784031314726-n0212a,24:EC:4A:C7:F5:3A,custom-11f9db6b38bd,236,2026-07-14T12:15:39.309000Z,1784031339309,85.57
session-1784031314726-n0212a,24:EC:4A:C7:F5:3A,custom-11f9db6b38bd,237,2026-07-14T12:15:39.380000Z,1784031339380,85.03
session-1784031314726-n0212a,24:EC:4A:C7:F5:3A,custom-11f9db6b38bd,238,2026-07-14T12:15:39.468000Z,1784031339468,85.05
session-1784031314726-n0212a,24:EC:4A:C7:F5:3A,custom-11f9db6b38bd,239,2026-07-14T12:15:39.603000Z,1784031339603,85.02
session-1784031314726-n0212a,24:EC:4A:C7:F5:3A,custom-11f9db6b38bd,240,2026-07-14T12:15:39.694000Z,1784031339694,85.02
session-1784031314726-n0212a,24:EC:4A:C7:F5:3A,custom-11f9db6b38bd,241,2026-07-14T12:15:39.784000Z,1784031339784,85.49
session-1784031314726-n0212a,24:EC:4A:C7:F5:3A,custom-11f9db6b38bd,242,2026-07-14T12:15:39.873000Z,1784031339873,85.54
session-1784031314726-n0212a,24:EC:4A:C7:F5:3A,custom-11f9db6b38bd,243,2026-07-14T12:15:39.964000Z,1784031339964,85.38
session-1784031314726-n0212a,24:EC:4A:C7:F5:3A,custom-11f9db6b38bd,244,2026-07-14T12:15:40.053000Z,1784031340053,85.52
session-1784031314726-n0212a,24:EC:4A:C7:F5:3A,custom-11f9db6b38bd,245,2026-07-14T12:15:40.204000Z,1784031340204,85.49
session-1784031314726-n0212a,24:EC:4A:C7:F5:3A,custom-11f9db6b38bd,246,2026-07-14T12:15:40.278000Z,1784031340278,85.52
session-1784031314726-n0212a,24:EC:4A:C7:F5:3A,custom-11f9db6b38bd,247,2026-07-14T12:15:40.368000Z,1784031340368,85.52
session-1784031314726-n0212a,24:EC:4A:C7:F5:3A,custom-11f9db6b38bd,248,2026-07-14T12:15:40.459000Z,1784031340459,85.52
session-1784031314726-n0212a,24:EC:4A:C7:F5:3A,custom-11f9db6b38bd,249,2026-07-14T12:15:40.594000Z,1784031340594,85.5
session-1784031314726-n0212a,24:EC:4A:C7:F5:3A,custom-11f9db6b38bd,250,2026-07-14T12:15:40.685000Z,1784031340685,85.47
session-1784031314726-n0212a,24:EC:4A:C7:F5:3A,custom-11f9db6b38bd,251,2026-07-14T12:15:40.778000Z,1784031340778,85.54
session-1784031314726-n0212a,24:EC:4A:C7:F5:3A,custom-11f9db6b38bd,252,2026-07-14T12:15:40.868000Z,1784031340868,85.5
session-1784031314726-n0212a,24:EC:4A:C7:F5:3A,custom-11f9db6b38bd,253,2026-07-14T12:15:40.956000Z,1784031340956,85.49
session-1784031314726-n0212a,24:EC:4A:C7:F5:3A,custom-11f9db6b38bd,254,2026-07-14T12:15:41.107000Z,1784031341107,85.54
session-1784031314726-n0212a,24:EC:4A:C7:F5:3A,custom-11f9db6b38bd,255,2026-07-14T12:15:41.179000Z,1784031341179,85.5
session-1784031314726-n0212a,24:EC:4A:C7:F5:3A,custom-11f9db6b38bd,256,2026-07-14T12:15:41.267000Z,1784031341267,85.5
session-1784031314726-n0212a,24:EC:4A:C7:F5:3A,custom-11f9db6b38bd,257,2026-07-14T12:15:41.358000Z,1784031341358,85.49
session-1784031314726-n0212a,24:EC:4A:C7:F5:3A,custom-11f9db6b38bd,258,2026-07-14T12:15:41.509000Z,1784031341509,85.49
session-1784031314726-n0212a,24:EC:4A:C7:F5:3A,custom-11f9db6b38bd,259,2026-07-14T12:15:41.584000Z,1784031341584,85.49
session-1784031314726-n0212a,24:EC:4A:C7:F5:3A,custom-11f9db6b38bd,260,2026-07-14T12:15:41.673000Z,1784031341673,85.37
session-1784031314726-n0212a,24:EC:4A:C7:F5:3A,custom-11f9db6b38bd,261,2026-07-14T12:15:41.763000Z,1784031341763,85.38
session-1784031314726-n0212a,24:EC:4A:C7:F5:3A,custom-11f9db6b38bd,262,2026-07-14T12:15:41.913000Z,1784031341913,85.4
session-1784031314726-n0212a,24:EC:4A:C7:F5:3A,custom-11f9db6b38bd,263,2026-07-14T12:15:41.988000Z,1784031341988,85.37
session-1784031314726-n0212a,24:EC:4A:C7:F5:3A,custom-11f9db6b38bd,264,2026-07-14T12:15:42.092000Z,1784031342092,85.5
session-1784031314726-n0212a,24:EC:4A:C7:F5:3A,custom-11f9db6b38bd,265,2026-07-14T12:15:42.167000Z,1784031342167,85.5
session-1784031314726-n0212a,24:EC:4A:C7:F5:3A,custom-11f9db6b38bd,266,2026-07-14T12:15:42.259000Z,1784031342259,85.49
session-1784031314726-n0212a,24:EC:4A:C7:F5:3A,custom-11f9db6b38bd,267,2026-07-14T12:15:42.410000Z,1784031342410,85.54
session-1784031314726-n0212a,24:EC:4A:C7:F5:3A,custom-11f9db6b38bd,268,2026-07-14T12:15:42.484000Z,1784031342484,85.4
session-1784031314726-n0212a,24:EC:4A:C7:F5:3A,custom-11f9db6b38bd,269,2026-07-14T12:15:42.573000Z,1784031342573,85.37
session-1784031314726-n0212a,24:EC:4A:C7:F5:3A,custom-11f9db6b38bd,270,2026-07-14T12:15:42.674000Z,1784031342674,85.5
session-1784031314726-n0212a,24:EC:4A:C7:F5:3A,custom-11f9db6b38bd,271,2026-07-14T12:15:42.758000Z,1784031342758,85.37
session-1784031314726-n0212a,24:EC:4A:C7:F5:3A,custom-11f9db6b38bd,272,2026-07-14T12:15:42.905000Z,1784031342905,85.4
session-1784031314726-n0212a,24:EC:4A:C7:F5:3A,custom-11f9db6b38bd,273,2026-07-14T12:15:42.980000Z,1784031342980,85.54
session-1784031314726-n0212a,24:EC:4A:C7:F5:3A,custom-11f9db6b38bd,274,2026-07-14T12:15:43.068000Z,1784031343068,85.49
session-1784031314726-n0212a,24:EC:4A:C7:F5:3A,custom-11f9db6b38bd,275,2026-07-14T12:15:43.163000Z,1784031343163,85.47
session-1784031314726-n0212a,24:EC:4A:C7:F5:3A,custom-11f9db6b38bd,276,2026-07-14T12:15:43.310000Z,1784031343310,85.54
session-1784031314726-n0212a,24:EC:4A:C7:F5:3A,custom-11f9db6b38bd,277,2026-07-14T12:15:43.384000Z,1784031343384,85.52
session-1784031314726-n0212a,24:EC:4A:C7:F5:3A,custom-11f9db6b38bd,278,2026-07-14T12:15:43.481000Z,1784031343481,85.49
session-1784031314726-n0212a,24:EC:4A:C7:F5:3A,custom-11f9db6b38bd,279,2026-07-14T12:15:43.564000Z,1784031343564,85.47
session-1784031314726-n0212a,24:EC:4A:C7:F5:3A,custom-11f9db6b38bd,280,2026-07-14T12:15:43.656000Z,1784031343656,85.49
session-1784031314726-n0212a,24:EC:4A:C7:F5:3A,custom-11f9db6b38bd,281,2026-07-14T12:15:43.788000Z,1784031343788,85.49
session-1784031314726-n0212a,24:EC:4A:C7:F5:3A,custom-11f9db6b38bd,282,2026-07-14T12:15:43.879000Z,1784031343879,85.47
session-1784031314726-n0212a,24:EC:4A:C7:F5:3A,custom-11f9db6b38bd,283,2026-07-14T12:15:43.969000Z,1784031343969,85.54
session-1784031314726-n0212a,24:EC:4A:C7:F5:3A,custom-11f9db6b38bd,284,2026-07-14T12:15:44.059000Z,1784031344059,85.5
session-1784031314726-n0212a,24:EC:4A:C7:F5:3A,custom-11f9db6b38bd,285,2026-07-14T12:15:44.210000Z,1784031344210,85.49
session-1784031314726-n0212a,24:EC:4A:C7:F5:3A,custom-11f9db6b38bd,286,2026-07-14T12:15:44.290000Z,1784031344290,85.56
session-1784031314726-n0212a,24:EC:4A:C7:F5:3A,custom-11f9db6b38bd,287,2026-07-14T12:15:44.372000Z,1784031344372,85.5
session-1784031314726-n0212a,24:EC:4A:C7:F5:3A,custom-11f9db6b38bd,288,2026-07-14T12:15:44.461000Z,1784031344461,85.47
session-1784031314726-n0212a,24:EC:4A:C7:F5:3A,custom-11f9db6b38bd,289,2026-07-14T12:15:44.602000Z,1784031344602,85.54
session-1784031314726-n0212a,24:EC:4A:C7:F5:3A,custom-11f9db6b38bd,290,2026-07-14T12:15:44.687000Z,1784031344687,85.52
session-1784031314726-n0212a,24:EC:4A:C7:F5:3A,custom-11f9db6b38bd,291,2026-07-14T12:15:44.778000Z,1784031344778,85.49
session-1784031314726-n0212a,24:EC:4A:C7:F5:3A,custom-11f9db6b38bd,292,2026-07-14T12:15:44.868000Z,1784031344868,85.49
session-1784031314726-n0212a,24:EC:4A:C7:F5:3A,custom-11f9db6b38bd,293,2026-07-14T12:15:44.958000Z,1784031344958,85.49
session-1784031314726-n0212a,24:EC:4A:C7:F5:3A,custom-11f9db6b38bd,294,2026-07-14T12:15:45.094000Z,1784031345094,85.54
session-1784031314726-n0212a,24:EC:4A:C7:F5:3A,custom-11f9db6b38bd,295,2026-07-14T12:15:45.184000Z,1784031345184,85.05
session-1784031314726-n0212a,24:EC:4A:C7:F5:3A,custom-11f9db6b38bd,296,2026-07-14T12:15:45.273000Z,1784031345273,85.03
session-1784031314726-n0212a,24:EC:4A:C7:F5:3A,custom-11f9db6b38bd,297,2026-07-14T12:15:45.411000Z,1784031345411,85.05
session-1784031314726-n0212a,24:EC:4A:C7:F5:3A,custom-11f9db6b38bd,298,2026-07-14T12:15:45.455000Z,1784031345455,85.07
session-1784031314726-n0212a,24:EC:4A:C7:F5:3A,custom-11f9db6b38bd,299,2026-07-14T12:15:45.587000Z,1784031345587,85.54
session-1784031314726-n0212a,24:EC:4A:C7:F5:3A,custom-11f9db6b38bd,300,2026-07-14T12:15:45.677000Z,1784031345677,85.52
session-1784031314726-n0212a,24:EC:4A:C7:F5:3A,custom-11f9db6b38bd,301,2026-07-14T12:15:45.777000Z,1784031345777,85.5
session-1784031314726-n0212a,24:EC:4A:C7:F5:3A,custom-11f9db6b38bd,302,2026-07-14T12:15:45.928000Z,1784031345928,85.49
session-1784031314726-n0212a,24:EC:4A:C7:F5:3A,custom-11f9db6b38bd,303,2026-07-14T12:15:45.994000Z,1784031345994,85.49
session-1784031314726-n0212a,24:EC:4A:C7:F5:3A,custom-11f9db6b38bd,304,2026-07-14T12:15:46.087000Z,1784031346087,85.52
session-1784031314726-n0212a,24:EC:4A:C7:F5:3A,custom-11f9db6b38bd,305,2026-07-14T12:15:46.175000Z,1784031346175,85.5
session-1784031314726-n0212a,24:EC:4A:C7:F5:3A,custom-11f9db6b38bd,306,2026-07-14T12:15:46.264000Z,1784031346264,85.47
session-1784031314726-n0212a,24:EC:4A:C7:F5:3A,custom-11f9db6b38bd,307,2026-07-14T12:15:46.353000Z,1784031346353,85.54
session-1784031314726-n0212a,24:EC:4A:C7:F5:3A,custom-11f9db6b38bd,308,2026-07-14T12:15:46.488000Z,1784031346488,85.52
session-1784031314726-n0212a,24:EC:4A:C7:F5:3A,custom-11f9db6b38bd,309,2026-07-14T12:15:46.580000Z,1784031346580,85.49
session-1784031314726-n0212a,24:EC:4A:C7:F5:3A,custom-11f9db6b38bd,310,2026-07-14T12:15:46.669000Z,1784031346669,85.54
session-1784031314726-n0212a,24:EC:4A:C7:F5:3A,custom-11f9db6b38bd,311,2026-07-14T12:15:46.758000Z,1784031346758,85.52
session-1784031314726-n0212a,24:EC:4A:C7:F5:3A,custom-11f9db6b38bd,312,2026-07-14T12:15:46.893000Z,1784031346893,85.52
session-1784031314726-n0212a,24:EC:4A:C7:F5:3A,custom-11f9db6b38bd,313,2026-07-14T12:15:46.984000Z,1784031346984,85.49
session-1784031314726-n0212a,24:EC:4A:C7:F5:3A,custom-11f9db6b38bd,314,2026-07-14T12:15:47.073000Z,1784031347073,85.02
session-1784031314726-n0212a,24:EC:4A:C7:F5:3A,custom-11f9db6b38bd,315,2026-07-14T12:15:47.166000Z,1784031347166,84.91
session-1784031314726-n0212a,24:EC:4A:C7:F5:3A,custom-11f9db6b38bd,316,2026-07-14T12:15:47.252000Z,1784031347252,85.5
session-1784031314726-n0212a,24:EC:4A:C7:F5:3A,custom-11f9db6b38bd,317,2026-07-14T12:15:47.403000Z,1784031347403,85.49
session-1784031314726-n0212a,24:EC:4A:C7:F5:3A,custom-11f9db6b38bd,318,2026-07-14T12:15:47.479000Z,1784031347479,85.54
session-1784031314726-n0212a,24:EC:4A:C7:F5:3A,custom-11f9db6b38bd,319,2026-07-14T12:15:47.569000Z,1784031347569,85.5
session-1784031314726-n0212a,24:EC:4A:C7:F5:3A,custom-11f9db6b38bd,320,2026-07-14T12:15:47.658000Z,1784031347658,85.47
session-1784031314726-n0212a,24:EC:4A:C7:F5:3A,custom-11f9db6b38bd,321,2026-07-14T12:15:47.797000Z,1784031347797,85.54
session-1784031314726-n0212a,24:EC:4A:C7:F5:3A,custom-11f9db6b38bd,322,2026-07-14T12:15:47.897000Z,1784031347897,85.07
session-1784031314726-n0212a,24:EC:4A:C7:F5:3A,custom-11f9db6b38bd,323,2026-07-14T12:15:47.973000Z,1784031347973,85.57
session-1784031314726-n0212a,24:EC:4A:C7:F5:3A,custom-11f9db6b38bd,324,2026-07-14T12:15:48.062000Z,1784031348062,85.54
session-1784031314726-n0212a,24:EC:4A:C7:F5:3A,custom-11f9db6b38bd,325,2026-07-14T12:15:48.212000Z,1784031348212,85.52
session-1784031314726-n0212a,24:EC:4A:C7:F5:3A,custom-11f9db6b38bd,326,2026-07-14T12:15:48.293000Z,1784031348293,85.56
session-1784031314726-n0212a,24:EC:4A:C7:F5:3A,custom-11f9db6b38bd,327,2026-07-14T12:15:48.380000Z,1784031348380,85.5
session-1784031314726-n0212a,24:EC:4A:C7:F5:3A,custom-11f9db6b38bd,328,2026-07-14T12:15:48.469000Z,1784031348469,85.49
session-1784031314726-n0212a,24:EC:4A:C7:F5:3A,custom-11f9db6b38bd,329,2026-07-14T12:15:48.559000Z,1784031348559,85.54
session-1784031314726-n0212a,24:EC:4A:C7:F5:3A,custom-11f9db6b38bd,330,2026-07-14T12:15:48.712000Z,1784031348712,85.54
session-1784031314726-n0212a,24:EC:4A:C7:F5:3A,custom-11f9db6b38bd,331,2026-07-14T12:15:48.784000Z,1784031348784,85.5
session-1784031314726-n0212a,24:EC:4A:C7:F5:3A,custom-11f9db6b38bd,332,2026-07-14T12:15:48.875000Z,1784031348875,85.49
session-1784031314726-n0212a,24:EC:4A:C7:F5:3A,custom-11f9db6b38bd,333,2026-07-14T12:15:48.964000Z,1784031348964,85.47
session-1784031314726-n0212a,24:EC:4A:C7:F5:3A,custom-11f9db6b38bd,334,2026-07-14T12:15:49.053000Z,1784031349053,85.49
session-1784031314726-n0212a,24:EC:4A:C7:F5:3A,custom-11f9db6b38bd,335,2026-07-14T12:15:49.203000Z,1784031349203,85.49
session-1784031314726-n0212a,24:EC:4A:C7:F5:3A,custom-11f9db6b38bd,336,2026-07-14T12:15:49.278000Z,1784031349278,85.54
session-1784031314726-n0212a,24:EC:4A:C7:F5:3A,custom-11f9db6b38bd,337,2026-07-14T12:15:49.368000Z,1784031349368,85.5
session-1784031314726-n0212a,24:EC:4A:C7:F5:3A,custom-11f9db6b38bd,338,2026-07-14T12:15:49.461000Z,1784031349461,85.47
session-1784031314726-n0212a,24:EC:4A:C7:F5:3A,custom-11f9db6b38bd,339,2026-07-14T12:15:49.612000Z,1784031349612,85.54
session-1784031314726-n0212a,24:EC:4A:C7:F5:3A,custom-11f9db6b38bd,340,2026-07-14T12:15:49.686000Z,1784031349686,85.52
session-1784031314726-n0212a,24:EC:4A:C7:F5:3A,custom-11f9db6b38bd,341,2026-07-14T12:15:49.773000Z,1784031349773,85.49
session-1784031314726-n0212a,24:EC:4A:C7:F5:3A,custom-11f9db6b38bd,342,2026-07-14T12:15:49.863000Z,1784031349863,85.54
session-1784031314726-n0212a,24:EC:4A:C7:F5:3A,custom-11f9db6b38bd,343,2026-07-14T12:15:50.014000Z,1784031350014,85.52
session-1784031314726-n0212a,24:EC:4A:C7:F5:3A,custom-11f9db6b38bd,344,2026-07-14T12:15:50.088000Z,1784031350088,85.52
session-1784031314726-n0212a,24:EC:4A:C7:F5:3A,custom-11f9db6b38bd,345,2026-07-14T12:15:50.181000Z,1784031350181,85.5
session-1784031314726-n0212a,24:EC:4A:C7:F5:3A,custom-11f9db6b38bd,346,2026-07-14T12:15:50.272000Z,1784031350272,85.35
session-1784031314726-n0212a,24:EC:4A:C7:F5:3A,custom-11f9db6b38bd,347,2026-07-14T12:15:50.361000Z,1784031350361,85.52
session-1784031314726-n0212a,24:EC:4A:C7:F5:3A,custom-11f9db6b38bd,348,2026-07-14T12:15:50.517000Z,1784031350517,85.47
session-1784031314726-n0212a,24:EC:4A:C7:F5:3A,custom-11f9db6b38bd,349,2026-07-14T12:15:50.582000Z,1784031350582,85.54
session-1784031314726-n0212a,24:EC:4A:C7:F5:3A,custom-11f9db6b38bd,350,2026-07-14T12:15:50.683000Z,1784031350683,85.5
session-1784031314726-n0212a,24:EC:4A:C7:F5:3A,custom-11f9db6b38bd,351,2026-07-14T12:15:50.762000Z,1784031350762,85.5
session-1784031314726-n0212a,24:EC:4A:C7:F5:3A,custom-11f9db6b38bd,352,2026-07-14T12:15:50.853000Z,1784031350853,85.57
session-1784031314726-n0212a,24:EC:4A:C7:F5:3A,custom-11f9db6b38bd,353,2026-07-14T12:15:51.003000Z,1784031351003,85.09
session-1784031314726-n0212a,24:EC:4A:C7:F5:3A,custom-11f9db6b38bd,354,2026-07-14T12:15:51.080000Z,1784031351080,85.56
session-1784031314726-n0212a,24:EC:4A:C7:F5:3A,custom-11f9db6b38bd,355,2026-07-14T12:15:51.170000Z,1784031351170,85.52
session-1784031314726-n0212a,24:EC:4A:C7:F5:3A,custom-11f9db6b38bd,356,2026-07-14T12:15:51.258000Z,1784031351258,85.5
session-1784031314726-n0212a,24:EC:4A:C7:F5:3A,custom-11f9db6b38bd,357,2026-07-14T12:15:51.393000Z,1784031351393,85.52
session-1784031314726-n0212a,24:EC:4A:C7:F5:3A,custom-11f9db6b38bd,358,2026-07-14T12:15:51.484000Z,1784031351484,85.54
session-1784031314726-n0212a,24:EC:4A:C7:F5:3A,custom-11f9db6b38bd,359,2026-07-14T12:15:51.575000Z,1784031351575,85.59
session-1784031314726-n0212a,24:EC:4A:C7:F5:3A,custom-11f9db6b38bd,360,2026-07-14T12:15:51.666000Z,1784031351666,85.54
session-1784031314726-n0212a,24:EC:4A:C7:F5:3A,custom-11f9db6b38bd,361,2026-07-14T12:15:51.765000Z,1784031351765,85.57
session-1784031314726-n0212a,24:EC:4A:C7:F5:3A,custom-11f9db6b38bd,362,2026-07-14T12:15:51.909000Z,1784031351909,85.5
session-1784031314726-n0212a,24:EC:4A:C7:F5:3A,custom-11f9db6b38bd,363,2026-07-14T12:15:51.992000Z,1784031351992,85.59
session-1784031314726-n0212a,24:EC:4A:C7:F5:3A,custom-11f9db6b38bd,364,2026-07-14T12:15:52.087000Z,1784031352087,85.54
session-1784031314726-n0212a,24:EC:4A:C7:F5:3A,custom-11f9db6b38bd,365,2026-07-14T12:15:52.156000Z,1784031352156,85.59
session-1784031314726-n0212a,24:EC:4A:C7:F5:3A,custom-11f9db6b38bd,366,2026-07-14T12:15:52.308000Z,1784031352308,85.05
session-1784031314726-n0212a,24:EC:4A:C7:F5:3A,custom-11f9db6b38bd,367,2026-07-14T12:15:52.390000Z,1784031352390,85.03
session-1784031314726-n0212a,24:EC:4A:C7:F5:3A,custom-11f9db6b38bd,368,2026-07-14T12:15:52.527000Z,1784031352527,85.1
session-1784031314726-n0212a,24:EC:4A:C7:F5:3A,custom-11f9db6b38bd,369,2026-07-14T12:15:52.575000Z,1784031352575,85.56
session-1784031314726-n0212a,24:EC:4A:C7:F5:3A,custom-11f9db6b38bd,370,2026-07-14T12:15:52.652000Z,1784031352652,85.56
session-1784031314726-n0212a,24:EC:4A:C7:F5:3A,custom-11f9db6b38bd,371,2026-07-14T12:15:52.786000Z,1784031352786,85.54
session-1784031314726-n0212a,24:EC:4A:C7:F5:3A,custom-11f9db6b38bd,372,2026-07-14T12:15:52.876000Z,1784031352876,85.56
session-1784031314726-n0212a,24:EC:4A:C7:F5:3A,custom-11f9db6b38bd,373,2026-07-14T12:15:53.011000Z,1784031353011,85.5
session-1784031314726-n0212a,24:EC:4A:C7:F5:3A,custom-11f9db6b38bd,374,2026-07-14T12:15:53.055000Z,1784031353055,85.54
session-1784031314726-n0212a,24:EC:4A:C7:F5:3A,custom-11f9db6b38bd,375,2026-07-14T12:15:53.208000Z,1784031353208,86.38
session-1784031314726-n0212a,24:EC:4A:C7:F5:3A,custom-11f9db6b38bd,376,2026-07-14T12:15:53.282000Z,1784031353282,86.38
session-1784031314726-n0212a,24:EC:4A:C7:F5:3A,custom-11f9db6b38bd,377,2026-07-14T12:15:53.417000Z,1784031353417,85.92
session-1784031314726-n0212a,24:EC:4A:C7:F5:3A,custom-11f9db6b38bd,378,2026-07-14T12:15:53.495000Z,1784031353495,85.52
session-1784031314726-n0212a,24:EC:4A:C7:F5:3A,custom-11f9db6b38bd,379,2026-07-14T12:15:53.567000Z,1784031353567,85.16
session-1784031314726-n0212a,24:EC:4A:C7:F5:3A,custom-11f9db6b38bd,380,2026-07-14T12:15:53.715000Z,1784031353715,85.64
session-1784031314726-n0212a,24:EC:4A:C7:F5:3A,custom-11f9db6b38bd,381,2026-07-14T12:15:53.778000Z,1784031353778,85.64
session-1784031314726-n0212a,24:EC:4A:C7:F5:3A,custom-11f9db6b38bd,382,2026-07-14T12:15:53.868000Z,1784031353868,85.59
session-1784031314726-n0212a,24:EC:4A:C7:F5:3A,custom-11f9db6b38bd,383,2026-07-14T12:15:53.959000Z,1784031353959,85.63
session-1784031314726-n0212a,24:EC:4A:C7:F5:3A,custom-11f9db6b38bd,384,2026-07-14T12:15:54.093000Z,1784031354093,85.73
session-1784031314726-n0212a,24:EC:4A:C7:F5:3A,custom-11f9db6b38bd,385,2026-07-14T12:15:54.188000Z,1784031354188,85.61
session-1784031314726-n0212a,24:EC:4A:C7:F5:3A,custom-11f9db6b38bd,386,2026-07-14T12:15:54.272000Z,1784031354272,85.56
session-1784031314726-n0212a,24:EC:4A:C7:F5:3A,custom-11f9db6b38bd,387,2026-07-14T12:15:54.363000Z,1784031354363,85.57
session-1784031314726-n0212a,24:EC:4A:C7:F5:3A,custom-11f9db6b38bd,388,2026-07-14T12:15:54.458000Z,1784031354458,85.57
session-1784031314726-n0212a,24:EC:4A:C7:F5:3A,custom-11f9db6b38bd,389,2026-07-14T12:15:54.615000Z,1784031354615,85.52
session-1784031314726-n0212a,24:EC:4A:C7:F5:3A,custom-11f9db6b38bd,390,2026-07-14T12:15:54.688000Z,1784031354688,85.54
session-1784031314726-n0212a,24:EC:4A:C7:F5:3A,custom-11f9db6b38bd,391,2026-07-14T12:15:54.779000Z,1784031354779,85.57
session-1784031314726-n0212a,24:EC:4A:C7:F5:3A,custom-11f9db6b38bd,392,2026-07-14T12:15:54.857000Z,1784031354857,85.52
session-1784031314726-n0212a,24:EC:4A:C7:F5:3A,custom-11f9db6b38bd,393,2026-07-14T12:15:55.008000Z,1784031355008,85.57
session-1784031314726-n0212a,24:EC:4A:C7:F5:3A,custom-11f9db6b38bd,394,2026-07-14T12:15:55.085000Z,1784031355085,85.5
session-1784031314726-n0212a,24:EC:4A:C7:F5:3A,custom-11f9db6b38bd,395,2026-07-14T12:15:55.173000Z,1784031355173,85.54
session-1784031314726-n0212a,24:EC:4A:C7:F5:3A,custom-11f9db6b38bd,396,2026-07-14T12:15:55.263000Z,1784031355263,85.5
session-1784031314726-n0212a,24:EC:4A:C7:F5:3A,custom-11f9db6b38bd,397,2026-07-14T12:15:55.355000Z,1784031355355,85.49
session-1784031314726-n0212a,24:EC:4A:C7:F5:3A,custom-11f9db6b38bd,398,2026-07-14T12:15:55.499000Z,1784031355499,85.49
session-1784031314726-n0212a,24:EC:4A:C7:F5:3A,custom-11f9db6b38bd,399,2026-07-14T12:15:55.580000Z,1784031355580,85.49
session-1784031314726-n0212a,24:EC:4A:C7:F5:3A,custom-11f9db6b38bd,400,2026-07-14T12:15:55.669000Z,1784031355669,85.52
session-1784031314726-n0212a,24:EC:4A:C7:F5:3A,custom-11f9db6b38bd,401,2026-07-14T12:15:55.764000Z,1784031355764,85.5
session-1784031314726-n0212a,24:EC:4A:C7:F5:3A,custom-11f9db6b38bd,402,2026-07-14T12:15:55.918000Z,1784031355918,85.47
session-1784031314726-n0212a,24:EC:4A:C7:F5:3A,custom-11f9db6b38bd,403,2026-07-14T12:15:55.985000Z,1784031355985,85.54
session-1784031314726-n0212a,24:EC:4A:C7:F5:3A,custom-11f9db6b38bd,404,2026-07-14T12:15:56.078000Z,1784031356078,85.52
session-1784031314726-n0212a,24:EC:4A:C7:F5:3A,custom-11f9db6b38bd,405,2026-07-14T12:15:56.162000Z,1784031356162,85.49
session-1784031314726-n0212a,24:EC:4A:C7:F5:3A,custom-11f9db6b38bd,406,2026-07-14T12:15:56.253000Z,1784031356253,85.52
session-1784031314726-n0212a,24:EC:4A:C7:F5:3A,custom-11f9db6b38bd,407,2026-07-14T12:15:56.388000Z,1784031356388,85.52
session-1784031314726-n0212a,24:EC:4A:C7:F5:3A,custom-11f9db6b38bd,408,2026-07-14T12:15:56.479000Z,1784031356479,85.52
session-1784031314726-n0212a,24:EC:4A:C7:F5:3A,custom-11f9db6b38bd,409,2026-07-14T12:15:56.569000Z,1784031356569,85.5
session-1784031314726-n0212a,24:EC:4A:C7:F5:3A,custom-11f9db6b38bd,410,2026-07-14T12:15:56.720000Z,1784031356720,85.47
session-1784031314726-n0212a,24:EC:4A:C7:F5:3A,custom-11f9db6b38bd,411,2026-07-14T12:15:56.795000Z,1784031356795,85.54
session-1784031314726-n0212a,24:EC:4A:C7:F5:3A,custom-11f9db6b38bd,412,2026-07-14T12:15:56.888000Z,1784031356888,85.5
session-1784031314726-n0212a,24:EC:4A:C7:F5:3A,custom-11f9db6b38bd,413,2026-07-14T12:15:56.973000Z,1784031356973,85.49
session-1784031314726-n0212a,24:EC:4A:C7:F5:3A,custom-11f9db6b38bd,414,2026-07-14T12:15:57.063000Z,1784031357063,85.54
session-1784031314726-n0212a,24:EC:4A:C7:F5:3A,custom-11f9db6b38bd,415,2026-07-14T12:15:57.167000Z,1784031357167,85.5
session-1784031314726-n0212a,24:EC:4A:C7:F5:3A,custom-11f9db6b38bd,416,2026-07-14T12:15:57.319000Z,1784031357319,85.49
session-1784031314726-n0212a,24:EC:4A:C7:F5:3A,custom-11f9db6b38bd,417,2026-07-14T12:15:57.378000Z,1784031357378,85.54
session-1784031314726-n0212a,24:EC:4A:C7:F5:3A,custom-11f9db6b38bd,418,2026-07-14T12:15:57.482000Z,1784031357482,85.52
session-1784031314726-n0212a,24:EC:4A:C7:F5:3A,custom-11f9db6b38bd,419,2026-07-14T12:15:57.557000Z,1784031357557,85.5
session-1784031314726-n0212a,24:EC:4A:C7:F5:3A,custom-11f9db6b38bd,420,2026-07-14T12:15:57.708000Z,1784031357708,85.5
session-1784031314726-n0212a,24:EC:4A:C7:F5:3A,custom-11f9db6b38bd,421,2026-07-14T12:15:57.784000Z,1784031357784,85.5
session-1784031314726-n0212a,24:EC:4A:C7:F5:3A,custom-11f9db6b38bd,422,2026-07-14T12:15:57.875000Z,1784031357875,85.57
session-1784031314726-n0212a,24:EC:4A:C7:F5:3A,custom-11f9db6b38bd,423,2026-07-14T12:15:57.963000Z,1784031357963,85.54
session-1784031314726-n0212a,24:EC:4A:C7:F5:3A,custom-11f9db6b38bd,424,2026-07-14T12:15:58.052000Z,1784031358052,85.59
session-1784031314726-n0212a,24:EC:4A:C7:F5:3A,custom-11f9db6b38bd,425,2026-07-14T12:15:58.204000Z,1784031358204,85.59
session-1784031314726-n0212a,24:EC:4A:C7:F5:3A,custom-11f9db6b38bd,426,2026-07-14T12:15:58.338000Z,1784031358338,85.61
session-1784031314726-n0212a,24:EC:4A:C7:F5:3A,custom-11f9db6b38bd,427,2026-07-14T12:15:58.367000Z,1784031358367,85.54
session-1784031314726-n0212a,24:EC:4A:C7:F5:3A,custom-11f9db6b38bd,428,2026-07-14T12:15:58.457000Z,1784031358457,85.56
session-1784031314726-n0212a,24:EC:4A:C7:F5:3A,custom-11f9db6b38bd,429,2026-07-14T12:15:58.609000Z,1784031358609,85.52
session-1784031314726-n0212a,24:EC:4A:C7:F5:3A,custom-11f9db6b38bd,430,2026-07-14T12:15:58.683000Z,1784031358683,85.54
session-1784031314726-n0212a,24:EC:4A:C7:F5:3A,custom-11f9db6b38bd,431,2026-07-14T12:15:58.819000Z,1784031358819,85.54
session-1784031314726-n0212a,24:EC:4A:C7:F5:3A,custom-11f9db6b38bd,432,2026-07-14T12:15:58.865000Z,1784031358865,85.54
session-1784031314726-n0212a,24:EC:4A:C7:F5:3A,custom-11f9db6b38bd,433,2026-07-14T12:15:58.954000Z,1784031358954,85.52
session-1784031314726-n0212a,24:EC:4A:C7:F5:3A,custom-11f9db6b38bd,434,2026-07-14T12:15:59.087000Z,1784031359087,85.54
session-1784031314726-n0212a,24:EC:4A:C7:F5:3A,custom-11f9db6b38bd,435,2026-07-14T12:15:59.185000Z,1784031359185,85.5
session-1784031314726-n0212a,24:EC:4A:C7:F5:3A,custom-11f9db6b38bd,436,2026-07-14T12:15:59.271000Z,1784031359271,85.49
session-1784031314726-n0212a,24:EC:4A:C7:F5:3A,custom-11f9db6b38bd,437,2026-07-14T12:15:59.356000Z,1784031359356,85.54
session-1784031314726-n0212a,24:EC:4A:C7:F5:3A,custom-11f9db6b38bd,438,2026-07-14T12:15:59.507000Z,1784031359507,85.56
session-1784031314726-n0212a,24:EC:4A:C7:F5:3A,custom-11f9db6b38bd,439,2026-07-14T12:15:59.584000Z,1784031359584,85.57
session-1784031314726-n0212a,24:EC:4A:C7:F5:3A,custom-11f9db6b38bd,440,2026-07-14T12:15:59.672000Z,1784031359672,85.1
session-1784031314726-n0212a,24:EC:4A:C7:F5:3A,custom-11f9db6b38bd,441,2026-07-14T12:15:59.762000Z,1784031359762,85.09
session-1784031314726-n0212a,24:EC:4A:C7:F5:3A,custom-11f9db6b38bd,442,2026-07-14T12:15:59.853000Z,1784031359853,85.57
session-1784031314726-n0212a,24:EC:4A:C7:F5:3A,custom-11f9db6b38bd,443,2026-07-14T12:16:00.006000Z,1784031360006,85.09
session-1784031314726-n0212a,24:EC:4A:C7:F5:3A,custom-11f9db6b38bd,444,2026-07-14T12:16:00.080000Z,1784031360080,85.59
session-1784031314726-n0212a,24:EC:4A:C7:F5:3A,custom-11f9db6b38bd,445,2026-07-14T12:16:00.167000Z,1784031360167,85.54
session-1784031314726-n0212a,24:EC:4A:C7:F5:3A,custom-11f9db6b38bd,446,2026-07-14T12:16:00.263000Z,1784031360263,85.56
session-1784031314726-n0212a,24:EC:4A:C7:F5:3A,custom-11f9db6b38bd,447,2026-07-14T12:16:00.394000Z,1784031360394,85.5
session-1784031314726-n0212a,24:EC:4A:C7:F5:3A,custom-11f9db6b38bd,448,2026-07-14T12:16:00.484000Z,1784031360484,85.57
session-1784031314726-n0212a,24:EC:4A:C7:F5:3A,custom-11f9db6b38bd,449,2026-07-14T12:16:00.574000Z,1784031360574,85.52
session-1784031314726-n0212a,24:EC:4A:C7:F5:3A,custom-11f9db6b38bd,450,2026-07-14T12:16:00.662000Z,1784031360662,85.94
session-1784031314726-n0212a,24:EC:4A:C7:F5:3A,custom-11f9db6b38bd,451,2026-07-14T12:16:00.752000Z,1784031360752,85.52
session-1784031314726-n0212a,24:EC:4A:C7:F5:3A,custom-11f9db6b38bd,452,2026-07-14T12:16:00.902000Z,1784031360902,85.61
session-1784031314726-n0212a,24:EC:4A:C7:F5:3A,custom-11f9db6b38bd,453,2026-07-14T12:16:00.995000Z,1784031360995,85.63
session-1784031314726-n0212a,24:EC:4A:C7:F5:3A,custom-11f9db6b38bd,454,2026-07-14T12:16:01.068000Z,1784031361068,85.14
session-1784031314726-n0212a,24:EC:4A:C7:F5:3A,custom-11f9db6b38bd,455,2026-07-14T12:16:01.158000Z,1784031361158,85.61
session-1784031314726-n0212a,24:EC:4A:C7:F5:3A,custom-11f9db6b38bd,456,2026-07-14T12:16:01.293000Z,1784031361293,86.03
session-1784031314726-n0212a,24:EC:4A:C7:F5:3A,custom-11f9db6b38bd,457,2026-07-14T12:16:01.383000Z,1784031361383,85.99
session-1784031314726-n0212a,24:EC:4A:C7:F5:3A,custom-11f9db6b38bd,458,2026-07-14T12:16:01.474000Z,1784031361474,85.56
session-1784031314726-n0212a,24:EC:4A:C7:F5:3A,custom-11f9db6b38bd,459,2026-07-14T12:16:01.564000Z,1784031361564,85.57
session-1784031314726-n0212a,24:EC:4A:C7:F5:3A,custom-11f9db6b38bd,460,2026-07-14T12:16:01.653000Z,1784031361653,85.57
session-1784031314726-n0212a,24:EC:4A:C7:F5:3A,custom-11f9db6b38bd,461,2026-07-14T12:16:01.817000Z,1784031361817,85.05
session-1784031314726-n0212a,24:EC:4A:C7:F5:3A,custom-11f9db6b38bd,462,2026-07-14T12:16:01.881000Z,1784031361881,85.52
session-1784031314726-n0212a,24:EC:4A:C7:F5:3A,custom-11f9db6b38bd,463,2026-07-14T12:16:01.974000Z,1784031361974,85.49
session-1784031314726-n0212a,24:EC:4A:C7:F5:3A,custom-11f9db6b38bd,464,2026-07-14T12:16:02.062000Z,1784031362062,85.56
session-1784031314726-n0212a,24:EC:4A:C7:F5:3A,custom-11f9db6b38bd,465,2026-07-14T12:16:02.208000Z,1784031362208,85.05
session-1784031314726-n0212a,24:EC:4A:C7:F5:3A,custom-11f9db6b38bd,466,2026-07-14T12:16:02.282000Z,1784031362282,85.5
session-1784031314726-n0212a,24:EC:4A:C7:F5:3A,custom-11f9db6b38bd,467,2026-07-14T12:16:02.374000Z,1784031362374,85.47
session-1784031314726-n0212a,24:EC:4A:C7:F5:3A,custom-11f9db6b38bd,468,2026-07-14T12:16:02.464000Z,1784031362464,85.09
session-1784031314726-n0212a,24:EC:4A:C7:F5:3A,custom-11f9db6b38bd,469,2026-07-14T12:16:02.553000Z,1784031362553,85.07
session-1784031314726-n0212a,24:EC:4A:C7:F5:3A,custom-11f9db6b38bd,470,2026-07-14T12:16:02.703000Z,1784031362703,85.54
session-1784031314726-n0212a,24:EC:4A:C7:F5:3A,custom-11f9db6b38bd,471,2026-07-14T12:16:02.778000Z,1784031362778,84.96
session-1784031314726-n0212a,24:EC:4A:C7:F5:3A,custom-11f9db6b38bd,472,2026-07-14T12:16:02.868000Z,1784031362868,85.52
session-1784031314726-n0212a,24:EC:4A:C7:F5:3A,custom-11f9db6b38bd,473,2026-07-14T12:16:02.957000Z,1784031362957,85.52
session-1784031314726-n0212a,24:EC:4A:C7:F5:3A,custom-11f9db6b38bd,474,2026-07-14T12:16:03.094000Z,1784031363094,85.03
session-1784031314726-n0212a,24:EC:4A:C7:F5:3A,custom-11f9db6b38bd,475,2026-07-14T12:16:03.190000Z,1784031363190,85.05
session-1784031314726-n0212a,24:EC:4A:C7:F5:3A,custom-11f9db6b38bd,476,2026-07-14T12:16:03.283000Z,1784031363283,85.07
session-1784031314726-n0212a,24:EC:4A:C7:F5:3A,custom-11f9db6b38bd,477,2026-07-14T12:16:03.362000Z,1784031363362,84.98
session-1784031314726-n0212a,24:EC:4A:C7:F5:3A,custom-11f9db6b38bd,478,2026-07-14T12:16:03.452000Z,1784031363452,84.93
session-1784031314726-n0212a,24:EC:4A:C7:F5:3A,custom-11f9db6b38bd,479,2026-07-14T12:16:03.602000Z,1784031363602,85.5
session-1784031314726-n0212a,24:EC:4A:C7:F5:3A,custom-11f9db6b38bd,480,2026-07-14T12:16:03.678000Z,1784031363678,85.47
session-1784031314726-n0212a,24:EC:4A:C7:F5:3A,custom-11f9db6b38bd,481,2026-07-14T12:16:03.767000Z,1784031363767,85.52
session-1784031314726-n0212a,24:EC:4A:C7:F5:3A,custom-11f9db6b38bd,482,2026-07-14T12:16:03.859000Z,1784031363859,85.52
session-1784031314726-n0212a,24:EC:4A:C7:F5:3A,custom-11f9db6b38bd,483,2026-07-14T12:16:03.993000Z,1784031363993,85.05
session-1784031314726-n0212a,24:EC:4A:C7:F5:3A,custom-11f9db6b38bd,484,2026-07-14T12:16:04.083000Z,1784031364083,85.09
session-1784031314726-n0212a,24:EC:4A:C7:F5:3A,custom-11f9db6b38bd,485,2026-07-14T12:16:04.234000Z,1784031364234,85.03
session-1784031314726-n0212a,24:EC:4A:C7:F5:3A,custom-11f9db6b38bd,486,2026-07-14T12:16:04.324000Z,1784031364324,85.02
session-1784031314726-n0212a,24:EC:4A:C7:F5:3A,custom-11f9db6b38bd,487,2026-07-14T12:16:04.359000Z,1784031364359,85.47
session-1784031314726-n0212a,24:EC:4A:C7:F5:3A,custom-11f9db6b38bd,488,2026-07-14T12:16:04.511000Z,1784031364511,85.54
session-1784031314726-n0212a,24:EC:4A:C7:F5:3A,custom-11f9db6b38bd,489,2026-07-14T12:16:04.584000Z,1784031364584,85.5
session-1784031314726-n0212a,24:EC:4A:C7:F5:3A,custom-11f9db6b38bd,490,2026-07-14T12:16:04.669000Z,1784031364669,85.49
session-1784031314726-n0212a,24:EC:4A:C7:F5:3A,custom-11f9db6b38bd,491,2026-07-14T12:16:04.761000Z,1784031364761,85.07
session-1784031314726-n0212a,24:EC:4A:C7:F5:3A,custom-11f9db6b38bd,492,2026-07-14T12:16:04.916000Z,1784031364916,85.09
session-1784031314726-n0212a,24:EC:4A:C7:F5:3A,custom-11f9db6b38bd,493,2026-07-14T12:16:05.032000Z,1784031365032,85.49
session-1784031314726-n0212a,24:EC:4A:C7:F5:3A,custom-11f9db6b38bd,494,2026-07-14T12:16:05.086000Z,1784031365086,85.5
session-1784031314726-n0212a,24:EC:4A:C7:F5:3A,custom-11f9db6b38bd,495,2026-07-14T12:16:05.167000Z,1784031365167,85.49
session-1784031314726-n0212a,24:EC:4A:C7:F5:3A,custom-11f9db6b38bd,496,2026-07-14T12:16:05.254000Z,1784031365254,85.09
session-1784031314726-n0212a,24:EC:4A:C7:F5:3A,custom-11f9db6b38bd,497,2026-07-14T12:16:05.389000Z,1784031365389,85.09
session-1784031314726-n0212a,24:EC:4A:C7:F5:3A,custom-11f9db6b38bd,498,2026-07-14T12:16:05.478000Z,1784031365478,85.09
session-1784031314726-n0212a,24:EC:4A:C7:F5:3A,custom-11f9db6b38bd,499,2026-07-14T12:16:05.569000Z,1784031365569,85.07
session-1784031314726-n0212a,24:EC:4A:C7:F5:3A,custom-11f9db6b38bd,500,2026-07-14T12:16:05.722000Z,1784031365722,85.52
session-1784031314726-n0212a,24:EC:4A:C7:F5:3A,custom-11f9db6b38bd,501,2026-07-14T12:16:05.796000Z,1784031365796,85.47
session-1784031314726-n0212a,24:EC:4A:C7:F5:3A,custom-11f9db6b38bd,502,2026-07-14T12:16:05.884000Z,1784031365884,85.54
session-1784031314726-n0212a,24:EC:4A:C7:F5:3A,custom-11f9db6b38bd,503,2026-07-14T12:16:06.037000Z,1784031366037,85.09
session-1784031314726-n0212a,24:EC:4A:C7:F5:3A,custom-11f9db6b38bd,504,2026-07-14T12:16:06.161000Z,1784031366161,85.57
session-1784031314726-n0212a,24:EC:4A:C7:F5:3A,custom-11f9db6b38bd,505,2026-07-14T12:16:06.161000Z,1784031366161,85.52
session-1784031314726-n0212a,24:EC:4A:C7:F5:3A,custom-11f9db6b38bd,506,2026-07-14T12:16:06.316000Z,1784031366316,85.57
session-1784031314726-n0212a,24:EC:4A:C7:F5:3A,custom-11f9db6b38bd,507,2026-07-14T12:16:06.383000Z,1784031366383,85.54
session-1784031314726-n0212a,24:EC:4A:C7:F5:3A,custom-11f9db6b38bd,508,2026-07-14T12:16:06.467000Z,1784031366467,85.47
session-1784031314726-n0212a,24:EC:4A:C7:F5:3A,custom-11f9db6b38bd,509,2026-07-14T12:16:06.557000Z,1784031366557,85.56
session-1784031314726-n0212a,24:EC:4A:C7:F5:3A,custom-11f9db6b38bd,510,2026-07-14T12:16:06.708000Z,1784031366708,85.07
session-1784031314726-n0212a,24:EC:4A:C7:F5:3A,custom-11f9db6b38bd,511,2026-07-14T12:16:06.783000Z,1784031366783,85.54
session-1784031314726-n0212a,24:EC:4A:C7:F5:3A,custom-11f9db6b38bd,512,2026-07-14T12:16:06.873000Z,1784031366873,85.47
session-1784031314726-n0212a,24:EC:4A:C7:F5:3A,custom-11f9db6b38bd,513,2026-07-14T12:16:06.965000Z,1784031366965,85.54
session-1784031314726-n0212a,24:EC:4A:C7:F5:3A,custom-11f9db6b38bd,514,2026-07-14T12:16:07.054000Z,1784031367054,85.52
session-1784031314726-n0212a,24:EC:4A:C7:F5:3A,custom-11f9db6b38bd,515,2026-07-14T12:16:07.209000Z,1784031367209,85.92
session-1784031314726-n0212a,24:EC:4A:C7:F5:3A,custom-11f9db6b38bd,516,2026-07-14T12:16:07.283000Z,1784031367283,85.96
session-1784031314726-n0212a,24:EC:4A:C7:F5:3A,custom-11f9db6b38bd,517,2026-07-14T12:16:07.368000Z,1784031367368,85.49
session-1784031314726-n0212a,24:EC:4A:C7:F5:3A,custom-11f9db6b38bd,518,2026-07-14T12:16:07.457000Z,1784031367457,85.54
session-1784031314726-n0212a,24:EC:4A:C7:F5:3A,custom-11f9db6b38bd,519,2026-07-14T12:16:07.610000Z,1784031367610,85.5
session-1784031314726-n0212a,24:EC:4A:C7:F5:3A,custom-11f9db6b38bd,520,2026-07-14T12:16:07.685000Z,1784031367685,85.49
session-1784031314726-n0212a,24:EC:4A:C7:F5:3A,custom-11f9db6b38bd,521,2026-07-14T12:16:07.772000Z,1784031367772,85.54
session-1784031314726-n0212a,24:EC:4A:C7:F5:3A,custom-11f9db6b38bd,522,2026-07-14T12:16:07.864000Z,1784031367864,85.52
session-1784031314726-n0212a,24:EC:4A:C7:F5:3A,custom-11f9db6b38bd,523,2026-07-14T12:16:07.953000Z,1784031367953,85.5
session-1784031314726-n0212a,24:EC:4A:C7:F5:3A,custom-11f9db6b38bd,524,2026-07-14T12:16:08.086000Z,1784031368086,85.47
session-1784031314726-n0212a,24:EC:4A:C7:F5:3A,custom-11f9db6b38bd,525,2026-07-14T12:16:08.182000Z,1784031368182,85.47
session-1784031314726-n0212a,24:EC:4A:C7:F5:3A,custom-11f9db6b38bd,526,2026-07-14T12:16:08.267000Z,1784031368267,85.49
session-1784031314726-n0212a,24:EC:4A:C7:F5:3A,custom-11f9db6b38bd,527,2026-07-14T12:16:08.355000Z,1784031368355,85.49
session-1784031314726-n0212a,24:EC:4A:C7:F5:3A,custom-11f9db6b38bd,528,2026-07-14T12:16:08.506000Z,1784031368506,85.56
session-1784031314726-n0212a,24:EC:4A:C7:F5:3A,custom-11f9db6b38bd,529,2026-07-14T12:16:08.581000Z,1784031368581,85.49
session-1784031314726-n0212a,24:EC:4A:C7:F5:3A,custom-11f9db6b38bd,530,2026-07-14T12:16:08.671000Z,1784031368671,85.47
session-1784031314726-n0212a,24:EC:4A:C7:F5:3A,custom-11f9db6b38bd,531,2026-07-14T12:16:08.765000Z,1784031368765,85.54
session-1784031314726-n0212a,24:EC:4A:C7:F5:3A,custom-11f9db6b38bd,532,2026-07-14T12:16:08.852000Z,1784031368852,85.52
session-1784031314726-n0212a,24:EC:4A:C7:F5:3A,custom-11f9db6b38bd,533,2026-07-14T12:16:09.014000Z,1784031369014,85.49
session-1784031314726-n0212a,24:EC:4A:C7:F5:3A,custom-11f9db6b38bd,534,2026-07-14T12:16:09.123000Z,1784031369123,85.54
session-1784031314726-n0212a,24:EC:4A:C7:F5:3A,custom-11f9db6b38bd,535,2026-07-14T12:16:09.167000Z,1784031369167,85.52
session-1784031314726-n0212a,24:EC:4A:C7:F5:3A,custom-11f9db6b38bd,536,2026-07-14T12:16:09.303000Z,1784031369303,85.5
session-1784031314726-n0212a,24:EC:4A:C7:F5:3A,custom-11f9db6b38bd,537,2026-07-14T12:16:09.393000Z,1784031369393,85.5
session-1784031314726-n0212a,24:EC:4A:C7:F5:3A,custom-11f9db6b38bd,538,2026-07-14T12:16:09.528000Z,1784031369528,85.47
session-1784031314726-n0212a,24:EC:4A:C7:F5:3A,custom-11f9db6b38bd,539,2026-07-14T12:16:09.573000Z,1784031369573,85.54
session-1784031314726-n0212a,24:EC:4A:C7:F5:3A,custom-11f9db6b38bd,540,2026-07-14T12:16:09.663000Z,1784031369663,85.5
session-1784031314726-n0212a,24:EC:4A:C7:F5:3A,custom-11f9db6b38bd,541,2026-07-14T12:16:09.760000Z,1784031369760,85.49
session-1784031314726-n0212a,24:EC:4A:C7:F5:3A,custom-11f9db6b38bd,542,2026-07-14T12:16:09.909000Z,1784031369909,85.54
session-1784031314726-n0212a,24:EC:4A:C7:F5:3A,custom-11f9db6b38bd,543,2026-07-14T12:16:09.980000Z,1784031369980,85.5
session-1784031314726-n0212a,24:EC:4A:C7:F5:3A,custom-11f9db6b38bd,544,2026-07-14T12:16:10.067000Z,1784031370067,85.5
session-1784031314726-n0212a,24:EC:4A:C7:F5:3A,custom-11f9db6b38bd,545,2026-07-14T12:16:10.220000Z,1784031370220,85.49
session-1784031314726-n0212a,24:EC:4A:C7:F5:3A,custom-11f9db6b38bd,546,2026-07-14T12:16:10.293000Z,1784031370293,85.5
session-1784031314726-n0212a,24:EC:4A:C7:F5:3A,custom-11f9db6b38bd,547,2026-07-14T12:16:10.382000Z,1784031370382,85.49
session-1784031314726-n0212a,24:EC:4A:C7:F5:3A,custom-11f9db6b38bd,548,2026-07-14T12:16:10.473000Z,1784031370473,85.49
session-1784031314726-n0212a,24:EC:4A:C7:F5:3A,custom-11f9db6b38bd,549,2026-07-14T12:16:10.564000Z,1784031370564,85.49
session-1784031314726-n0212a,24:EC:4A:C7:F5:3A,custom-11f9db6b38bd,550,2026-07-14T12:16:10.653000Z,1784031370653,85.54
session-1784031314726-n0212a,24:EC:4A:C7:F5:3A,custom-11f9db6b38bd,551,2026-07-14T12:16:10.817000Z,1784031370817,85.5
session-1784031314726-n0212a,24:EC:4A:C7:F5:3A,custom-11f9db6b38bd,552,2026-07-14T12:16:10.878000Z,1784031370878,85.47
session-1784031314726-n0212a,24:EC:4A:C7:F5:3A,custom-11f9db6b38bd,553,2026-07-14T12:16:10.967000Z,1784031370967,85.54
session-1784031314726-n0212a,24:EC:4A:C7:F5:3A,custom-11f9db6b38bd,554,2026-07-14T12:16:11.055000Z,1784031371055,85.52
session-1784031314726-n0212a,24:EC:4A:C7:F5:3A,custom-11f9db6b38bd,555,2026-07-14T12:16:11.209000Z,1784031371209,85.5
session-1784031314726-n0212a,24:EC:4A:C7:F5:3A,custom-11f9db6b38bd,556,2026-07-14T12:16:11.284000Z,1784031371284,85.49
session-1784031314726-n0212a,24:EC:4A:C7:F5:3A,custom-11f9db6b38bd,557,2026-07-14T12:16:11.373000Z,1784031371373,85.47
session-1784031314726-n0212a,24:EC:4A:C7:F5:3A,custom-11f9db6b38bd,558,2026-07-14T12:16:11.463000Z,1784031371463,85.5
session-1784031314726-n0212a,24:EC:4A:C7:F5:3A,custom-11f9db6b38bd,559,2026-07-14T12:16:11.565000Z,1784031371565,85.49
session-1784031314726-n0212a,24:EC:4A:C7:F5:3A,custom-11f9db6b38bd,560,2026-07-14T12:16:11.711000Z,1784031371711,85.09
session-1784031314726-n0212a,24:EC:4A:C7:F5:3A,custom-11f9db6b38bd,561,2026-07-14T12:16:11.778000Z,1784031371778,85.56
session-1784031314726-n0212a,24:EC:4A:C7:F5:3A,custom-11f9db6b38bd,562,2026-07-14T12:16:11.868000Z,1784031371868,85.54
session-1784031314726-n0212a,24:EC:4A:C7:F5:3A,custom-11f9db6b38bd,563,2026-07-14T12:16:12.004000Z,1784031372004,85.07
session-1784031314726-n0212a,24:EC:4A:C7:F5:3A,custom-11f9db6b38bd,564,2026-07-14T12:16:12.093000Z,1784031372093,85.54
session-1784031314726-n0212a,24:EC:4A:C7:F5:3A,custom-11f9db6b38bd,565,2026-07-14T12:16:12.193000Z,1784031372193,85.49
session-1784031314726-n0212a,24:EC:4A:C7:F5:3A,custom-11f9db6b38bd,566,2026-07-14T12:16:12.282000Z,1784031372282,85.52
session-1784031314726-n0212a,24:EC:4A:C7:F5:3A,custom-11f9db6b38bd,567,2026-07-14T12:16:12.370000Z,1784031372370,85.52
session-1784031314726-n0212a,24:EC:4A:C7:F5:3A,custom-11f9db6b38bd,568,2026-07-14T12:16:12.453000Z,1784031372453,85.52
session-1784031314726-n0212a,24:EC:4A:C7:F5:3A,custom-11f9db6b38bd,569,2026-07-14T12:16:12.620000Z,1784031372620,85.5
session-1784031314726-n0212a,24:EC:4A:C7:F5:3A,custom-11f9db6b38bd,570,2026-07-14T12:16:12.680000Z,1784031372680,85.47
session-1784031314726-n0212a,24:EC:4A:C7:F5:3A,custom-11f9db6b38bd,571,2026-07-14T12:16:12.771000Z,1784031372771,85.54
session-1784031314726-n0212a,24:EC:4A:C7:F5:3A,custom-11f9db6b38bd,572,2026-07-14T12:16:12.903000Z,1784031372903,85.5
session-1784031314726-n0212a,24:EC:4A:C7:F5:3A,custom-11f9db6b38bd,573,2026-07-14T12:16:12.994000Z,1784031372994,85.49
session-1784031314726-n0212a,24:EC:4A:C7:F5:3A,custom-11f9db6b38bd,574,2026-07-14T12:16:13.129000Z,1784031373129,85.54
session-1784031314726-n0212a,24:EC:4A:C7:F5:3A,custom-11f9db6b38bd,575,2026-07-14T12:16:13.173000Z,1784031373173,85.5
session-1784031314726-n0212a,24:EC:4A:C7:F5:3A,custom-11f9db6b38bd,576,2026-07-14T12:16:13.264000Z,1784031373264,85.5
session-1784031314726-n0212a,24:EC:4A:C7:F5:3A,custom-11f9db6b38bd,577,2026-07-14T12:16:13.354000Z,1784031373354,85.49
session-1784031314726-n0212a,24:EC:4A:C7:F5:3A,custom-11f9db6b38bd,578,2026-07-14T12:16:13.503000Z,1784031373503,85.49
session-1784031314726-n0212a,24:EC:4A:C7:F5:3A,custom-11f9db6b38bd,579,2026-07-14T12:16:13.577000Z,1784031373577,85.49
session-1784031314726-n0212a,24:EC:4A:C7:F5:3A,custom-11f9db6b38bd,580,2026-07-14T12:16:13.676000Z,1784031373676,85.49
session-1784031314726-n0212a,24:EC:4A:C7:F5:3A,custom-11f9db6b38bd,581,2026-07-14T12:16:13.761000Z,1784031373761,85.49
session-1784031314726-n0212a,24:EC:4A:C7:F5:3A,custom-11f9db6b38bd,582,2026-07-14T12:16:13.892000Z,1784031373892,85.54
session-1784031314726-n0212a,24:EC:4A:C7:F5:3A,custom-11f9db6b38bd,583,2026-07-14T12:16:13.985000Z,1784031373985,85.49
session-1784031314726-n0212a,24:EC:4A:C7:F5:3A,custom-11f9db6b38bd,584,2026-07-14T12:16:14.075000Z,1784031374075,85.91
session-1784031314726-n0212a,24:EC:4A:C7:F5:3A,custom-11f9db6b38bd,585,2026-07-14T12:16:14.163000Z,1784031374163,85.96
session-1784031314726-n0212a,24:EC:4A:C7:F5:3A,custom-11f9db6b38bd,586,2026-07-14T12:16:14.252000Z,1784031374252,85.94
session-1784031314726-n0212a,24:EC:4A:C7:F5:3A,custom-11f9db6b38bd,587,2026-07-14T12:16:14.388000Z,1784031374388,85.5
session-1784031314726-n0212a,24:EC:4A:C7:F5:3A,custom-11f9db6b38bd,588,2026-07-14T12:16:14.478000Z,1784031374478,85.47
session-1784031314726-n0212a,24:EC:4A:C7:F5:3A,custom-11f9db6b38bd,589,2026-07-14T12:16:14.568000Z,1784031374568,85.47
session-1784031314726-n0212a,24:EC:4A:C7:F5:3A,custom-11f9db6b38bd,590,2026-07-14T12:16:14.657000Z,1784031374657,85.5
session-1784031314726-n0212a,24:EC:4A:C7:F5:3A,custom-11f9db6b38bd,591,2026-07-14T12:16:14.808000Z,1784031374808,85.49
session-1784031314726-n0212a,24:EC:4A:C7:F5:3A,custom-11f9db6b38bd,592,2026-07-14T12:16:14.932000Z,1784031374932,85.54
session-1784031314726-n0212a,24:EC:4A:C7:F5:3A,custom-11f9db6b38bd,593,2026-07-14T12:16:15.020000Z,1784031375020,85.5
session-1784031314726-n0212a,24:EC:4A:C7:F5:3A,custom-11f9db6b38bd,594,2026-07-14T12:16:15.064000Z,1784031375064,85.47
session-1784031314726-n0212a,24:EC:4A:C7:F5:3A,custom-11f9db6b38bd,595,2026-07-14T12:16:15.153000Z,1784031375153,85.54
session-1784031314726-n0212a,24:EC:4A:C7:F5:3A,custom-11f9db6b38bd,596,2026-07-14T12:16:15.287000Z,1784031375287,85.52
session-1784031314726-n0212a,24:EC:4A:C7:F5:3A,custom-11f9db6b38bd,597,2026-07-14T12:16:15.380000Z,1784031375380,85.49
session-1784031314726-n0212a,24:EC:4A:C7:F5:3A,custom-11f9db6b38bd,598,2026-07-14T12:16:15.468000Z,1784031375468,85.54
session-1784031314726-n0212a,24:EC:4A:C7:F5:3A,custom-11f9db6b38bd,599,2026-07-14T12:16:15.559000Z,1784031375559,85.52
session-1784031314726-n0212a,24:EC:4A:C7:F5:3A,custom-11f9db6b38bd,600,2026-07-14T12:16:15.714000Z,1784031375714,85.52
session-1784031314726-n0212a,24:EC:4A:C7:F5:3A,custom-11f9db6b38bd,601,2026-07-14T12:16:15.782000Z,1784031375782,85.47
session-1784031314726-n0212a,24:EC:4A:C7:F5:3A,custom-11f9db6b38bd,602,2026-07-14T12:16:15.874000Z,1784031375874,85.47
session-1784031314726-n0212a,24:EC:4A:C7:F5:3A,custom-11f9db6b38bd,603,2026-07-14T12:16:15.963000Z,1784031375963,85.09
session-1784031314726-n0212a,24:EC:4A:C7:F5:3A,custom-11f9db6b38bd,604,2026-07-14T12:16:16.052000Z,1784031376052,85.09
session-1784031314726-n0212a,24:EC:4A:C7:F5:3A,custom-11f9db6b38bd,605,2026-07-14T12:16:16.208000Z,1784031376208,85.54
session-1784031314726-n0212a,24:EC:4A:C7:F5:3A,custom-11f9db6b38bd,606,2026-07-14T12:16:16.278000Z,1784031376278,85.49
session-1784031314726-n0212a,24:EC:4A:C7:F5:3A,custom-11f9db6b38bd,607,2026-07-14T12:16:16.367000Z,1784031376367,85.47
session-1784031314726-n0212a,24:EC:4A:C7:F5:3A,custom-11f9db6b38bd,608,2026-07-14T12:16:16.460000Z,1784031376460,85.54
session-1784031314726-n0212a,24:EC:4A:C7:F5:3A,custom-11f9db6b38bd,609,2026-07-14T12:16:16.593000Z,1784031376593,85.52
session-1784031314726-n0212a,24:EC:4A:C7:F5:3A,custom-11f9db6b38bd,610,2026-07-14T12:16:16.683000Z,1784031376683,85.5
session-1784031314726-n0212a,24:EC:4A:C7:F5:3A,custom-11f9db6b38bd,611,2026-07-14T12:16:16.779000Z,1784031376779,85.47
session-1784031314726-n0212a,24:EC:4A:C7:F5:3A,custom-11f9db6b38bd,612,2026-07-14T12:16:16.863000Z,1784031376863,85.49
session-1784031314726-n0212a,24:EC:4A:C7:F5:3A,custom-11f9db6b38bd,613,2026-07-14T12:16:16.954000Z,1784031376954,85.49
session-1784031314726-n0212a,24:EC:4A:C7:F5:3A,custom-11f9db6b38bd,614,2026-07-14T12:16:17.109000Z,1784031377109,85.56
session-1784031314726-n0212a,24:EC:4A:C7:F5:3A,custom-11f9db6b38bd,615,2026-07-14T12:16:17.224000Z,1784031377224,85.5
session-1784031314726-n0212a,24:EC:4A:C7:F5:3A,custom-11f9db6b38bd,616,2026-07-14T12:16:17.273000Z,1784031377273,85.47
session-1784031314726-n0212a,24:EC:4A:C7:F5:3A,custom-11f9db6b38bd,617,2026-07-14T12:16:17.358000Z,1784031377358,85.54
session-1784031314726-n0212a,24:EC:4A:C7:F5:3A,custom-11f9db6b38bd,618,2026-07-14T12:16:17.511000Z,1784031377511,85.52
session-1784031314726-n0212a,24:EC:4A:C7:F5:3A,custom-11f9db6b38bd,619,2026-07-14T12:16:17.583000Z,1784031377583,85.5
session-1784031314726-n0212a,24:EC:4A:C7:F5:3A,custom-11f9db6b38bd,620,2026-07-14T12:16:17.672000Z,1784031377672,85.47
session-1784031314726-n0212a,24:EC:4A:C7:F5:3A,custom-11f9db6b38bd,621,2026-07-14T12:16:17.769000Z,1784031377769,85.49
session-1784031314726-n0212a,24:EC:4A:C7:F5:3A,custom-11f9db6b38bd,622,2026-07-14T12:16:17.854000Z,1784031377854,85.5
session-1784031314726-n0212a,24:EC:4A:C7:F5:3A,custom-11f9db6b38bd,623,2026-07-14T12:16:18.005000Z,1784031378005,85.49
session-1784031314726-n0212a,24:EC:4A:C7:F5:3A,custom-11f9db6b38bd,624,2026-07-14T12:16:18.079000Z,1784031378079,85.42
session-1784031314726-n0212a,24:EC:4A:C7:F5:3A,custom-11f9db6b38bd,625,2026-07-14T12:16:18.168000Z,1784031378168,85.35
session-1784031314726-n0212a,24:EC:4A:C7:F5:3A,custom-11f9db6b38bd,626,2026-07-14T12:16:18.262000Z,1784031378262,85.38
session-1784031314726-n0212a,24:EC:4A:C7:F5:3A,custom-11f9db6b38bd,627,2026-07-14T12:16:18.417000Z,1784031378417,85.4
session-1784031314726-n0212a,24:EC:4A:C7:F5:3A,custom-11f9db6b38bd,628,2026-07-14T12:16:18.487000Z,1784031378487,85.54
session-1784031314726-n0212a,24:EC:4A:C7:F5:3A,custom-11f9db6b38bd,629,2026-07-14T12:16:18.573000Z,1784031378573,85.5
session-1784031314726-n0212a,24:EC:4A:C7:F5:3A,custom-11f9db6b38bd,630,2026-07-14T12:16:18.668000Z,1784031378668,85.5
session-1784031314726-n0212a,24:EC:4A:C7:F5:3A,custom-11f9db6b38bd,631,2026-07-14T12:16:18.755000Z,1784031378755,85.38
session-1784031314726-n0212a,24:EC:4A:C7:F5:3A,custom-11f9db6b38bd,632,2026-07-14T12:16:18.910000Z,1784031378910,85.38
session-1784031314726-n0212a,24:EC:4A:C7:F5:3A,custom-11f9db6b38bd,633,2026-07-14T12:16:18.978000Z,1784031378978,85.35
session-1784031314726-n0212a,24:EC:4A:C7:F5:3A,custom-11f9db6b38bd,634,2026-07-14T12:16:19.071000Z,1784031379071,85.38
session-1784031314726-n0212a,24:EC:4A:C7:F5:3A,custom-11f9db6b38bd,635,2026-07-14T12:16:19.158000Z,1784031379158,85.4
session-1784031314726-n0212a,24:EC:4A:C7:F5:3A,custom-11f9db6b38bd,636,2026-07-14T12:16:19.292000Z,1784031379292,85.37
session-1784031314726-n0212a,24:EC:4A:C7:F5:3A,custom-11f9db6b38bd,637,2026-07-14T12:16:19.384000Z,1784031379384,85.44
session-1784031314726-n0212a,24:EC:4A:C7:F5:3A,custom-11f9db6b38bd,638,2026-07-14T12:16:19.475000Z,1784031379475,85.37
session-1784031314726-n0212a,24:EC:4A:C7:F5:3A,custom-11f9db6b38bd,639,2026-07-14T12:16:19.563000Z,1784031379563,85.42
session-1784031314726-n0212a,24:EC:4A:C7:F5:3A,custom-11f9db6b38bd,640,2026-07-14T12:16:19.654000Z,1784031379654,85.42
session-1784031314726-n0212a,24:EC:4A:C7:F5:3A,custom-11f9db6b38bd,641,2026-07-14T12:16:19.808000Z,1784031379808,85.38
session-1784031314726-n0212a,24:EC:4A:C7:F5:3A,custom-11f9db6b38bd,642,2026-07-14T12:16:19.878000Z,1784031379878,85.37
session-1784031314726-n0212a,24:EC:4A:C7:F5:3A,custom-11f9db6b38bd,643,2026-07-14T12:16:19.970000Z,1784031379970,85.4
session-1784031314726-n0212a,24:EC:4A:C7:F5:3A,custom-11f9db6b38bd,644,2026-07-14T12:16:20.064000Z,1784031380064,85.37
session-1784031314726-n0212a,24:EC:4A:C7:F5:3A,custom-11f9db6b38bd,645,2026-07-14T12:16:20.194000Z,1784031380194,85.4
session-1784031314726-n0212a,24:EC:4A:C7:F5:3A,custom-11f9db6b38bd,646,2026-07-14T12:16:20.284000Z,1784031380284,85.42
session-1784031314726-n0212a,24:EC:4A:C7:F5:3A,custom-11f9db6b38bd,647,2026-07-14T12:16:20.373000Z,1784031380373,85.35
session-1784031314726-n0212a,24:EC:4A:C7:F5:3A,custom-11f9db6b38bd,648,2026-07-14T12:16:20.462000Z,1784031380462,85.38
session-1784031314726-n0212a,24:EC:4A:C7:F5:3A,custom-11f9db6b38bd,649,2026-07-14T12:16:20.554000Z,1784031380554,85.4
session-1784031314726-n0212a,24:EC:4A:C7:F5:3A,custom-11f9db6b38bd,650,2026-07-14T12:16:20.704000Z,1784031380704,85.42
session-1784031314726-n0212a,24:EC:4A:C7:F5:3A,custom-11f9db6b38bd,651,2026-07-14T12:16:20.823000Z,1784031380823,85.4
session-1784031314726-n0212a,24:EC:4A:C7:F5:3A,custom-11f9db6b38bd,652,2026-07-14T12:16:20.868000Z,1784031380868,85.35
session-1784031314726-n0212a,24:EC:4A:C7:F5:3A,custom-11f9db6b38bd,653,2026-07-14T12:16:20.958000Z,1784031380958,85.37
session-1784031314726-n0212a,24:EC:4A:C7:F5:3A,custom-11f9db6b38bd,654,2026-07-14T12:16:21.092000Z,1784031381092,85.35
session-1784031314726-n0212a,24:EC:4A:C7:F5:3A,custom-11f9db6b38bd,655,2026-07-14T12:16:21.182000Z,1784031381182,85.37
session-1784031314726-n0212a,24:EC:4A:C7:F5:3A,custom-11f9db6b38bd,656,2026-07-14T12:16:21.273000Z,1784031381273,85.38
session-1784031314726-n0212a,24:EC:4A:C7:F5:3A,custom-11f9db6b38bd,657,2026-07-14T12:16:21.363000Z,1784031381363,85.31
session-1784031314726-n0212a,24:EC:4A:C7:F5:3A,custom-11f9db6b38bd,658,2026-07-14T12:16:21.451000Z,1784031381451,85.84
session-1784031314726-n0212a,24:EC:4A:C7:F5:3A,custom-11f9db6b38bd,659,2026-07-14T12:16:21.606000Z,1784031381606,85.33
session-1784031314726-n0212a,24:EC:4A:C7:F5:3A,custom-11f9db6b38bd,660,2026-07-14T12:16:21.690000Z,1784031381690,85.42
session-1784031314726-n0212a,24:EC:4A:C7:F5:3A,custom-11f9db6b38bd,661,2026-07-14T12:16:21.767000Z,1784031381767,85.47
session-1784031314726-n0212a,24:EC:4A:C7:F5:3A,custom-11f9db6b38bd,662,2026-07-14T12:16:21.856000Z,1784031381856,85.54
session-1784031314726-n0212a,24:EC:4A:C7:F5:3A,custom-11f9db6b38bd,663,2026-07-14T12:16:21.993000Z,1784031381993,85.52
session-1784031314726-n0212a,24:EC:4A:C7:F5:3A,custom-11f9db6b38bd,664,2026-07-14T12:16:22.084000Z,1784031382084,85.5
session-1784031314726-n0212a,24:EC:4A:C7:F5:3A,custom-11f9db6b38bd,665,2026-07-14T12:16:22.220000Z,1784031382220,85.49
session-1784031314726-n0212a,24:EC:4A:C7:F5:3A,custom-11f9db6b38bd,666,2026-07-14T12:16:22.265000Z,1784031382265,85.49
session-1784031314726-n0212a,24:EC:4A:C7:F5:3A,custom-11f9db6b38bd,667,2026-07-14T12:16:22.356000Z,1784031382356,85.54
session-1784031314726-n0212a,24:EC:4A:C7:F5:3A,custom-11f9db6b38bd,668,2026-07-14T12:16:22.514000Z,1784031382514,85.05
session-1784031314726-n0212a,24:EC:4A:C7:F5:3A,custom-11f9db6b38bd,669,2026-07-14T12:16:22.636000Z,1784031382636,85.5
session-1784031314726-n0212a,24:EC:4A:C7:F5:3A,custom-11f9db6b38bd,670,2026-07-14T12:16:22.668000Z,1784031382668,85.47
session-1784031314726-n0212a,24:EC:4A:C7:F5:3A,custom-11f9db6b38bd,671,2026-07-14T12:16:22.759000Z,1784031382759,85.54
session-1784031314726-n0212a,24:EC:4A:C7:F5:3A,custom-11f9db6b38bd,672,2026-07-14T12:16:22.912000Z,1784031382912,85.52
session-1784031314726-n0212a,24:EC:4A:C7:F5:3A,custom-11f9db6b38bd,673,2026-07-14T12:16:22.986000Z,1784031382986,85.5
session-1784031314726-n0212a,24:EC:4A:C7:F5:3A,custom-11f9db6b38bd,674,2026-07-14T12:16:23.078000Z,1784031383078,85.47
session-1784031314726-n0212a,24:EC:4A:C7:F5:3A,custom-11f9db6b38bd,675,2026-07-14T12:16:23.165000Z,1784031383165,85.49
session-1784031314726-n0212a,24:EC:4A:C7:F5:3A,custom-11f9db6b38bd,676,2026-07-14T12:16:23.252000Z,1784031383252,85.49
session-1784031314726-n0212a,24:EC:4A:C7:F5:3A,custom-11f9db6b38bd,677,2026-07-14T12:16:23.389000Z,1784031383389,85.54
session-1784031314726-n0212a,24:EC:4A:C7:F5:3A,custom-11f9db6b38bd,678,2026-07-14T12:16:23.479000Z,1784031383479,85.5
session-1784031314726-n0212a,24:EC:4A:C7:F5:3A,custom-11f9db6b38bd,679,2026-07-14T12:16:23.568000Z,1784031383568,85.47
session-1784031314726-n0212a,24:EC:4A:C7:F5:3A,custom-11f9db6b38bd,680,2026-07-14T12:16:23.658000Z,1784031383658,85.54
session-1784031314726-n0212a,24:EC:4A:C7:F5:3A,custom-11f9db6b38bd,681,2026-07-14T12:16:23.809000Z,1784031383809,85.52
session-1784031314726-n0212a,24:EC:4A:C7:F5:3A,custom-11f9db6b38bd,682,2026-07-14T12:16:23.885000Z,1784031383885,85.49
session-1784031314726-n0212a,24:EC:4A:C7:F5:3A,custom-11f9db6b38bd,683,2026-07-14T12:16:24.037000Z,1784031384037,85.54
session-1784031314726-n0212a,24:EC:4A:C7:F5:3A,custom-11f9db6b38bd,684,2026-07-14T12:16:24.109000Z,1784031384109,85.52
session-1784031314726-n0212a,24:EC:4A:C7:F5:3A,custom-11f9db6b38bd,685,2026-07-14T12:16:24.153000Z,1784031384153,85.07
session-1784031314726-n0212a,24:EC:4A:C7:F5:3A,custom-11f9db6b38bd,686,2026-07-14T12:16:24.288000Z,1784031384288,85.5
session-1784031314726-n0212a,24:EC:4A:C7:F5:3A,custom-11f9db6b38bd,687,2026-07-14T12:16:24.378000Z,1784031384378,85.03
session-1784031314726-n0212a,24:EC:4A:C7:F5:3A,custom-11f9db6b38bd,688,2026-07-14T12:16:24.468000Z,1784031384468,85.05
session-1784031314726-n0212a,24:EC:4A:C7:F5:3A,custom-11f9db6b38bd,689,2026-07-14T12:16:24.560000Z,1784031384560,85.47
session-1784031314726-n0212a,24:EC:4A:C7:F5:3A,custom-11f9db6b38bd,690,2026-07-14T12:16:24.709000Z,1784031384709,85.54
session-1784031314726-n0212a,24:EC:4A:C7:F5:3A,custom-11f9db6b38bd,691,2026-07-14T12:16:24.784000Z,1784031384784,85.52
session-1784031314726-n0212a,24:EC:4A:C7:F5:3A,custom-11f9db6b38bd,692,2026-07-14T12:16:24.882000Z,1784031384882,85.02
session-1784031314726-n0212a,24:EC:4A:C7:F5:3A,custom-11f9db6b38bd,693,2026-07-14T12:16:25.033000Z,1784031385033,85.47
session-1784031314726-n0212a,24:EC:4A:C7:F5:3A,custom-11f9db6b38bd,694,2026-07-14T12:16:25.101000Z,1784031385101,85.54
session-1784031314726-n0212a,24:EC:4A:C7:F5:3A,custom-11f9db6b38bd,695,2026-07-14T12:16:25.188000Z,1784031385188,85.52
session-1784031314726-n0212a,24:EC:4A:C7:F5:3A,custom-11f9db6b38bd,696,2026-07-14T12:16:25.278000Z,1784031385278,85.49
session-1784031314726-n0212a,24:EC:4A:C7:F5:3A,custom-11f9db6b38bd,697,2026-07-14T12:16:25.368000Z,1784031385368,85.49
session-1784031314726-n0212a,24:EC:4A:C7:F5:3A,custom-11f9db6b38bd,698,2026-07-14T12:16:25.518000Z,1784031385518,85.49
session-1784031314726-n0212a,24:EC:4A:C7:F5:3A,custom-11f9db6b38bd,699,2026-07-14T12:16:25.593000Z,1784031385593,85.54
session-1784031314726-n0212a,24:EC:4A:C7:F5:3A,custom-11f9db6b38bd,700,2026-07-14T12:16:25.754000Z,1784031385754,85.5
session-1784031314726-n0212a,24:EC:4A:C7:F5:3A,custom-11f9db6b38bd,701,2026-07-14T12:16:25.819000Z,1784031385819,85.91
session-1784031314726-n0212a,24:EC:4A:C7:F5:3A,custom-11f9db6b38bd,702,2026-07-14T12:16:25.864000Z,1784031385864,85.94
session-1784031314726-n0212a,24:EC:4A:C7:F5:3A,custom-11f9db6b38bd,703,2026-07-14T12:16:25.954000Z,1784031385954,85.91
session-1784031314726-n0212a,24:EC:4A:C7:F5:3A,custom-11f9db6b38bd,704,2026-07-14T12:16:26.105000Z,1784031386105,85.91
session-1784031314726-n0212a,24:EC:4A:C7:F5:3A,custom-11f9db6b38bd,705,2026-07-14T12:16:26.269000Z,1784031386269,85.49
session-1784031314726-n0212a,24:EC:4A:C7:F5:3A,custom-11f9db6b38bd,706,2026-07-14T12:16:26.270000Z,1784031386270,85.03
session-1784031314726-n0212a,24:EC:4A:C7:F5:3A,custom-11f9db6b38bd,707,2026-07-14T12:16:26.419000Z,1784031386419,85.12
session-1784031314726-n0212a,24:EC:4A:C7:F5:3A,custom-11f9db6b38bd,708,2026-07-14T12:16:26.497000Z,1784031386497,85.57
session-1784031314726-n0212a,24:EC:4A:C7:F5:3A,custom-11f9db6b38bd,709,2026-07-14T12:16:26.582000Z,1784031386582,85.49
session-1784031314726-n0212a,24:EC:4A:C7:F5:3A,custom-11f9db6b38bd,710,2026-07-14T12:16:26.678000Z,1784031386678,85.57
session-1784031314726-n0212a,24:EC:4A:C7:F5:3A,custom-11f9db6b38bd,711,2026-07-14T12:16:26.763000Z,1784031386763,85.56
session-1784031314726-n0212a,24:EC:4A:C7:F5:3A,custom-11f9db6b38bd,712,2026-07-14T12:16:26.854000Z,1784031386854,85.54
session-1784031314726-n0212a,24:EC:4A:C7:F5:3A,custom-11f9db6b38bd,713,2026-07-14T12:16:27.004000Z,1784031387004,85.5
session-1784031314726-n0212a,24:EC:4A:C7:F5:3A,custom-11f9db6b38bd,714,2026-07-14T12:16:27.079000Z,1784031387079,85.49
session-1784031314726-n0212a,24:EC:4A:C7:F5:3A,custom-11f9db6b38bd,715,2026-07-14T12:16:27.172000Z,1784031387172,85.54
session-1784031314726-n0212a,24:EC:4A:C7:F5:3A,custom-11f9db6b38bd,716,2026-07-14T12:16:27.258000Z,1784031387258,85.54
session-1784031314726-n0212a,24:EC:4A:C7:F5:3A,custom-11f9db6b38bd,717,2026-07-14T12:16:27.409000Z,1784031387409,85.52
session-1784031314726-n0212a,24:EC:4A:C7:F5:3A,custom-11f9db6b38bd,718,2026-07-14T12:16:27.529000Z,1784031387529,85.57
session-1784031314726-n0212a,24:EC:4A:C7:F5:3A,custom-11f9db6b38bd,719,2026-07-14T12:16:27.572000Z,1784031387572,85.52
session-1784031314726-n0212a,24:EC:4A:C7:F5:3A,custom-11f9db6b38bd,720,2026-07-14T12:16:27.727000Z,1784031387727,85.49
session-1784031314726-n0212a,24:EC:4A:C7:F5:3A,custom-11f9db6b38bd,721,2026-07-14T12:16:27.843000Z,1784031387843,85.49
session-1784031314726-n0212a,24:EC:4A:C7:F5:3A,custom-11f9db6b38bd,722,2026-07-14T12:16:27.933000Z,1784031387933,85.54
session-1784031314726-n0212a,24:EC:4A:C7:F5:3A,custom-11f9db6b38bd,723,2026-07-14T12:16:28.022000Z,1784031388022,85.5
session-1784031314726-n0212a,24:EC:4A:C7:F5:3A,custom-11f9db6b38bd,724,2026-07-14T12:16:28.068000Z,1784031388068,85.57
session-1784031314726-n0212a,24:EC:4A:C7:F5:3A,custom-11f9db6b38bd,725,2026-07-14T12:16:28.158000Z,1784031388158,85.54
session-1784031314726-n0212a,24:EC:4A:C7:F5:3A,custom-11f9db6b38bd,726,2026-07-14T12:16:28.309000Z,1784031388309,85.52
session-1784031314726-n0212a,24:EC:4A:C7:F5:3A,custom-11f9db6b38bd,727,2026-07-14T12:16:28.430000Z,1784031388430,85.49
session-1784031314726-n0212a,24:EC:4A:C7:F5:3A,custom-11f9db6b38bd,728,2026-07-14T12:16:28.473000Z,1784031388473,85.49
session-1784031314726-n0212a,24:EC:4A:C7:F5:3A,custom-11f9db6b38bd,729,2026-07-14T12:16:28.608000Z,1784031388608,85.91
session-1784031314726-n0212a,24:EC:4A:C7:F5:3A,custom-11f9db6b38bd,730,2026-07-14T12:16:28.653000Z,1784031388653,85.5
session-1784031314726-n0212a,24:EC:4A:C7:F5:3A,custom-11f9db6b38bd,731,2026-07-14T12:16:28.809000Z,1784031388809,85.47
session-1784031314726-n0212a,24:EC:4A:C7:F5:3A,custom-11f9db6b38bd,732,2026-07-14T12:16:28.878000Z,1784031388878,85.09
session-1784031314726-n0212a,24:EC:4A:C7:F5:3A,custom-11f9db6b38bd,733,2026-07-14T12:16:28.968000Z,1784031388968,85.54
session-1784031314726-n0212a,24:EC:4A:C7:F5:3A,custom-11f9db6b38bd,734,2026-07-14T12:16:29.057000Z,1784031389057,85.5
session-1784031314726-n0212a,24:EC:4A:C7:F5:3A,custom-11f9db6b38bd,735,2026-07-14T12:16:29.208000Z,1784031389208,85.49
session-1784031314726-n0212a,24:EC:4A:C7:F5:3A,custom-11f9db6b38bd,736,2026-07-14T12:16:29.329000Z,1784031389329,85.54
session-1784031314726-n0212a,24:EC:4A:C7:F5:3A,custom-11f9db6b38bd,737,2026-07-14T12:16:29.373000Z,1784031389373,85.5
session-1784031314726-n0212a,24:EC:4A:C7:F5:3A,custom-11f9db6b38bd,738,2026-07-14T12:16:29.463000Z,1784031389463,85.52
session-1784031314726-n0212a,24:EC:4A:C7:F5:3A,custom-11f9db6b38bd,739,2026-07-14T12:16:29.556000Z,1784031389556,85.52
session-1784031314726-n0212a,24:EC:4A:C7:F5:3A,custom-11f9db6b38bd,740,2026-07-14T12:16:29.708000Z,1784031389708,85.49
session-1784031314726-n0212a,24:EC:4A:C7:F5:3A,custom-11f9db6b38bd,741,2026-07-14T12:16:29.781000Z,1784031389781,85.56
session-1784031314726-n0212a,24:EC:4A:C7:F5:3A,custom-11f9db6b38bd,742,2026-07-14T12:16:29.867000Z,1784031389867,85.5
session-1784031314726-n0212a,24:EC:4A:C7:F5:3A,custom-11f9db6b38bd,743,2026-07-14T12:16:30.025000Z,1784031390025,85.47
session-1784031314726-n0212a,24:EC:4A:C7:F5:3A,custom-11f9db6b38bd,744,2026-07-14T12:16:30.272000Z,1784031390272,85.54
session-1784031314726-n0212a,24:EC:4A:C7:F5:3A,custom-11f9db6b38bd,745,2026-07-14T12:16:30.320000Z,1784031390320,85.52
session-1784031314726-n0212a,24:EC:4A:C7:F5:3A,custom-11f9db6b38bd,746,2026-07-14T12:16:30.321000Z,1784031390321,85.47
session-1784031314726-n0212a,24:EC:4A:C7:F5:3A,custom-11f9db6b38bd,747,2026-07-14T12:16:30.379000Z,1784031390379,85.54
session-1784031314726-n0212a,24:EC:4A:C7:F5:3A,custom-11f9db6b38bd,748,2026-07-14T12:16:30.506000Z,1784031390506,85.52
session-1784031314726-n0212a,24:EC:4A:C7:F5:3A,custom-11f9db6b38bd,749,2026-07-14T12:16:30.661000Z,1784031390661,85.52
session-1784031314726-n0212a,24:EC:4A:C7:F5:3A,custom-11f9db6b38bd,750,2026-07-14T12:16:30.723000Z,1784031390723,85.49
session-1784031314726-n0212a,24:EC:4A:C7:F5:3A,custom-11f9db6b38bd,751,2026-07-14T12:16:30.767000Z,1784031390767,85.47
session-1784031314726-n0212a,24:EC:4A:C7:F5:3A,custom-11f9db6b38bd,752,2026-07-14T12:16:30.859000Z,1784031390859,85.54
session-1784031314726-n0212a,24:EC:4A:C7:F5:3A,custom-11f9db6b38bd,753,2026-07-14T12:16:30.994000Z,1784031390994,85.5
session-1784031314726-n0212a,24:EC:4A:C7:F5:3A,custom-11f9db6b38bd,754,2026-07-14T12:16:31.085000Z,1784031391085,85.49
session-1784031314726-n0212a,24:EC:4A:C7:F5:3A,custom-11f9db6b38bd,755,2026-07-14T12:16:31.175000Z,1784031391175,85.54
session-1784031314726-n0212a,24:EC:4A:C7:F5:3A,custom-11f9db6b38bd,756,2026-07-14T12:16:31.265000Z,1784031391265,85.52
session-1784031314726-n0212a,24:EC:4A:C7:F5:3A,custom-11f9db6b38bd,757,2026-07-14T12:16:31.352000Z,1784031391352,85.5
session-1784031314726-n0212a,24:EC:4A:C7:F5:3A,custom-11f9db6b38bd,758,2026-07-14T12:16:31.509000Z,1784031391509,85.49
session-1784031314726-n0212a,24:EC:4A:C7:F5:3A,custom-11f9db6b38bd,759,2026-07-14T12:16:31.580000Z,1784031391580,85.49
session-1784031314726-n0212a,24:EC:4A:C7:F5:3A,custom-11f9db6b38bd,760,2026-07-14T12:16:31.677000Z,1784031391677,85.49
session-1784031314726-n0212a,24:EC:4A:C7:F5:3A,custom-11f9db6b38bd,761,2026-07-14T12:16:31.768000Z,1784031391768,85.49
session-1784031314726-n0212a,24:EC:4A:C7:F5:3A,custom-11f9db6b38bd,762,2026-07-14T12:16:31.894000Z,1784031391894,85.09
session-1784031314726-n0212a,24:EC:4A:C7:F5:3A,custom-11f9db6b38bd,763,2026-07-14T12:16:31.984000Z,1784031391984,85.09
session-1784031314726-n0212a,24:EC:4A:C7:F5:3A,custom-11f9db6b38bd,764,2026-07-14T12:16:32.074000Z,1784031392074,85.09
session-1784031314726-n0212a,24:EC:4A:C7:F5:3A,custom-11f9db6b38bd,765,2026-07-14T12:16:32.163000Z,1784031392163,85.07
session-1784031314726-n0212a,24:EC:4A:C7:F5:3A,custom-11f9db6b38bd,766,2026-07-14T12:16:32.257000Z,1784031392257,85.52
session-1784031314726-n0212a,24:EC:4A:C7:F5:3A,custom-11f9db6b38bd,767,2026-07-14T12:16:32.409000Z,1784031392409,85.49
session-1784031314726-n0212a,24:EC:4A:C7:F5:3A,custom-11f9db6b38bd,768,2026-07-14T12:16:32.478000Z,1784031392478,85.54
session-1784031314726-n0212a,24:EC:4A:C7:F5:3A,custom-11f9db6b38bd,769,2026-07-14T12:16:32.570000Z,1784031392570,85.52
session-1784031314726-n0212a,24:EC:4A:C7:F5:3A,custom-11f9db6b38bd,770,2026-07-14T12:16:32.662000Z,1784031392662,85.52
session-1784031314726-n0212a,24:EC:4A:C7:F5:3A,custom-11f9db6b38bd,771,2026-07-14T12:16:32.810000Z,1784031392810,85.49
session-1784031314726-n0212a,24:EC:4A:C7:F5:3A,custom-11f9db6b38bd,772,2026-07-14T12:16:32.886000Z,1784031392886,85.49
session-1784031314726-n0212a,24:EC:4A:C7:F5:3A,custom-11f9db6b38bd,773,2026-07-14T12:16:32.976000Z,1784031392976,85.54
session-1784031314726-n0212a,24:EC:4A:C7:F5:3A,custom-11f9db6b38bd,774,2026-07-14T12:16:33.065000Z,1784031393065,85.49
session-1784031314726-n0212a,24:EC:4A:C7:F5:3A,custom-11f9db6b38bd,775,2026-07-14T12:16:33.153000Z,1784031393153,85.47
session-1784031314726-n0212a,24:EC:4A:C7:F5:3A,custom-11f9db6b38bd,776,2026-07-14T12:16:33.287000Z,1784031393287,85.54
session-1784031314726-n0212a,24:EC:4A:C7:F5:3A,custom-11f9db6b38bd,777,2026-07-14T12:16:33.426000Z,1784031393426,85.52
session-1784031314726-n0212a,24:EC:4A:C7:F5:3A,custom-11f9db6b38bd,778,2026-07-14T12:16:33.469000Z,1784031393469,85.47
session-1784031314726-n0212a,24:EC:4A:C7:F5:3A,custom-11f9db6b38bd,779,2026-07-14T12:16:33.558000Z,1784031393558,85.54
session-1784031314726-n0212a,24:EC:4A:C7:F5:3A,custom-11f9db6b38bd,780,2026-07-14T12:16:33.716000Z,1784031393716,85.52
session-1784031314726-n0212a,24:EC:4A:C7:F5:3A,custom-11f9db6b38bd,781,2026-07-14T12:16:33.784000Z,1784031393784,85.49
session-1784031314726-n0212a,24:EC:4A:C7:F5:3A,custom-11f9db6b38bd,782,2026-07-14T12:16:33.936000Z,1784031393936,85.49
session-1784031314726-n0212a,24:EC:4A:C7:F5:3A,custom-11f9db6b38bd,783,2026-07-14T12:16:34.008000Z,1784031394008,85.37
session-1784031314726-n0212a,24:EC:4A:C7:F5:3A,custom-11f9db6b38bd,784,2026-07-14T12:16:34.054000Z,1784031394054,85.37
session-1784031314726-n0212a,24:EC:4A:C7:F5:3A,custom-11f9db6b38bd,785,2026-07-14T12:16:34.207000Z,1784031394207,85.38
session-1784031314726-n0212a,24:EC:4A:C7:F5:3A,custom-11f9db6b38bd,786,2026-07-14T12:16:34.276000Z,1784031394276,85.35
session-1784031314726-n0212a,24:EC:4A:C7:F5:3A,custom-11f9db6b38bd,787,2026-07-14T12:16:34.367000Z,1784031394367,85.38
session-1784031314726-n0212a,24:EC:4A:C7:F5:3A,custom-11f9db6b38bd,788,2026-07-14T12:16:34.456000Z,1784031394456,85.44
session-1784031314726-n0212a,24:EC:4A:C7:F5:3A,custom-11f9db6b38bd,789,2026-07-14T12:16:34.616000Z,1784031394616,85.84
session-1784031314726-n0212a,24:EC:4A:C7:F5:3A,custom-11f9db6b38bd,790,2026-07-14T12:16:34.683000Z,1784031394683,85.87
session-1784031314726-n0212a,24:EC:4A:C7:F5:3A,custom-11f9db6b38bd,791,2026-07-14T12:16:34.773000Z,1784031394773,85.33
session-1784031314726-n0212a,24:EC:4A:C7:F5:3A,custom-11f9db6b38bd,792,2026-07-14T12:16:34.863000Z,1784031394863,85.37
session-1784031314726-n0212a,24:EC:4A:C7:F5:3A,custom-11f9db6b38bd,793,2026-07-14T12:16:34.954000Z,1784031394954,85.4
session-1784031314726-n0212a,24:EC:4A:C7:F5:3A,custom-11f9db6b38bd,794,2026-07-14T12:16:35.091000Z,1784031395091,85.54
session-1784031314726-n0212a,24:EC:4A:C7:F5:3A,custom-11f9db6b38bd,795,2026-07-14T12:16:35.187000Z,1784031395187,85.38
session-1784031314726-n0212a,24:EC:4A:C7:F5:3A,custom-11f9db6b38bd,796,2026-07-14T12:16:35.280000Z,1784031395280,85.38
session-1784031314726-n0212a,24:EC:4A:C7:F5:3A,custom-11f9db6b38bd,797,2026-07-14T12:16:35.427000Z,1784031395427,85.38
session-1784031314726-n0212a,24:EC:4A:C7:F5:3A,custom-11f9db6b38bd,798,2026-07-14T12:16:35.492000Z,1784031395492,85.42
session-1784031314726-n0212a,24:EC:4A:C7:F5:3A,custom-11f9db6b38bd,799,2026-07-14T12:16:35.583000Z,1784031395583,85.38
session-1784031314726-n0212a,24:EC:4A:C7:F5:3A,custom-11f9db6b38bd,800,2026-07-14T12:16:35.677000Z,1784031395677,85.42
session-1784031314726-n0212a,24:EC:4A:C7:F5:3A,custom-11f9db6b38bd,801,2026-07-14T12:16:35.769000Z,1784031395769,85.4
session-1784031314726-n0212a,24:EC:4A:C7:F5:3A,custom-11f9db6b38bd,802,2026-07-14T12:16:35.854000Z,1784031395854,85.38
session-1784031314726-n0212a,24:EC:4A:C7:F5:3A,custom-11f9db6b38bd,803,2026-07-14T12:16:35.989000Z,1784031395989,85.4
session-1784031314726-n0212a,24:EC:4A:C7:F5:3A,custom-11f9db6b38bd,804,2026-07-14T12:16:36.079000Z,1784031396079,85.35
session-1784031314726-n0212a,24:EC:4A:C7:F5:3A,custom-11f9db6b38bd,805,2026-07-14T12:16:36.168000Z,1784031396168,85.4
session-1784031314726-n0212a,24:EC:4A:C7:F5:3A,custom-11f9db6b38bd,806,2026-07-14T12:16:36.257000Z,1784031396257,85.42
session-1784031314726-n0212a,24:EC:4A:C7:F5:3A,custom-11f9db6b38bd,807,2026-07-14T12:16:36.410000Z,1784031396410,85.42
session-1784031314726-n0212a,24:EC:4A:C7:F5:3A,custom-11f9db6b38bd,808,2026-07-14T12:16:36.495000Z,1784031396495,85.37
session-1784031314726-n0212a,24:EC:4A:C7:F5:3A,custom-11f9db6b38bd,809,2026-07-14T12:16:36.573000Z,1784031396573,85.4
session-1784031314726-n0212a,24:EC:4A:C7:F5:3A,custom-11f9db6b38bd,810,2026-07-14T12:16:36.664000Z,1784031396664,85.44
session-1784031314726-n0212a,24:EC:4A:C7:F5:3A,custom-11f9db6b38bd,811,2026-07-14T12:16:36.752000Z,1784031396752,85.37
session-1784031314726-n0212a,24:EC:4A:C7:F5:3A,custom-11f9db6b38bd,812,2026-07-14T12:16:36.906000Z,1784031396906,85.4
session-1784031314726-n0212a,24:EC:4A:C7:F5:3A,custom-11f9db6b38bd,813,2026-07-14T12:16:36.979000Z,1784031396979,85.37
session-1784031314726-n0212a,24:EC:4A:C7:F5:3A,custom-11f9db6b38bd,814,2026-07-14T12:16:37.069000Z,1784031397069,85.4
session-1784031314726-n0212a,24:EC:4A:C7:F5:3A,custom-11f9db6b38bd,815,2026-07-14T12:16:37.157000Z,1784031397157,85.37
session-1784031314726-n0212a,24:EC:4A:C7:F5:3A,custom-11f9db6b38bd,816,2026-07-14T12:16:37.309000Z,1784031397309,85.37
session-1784031314726-n0212a,24:EC:4A:C7:F5:3A,custom-11f9db6b38bd,817,2026-07-14T12:16:37.429000Z,1784031397429,85.4
session-1784031314726-n0212a,24:EC:4A:C7:F5:3A,custom-11f9db6b38bd,818,2026-07-14T12:16:37.474000Z,1784031397474,85.37
session-1784031314726-n0212a,24:EC:4A:C7:F5:3A,custom-11f9db6b38bd,819,2026-07-14T12:16:37.564000Z,1784031397564,85.4
session-1784031314726-n0212a,24:EC:4A:C7:F5:3A,custom-11f9db6b38bd,820,2026-07-14T12:16:37.655000Z,1784031397655,85.42
session-1784031314726-n0212a,24:EC:4A:C7:F5:3A,custom-11f9db6b38bd,821,2026-07-14T12:16:37.809000Z,1784031397809,85.38
session-1784031314726-n0212a,24:EC:4A:C7:F5:3A,custom-11f9db6b38bd,822,2026-07-14T12:16:37.888000Z,1784031397888,85.42
session-1784031314726-n0212a,24:EC:4A:C7:F5:3A,custom-11f9db6b38bd,823,2026-07-14T12:16:37.969000Z,1784031397969,85.4
session-1784031314726-n0212a,24:EC:4A:C7:F5:3A,custom-11f9db6b38bd,824,2026-07-14T12:16:38.057000Z,1784031398057,85.37
session-1784031314726-n0212a,24:EC:4A:C7:F5:3A,custom-11f9db6b38bd,825,2026-07-14T12:16:38.207000Z,1784031398207,85.38
session-1784031314726-n0212a,24:EC:4A:C7:F5:3A,custom-11f9db6b38bd,826,2026-07-14T12:16:38.282000Z,1784031398282,85.4
session-1784031314726-n0212a,24:EC:4A:C7:F5:3A,custom-11f9db6b38bd,827,2026-07-14T12:16:38.374000Z,1784031398374,85.37
session-1784031314726-n0212a,24:EC:4A:C7:F5:3A,custom-11f9db6b38bd,828,2026-07-14T12:16:38.464000Z,1784031398464,85.4
session-1784031314726-n0212a,24:EC:4A:C7:F5:3A,custom-11f9db6b38bd,829,2026-07-14T12:16:38.554000Z,1784031398554,85.38
session-1784031314726-n0212a,24:EC:4A:C7:F5:3A,custom-11f9db6b38bd,830,2026-07-14T12:16:38.704000Z,1784031398704,85.4
session-1784031314726-n0212a,24:EC:4A:C7:F5:3A,custom-11f9db6b38bd,831,2026-07-14T12:16:38.777000Z,1784031398777,85.4
session-1784031314726-n0212a,24:EC:4A:C7:F5:3A,custom-11f9db6b38bd,832,2026-07-14T12:16:38.872000Z,1784031398872,85.4
session-1784031314726-n0212a,24:EC:4A:C7:F5:3A,custom-11f9db6b38bd,833,2026-07-14T12:16:38.958000Z,1784031398958,85.37
session-1784031314726-n0212a,24:EC:4A:C7:F5:3A,custom-11f9db6b38bd,834,2026-07-14T12:16:39.113000Z,1784031399113,85.38
session-1784031314726-n0212a,24:EC:4A:C7:F5:3A,custom-11f9db6b38bd,835,2026-07-14T12:16:39.183000Z,1784031399183,85.37
session-1784031314726-n0212a,24:EC:4A:C7:F5:3A,custom-11f9db6b38bd,836,2026-07-14T12:16:39.332000Z,1784031399332,85.38
session-1784031314726-n0212a,24:EC:4A:C7:F5:3A,custom-11f9db6b38bd,837,2026-07-14T12:16:39.419000Z,1784031399419,85.4
session-1784031314726-n0212a,24:EC:4A:C7:F5:3A,custom-11f9db6b38bd,838,2026-07-14T12:16:39.459000Z,1784031399459,85.38
session-1784031314726-n0212a,24:EC:4A:C7:F5:3A,custom-11f9db6b38bd,839,2026-07-14T12:16:39.617000Z,1784031399617,85.4
session-1784031314726-n0212a,24:EC:4A:C7:F5:3A,custom-11f9db6b38bd,840,2026-07-14T12:16:39.683000Z,1784031399683,85.33
session-1784031314726-n0212a,24:EC:4A:C7:F5:3A,custom-11f9db6b38bd,841,2026-07-14T12:16:39.776000Z,1784031399776,85.4
session-1784031314726-n0212a,24:EC:4A:C7:F5:3A,custom-11f9db6b38bd,842,2026-07-14T12:16:39.858000Z,1784031399858,85.4
session-1784031314726-n0212a,24:EC:4A:C7:F5:3A,custom-11f9db6b38bd,843,2026-07-14T12:16:39.995000Z,1784031399995,85.38
session-1784031314726-n0212a,24:EC:4A:C7:F5:3A,custom-11f9db6b38bd,844,2026-07-14T12:16:40.083000Z,1784031400083,85.38
session-1784031314726-n0212a,24:EC:4A:C7:F5:3A,custom-11f9db6b38bd,845,2026-07-14T12:16:40.178000Z,1784031400178,85.33
session-1784031314726-n0212a,24:EC:4A:C7:F5:3A,custom-11f9db6b38bd,846,2026-07-14T12:16:40.329000Z,1784031400329,85.3
session-1784031314726-n0212a,24:EC:4A:C7:F5:3A,custom-11f9db6b38bd,847,2026-07-14T12:16:40.442000Z,1784031400442,85.33
session-1784031314726-n0212a,24:EC:4A:C7:F5:3A,custom-11f9db6b38bd,848,2026-07-14T12:16:40.500000Z,1784031400500,85.38
session-1784031314726-n0212a,24:EC:4A:C7:F5:3A,custom-11f9db6b38bd,849,2026-07-14T12:16:40.578000Z,1784031400578,85.37
session-1784031314726-n0212a,24:EC:4A:C7:F5:3A,custom-11f9db6b38bd,850,2026-07-14T12:16:40.666000Z,1784031400666,85.4
session-1784031314726-n0212a,24:EC:4A:C7:F5:3A,custom-11f9db6b38bd,851,2026-07-14T12:16:40.758000Z,1784031400758,85.42
session-1784031314726-n0212a,24:EC:4A:C7:F5:3A,custom-11f9db6b38bd,852,2026-07-14T12:16:40.893000Z,1784031400893,85.44
session-1784031314726-n0212a,24:EC:4A:C7:F5:3A,custom-11f9db6b38bd,853,2026-07-14T12:16:40.983000Z,1784031400983,85.37
session-1784031314726-n0212a,24:EC:4A:C7:F5:3A,custom-11f9db6b38bd,854,2026-07-14T12:16:41.074000Z,1784031401074,85.4
session-1784031314726-n0212a,24:EC:4A:C7:F5:3A,custom-11f9db6b38bd,855,2026-07-14T12:16:41.233000Z,1784031401233,85.38
session-1784031314726-n0212a,24:EC:4A:C7:F5:3A,custom-11f9db6b38bd,856,2026-07-14T12:16:41.299000Z,1784031401299,85.4
session-1784031314726-n0212a,24:EC:4A:C7:F5:3A,custom-11f9db6b38bd,857,2026-07-14T12:16:41.387000Z,1784031401387,85.35
session-1784031314726-n0212a,24:EC:4A:C7:F5:3A,custom-11f9db6b38bd,858,2026-07-14T12:16:41.475000Z,1784031401475,85.52
session-1784031314726-n0212a,24:EC:4A:C7:F5:3A,custom-11f9db6b38bd,859,2026-07-14T12:16:41.570000Z,1784031401570,85.47
session-1784031314726-n0212a,24:EC:4A:C7:F5:3A,custom-11f9db6b38bd,860,2026-07-14T12:16:41.665000Z,1784031401665,85.42
session-1784031314726-n0212a,24:EC:4A:C7:F5:3A,custom-11f9db6b38bd,861,2026-07-14T12:16:41.816000Z,1784031401816,85.38
session-1784031314726-n0212a,24:EC:4A:C7:F5:3A,custom-11f9db6b38bd,862,2026-07-14T12:16:41.886000Z,1784031401886,85.38
session-1784031314726-n0212a,24:EC:4A:C7:F5:3A,custom-11f9db6b38bd,863,2026-07-14T12:16:41.973000Z,1784031401973,85.44
session-1784031314726-n0212a,24:EC:4A:C7:F5:3A,custom-11f9db6b38bd,864,2026-07-14T12:16:42.132000Z,1784031402132,85.4
session-1784031314726-n0212a,24:EC:4A:C7:F5:3A,custom-11f9db6b38bd,865,2026-07-14T12:16:42.200000Z,1784031402200,85.37
session-1784031314726-n0212a,24:EC:4A:C7:F5:3A,custom-11f9db6b38bd,866,2026-07-14T12:16:42.287000Z,1784031402287,85.38
session-1784031314726-n0212a,24:EC:4A:C7:F5:3A,custom-11f9db6b38bd,867,2026-07-14T12:16:42.378000Z,1784031402378,85.37
session-1784031314726-n0212a,24:EC:4A:C7:F5:3A,custom-11f9db6b38bd,868,2026-07-14T12:16:42.467000Z,1784031402467,85.4
session-1784031314726-n0212a,24:EC:4A:C7:F5:3A,custom-11f9db6b38bd,869,2026-07-14T12:16:42.603000Z,1784031402603,85.42
session-1784031314726-n0212a,24:EC:4A:C7:F5:3A,custom-11f9db6b38bd,870,2026-07-14T12:16:42.693000Z,1784031402693,85.35
session-1784031314726-n0212a,24:EC:4A:C7:F5:3A,custom-11f9db6b38bd,871,2026-07-14T12:16:42.783000Z,1784031402783,85.38
session-1784031314726-n0212a,24:EC:4A:C7:F5:3A,custom-11f9db6b38bd,872,2026-07-14T12:16:42.926000Z,1784031402926,85.38
session-1784031314726-n0212a,24:EC:4A:C7:F5:3A,custom-11f9db6b38bd,873,2026-07-14T12:16:42.963000Z,1784031402963,85.44
session-1784031314726-n0212a,24:EC:4A:C7:F5:3A,custom-11f9db6b38bd,874,2026-07-14T12:16:43.056000Z,1784031403056,85.37
session-1784031314726-n0212a,24:EC:4A:C7:F5:3A,custom-11f9db6b38bd,875,2026-07-14T12:16:43.214000Z,1784031403214,85.42
session-1784031314726-n0212a,24:EC:4A:C7:F5:3A,custom-11f9db6b38bd,876,2026-07-14T12:16:43.504000Z,1784031403504,85.35
session-1784031314726-n0212a,24:EC:4A:C7:F5:3A,custom-11f9db6b38bd,877,2026-07-14T12:16:43.505000Z,1784031403505,85.35
session-1784031314726-n0212a,24:EC:4A:C7:F5:3A,custom-11f9db6b38bd,878,2026-07-14T12:16:43.506000Z,1784031403506,85.3
session-1784031314726-n0212a,24:EC:4A:C7:F5:3A,custom-11f9db6b38bd,879,2026-07-14T12:16:43.663000Z,1784031403663,85.38
session-1784031314726-n0212a,24:EC:4A:C7:F5:3A,custom-11f9db6b38bd,880,2026-07-14T12:16:43.727000Z,1784031403727,85.37
session-1784031314726-n0212a,24:EC:4A:C7:F5:3A,custom-11f9db6b38bd,881,2026-07-14T12:16:43.773000Z,1784031403773,85.52
session-1784031314726-n0212a,24:EC:4A:C7:F5:3A,custom-11f9db6b38bd,882,2026-07-14T12:16:43.862000Z,1784031403862,85.47
session-1784031314726-n0212a,24:EC:4A:C7:F5:3A,custom-11f9db6b38bd,883,2026-07-14T12:16:44.022000Z,1784031404022,85.44
session-1784031314726-n0212a,24:EC:4A:C7:F5:3A,custom-11f9db6b38bd,884,2026-07-14T12:16:44.136000Z,1784031404136,85.33
session-1784031314726-n0212a,24:EC:4A:C7:F5:3A,custom-11f9db6b38bd,885,2026-07-14T12:16:44.191000Z,1784031404191,85.87
session-1784031314726-n0212a,24:EC:4A:C7:F5:3A,custom-11f9db6b38bd,886,2026-07-14T12:16:44.267000Z,1784031404267,85.38
session-1784031314726-n0212a,24:EC:4A:C7:F5:3A,custom-11f9db6b38bd,887,2026-07-14T12:16:44.359000Z,1784031404359,85.52
session-1784031314726-n0212a,24:EC:4A:C7:F5:3A,custom-11f9db6b38bd,888,2026-07-14T12:16:44.513000Z,1784031404513,85.5
session-1784031314726-n0212a,24:EC:4A:C7:F5:3A,custom-11f9db6b38bd,889,2026-07-14T12:16:44.583000Z,1784031404583,84.91
session-1784031314726-n0212a,24:EC:4A:C7:F5:3A,custom-11f9db6b38bd,890,2026-07-14T12:16:44.672000Z,1784031404672,85.52
session-1784031314726-n0212a,24:EC:4A:C7:F5:3A,custom-11f9db6b38bd,891,2026-07-14T12:16:44.823000Z,1784031404823,85.47
session-1784031314726-n0212a,24:EC:4A:C7:F5:3A,custom-11f9db6b38bd,892,2026-07-14T12:16:44.853000Z,1784031404853,85.54
session-1784031314726-n0212a,24:EC:4A:C7:F5:3A,custom-11f9db6b38bd,893,2026-07-14T12:16:44.989000Z,1784031404989,85.5
session-1784031314726-n0212a,24:EC:4A:C7:F5:3A,custom-11f9db6b38bd,894,2026-07-14T12:16:45.080000Z,1784031405080,85.49
session-1784031314726-n0212a,24:EC:4A:C7:F5:3A,custom-11f9db6b38bd,895,2026-07-14T12:16:45.174000Z,1784031405174,85.54
session-1784031314726-n0212a,24:EC:4A:C7:F5:3A,custom-11f9db6b38bd,896,2026-07-14T12:16:45.256000Z,1784031405256,85.52
session-1784031314726-n0212a,24:EC:4A:C7:F5:3A,custom-11f9db6b38bd,897,2026-07-14T12:16:45.407000Z,1784031405407,85.5
session-1784031314726-n0212a,24:EC:4A:C7:F5:3A,custom-11f9db6b38bd,898,2026-07-14T12:16:45.494000Z,1784031405494,85.49
session-1784031314726-n0212a,24:EC:4A:C7:F5:3A,custom-11f9db6b38bd,899,2026-07-14T12:16:45.573000Z,1784031405573,85.37
session-1784031314726-n0212a,24:EC:4A:C7:F5:3A,custom-11f9db6b38bd,900,2026-07-14T12:16:45.664000Z,1784031405664,85.4
session-1784031314726-n0212a,24:EC:4A:C7:F5:3A,custom-11f9db6b38bd,901,2026-07-14T12:16:45.753000Z,1784031405753,85.54
session-1784031314726-n0212a,24:EC:4A:C7:F5:3A,custom-11f9db6b38bd,902,2026-07-14T12:16:45.888000Z,1784031405888,85.5
session-1784031314726-n0212a,24:EC:4A:C7:F5:3A,custom-11f9db6b38bd,903,2026-07-14T12:16:45.978000Z,1784031405978,85.37
session-1784031314726-n0212a,24:EC:4A:C7:F5:3A,custom-11f9db6b38bd,904,2026-07-14T12:16:46.067000Z,1784031406067,85.42
session-1784031314726-n0212a,24:EC:4A:C7:F5:3A,custom-11f9db6b38bd,905,2026-07-14T12:16:46.159000Z,1784031406159,85.44
session-1784031314726-n0212a,24:EC:4A:C7:F5:3A,custom-11f9db6b38bd,906,2026-07-14T12:16:46.315000Z,1784031406315,85.38
session-1784031314726-n0212a,24:EC:4A:C7:F5:3A,custom-11f9db6b38bd,907,2026-07-14T12:16:46.382000Z,1784031406382,85.4
session-1784031314726-n0212a,24:EC:4A:C7:F5:3A,custom-11f9db6b38bd,908,2026-07-14T12:16:46.476000Z,1784031406476,85.37
session-1784031314726-n0212a,24:EC:4A:C7:F5:3A,custom-11f9db6b38bd,909,2026-07-14T12:16:46.563000Z,1784031406563,85.4
session-1784031314726-n0212a,24:EC:4A:C7:F5:3A,custom-11f9db6b38bd,910,2026-07-14T12:16:46.659000Z,1784031406659,85.37
session-1784031314726-n0212a,24:EC:4A:C7:F5:3A,custom-11f9db6b38bd,911,2026-07-14T12:16:46.807000Z,1784031406807,85.52
session-1784031314726-n0212a,24:EC:4A:C7:F5:3A,custom-11f9db6b38bd,912,2026-07-14T12:16:46.890000Z,1784031406890,85.5
session-1784031314726-n0212a,24:EC:4A:C7:F5:3A,custom-11f9db6b38bd,913,2026-07-14T12:16:46.967000Z,1784031406967,85.54
session-1784031314726-n0212a,24:EC:4A:C7:F5:3A,custom-11f9db6b38bd,914,2026-07-14T12:16:47.118000Z,1784031407118,85.52
session-1784031314726-n0212a,24:EC:4A:C7:F5:3A,custom-11f9db6b38bd,915,2026-07-14T12:16:47.283000Z,1784031407283,85.49
session-1784031314726-n0212a,24:EC:4A:C7:F5:3A,custom-11f9db6b38bd,916,2026-07-14T12:16:47.284000Z,1784031407284,85.54
session-1784031314726-n0212a,24:EC:4A:C7:F5:3A,custom-11f9db6b38bd,917,2026-07-14T12:16:47.373000Z,1784031407373,85.52
session-1784031314726-n0212a,24:EC:4A:C7:F5:3A,custom-11f9db6b38bd,918,2026-07-14T12:16:47.465000Z,1784031407465,85.5
session-1784031314726-n0212a,24:EC:4A:C7:F5:3A,custom-11f9db6b38bd,919,2026-07-14T12:16:47.554000Z,1784031407554,85.49
session-1784031314726-n0212a,24:EC:4A:C7:F5:3A,custom-11f9db6b38bd,920,2026-07-14T12:16:47.708000Z,1784031407708,85.49
session-1784031314726-n0212a,24:EC:4A:C7:F5:3A,custom-11f9db6b38bd,921,2026-07-14T12:16:47.777000Z,1784031407777,85.47
session-1784031314726-n0212a,24:EC:4A:C7:F5:3A,custom-11f9db6b38bd,922,2026-07-14T12:16:47.868000Z,1784031407868,85.54
session-1784031314726-n0212a,24:EC:4A:C7:F5:3A,custom-11f9db6b38bd,923,2026-07-14T12:16:47.960000Z,1784031407960,85.5
session-1784031314726-n0212a,24:EC:4A:C7:F5:3A,custom-11f9db6b38bd,924,2026-07-14T12:16:48.110000Z,1784031408110,85.49
session-1784031314726-n0212a,24:EC:4A:C7:F5:3A,custom-11f9db6b38bd,925,2026-07-14T12:16:48.186000Z,1784031408186,85.56
session-1784031314726-n0212a,24:EC:4A:C7:F5:3A,custom-11f9db6b38bd,926,2026-07-14T12:16:48.272000Z,1784031408272,85.52
session-1784031314726-n0212a,24:EC:4A:C7:F5:3A,custom-11f9db6b38bd,927,2026-07-14T12:16:48.363000Z,1784031408363,85.5
session-1784031314726-n0212a,24:EC:4A:C7:F5:3A,custom-11f9db6b38bd,928,2026-07-14T12:16:48.517000Z,1784031408517,85.49
session-1784031314726-n0212a,24:EC:4A:C7:F5:3A,custom-11f9db6b38bd,929,2026-07-14T12:16:48.588000Z,1784031408588,85.49
session-1784031314726-n0212a,24:EC:4A:C7:F5:3A,custom-11f9db6b38bd,930,2026-07-14T12:16:48.682000Z,1784031408682,85.49
session-1784031314726-n0212a,24:EC:4A:C7:F5:3A,custom-11f9db6b38bd,931,2026-07-14T12:16:48.772000Z,1784031408772,85.49
session-1784031314726-n0212a,24:EC:4A:C7:F5:3A,custom-11f9db6b38bd,932,2026-07-14T12:16:48.859000Z,1784031408859,85.54
session-1784031314726-n0212a,24:EC:4A:C7:F5:3A,custom-11f9db6b38bd,933,2026-07-14T12:16:48.995000Z,1784031408995,85.5
session-1784031314726-n0212a,24:EC:4A:C7:F5:3A,custom-11f9db6b38bd,934,2026-07-14T12:16:49.084000Z,1784031409084,85.37
session-1784031314726-n0212a,24:EC:4A:C7:F5:3A,custom-11f9db6b38bd,935,2026-07-14T12:16:49.172000Z,1784031409172,85.4
session-1784031314726-n0212a,24:EC:4A:C7:F5:3A,custom-11f9db6b38bd,936,2026-07-14T12:16:49.262000Z,1784031409262,85.4
session-1784031314726-n0212a,24:EC:4A:C7:F5:3A,custom-11f9db6b38bd,937,2026-07-14T12:16:49.354000Z,1784031409354,85.42
session-1784031314726-n0212a,24:EC:4A:C7:F5:3A,custom-11f9db6b38bd,938,2026-07-14T12:16:49.504000Z,1784031409504,85.4
session-1784031314726-n0212a,24:EC:4A:C7:F5:3A,custom-11f9db6b38bd,939,2026-07-14T12:16:49.671000Z,1784031409671,85.33
session-1784031314726-n0212a,24:EC:4A:C7:F5:3A,custom-11f9db6b38bd,940,2026-07-14T12:16:49.672000Z,1784031409672,85.35
session-1784031314726-n0212a,24:EC:4A:C7:F5:3A,custom-11f9db6b38bd,941,2026-07-14T12:16:49.766000Z,1784031409766,85.38
session-1784031314726-n0212a,24:EC:4A:C7:F5:3A,custom-11f9db6b38bd,942,2026-07-14T12:16:49.894000Z,1784031409894,85.91
session-1784031314726-n0212a,24:EC:4A:C7:F5:3A,custom-11f9db6b38bd,943,2026-07-14T12:16:49.983000Z,1784031409983,85.54
session-1784031314726-n0212a,24:EC:4A:C7:F5:3A,custom-11f9db6b38bd,944,2026-07-14T12:16:50.072000Z,1784031410072,85.49
session-1784031314726-n0212a,24:EC:4A:C7:F5:3A,custom-11f9db6b38bd,945,2026-07-14T12:16:50.164000Z,1784031410164,85.47
session-1784031314726-n0212a,24:EC:4A:C7:F5:3A,custom-11f9db6b38bd,946,2026-07-14T12:16:50.253000Z,1784031410253,85.54
session-1784031314726-n0212a,24:EC:4A:C7:F5:3A,custom-11f9db6b38bd,947,2026-07-14T12:16:50.404000Z,1784031410404,85.5
session-1784031314726-n0212a,24:EC:4A:C7:F5:3A,custom-11f9db6b38bd,948,2026-07-14T12:16:50.478000Z,1784031410478,85.47
session-1784031314726-n0212a,24:EC:4A:C7:F5:3A,custom-11f9db6b38bd,949,2026-07-14T12:16:50.568000Z,1784031410568,85.54
session-1784031314726-n0212a,24:EC:4A:C7:F5:3A,custom-11f9db6b38bd,950,2026-07-14T12:16:50.656000Z,1784031410656,85.52
session-1784031314726-n0212a,24:EC:4A:C7:F5:3A,custom-11f9db6b38bd,951,2026-07-14T12:16:50.817000Z,1784031410817,85.49
session-1784031314726-n0212a,24:EC:4A:C7:F5:3A,custom-11f9db6b38bd,952,2026-07-14T12:16:50.883000Z,1784031410883,84.93
session-1784031314726-n0212a,24:EC:4A:C7:F5:3A,custom-11f9db6b38bd,953,2026-07-14T12:16:50.973000Z,1784031410973,85.52
session-1784031314726-n0212a,24:EC:4A:C7:F5:3A,custom-11f9db6b38bd,954,2026-07-14T12:16:51.069000Z,1784031411069,85.5
session-1784031314726-n0212a,24:EC:4A:C7:F5:3A,custom-11f9db6b38bd,955,2026-07-14T12:16:51.157000Z,1784031411157,85.49
session-1784031314726-n0212a,24:EC:4A:C7:F5:3A,custom-11f9db6b38bd,956,2026-07-14T12:16:51.303000Z,1784031411303,85.54
session-1784031314726-n0212a,24:EC:4A:C7:F5:3A,custom-11f9db6b38bd,957,2026-07-14T12:16:51.378000Z,1784031411378,85.5
session-1784031314726-n0212a,24:EC:4A:C7:F5:3A,custom-11f9db6b38bd,958,2026-07-14T12:16:51.468000Z,1784031411468,85.38
session-1784031314726-n0212a,24:EC:4A:C7:F5:3A,custom-11f9db6b38bd,959,2026-07-14T12:16:51.559000Z,1784031411559,85.84
session-1784031314726-n0212a,24:EC:4A:C7:F5:3A,custom-11f9db6b38bd,960,2026-07-14T12:16:51.711000Z,1784031411711,85.85
session-1784031314726-n0212a,24:EC:4A:C7:F5:3A,custom-11f9db6b38bd,961,2026-07-14T12:16:51.783000Z,1784031411783,85.35
session-1784031314726-n0212a,24:EC:4A:C7:F5:3A,custom-11f9db6b38bd,962,2026-07-14T12:16:51.872000Z,1784031411872,85.4
session-1784031314726-n0212a,24:EC:4A:C7:F5:3A,custom-11f9db6b38bd,963,2026-07-14T12:16:51.963000Z,1784031411963,85.49
session-1784031314726-n0212a,24:EC:4A:C7:F5:3A,custom-11f9db6b38bd,964,2026-07-14T12:16:52.051000Z,1784031412051,85.56
session-1784031314726-n0212a,24:EC:4A:C7:F5:3A,custom-11f9db6b38bd,965,2026-07-14T12:16:52.201000Z,1784031412201,85.5
session-1784031314726-n0212a,24:EC:4A:C7:F5:3A,custom-11f9db6b38bd,966,2026-07-14T12:16:52.278000Z,1784031412278,85.47
session-1784031314726-n0212a,24:EC:4A:C7:F5:3A,custom-11f9db6b38bd,967,2026-07-14T12:16:52.368000Z,1784031412368,85.42
session-1784031314726-n0212a,24:EC:4A:C7:F5:3A,custom-11f9db6b38bd,968,2026-07-14T12:16:52.458000Z,1784031412458,85.37
session-1784031314726-n0212a,24:EC:4A:C7:F5:3A,custom-11f9db6b38bd,969,2026-07-14T12:16:52.594000Z,1784031412594,85.5
session-1784031314726-n0212a,24:EC:4A:C7:F5:3A,custom-11f9db6b38bd,970,2026-07-14T12:16:52.682000Z,1784031412682,85.38
session-1784031314726-n0212a,24:EC:4A:C7:F5:3A,custom-11f9db6b38bd,971,2026-07-14T12:16:52.775000Z,1784031412775,85.4
session-1784031314726-n0212a,24:EC:4A:C7:F5:3A,custom-11f9db6b38bd,972,2026-07-14T12:16:52.868000Z,1784031412868,85.38
session-1784031314726-n0212a,24:EC:4A:C7:F5:3A,custom-11f9db6b38bd,973,2026-07-14T12:16:52.953000Z,1784031412953,85.4
session-1784031314726-n0212a,24:EC:4A:C7:F5:3A,custom-11f9db6b38bd,974,2026-07-14T12:16:53.104000Z,1784031413104,85.47
session-1784031314726-n0212a,24:EC:4A:C7:F5:3A,custom-11f9db6b38bd,975,2026-07-14T12:16:53.184000Z,1784031413184,85.54
session-1784031314726-n0212a,24:EC:4A:C7:F5:3A,custom-11f9db6b38bd,976,2026-07-14T12:16:53.273000Z,1784031413273,84.93
session-1784031314726-n0212a,24:EC:4A:C7:F5:3A,custom-11f9db6b38bd,977,2026-07-14T12:16:53.357000Z,1784031413357,85.44
session-1784031314726-n0212a,24:EC:4A:C7:F5:3A,custom-11f9db6b38bd,978,2026-07-14T12:16:53.508000Z,1784031413508,85.42
session-1784031314726-n0212a,24:EC:4A:C7:F5:3A,custom-11f9db6b38bd,979,2026-07-14T12:16:53.587000Z,1784031413587,85.35
session-1784031314726-n0212a,24:EC:4A:C7:F5:3A,custom-11f9db6b38bd,980,2026-07-14T12:16:53.685000Z,1784031413685,85.42
session-1784031314726-n0212a,24:EC:4A:C7:F5:3A,custom-11f9db6b38bd,981,2026-07-14T12:16:53.775000Z,1784031413775,85.42
session-1784031314726-n0212a,24:EC:4A:C7:F5:3A,custom-11f9db6b38bd,982,2026-07-14T12:16:53.853000Z,1784031413853,85.38
session-1784031314726-n0212a,24:EC:4A:C7:F5:3A,custom-11f9db6b38bd,983,2026-07-14T12:16:54.004000Z,1784031414004,85.4
session-1784031314726-n0212a,24:EC:4A:C7:F5:3A,custom-11f9db6b38bd,984,2026-07-14T12:16:54.079000Z,1784031414079,85.37
session-1784031314726-n0212a,24:EC:4A:C7:F5:3A,custom-11f9db6b38bd,985,2026-07-14T12:16:54.173000Z,1784031414173,85.4
session-1784031314726-n0212a,24:EC:4A:C7:F5:3A,custom-11f9db6b38bd,986,2026-07-14T12:16:54.257000Z,1784031414257,85.42
session-1784031314726-n0212a,24:EC:4A:C7:F5:3A,custom-11f9db6b38bd,987,2026-07-14T12:16:54.407000Z,1784031414407,85.35
session-1784031314726-n0212a,24:EC:4A:C7:F5:3A,custom-11f9db6b38bd,988,2026-07-14T12:16:54.490000Z,1784031414490,85.37
session-1784031314726-n0212a,24:EC:4A:C7:F5:3A,custom-11f9db6b38bd,989,2026-07-14T12:16:54.572000Z,1784031414572,85.38
session-1784031314726-n0212a,24:EC:4A:C7:F5:3A,custom-11f9db6b38bd,990,2026-07-14T12:16:54.709000Z,1784031414709,85.4
session-1784031314726-n0212a,24:EC:4A:C7:F5:3A,custom-11f9db6b38bd,991,2026-07-14T12:16:54.751000Z,1784031414751,85.37
session-1784031314726-n0212a,24:EC:4A:C7:F5:3A,custom-11f9db6b38bd,992,2026-07-14T12:16:54.888000Z,1784031414888,85.38
session-1784031314726-n0212a,24:EC:4A:C7:F5:3A,custom-11f9db6b38bd,993,2026-07-14T12:16:54.979000Z,1784031414979,85.37
session-1784031314726-n0212a,24:EC:4A:C7:F5:3A,custom-11f9db6b38bd,994,2026-07-14T12:16:55.068000Z,1784031415068,85.37
session-1784031314726-n0212a,24:EC:4A:C7:F5:3A,custom-11f9db6b38bd,995,2026-07-14T12:16:55.159000Z,1784031415159,85.35
session-1784031314726-n0212a,24:EC:4A:C7:F5:3A,custom-11f9db6b38bd,996,2026-07-14T12:16:55.311000Z,1784031415311,85.4
session-1784031314726-n0212a,24:EC:4A:C7:F5:3A,custom-11f9db6b38bd,997,2026-07-14T12:16:55.383000Z,1784031415383,85.4
session-1784031314726-n0212a,24:EC:4A:C7:F5:3A,custom-11f9db6b38bd,998,2026-07-14T12:16:55.473000Z,1784031415473,85.33
session-1784031314726-n0212a,24:EC:4A:C7:F5:3A,custom-11f9db6b38bd,999,2026-07-14T12:16:55.562000Z,1784031415562,85.38
session-1784031314726-n0212a,24:EC:4A:C7:F5:3A,custom-11f9db6b38bd,1000,2026-07-14T12:16:55.653000Z,1784031415653,85.4
session-1784031314726-n0212a,24:EC:4A:C7:F5:3A,custom-11f9db6b38bd,1001,2026-07-14T12:16:55.805000Z,1784031415805,85.42
session-1784031314726-n0212a,24:EC:4A:C7:F5:3A,custom-11f9db6b38bd,1002,2026-07-14T12:16:55.878000Z,1784031415878,85.38
session-1784031314726-n0212a,24:EC:4A:C7:F5:3A,custom-11f9db6b38bd,1003,2026-07-14T12:16:55.967000Z,1784031415967,85.35
session-1784031314726-n0212a,24:EC:4A:C7:F5:3A,custom-11f9db6b38bd,1004,2026-07-14T12:16:56.055000Z,1784031416055,85.37
session-1784031314726-n0212a,24:EC:4A:C7:F5:3A,custom-11f9db6b38bd,1005,2026-07-14T12:16:56.214000Z,1784031416214,85.37
session-1784031314726-n0212a,24:EC:4A:C7:F5:3A,custom-11f9db6b38bd,1006,2026-07-14T12:16:56.284000Z,1784031416284,85.35
session-1784031314726-n0212a,24:EC:4A:C7:F5:3A,custom-11f9db6b38bd,1007,2026-07-14T12:16:56.372000Z,1784031416372,85.35
session-1784031314726-n0212a,24:EC:4A:C7:F5:3A,custom-11f9db6b38bd,1008,2026-07-14T12:16:56.509000Z,1784031416509,85.38
session-1784031314726-n0212a,24:EC:4A:C7:F5:3A,custom-11f9db6b38bd,1009,2026-07-14T12:16:56.555000Z,1784031416555,85.35
session-1784031314726-n0212a,24:EC:4A:C7:F5:3A,custom-11f9db6b38bd,1010,2026-07-14T12:16:56.705000Z,1784031416705,85.35
session-1784031314726-n0212a,24:EC:4A:C7:F5:3A,custom-11f9db6b38bd,1011,2026-07-14T12:16:56.777000Z,1784031416777,85.4
session-1784031314726-n0212a,24:EC:4A:C7:F5:3A,custom-11f9db6b38bd,1012,2026-07-14T12:16:56.868000Z,1784031416868,85.37
session-1784031314726-n0212a,24:EC:4A:C7:F5:3A,custom-11f9db6b38bd,1013,2026-07-14T12:16:56.957000Z,1784031416957,85.38
session-1784031314726-n0212a,24:EC:4A:C7:F5:3A,custom-11f9db6b38bd,1014,2026-07-14T12:16:57.094000Z,1784031417094,85.37
session-1784031314726-n0212a,24:EC:4A:C7:F5:3A,custom-11f9db6b38bd,1015,2026-07-14T12:16:57.185000Z,1784031417185,85.38
session-1784031314726-n0212a,24:EC:4A:C7:F5:3A,custom-11f9db6b38bd,1016,2026-07-14T12:16:57.273000Z,1784031417273,85.35
session-1784031314726-n0212a,24:EC:4A:C7:F5:3A,custom-11f9db6b38bd,1017,2026-07-14T12:16:57.363000Z,1784031417363,85.37
session-1784031314726-n0212a,24:EC:4A:C7:F5:3A,custom-11f9db6b38bd,1018,2026-07-14T12:16:57.453000Z,1784031417453,85.4
session-1784031314726-n0212a,24:EC:4A:C7:F5:3A,custom-11f9db6b38bd,1019,2026-07-14T12:16:57.588000Z,1784031417588,85.33
session-1784031314726-n0212a,24:EC:4A:C7:F5:3A,custom-11f9db6b38bd,1020,2026-07-14T12:16:57.678000Z,1784031417678,85.37
session-1784031314726-n0212a,24:EC:4A:C7:F5:3A,custom-11f9db6b38bd,1021,2026-07-14T12:16:57.772000Z,1784031417772,85.38
session-1784031314726-n0212a,24:EC:4A:C7:F5:3A,custom-11f9db6b38bd,1022,2026-07-14T12:16:57.865000Z,1784031417865,85.42
session-1784031314726-n0212a,24:EC:4A:C7:F5:3A,custom-11f9db6b38bd,1023,2026-07-14T12:16:58.013000Z,1784031418013,85.42
session-1784031314726-n0212a,24:EC:4A:C7:F5:3A,custom-11f9db6b38bd,1024,2026-07-14T12:16:58.088000Z,1784031418088,85.37
session-1784031314726-n0212a,24:EC:4A:C7:F5:3A,custom-11f9db6b38bd,1025,2026-07-14T12:16:58.218000Z,1784031418218,85.4
session-1784031314726-n0212a,24:EC:4A:C7:F5:3A,custom-11f9db6b38bd,1026,2026-07-14T12:16:58.270000Z,1784031418270,85.35
session-1784031314726-n0212a,24:EC:4A:C7:F5:3A,custom-11f9db6b38bd,1027,2026-07-14T12:16:58.353000Z,1784031418353,85.38
session-1784031314726-n0212a,24:EC:4A:C7:F5:3A,custom-11f9db6b38bd,1028,2026-07-14T12:16:58.506000Z,1784031418506,85.42
session-1784031314726-n0212a,24:EC:4A:C7:F5:3A,custom-11f9db6b38bd,1029,2026-07-14T12:16:58.621000Z,1784031418621,85.37
session-1784031314726-n0212a,24:EC:4A:C7:F5:3A,custom-11f9db6b38bd,1030,2026-07-14T12:16:58.670000Z,1784031418670,85.37
session-1784031314726-n0212a,24:EC:4A:C7:F5:3A,custom-11f9db6b38bd,1031,2026-07-14T12:16:58.759000Z,1784031418759,85.38
session-1784031314726-n0212a,24:EC:4A:C7:F5:3A,custom-11f9db6b38bd,1032,2026-07-14T12:16:58.893000Z,1784031418893,85.42
session-1784031314726-n0212a,24:EC:4A:C7:F5:3A,custom-11f9db6b38bd,1033,2026-07-14T12:16:58.983000Z,1784031418983,85.4
session-1784031314726-n0212a,24:EC:4A:C7:F5:3A,custom-11f9db6b38bd,1034,2026-07-14T12:16:59.072000Z,1784031419072,85.42
session-1784031314726-n0212a,24:EC:4A:C7:F5:3A,custom-11f9db6b38bd,1035,2026-07-14T12:16:59.163000Z,1784031419163,85.4
session-1784031314726-n0212a,24:EC:4A:C7:F5:3A,custom-11f9db6b38bd,1036,2026-07-14T12:16:59.255000Z,1784031419255,85.33
session-1784031314726-n0212a,24:EC:4A:C7:F5:3A,custom-11f9db6b38bd,1037,2026-07-14T12:16:59.404000Z,1784031419404,85.38
session-1784031314726-n0212a,24:EC:4A:C7:F5:3A,custom-11f9db6b38bd,1038,2026-07-14T12:16:59.476000Z,1784031419476,85.35
session-1784031314726-n0212a,24:EC:4A:C7:F5:3A,custom-11f9db6b38bd,1039,2026-07-14T12:16:59.568000Z,1784031419568,85.38
session-1784031314726-n0212a,24:EC:4A:C7:F5:3A,custom-11f9db6b38bd,1040,2026-07-14T12:16:59.658000Z,1784031419658,85.42
session-1784031314726-n0212a,24:EC:4A:C7:F5:3A,custom-11f9db6b38bd,1041,2026-07-14T12:16:59.809000Z,1784031419809,85.35
session-1784031314726-n0212a,24:EC:4A:C7:F5:3A,custom-11f9db6b38bd,1042,2026-07-14T12:16:59.883000Z,1784031419883,85.42
session-1784031314726-n0212a,24:EC:4A:C7:F5:3A,custom-11f9db6b38bd,1043,2026-07-14T12:16:59.972000Z,1784031419972,85.44
session-1784031314726-n0212a,24:EC:4A:C7:F5:3A,custom-11f9db6b38bd,1044,2026-07-14T12:17:00.062000Z,1784031420062,85.38
session-1784031314726-n0212a,24:EC:4A:C7:F5:3A,custom-11f9db6b38bd,1045,2026-07-14T12:17:00.154000Z,1784031420154,85.4
session-1784031314726-n0212a,24:EC:4A:C7:F5:3A,custom-11f9db6b38bd,1046,2026-07-14T12:17:00.310000Z,1784031420310,85.49
session-1784031314726-n0212a,24:EC:4A:C7:F5:3A,custom-11f9db6b38bd,1047,2026-07-14T12:17:00.385000Z,1784031420385,85.38
session-1784031314726-n0212a,24:EC:4A:C7:F5:3A,custom-11f9db6b38bd,1048,2026-07-14T12:17:00.531000Z,1784031420531,85.38
session-1784031314726-n0212a,24:EC:4A:C7:F5:3A,custom-11f9db6b38bd,1049,2026-07-14T12:17:00.605000Z,1784031420605,85.42
session-1784031314726-n0212a,24:EC:4A:C7:F5:3A,custom-11f9db6b38bd,1050,2026-07-14T12:17:00.697000Z,1784031420697,85.4
session-1784031314726-n0212a,24:EC:4A:C7:F5:3A,custom-11f9db6b38bd,1051,2026-07-14T12:17:00.784000Z,1784031420784,85.54
session-1784031314726-n0212a,24:EC:4A:C7:F5:3A,custom-11f9db6b38bd,1052,2026-07-14T12:17:00.872000Z,1784031420872,85.5
session-1784031314726-n0212a,24:EC:4A:C7:F5:3A,custom-11f9db6b38bd,1053,2026-07-14T12:17:00.961000Z,1784031420961,85.37
session-1784031314726-n0212a,24:EC:4A:C7:F5:3A,custom-11f9db6b38bd,1054,2026-07-14T12:17:01.052000Z,1784031421052,85.4
session-1784031314726-n0212a,24:EC:4A:C7:F5:3A,custom-11f9db6b38bd,1055,2026-07-14T12:17:01.205000Z,1784031421205,85.44
session-1784031314726-n0212a,24:EC:4A:C7:F5:3A,custom-11f9db6b38bd,1056,2026-07-14T12:17:01.279000Z,1784031421279,85.38
session-1784031314726-n0212a,24:EC:4A:C7:F5:3A,custom-11f9db6b38bd,1057,2026-07-14T12:17:01.370000Z,1784031421370,85.4
session-1784031314726-n0212a,24:EC:4A:C7:F5:3A,custom-11f9db6b38bd,1058,2026-07-14T12:17:01.458000Z,1784031421458,85.37
session-1784031314726-n0212a,24:EC:4A:C7:F5:3A,custom-11f9db6b38bd,1059,2026-07-14T12:17:01.593000Z,1784031421593,85.52
session-1784031314726-n0212a,24:EC:4A:C7:F5:3A,custom-11f9db6b38bd,1060,2026-07-14T12:17:01.682000Z,1784031421682,85.38
session-1784031314726-n0212a,24:EC:4A:C7:F5:3A,custom-11f9db6b38bd,1061,2026-07-14T12:17:01.774000Z,1784031421774,85.38
session-1784031314726-n0212a,24:EC:4A:C7:F5:3A,custom-11f9db6b38bd,1062,2026-07-14T12:17:01.864000Z,1784031421864,85.42
session-1784031314726-n0212a,24:EC:4A:C7:F5:3A,custom-11f9db6b38bd,1063,2026-07-14T12:17:01.954000Z,1784031421954,85.44
session-1784031314726-n0212a,24:EC:4A:C7:F5:3A,custom-11f9db6b38bd,1064,2026-07-14T12:17:02.088000Z,1784031422088,85.35
session-1784031314726-n0212a,24:EC:4A:C7:F5:3A,custom-11f9db6b38bd,1065,2026-07-14T12:17:02.180000Z,1784031422180,85.38
session-1784031314726-n0212a,24:EC:4A:C7:F5:3A,custom-11f9db6b38bd,1066,2026-07-14T12:17:02.269000Z,1784031422269,85.5
session-1784031314726-n0212a,24:EC:4A:C7:F5:3A,custom-11f9db6b38bd,1067,2026-07-14T12:17:02.357000Z,1784031422357,85.49
session-1784031314726-n0212a,24:EC:4A:C7:F5:3A,custom-11f9db6b38bd,1068,2026-07-14T12:17:02.507000Z,1784031422507,85.49
session-1784031314726-n0212a,24:EC:4A:C7:F5:3A,custom-11f9db6b38bd,1069,2026-07-14T12:17:02.585000Z,1784031422585,85.49
session-1784031314726-n0212a,24:EC:4A:C7:F5:3A,custom-11f9db6b38bd,1070,2026-07-14T12:17:02.678000Z,1784031422678,85.54
session-1784031314726-n0212a,24:EC:4A:C7:F5:3A,custom-11f9db6b38bd,1071,2026-07-14T12:17:02.762000Z,1784031422762,85.5
session-1784031314726-n0212a,24:EC:4A:C7:F5:3A,custom-11f9db6b38bd,1072,2026-07-14T12:17:02.854000Z,1784031422854,85.47
session-1784031314726-n0212a,24:EC:4A:C7:F5:3A,custom-11f9db6b38bd,1073,2026-07-14T12:17:02.989000Z,1784031422989,85.54
session-1784031314726-n0212a,24:EC:4A:C7:F5:3A,custom-11f9db6b38bd,1074,2026-07-14T12:17:03.077000Z,1784031423077,85.52
session-1784031314726-n0212a,24:EC:4A:C7:F5:3A,custom-11f9db6b38bd,1075,2026-07-14T12:17:03.168000Z,1784031423168,85.49
session-1784031314726-n0212a,24:EC:4A:C7:F5:3A,custom-11f9db6b38bd,1076,2026-07-14T12:17:03.258000Z,1784031423258,85.42
session-1784031314726-n0212a,24:EC:4A:C7:F5:3A,custom-11f9db6b38bd,1077,2026-07-14T12:17:03.408000Z,1784031423408,85.47
session-1784031314726-n0212a,24:EC:4A:C7:F5:3A,custom-11f9db6b38bd,1078,2026-07-14T12:17:03.485000Z,1784031423485,85.5
session-1784031314726-n0212a,24:EC:4A:C7:F5:3A,custom-11f9db6b38bd,1079,2026-07-14T12:17:03.575000Z,1784031423575,85.5
session-1784031314726-n0212a,24:EC:4A:C7:F5:3A,custom-11f9db6b38bd,1080,2026-07-14T12:17:03.676000Z,1784031423676,85.47
session-1784031314726-n0212a,24:EC:4A:C7:F5:3A,custom-11f9db6b38bd,1081,2026-07-14T12:17:03.756000Z,1784031423756,85.54
session-1784031314726-n0212a,24:EC:4A:C7:F5:3A,custom-11f9db6b38bd,1082,2026-07-14T12:17:03.889000Z,1784031423889,85.5
session-1784031314726-n0212a,24:EC:4A:C7:F5:3A,custom-11f9db6b38bd,1083,2026-07-14T12:17:03.978000Z,1784031423978,85.52
session-1784031314726-n0212a,24:EC:4A:C7:F5:3A,custom-11f9db6b38bd,1084,2026-07-14T12:17:04.068000Z,1784031424068,85.52
session-1784031314726-n0212a,24:EC:4A:C7:F5:3A,custom-11f9db6b38bd,1085,2026-07-14T12:17:04.158000Z,1784031424158,85.47
session-1784031314726-n0212a,24:EC:4A:C7:F5:3A,custom-11f9db6b38bd,1086,2026-07-14T12:17:04.307000Z,1784031424307,85.52
session-1784031314726-n0212a,24:EC:4A:C7:F5:3A,custom-11f9db6b38bd,1087,2026-07-14T12:17:04.389000Z,1784031424389,85.52
session-1784031314726-n0212a,24:EC:4A:C7:F5:3A,custom-11f9db6b38bd,1088,2026-07-14T12:17:04.473000Z,1784031424473,85.5
session-1784031314726-n0212a,24:EC:4A:C7:F5:3A,custom-11f9db6b38bd,1089,2026-07-14T12:17:04.563000Z,1784031424563,85.49
session-1784031314726-n0212a,24:EC:4A:C7:F5:3A,custom-11f9db6b38bd,1090,2026-07-14T12:17:04.713000Z,1784031424713,85.49
session-1784031314726-n0212a,24:EC:4A:C7:F5:3A,custom-11f9db6b38bd,1091,2026-07-14T12:17:04.791000Z,1784031424791,85.49
session-1784031314726-n0212a,24:EC:4A:C7:F5:3A,custom-11f9db6b38bd,1092,2026-07-14T12:17:04.883000Z,1784031424883,85.54
session-1784031314726-n0212a,24:EC:4A:C7:F5:3A,custom-11f9db6b38bd,1093,2026-07-14T12:17:04.967000Z,1784031424967,85.5
session-1784031314726-n0212a,24:EC:4A:C7:F5:3A,custom-11f9db6b38bd,1094,2026-07-14T12:17:05.122000Z,1784031425122,85.47
session-1784031314726-n0212a,24:EC:4A:C7:F5:3A,custom-11f9db6b38bd,1095,2026-07-14T12:17:05.197000Z,1784031425197,85.54
session-1784031314726-n0212a,24:EC:4A:C7:F5:3A,custom-11f9db6b38bd,1096,2026-07-14T12:17:05.284000Z,1784031425284,85.52
session-1784031314726-n0212a,24:EC:4A:C7:F5:3A,custom-11f9db6b38bd,1097,2026-07-14T12:17:05.374000Z,1784031425374,85.5
session-1784031314726-n0212a,24:EC:4A:C7:F5:3A,custom-11f9db6b38bd,1098,2026-07-14T12:17:05.464000Z,1784031425464,85.47
session-1784031314726-n0212a,24:EC:4A:C7:F5:3A,custom-11f9db6b38bd,1099,2026-07-14T12:17:05.552000Z,1784031425552,85.47
session-1784031314726-n0212a,24:EC:4A:C7:F5:3A,custom-11f9db6b38bd,1100,2026-07-14T12:17:05.711000Z,1784031425711,85.5
session-1784031314726-n0212a,24:EC:4A:C7:F5:3A,custom-11f9db6b38bd,1101,2026-07-14T12:17:05.777000Z,1784031425777,85.47
session-1784031314726-n0212a,24:EC:4A:C7:F5:3A,custom-11f9db6b38bd,1102,2026-07-14T12:17:05.869000Z,1784031425869,85.54
session-1784031314726-n0212a,24:EC:4A:C7:F5:3A,custom-11f9db6b38bd,1103,2026-07-14T12:17:05.958000Z,1784031425958,85.5
session-1784031314726-n0212a,24:EC:4A:C7:F5:3A,custom-11f9db6b38bd,1104,2026-07-14T12:17:06.118000Z,1784031426118,85.47
session-1784031314726-n0212a,24:EC:4A:C7:F5:3A,custom-11f9db6b38bd,1105,2026-07-14T12:17:06.273000Z,1784031426273,85.09
session-1784031314726-n0212a,24:EC:4A:C7:F5:3A,custom-11f9db6b38bd,1106,2026-07-14T12:17:06.274000Z,1784031426274,85.54
session-1784031314726-n0212a,24:EC:4A:C7:F5:3A,custom-11f9db6b38bd,1107,2026-07-14T12:17:06.362000Z,1784031426362,85.5
session-1784031314726-n0212a,24:EC:4A:C7:F5:3A,custom-11f9db6b38bd,1108,2026-07-14T12:17:06.453000Z,1784031426453,85.5
session-1784031314726-n0212a,24:EC:4A:C7:F5:3A,custom-11f9db6b38bd,1109,2026-07-14T12:17:06.589000Z,1784031426589,85.49
session-1784031314726-n0212a,24:EC:4A:C7:F5:3A,custom-11f9db6b38bd,1110,2026-07-14T12:17:06.677000Z,1784031426677,85.49
session-1784031314726-n0212a,24:EC:4A:C7:F5:3A,custom-11f9db6b38bd,1111,2026-07-14T12:17:06.768000Z,1784031426768,85.35
session-1784031314726-n0212a,24:EC:4A:C7:F5:3A,custom-11f9db6b38bd,1112,2026-07-14T12:17:06.857000Z,1784031426857,85.4
session-1784031314726-n0212a,24:EC:4A:C7:F5:3A,custom-11f9db6b38bd,1113,2026-07-14T12:17:07.007000Z,1784031427007,85.42
session-1784031314726-n0212a,24:EC:4A:C7:F5:3A,custom-11f9db6b38bd,1114,2026-07-14T12:17:07.084000Z,1784031427084,85.37
session-1784031314726-n0212a,24:EC:4A:C7:F5:3A,custom-11f9db6b38bd,1115,2026-07-14T12:17:07.174000Z,1784031427174,85.38
session-1784031314726-n0212a,24:EC:4A:C7:F5:3A,custom-11f9db6b38bd,1116,2026-07-14T12:17:07.262000Z,1784031427262,85.52
session-1784031314726-n0212a,24:EC:4A:C7:F5:3A,custom-11f9db6b38bd,1117,2026-07-14T12:17:07.352000Z,1784031427352,85.47
session-1784031314726-n0212a,24:EC:4A:C7:F5:3A,custom-11f9db6b38bd,1118,2026-07-14T12:17:07.503000Z,1784031427503,85.54
session-1784031314726-n0212a,24:EC:4A:C7:F5:3A,custom-11f9db6b38bd,1119,2026-07-14T12:17:07.577000Z,1784031427577,85.52
session-1784031314726-n0212a,24:EC:4A:C7:F5:3A,custom-11f9db6b38bd,1120,2026-07-14T12:17:07.669000Z,1784031427669,85.49
session-1784031314726-n0212a,24:EC:4A:C7:F5:3A,custom-11f9db6b38bd,1121,2026-07-14T12:17:07.756000Z,1784031427756,85.49
session-1784031314726-n0212a,24:EC:4A:C7:F5:3A,custom-11f9db6b38bd,1122,2026-07-14T12:17:07.892000Z,1784031427892,85.49
session-1784031314726-n0212a,24:EC:4A:C7:F5:3A,custom-11f9db6b38bd,1123,2026-07-14T12:17:07.983000Z,1784031427983,85.54
session-1784031314726-n0212a,24:EC:4A:C7:F5:3A,custom-11f9db6b38bd,1124,2026-07-14T12:17:08.073000Z,1784031428073,85.5
session-1784031314726-n0212a,24:EC:4A:C7:F5:3A,custom-11f9db6b38bd,1125,2026-07-14T12:17:08.164000Z,1784031428164,85.49
session-1784031314726-n0212a,24:EC:4A:C7:F5:3A,custom-11f9db6b38bd,1126,2026-07-14T12:17:08.254000Z,1784031428254,85.44
session-1784031314726-n0212a,24:EC:4A:C7:F5:3A,custom-11f9db6b38bd,1127,2026-07-14T12:17:08.403000Z,1784031428403,85.37
session-1784031314726-n0212a,24:EC:4A:C7:F5:3A,custom-11f9db6b38bd,1128,2026-07-14T12:17:08.477000Z,1784031428477,85.4
session-1784031314726-n0212a,24:EC:4A:C7:F5:3A,custom-11f9db6b38bd,1129,2026-07-14T12:17:08.569000Z,1784031428569,85.54
session-1784031314726-n0212a,24:EC:4A:C7:F5:3A,custom-11f9db6b38bd,1130,2026-07-14T12:17:08.657000Z,1784031428657,85.52
session-1784031314726-n0212a,24:EC:4A:C7:F5:3A,custom-11f9db6b38bd,1131,2026-07-14T12:17:08.808000Z,1784031428808,85.5
session-1784031314726-n0212a,24:EC:4A:C7:F5:3A,custom-11f9db6b38bd,1132,2026-07-14T12:17:08.884000Z,1784031428884,85.49
session-1784031314726-n0212a,24:EC:4A:C7:F5:3A,custom-11f9db6b38bd,1133,2026-07-14T12:17:08.972000Z,1784031428972,85.47
session-1784031314726-n0212a,24:EC:4A:C7:F5:3A,custom-11f9db6b38bd,1134,2026-07-14T12:17:09.064000Z,1784031429064,85.54
session-1784031314726-n0212a,24:EC:4A:C7:F5:3A,custom-11f9db6b38bd,1135,2026-07-14T12:17:09.153000Z,1784031429153,85.49
session-1784031314726-n0212a,24:EC:4A:C7:F5:3A,custom-11f9db6b38bd,1136,2026-07-14T12:17:09.309000Z,1784031429309,85.49
session-1784031314726-n0212a,24:EC:4A:C7:F5:3A,custom-11f9db6b38bd,1137,2026-07-14T12:17:09.381000Z,1784031429381,85.54
session-1784031314726-n0212a,24:EC:4A:C7:F5:3A,custom-11f9db6b38bd,1138,2026-07-14T12:17:09.468000Z,1784031429468,85.5
session-1784031314726-n0212a,24:EC:4A:C7:F5:3A,custom-11f9db6b38bd,1139,2026-07-14T12:17:09.557000Z,1784031429557,85.47
session-1784031314726-n0212a,24:EC:4A:C7:F5:3A,custom-11f9db6b38bd,1140,2026-07-14T12:17:09.708000Z,1784031429708,85.54
session-1784031314726-n0212a,24:EC:4A:C7:F5:3A,custom-11f9db6b38bd,1141,2026-07-14T12:17:09.784000Z,1784031429784,85.5
session-1784031314726-n0212a,24:EC:4A:C7:F5:3A,custom-11f9db6b38bd,1142,2026-07-14T12:17:09.936000Z,1784031429936,85.5
session-1784031314726-n0212a,24:EC:4A:C7:F5:3A,custom-11f9db6b38bd,1143,2026-07-14T12:17:10.012000Z,1784031430012,85.49
session-1784031314726-n0212a,24:EC:4A:C7:F5:3A,custom-11f9db6b38bd,1144,2026-07-14T12:17:10.097000Z,1784031430097,85.49
session-1784031314726-n0212a,24:EC:4A:C7:F5:3A,custom-11f9db6b38bd,1145,2026-07-14T12:17:10.187000Z,1784031430187,85.54
session-1784031314726-n0212a,24:EC:4A:C7:F5:3A,custom-11f9db6b38bd,1146,2026-07-14T12:17:10.282000Z,1784031430282,85.47
session-1784031314726-n0212a,24:EC:4A:C7:F5:3A,custom-11f9db6b38bd,1147,2026-07-14T12:17:10.369000Z,1784031430369,85.49
session-1784031314726-n0212a,24:EC:4A:C7:F5:3A,custom-11f9db6b38bd,1148,2026-07-14T12:17:10.459000Z,1784031430459,85.47
session-1784031314726-n0212a,24:EC:4A:C7:F5:3A,custom-11f9db6b38bd,1149,2026-07-14T12:17:10.594000Z,1784031430594,85.54
session-1784031314726-n0212a,24:EC:4A:C7:F5:3A,custom-11f9db6b38bd,1150,2026-07-14T12:17:10.682000Z,1784031430682,85.52
session-1784031314726-n0212a,24:EC:4A:C7:F5:3A,custom-11f9db6b38bd,1151,2026-07-14T12:17:10.781000Z,1784031430781,85.5
session-1784031314726-n0212a,24:EC:4A:C7:F5:3A,custom-11f9db6b38bd,1152,2026-07-14T12:17:10.863000Z,1784031430863,85.49
session-1784031314726-n0212a,24:EC:4A:C7:F5:3A,custom-11f9db6b38bd,1153,2026-07-14T12:17:10.952000Z,1784031430952,85.5
session-1784031314726-n0212a,24:EC:4A:C7:F5:3A,custom-11f9db6b38bd,1154,2026-07-14T12:17:11.104000Z,1784031431104,85.49
session-1784031314726-n0212a,24:EC:4A:C7:F5:3A,custom-11f9db6b38bd,1155,2026-07-14T12:17:11.178000Z,1784031431178,85.49
session-1784031314726-n0212a,24:EC:4A:C7:F5:3A,custom-11f9db6b38bd,1156,2026-07-14T12:17:11.269000Z,1784031431269,85.52
session-1784031314726-n0212a,24:EC:4A:C7:F5:3A,custom-11f9db6b38bd,1157,2026-07-14T12:17:11.359000Z,1784031431359,85.47
session-1784031314726-n0212a,24:EC:4A:C7:F5:3A,custom-11f9db6b38bd,1158,2026-07-14T12:17:11.493000Z,1784031431493,85.54
session-1784031314726-n0212a,24:EC:4A:C7:F5:3A,custom-11f9db6b38bd,1159,2026-07-14T12:17:11.583000Z,1784031431583,85.52
session-1784031314726-n0212a,24:EC:4A:C7:F5:3A,custom-11f9db6b38bd,1160,2026-07-14T12:17:11.672000Z,1784031431672,85.49
session-1784031314726-n0212a,24:EC:4A:C7:F5:3A,custom-11f9db6b38bd,1161,2026-07-14T12:17:11.765000Z,1784031431765,85.44
session-1784031314726-n0212a,24:EC:4A:C7:F5:3A,custom-11f9db6b38bd,1162,2026-07-14T12:17:11.855000Z,1784031431855,85.38
session-1784031314726-n0212a,24:EC:4A:C7:F5:3A,custom-11f9db6b38bd,1163,2026-07-14T12:17:12.006000Z,1784031432006,85.35
session-1784031314726-n0212a,24:EC:4A:C7:F5:3A,custom-11f9db6b38bd,1164,2026-07-14T12:17:12.081000Z,1784031432081,85.35
session-1784031314726-n0212a,24:EC:4A:C7:F5:3A,custom-11f9db6b38bd,1165,2026-07-14T12:17:12.167000Z,1784031432167,85.38
session-1784031314726-n0212a,24:EC:4A:C7:F5:3A,custom-11f9db6b38bd,1166,2026-07-14T12:17:12.256000Z,1784031432256,85.4
session-1784031314726-n0212a,24:EC:4A:C7:F5:3A,custom-11f9db6b38bd,1167,2026-07-14T12:17:12.407000Z,1784031432407,85.42
session-1784031314726-n0212a,24:EC:4A:C7:F5:3A,custom-11f9db6b38bd,1168,2026-07-14T12:17:12.485000Z,1784031432485,85.42
session-1784031314726-n0212a,24:EC:4A:C7:F5:3A,custom-11f9db6b38bd,1169,2026-07-14T12:17:12.576000Z,1784031432576,85.37
session-1784031314726-n0212a,24:EC:4A:C7:F5:3A,custom-11f9db6b38bd,1170,2026-07-14T12:17:12.666000Z,1784031432666,85.42
session-1784031314726-n0212a,24:EC:4A:C7:F5:3A,custom-11f9db6b38bd,1171,2026-07-14T12:17:12.758000Z,1784031432758,85.44
session-1784031314726-n0212a,24:EC:4A:C7:F5:3A,custom-11f9db6b38bd,1172,2026-07-14T12:17:12.889000Z,1784031432889,85.92
session-1784031314726-n0212a,24:EC:4A:C7:F5:3A,custom-11f9db6b38bd,1173,2026-07-14T12:17:12.978000Z,1784031432978,85.12
session-1784031314726-n0212a,24:EC:4A:C7:F5:3A,custom-11f9db6b38bd,1174,2026-07-14T12:17:13.068000Z,1784031433068,85.49
session-1784031314726-n0212a,24:EC:4A:C7:F5:3A,custom-11f9db6b38bd,1175,2026-07-14T12:17:13.218000Z,1784031433218,85.49
session-1784031314726-n0212a,24:EC:4A:C7:F5:3A,custom-11f9db6b38bd,1176,2026-07-14T12:17:13.292000Z,1784031433292,85.54
session-1784031314726-n0212a,24:EC:4A:C7:F5:3A,custom-11f9db6b38bd,1177,2026-07-14T12:17:13.383000Z,1784031433383,85.5
session-1784031314726-n0212a,24:EC:4A:C7:F5:3A,custom-11f9db6b38bd,1178,2026-07-14T12:17:13.472000Z,1784031433472,85.49
session-1784031314726-n0212a,24:EC:4A:C7:F5:3A,custom-11f9db6b38bd,1179,2026-07-14T12:17:13.564000Z,1784031433564,85.54
session-1784031314726-n0212a,24:EC:4A:C7:F5:3A,custom-11f9db6b38bd,1180,2026-07-14T12:17:13.698000Z,1784031433698,85.52
session-1784031314726-n0212a,24:EC:4A:C7:F5:3A,custom-11f9db6b38bd,1181,2026-07-14T12:17:13.789000Z,1784031433789,85.49
session-1784031314726-n0212a,24:EC:4A:C7:F5:3A,custom-11f9db6b38bd,1182,2026-07-14T12:17:13.878000Z,1784031433878,85.54
session-1784031314726-n0212a,24:EC:4A:C7:F5:3A,custom-11f9db6b38bd,1183,2026-07-14T12:17:13.967000Z,1784031433967,85.52
session-1784031314726-n0212a,24:EC:4A:C7:F5:3A,custom-11f9db6b38bd,1184,2026-07-14T12:17:14.059000Z,1784031434059,85.52
session-1784031314726-n0212a,24:EC:4A:C7:F5:3A,custom-11f9db6b38bd,1185,2026-07-14T12:17:14.208000Z,1784031434208,85.5
session-1784031314726-n0212a,24:EC:4A:C7:F5:3A,custom-11f9db6b38bd,1186,2026-07-14T12:17:14.328000Z,1784031434328,85.47
session-1784031314726-n0212a,24:EC:4A:C7:F5:3A,custom-11f9db6b38bd,1187,2026-07-14T12:17:14.373000Z,1784031434373,85.54
session-1784031314726-n0212a,24:EC:4A:C7:F5:3A,custom-11f9db6b38bd,1188,2026-07-14T12:17:14.466000Z,1784031434466,85.49
session-1784031314726-n0212a,24:EC:4A:C7:F5:3A,custom-11f9db6b38bd,1189,2026-07-14T12:17:14.563000Z,1784031434563,85.49
session-1784031314726-n0212a,24:EC:4A:C7:F5:3A,custom-11f9db6b38bd,1190,2026-07-14T12:17:14.711000Z,1784031434711,85.54
session-1784031314726-n0212a,24:EC:4A:C7:F5:3A,custom-11f9db6b38bd,1191,2026-07-14T12:17:14.874000Z,1784031434874,85.52
session-1784031314726-n0212a,24:EC:4A:C7:F5:3A,custom-11f9db6b38bd,1192,2026-07-14T12:17:14.875000Z,1784031434875,85.47
session-1784031314726-n0212a,24:EC:4A:C7:F5:3A,custom-11f9db6b38bd,1193,2026-07-14T12:17:14.960000Z,1784031434960,85.54
session-1784031314726-n0212a,24:EC:4A:C7:F5:3A,custom-11f9db6b38bd,1194,2026-07-14T12:17:15.114000Z,1784031435114,85.52
session-1784031314726-n0212a,24:EC:4A:C7:F5:3A,custom-11f9db6b38bd,1195,2026-07-14T12:17:15.186000Z,1784031435186,85.5
session-1784031314726-n0212a,24:EC:4A:C7:F5:3A,custom-11f9db6b38bd,1196,2026-07-14T12:17:15.272000Z,1784031435272,85.49
session-1784031314726-n0212a,24:EC:4A:C7:F5:3A,custom-11f9db6b38bd,1197,2026-07-14T12:17:15.364000Z,1784031435364,85.49
session-1784031314726-n0212a,24:EC:4A:C7:F5:3A,custom-11f9db6b38bd,1198,2026-07-14T12:17:15.455000Z,1784031435455,85.54
session-1784031314726-n0212a,24:EC:4A:C7:F5:3A,custom-11f9db6b38bd,1199,2026-07-14T12:17:15.589000Z,1784031435589,85.5
session-1784031314726-n0212a,24:EC:4A:C7:F5:3A,custom-11f9db6b38bd,1200,2026-07-14T12:17:15.677000Z,1784031435677,85.49
session-1784031314726-n0212a,24:EC:4A:C7:F5:3A,custom-11f9db6b38bd,1201,2026-07-14T12:17:15.826000Z,1784031435826,85.54
session-1784031314726-n0212a,24:EC:4A:C7:F5:3A,custom-11f9db6b38bd,1202,2026-07-14T12:17:15.910000Z,1784031435910,85.09
session-1784031314726-n0212a,24:EC:4A:C7:F5:3A,custom-11f9db6b38bd,1203,2026-07-14T12:17:15.991000Z,1784031435991,85.54
session-1784031314726-n0212a,24:EC:4A:C7:F5:3A,custom-11f9db6b38bd,1204,2026-07-14T12:17:16.082000Z,1784031436082,85.87
session-1784031314726-n0212a,24:EC:4A:C7:F5:3A,custom-11f9db6b38bd,1205,2026-07-14T12:17:16.173000Z,1784031436173,85.52
session-1784031314726-n0212a,24:EC:4A:C7:F5:3A,custom-11f9db6b38bd,1206,2026-07-14T12:17:16.263000Z,1784031436263,85.52
session-1784031314726-n0212a,24:EC:4A:C7:F5:3A,custom-11f9db6b38bd,1207,2026-07-14T12:17:16.366000Z,1784031436366,85.02
session-1784031314726-n0212a,24:EC:4A:C7:F5:3A,custom-11f9db6b38bd,1208,2026-07-14T12:17:16.512000Z,1784031436512,85.02
session-1784031314726-n0212a,24:EC:4A:C7:F5:3A,custom-11f9db6b38bd,1209,2026-07-14T12:17:16.585000Z,1784031436585,85.47
session-1784031314726-n0212a,24:EC:4A:C7:F5:3A,custom-11f9db6b38bd,1210,2026-07-14T12:17:16.671000Z,1784031436671,85.54
session-1784031314726-n0212a,24:EC:4A:C7:F5:3A,custom-11f9db6b38bd,1211,2026-07-14T12:17:16.762000Z,1784031436762,85.5
session-1784031314726-n0212a,24:EC:4A:C7:F5:3A,custom-11f9db6b38bd,1212,2026-07-14T12:17:16.913000Z,1784031436913,85.49
session-1784031314726-n0212a,24:EC:4A:C7:F5:3A,custom-11f9db6b38bd,1213,2026-07-14T12:17:16.984000Z,1784031436984,86.43
session-1784031314726-n0212a,24:EC:4A:C7:F5:3A,custom-11f9db6b38bd,1214,2026-07-14T12:17:17.072000Z,1784031437072,85.09
session-1784031314726-n0212a,24:EC:4A:C7:F5:3A,custom-11f9db6b38bd,1215,2026-07-14T12:17:17.164000Z,1784031437164,85.52
session-1784031314726-n0212a,24:EC:4A:C7:F5:3A,custom-11f9db6b38bd,1216,2026-07-14T12:17:17.255000Z,1784031437255,85.52
session-1784031314726-n0212a,24:EC:4A:C7:F5:3A,custom-11f9db6b38bd,1217,2026-07-14T12:17:17.414000Z,1784031437414,85.49
session-1784031314726-n0212a,24:EC:4A:C7:F5:3A,custom-11f9db6b38bd,1218,2026-07-14T12:17:17.480000Z,1784031437480,85.49
session-1784031314726-n0212a,24:EC:4A:C7:F5:3A,custom-11f9db6b38bd,1219,2026-07-14T12:17:17.569000Z,1784031437569,85.54
session-1784031314726-n0212a,24:EC:4A:C7:F5:3A,custom-11f9db6b38bd,1220,2026-07-14T12:17:17.727000Z,1784031437727,85.5
session-1784031314726-n0212a,24:EC:4A:C7:F5:3A,custom-11f9db6b38bd,1221,2026-07-14T12:17:17.838000Z,1784031437838,85.49
session-1784031314726-n0212a,24:EC:4A:C7:F5:3A,custom-11f9db6b38bd,1222,2026-07-14T12:17:17.883000Z,1784031437883,85.56
session-1784031314726-n0212a,24:EC:4A:C7:F5:3A,custom-11f9db6b38bd,1223,2026-07-14T12:17:17.972000Z,1784031437972,85.56
session-1784031314726-n0212a,24:EC:4A:C7:F5:3A,custom-11f9db6b38bd,1224,2026-07-14T12:17:18.109000Z,1784031438109,85.07
session-1784031314726-n0212a,24:EC:4A:C7:F5:3A,custom-11f9db6b38bd,1225,2026-07-14T12:17:18.153000Z,1784031438153,85.05
session-1784031314726-n0212a,24:EC:4A:C7:F5:3A,custom-11f9db6b38bd,1226,2026-07-14T12:17:18.288000Z,1784031438288,85.5
session-1784031314726-n0212a,24:EC:4A:C7:F5:3A,custom-11f9db6b38bd,1227,2026-07-14T12:17:18.376000Z,1784031438376,85.49
session-1784031314726-n0212a,24:EC:4A:C7:F5:3A,custom-11f9db6b38bd,1228,2026-07-14T12:17:18.466000Z,1784031438466,85.5
session-1784031314726-n0212a,24:EC:4A:C7:F5:3A,custom-11f9db6b38bd,1229,2026-07-14T12:17:18.557000Z,1784031438557,85.54
session-1784031314726-n0212a,24:EC:4A:C7:F5:3A,custom-11f9db6b38bd,1230,2026-07-14T12:17:18.708000Z,1784031438708,85.5
session-1784031314726-n0212a,24:EC:4A:C7:F5:3A,custom-11f9db6b38bd,1231,2026-07-14T12:17:18.784000Z,1784031438784,85.49
session-1784031314726-n0212a,24:EC:4A:C7:F5:3A,custom-11f9db6b38bd,1232,2026-07-14T12:17:18.876000Z,1784031438876,85.54
session-1784031314726-n0212a,24:EC:4A:C7:F5:3A,custom-11f9db6b38bd,1233,2026-07-14T12:17:18.966000Z,1784031438966,85.54
session-1784031314726-n0212a,24:EC:4A:C7:F5:3A,custom-11f9db6b38bd,1234,2026-07-14T12:17:19.052000Z,1784031439052,85.03
session-1784031314726-n0212a,24:EC:4A:C7:F5:3A,custom-11f9db6b38bd,1235,2026-07-14T12:17:19.204000Z,1784031439204,85.5
session-1784031314726-n0212a,24:EC:4A:C7:F5:3A,custom-11f9db6b38bd,1236,2026-07-14T12:17:19.323000Z,1784031439323,85.28
session-1784031314726-n0212a,24:EC:4A:C7:F5:3A,custom-11f9db6b38bd,1237,2026-07-14T12:17:19.367000Z,1784031439367,85.52
session-1784031314726-n0212a,24:EC:4A:C7:F5:3A,custom-11f9db6b38bd,1238,2026-07-14T12:17:19.458000Z,1784031439458,85.52
session-1784031314726-n0212a,24:EC:4A:C7:F5:3A,custom-11f9db6b38bd,1239,2026-07-14T12:17:19.594000Z,1784031439594,85.52
session-1784031314726-n0212a,24:EC:4A:C7:F5:3A,custom-11f9db6b38bd,1240,2026-07-14T12:17:19.683000Z,1784031439683,85.57
session-1784031314726-n0212a,24:EC:4A:C7:F5:3A,custom-11f9db6b38bd,1241,2026-07-14T12:17:19.772000Z,1784031439772,85.54
session-1784031314726-n0212a,24:EC:4A:C7:F5:3A,custom-11f9db6b38bd,1242,2026-07-14T12:17:19.862000Z,1784031439862,85.57
session-1784031314726-n0212a,24:EC:4A:C7:F5:3A,custom-11f9db6b38bd,1243,2026-07-14T12:17:19.959000Z,1784031439959,85.54
session-1784031314726-n0212a,24:EC:4A:C7:F5:3A,custom-11f9db6b38bd,1244,2026-07-14T12:17:20.112000Z,1784031440112,85.5
session-1784031314726-n0212a,24:EC:4A:C7:F5:3A,custom-11f9db6b38bd,1245,2026-07-14T12:17:20.180000Z,1784031440180,84.86
session-1784031314726-n0212a,24:EC:4A:C7:F5:3A,custom-11f9db6b38bd,1246,2026-07-14T12:17:20.272000Z,1784031440272,85.56
session-1784031314726-n0212a,24:EC:4A:C7:F5:3A,custom-11f9db6b38bd,1247,2026-07-14T12:17:20.358000Z,1784031440358,85.05
session-1784031314726-n0212a,24:EC:4A:C7:F5:3A,custom-11f9db6b38bd,1248,2026-07-14T12:17:20.494000Z,1784031440494,85.54
session-1784031314726-n0212a,24:EC:4A:C7:F5:3A,custom-11f9db6b38bd,1249,2026-07-14T12:17:20.584000Z,1784031440584,85.52
session-1784031314726-n0212a,24:EC:4A:C7:F5:3A,custom-11f9db6b38bd,1250,2026-07-14T12:17:20.674000Z,1784031440674,85.5
session-1784031314726-n0212a,24:EC:4A:C7:F5:3A,custom-11f9db6b38bd,1251,2026-07-14T12:17:20.769000Z,1784031440769,85.49
session-1784031314726-n0212a,24:EC:4A:C7:F5:3A,custom-11f9db6b38bd,1252,2026-07-14T12:17:20.856000Z,1784031440856,85.54
session-1784031314726-n0212a,24:EC:4A:C7:F5:3A,custom-11f9db6b38bd,1253,2026-07-14T12:17:20.986000Z,1784031440986,85.49
session-1784031314726-n0212a,24:EC:4A:C7:F5:3A,custom-11f9db6b38bd,1254,2026-07-14T12:17:21.076000Z,1784031441076,85.47
session-1784031314726-n0212a,24:EC:4A:C7:F5:3A,custom-11f9db6b38bd,1255,2026-07-14T12:17:21.171000Z,1784031441171,85.54
session-1784031314726-n0212a,24:EC:4A:C7:F5:3A,custom-11f9db6b38bd,1256,2026-07-14T12:17:21.257000Z,1784031441257,85.52
session-1784031314726-n0212a,24:EC:4A:C7:F5:3A,custom-11f9db6b38bd,1257,2026-07-14T12:17:21.408000Z,1784031441408,85.5
session-1784031314726-n0212a,24:EC:4A:C7:F5:3A,custom-11f9db6b38bd,1258,2026-07-14T12:17:21.483000Z,1784031441483,85.47
session-1784031314726-n0212a,24:EC:4A:C7:F5:3A,custom-11f9db6b38bd,1259,2026-07-14T12:17:21.572000Z,1784031441572,85.5
session-1784031314726-n0212a,24:EC:4A:C7:F5:3A,custom-11f9db6b38bd,1260,2026-07-14T12:17:21.663000Z,1784031441663,85.49
session-1784031314726-n0212a,24:EC:4A:C7:F5:3A,custom-11f9db6b38bd,1261,2026-07-14T12:17:21.752000Z,1784031441752,85.42
session-1784031314726-n0212a,24:EC:4A:C7:F5:3A,custom-11f9db6b38bd,1262,2026-07-14T12:17:21.888000Z,1784031441888,85.37
session-1784031314726-n0212a,24:EC:4A:C7:F5:3A,custom-11f9db6b38bd,1263,2026-07-14T12:17:21.978000Z,1784031441978,85.4
session-1784031314726-n0212a,24:EC:4A:C7:F5:3A,custom-11f9db6b38bd,1264,2026-07-14T12:17:22.068000Z,1784031442068,85.4
session-1784031314726-n0212a,24:EC:4A:C7:F5:3A,custom-11f9db6b38bd,1265,2026-07-14T12:17:22.158000Z,1784031442158,85.44
session-1784031314726-n0212a,24:EC:4A:C7:F5:3A,custom-11f9db6b38bd,1266,2026-07-14T12:17:22.309000Z,1784031442309,85.35
session-1784031314726-n0212a,24:EC:4A:C7:F5:3A,custom-11f9db6b38bd,1267,2026-07-14T12:17:22.382000Z,1784031442382,85.38
session-1784031314726-n0212a,24:EC:4A:C7:F5:3A,custom-11f9db6b38bd,1268,2026-07-14T12:17:22.474000Z,1784031442474,85.33
session-1784031314726-n0212a,24:EC:4A:C7:F5:3A,custom-11f9db6b38bd,1269,2026-07-14T12:17:22.564000Z,1784031442564,85.33
session-1784031314726-n0212a,24:EC:4A:C7:F5:3A,custom-11f9db6b38bd,1270,2026-07-14T12:17:22.655000Z,1784031442655,85.35
session-1784031314726-n0212a,24:EC:4A:C7:F5:3A,custom-11f9db6b38bd,1271,2026-07-14T12:17:22.806000Z,1784031442806,85.38
session-1784031314726-n0212a,24:EC:4A:C7:F5:3A,custom-11f9db6b38bd,1272,2026-07-14T12:17:22.923000Z,1784031442923,85.42
session-1784031314726-n0212a,24:EC:4A:C7:F5:3A,custom-11f9db6b38bd,1273,2026-07-14T12:17:22.969000Z,1784031442969,84.88
session-1784031314726-n0212a,24:EC:4A:C7:F5:3A,custom-11f9db6b38bd,1274,2026-07-14T12:17:23.119000Z,1784031443119,85.5
session-1784031314726-n0212a,24:EC:4A:C7:F5:3A,custom-11f9db6b38bd,1275,2026-07-14T12:17:23.193000Z,1784031443193,85.37
session-1784031314726-n0212a,24:EC:4A:C7:F5:3A,custom-11f9db6b38bd,1276,2026-07-14T12:17:23.282000Z,1784031443282,85.37
session-1784031314726-n0212a,24:EC:4A:C7:F5:3A,custom-11f9db6b38bd,1277,2026-07-14T12:17:23.376000Z,1784031443376,85.42
session-1784031314726-n0212a,24:EC:4A:C7:F5:3A,custom-11f9db6b38bd,1278,2026-07-14T12:17:23.473000Z,1784031443473,85.4
session-1784031314726-n0212a,24:EC:4A:C7:F5:3A,custom-11f9db6b38bd,1279,2026-07-14T12:17:23.552000Z,1784031443552,85.37
session-1784031314726-n0212a,24:EC:4A:C7:F5:3A,custom-11f9db6b38bd,1280,2026-07-14T12:17:23.705000Z,1784031443705,85.4
session-1784031314726-n0212a,24:EC:4A:C7:F5:3A,custom-11f9db6b38bd,1281,2026-07-14T12:17:23.778000Z,1784031443778,85.35
session-1784031314726-n0212a,24:EC:4A:C7:F5:3A,custom-11f9db6b38bd,1282,2026-07-14T12:17:23.868000Z,1784031443868,85.37
session-1784031314726-n0212a,24:EC:4A:C7:F5:3A,custom-11f9db6b38bd,1283,2026-07-14T12:17:23.957000Z,1784031443957,85.38
session-1784031314726-n0212a,24:EC:4A:C7:F5:3A,custom-11f9db6b38bd,1284,2026-07-14T12:17:24.118000Z,1784031444118,85.37
session-1784031314726-n0212a,24:EC:4A:C7:F5:3A,custom-11f9db6b38bd,1285,2026-07-14T12:17:24.185000Z,1784031444185,85.4
session-1784031314726-n0212a,24:EC:4A:C7:F5:3A,custom-11f9db6b38bd,1286,2026-07-14T12:17:24.273000Z,1784031444273,85.4
session-1784031314726-n0212a,24:EC:4A:C7:F5:3A,custom-11f9db6b38bd,1287,2026-07-14T12:17:24.364000Z,1784031444364,85.42
session-1784031314726-n0212a,24:EC:4A:C7:F5:3A,custom-11f9db6b38bd,1288,2026-07-14T12:17:24.453000Z,1784031444453,85.37
session-1784031314726-n0212a,24:EC:4A:C7:F5:3A,custom-11f9db6b38bd,1289,2026-07-14T12:17:24.589000Z,1784031444589,85.38
session-1784031314726-n0212a,24:EC:4A:C7:F5:3A,custom-11f9db6b38bd,1290,2026-07-14T12:17:24.677000Z,1784031444677,85.35
session-1784031314726-n0212a,24:EC:4A:C7:F5:3A,custom-11f9db6b38bd,1291,2026-07-14T12:17:24.767000Z,1784031444767,85.4
session-1784031314726-n0212a,24:EC:4A:C7:F5:3A,custom-11f9db6b38bd,1292,2026-07-14T12:17:24.857000Z,1784031444857,85.35
session-1784031314726-n0212a,24:EC:4A:C7:F5:3A,custom-11f9db6b38bd,1293,2026-07-14T12:17:25.014000Z,1784031445014,85.52
session-1784031314726-n0212a,24:EC:4A:C7:F5:3A,custom-11f9db6b38bd,1294,2026-07-14T12:17:25.082000Z,1784031445082,84.88
session-1784031314726-n0212a,24:EC:4A:C7:F5:3A,custom-11f9db6b38bd,1295,2026-07-14T12:17:25.172000Z,1784031445172,85.54
session-1784031314726-n0212a,24:EC:4A:C7:F5:3A,custom-11f9db6b38bd,1296,2026-07-14T12:17:25.263000Z,1784031445263,84.91
session-1784031314726-n0212a,24:EC:4A:C7:F5:3A,custom-11f9db6b38bd,1297,2026-07-14T12:17:25.352000Z,1784031445352,84.95
session-1784031314726-n0212a,24:EC:4A:C7:F5:3A,custom-11f9db6b38bd,1298,2026-07-14T12:17:25.489000Z,1784031445489,85.44
session-1784031314726-n0212a,24:EC:4A:C7:F5:3A,custom-11f9db6b38bd,1299,2026-07-14T12:17:25.578000Z,1784031445578,85.37
session-1784031314726-n0212a,24:EC:4A:C7:F5:3A,custom-11f9db6b38bd,1300,2026-07-14T12:17:25.668000Z,1784031445668,85.4
session-1784031314726-n0212a,24:EC:4A:C7:F5:3A,custom-11f9db6b38bd,1301,2026-07-14T12:17:25.756000Z,1784031445756,85.35
session-1784031314726-n0212a,24:EC:4A:C7:F5:3A,custom-11f9db6b38bd,1302,2026-07-14T12:17:25.916000Z,1784031445916,85.38
session-1784031314726-n0212a,24:EC:4A:C7:F5:3A,custom-11f9db6b38bd,1303,2026-07-14T12:17:25.984000Z,1784031445984,85.35
session-1784031314726-n0212a,24:EC:4A:C7:F5:3A,custom-11f9db6b38bd,1304,2026-07-14T12:17:26.072000Z,1784031446072,85.35
session-1784031314726-n0212a,24:EC:4A:C7:F5:3A,custom-11f9db6b38bd,1305,2026-07-14T12:17:26.164000Z,1784031446164,85.85
session-1784031314726-n0212a,24:EC:4A:C7:F5:3A,custom-11f9db6b38bd,1306,2026-07-14T12:17:26.255000Z,1784031446255,85.85
session-1784031314726-n0212a,24:EC:4A:C7:F5:3A,custom-11f9db6b38bd,1307,2026-07-14T12:17:26.408000Z,1784031446408,85.78
session-1784031314726-n0212a,24:EC:4A:C7:F5:3A,custom-11f9db6b38bd,1308,2026-07-14T12:17:26.478000Z,1784031446478,85.35
session-1784031314726-n0212a,24:EC:4A:C7:F5:3A,custom-11f9db6b38bd,1309,2026-07-14T12:17:26.569000Z,1784031446569,85.44
session-1784031314726-n0212a,24:EC:4A:C7:F5:3A,custom-11f9db6b38bd,1310,2026-07-14T12:17:26.720000Z,1784031446720,85.4
session-1784031314726-n0212a,24:EC:4A:C7:F5:3A,custom-11f9db6b38bd,1311,2026-07-14T12:17:26.793000Z,1784031446793,85.37
session-1784031314726-n0212a,24:EC:4A:C7:F5:3A,custom-11f9db6b38bd,1312,2026-07-14T12:17:26.885000Z,1784031446885,85.4
session-1784031314726-n0212a,24:EC:4A:C7:F5:3A,custom-11f9db6b38bd,1313,2026-07-14T12:17:26.976000Z,1784031446976,85.37
session-1784031314726-n0212a,24:EC:4A:C7:F5:3A,custom-11f9db6b38bd,1314,2026-07-14T12:17:27.066000Z,1784031447066,85.38
session-1784031314726-n0212a,24:EC:4A:C7:F5:3A,custom-11f9db6b38bd,1315,2026-07-14T12:17:27.154000Z,1784031447154,85.38
session-1784031314726-n0212a,24:EC:4A:C7:F5:3A,custom-11f9db6b38bd,1316,2026-07-14T12:17:27.304000Z,1784031447304,85.77
session-1784031314726-n0212a,24:EC:4A:C7:F5:3A,custom-11f9db6b38bd,1317,2026-07-14T12:17:27.390000Z,1784031447390,85.33
session-1784031314726-n0212a,24:EC:4A:C7:F5:3A,custom-11f9db6b38bd,1318,2026-07-14T12:17:27.473000Z,1784031447473,85.84
session-1784031314726-n0212a,24:EC:4A:C7:F5:3A,custom-11f9db6b38bd,1319,2026-07-14T12:17:27.563000Z,1784031447563,85.35
session-1784031314726-n0212a,24:EC:4A:C7:F5:3A,custom-11f9db6b38bd,1320,2026-07-14T12:17:27.714000Z,1784031447714,85.42
session-1784031314726-n0212a,24:EC:4A:C7:F5:3A,custom-11f9db6b38bd,1321,2026-07-14T12:17:27.782000Z,1784031447782,85.4
session-1784031314726-n0212a,24:EC:4A:C7:F5:3A,custom-11f9db6b38bd,1322,2026-07-14T12:17:27.881000Z,1784031447881,85.33
session-1784031314726-n0212a,24:EC:4A:C7:F5:3A,custom-11f9db6b38bd,1323,2026-07-14T12:17:27.963000Z,1784031447963,85.37
session-1784031314726-n0212a,24:EC:4A:C7:F5:3A,custom-11f9db6b38bd,1324,2026-07-14T12:17:28.051000Z,1784031448051,85.33
session-1784031314726-n0212a,24:EC:4A:C7:F5:3A,custom-11f9db6b38bd,1325,2026-07-14T12:17:28.207000Z,1784031448207,85.37
session-1784031314726-n0212a,24:EC:4A:C7:F5:3A,custom-11f9db6b38bd,1326,2026-07-14T12:17:28.283000Z,1784031448283,85.38
session-1784031314726-n0212a,24:EC:4A:C7:F5:3A,custom-11f9db6b38bd,1327,2026-07-14T12:17:28.368000Z,1784031448368,85.33
session-1784031314726-n0212a,24:EC:4A:C7:F5:3A,custom-11f9db6b38bd,1328,2026-07-14T12:17:28.457000Z,1784031448457,85.35
session-1784031314726-n0212a,24:EC:4A:C7:F5:3A,custom-11f9db6b38bd,1329,2026-07-14T12:17:28.595000Z,1784031448595,85.82
session-1784031314726-n0212a,24:EC:4A:C7:F5:3A,custom-11f9db6b38bd,1330,2026-07-14T12:17:28.682000Z,1784031448682,85.33
session-1784031314726-n0212a,24:EC:4A:C7:F5:3A,custom-11f9db6b38bd,1331,2026-07-14T12:17:28.772000Z,1784031448772,85.37
session-1784031314726-n0212a,24:EC:4A:C7:F5:3A,custom-11f9db6b38bd,1332,2026-07-14T12:17:28.863000Z,1784031448863,85.33
session-1784031314726-n0212a,24:EC:4A:C7:F5:3A,custom-11f9db6b38bd,1333,2026-07-14T12:17:28.953000Z,1784031448953,85.33
session-1784031314726-n0212a,24:EC:4A:C7:F5:3A,custom-11f9db6b38bd,1334,2026-07-14T12:17:29.106000Z,1784031449106,85.31
session-1784031314726-n0212a,24:EC:4A:C7:F5:3A,custom-11f9db6b38bd,1335,2026-07-14T12:17:29.222000Z,1784031449222,85.3
session-1784031314726-n0212a,24:EC:4A:C7:F5:3A,custom-11f9db6b38bd,1336,2026-07-14T12:17:29.314000Z,1784031449314,85.31
session-1784031314726-n0212a,24:EC:4A:C7:F5:3A,custom-11f9db6b38bd,1337,2026-07-14T12:17:29.358000Z,1784031449358,85.38
session-1784031314726-n0212a,24:EC:4A:C7:F5:3A,custom-11f9db6b38bd,1338,2026-07-14T12:17:29.493000Z,1784031449493,85.31
session-1784031314726-n0212a,24:EC:4A:C7:F5:3A,custom-11f9db6b38bd,1339,2026-07-14T12:17:29.584000Z,1784031449584,85.38
session-1784031314726-n0212a,24:EC:4A:C7:F5:3A,custom-11f9db6b38bd,1340,2026-07-14T12:17:29.676000Z,1784031449676,85.35
session-1784031314726-n0212a,24:EC:4A:C7:F5:3A,custom-11f9db6b38bd,1341,2026-07-14T12:17:29.763000Z,1784031449763,85.33
session-1784031314726-n0212a,24:EC:4A:C7:F5:3A,custom-11f9db6b38bd,1342,2026-07-14T12:17:29.852000Z,1784031449852,85.33
session-1784031314726-n0212a,24:EC:4A:C7:F5:3A,custom-11f9db6b38bd,1343,2026-07-14T12:17:30.004000Z,1784031450004,85.33
session-1784031314726-n0212a,24:EC:4A:C7:F5:3A,custom-11f9db6b38bd,1344,2026-07-14T12:17:30.076000Z,1784031450076,85.33
session-1784031314726-n0212a,24:EC:4A:C7:F5:3A,custom-11f9db6b38bd,1345,2026-07-14T12:17:30.173000Z,1784031450173,85.31
session-1784031314726-n0212a,24:EC:4A:C7:F5:3A,custom-11f9db6b38bd,1346,2026-07-14T12:17:30.305000Z,1784031450305,85.31
session-1784031314726-n0212a,24:EC:4A:C7:F5:3A,custom-11f9db6b38bd,1347,2026-07-14T12:17:30.391000Z,1784031450391,85.37
session-1784031314726-n0212a,24:EC:4A:C7:F5:3A,custom-11f9db6b38bd,1348,2026-07-14T12:17:30.480000Z,1784031450480,85.33
session-1784031314726-n0212a,24:EC:4A:C7:F5:3A,custom-11f9db6b38bd,1349,2026-07-14T12:17:30.572000Z,1784031450572,85.35
session-1784031314726-n0212a,24:EC:4A:C7:F5:3A,custom-11f9db6b38bd,1350,2026-07-14T12:17:30.662000Z,1784031450662,85.38
session-1784031314726-n0212a,24:EC:4A:C7:F5:3A,custom-11f9db6b38bd,1351,2026-07-14T12:17:30.765000Z,1784031450765,85.37
session-1784031314726-n0212a,24:EC:4A:C7:F5:3A,custom-11f9db6b38bd,1352,2026-07-14T12:17:30.888000Z,1784031450888,85.38
session-1784031314726-n0212a,24:EC:4A:C7:F5:3A,custom-11f9db6b38bd,1353,2026-07-14T12:17:30.977000Z,1784031450977,85.37
session-1784031314726-n0212a,24:EC:4A:C7:F5:3A,custom-11f9db6b38bd,1354,2026-07-14T12:17:31.067000Z,1784031451067,85.42
session-1784031314726-n0212a,24:EC:4A:C7:F5:3A,custom-11f9db6b38bd,1355,2026-07-14T12:17:31.157000Z,1784031451157,85.38
session-1784031314726-n0212a,24:EC:4A:C7:F5:3A,custom-11f9db6b38bd,1356,2026-07-14T12:17:31.308000Z,1784031451308,85.37
session-1784031314726-n0212a,24:EC:4A:C7:F5:3A,custom-11f9db6b38bd,1357,2026-07-14T12:17:31.391000Z,1784031451391,85.37
session-1784031314726-n0212a,24:EC:4A:C7:F5:3A,custom-11f9db6b38bd,1358,2026-07-14T12:17:31.472000Z,1784031451472,85.4
session-1784031314726-n0212a,24:EC:4A:C7:F5:3A,custom-11f9db6b38bd,1359,2026-07-14T12:17:31.562000Z,1784031451562,85.37
session-1784031314726-n0212a,24:EC:4A:C7:F5:3A,custom-11f9db6b38bd,1360,2026-07-14T12:17:31.652000Z,1784031451652,85.42
session-1784031314726-n0212a,24:EC:4A:C7:F5:3A,custom-11f9db6b38bd,1361,2026-07-14T12:17:31.787000Z,1784031451787,85.44
session-1784031314726-n0212a,24:EC:4A:C7:F5:3A,custom-11f9db6b38bd,1362,2026-07-14T12:17:31.879000Z,1784031451879,85.37
session-1784031314726-n0212a,24:EC:4A:C7:F5:3A,custom-11f9db6b38bd,1363,2026-07-14T12:17:31.967000Z,1784031451967,85.4
session-1784031314726-n0212a,24:EC:4A:C7:F5:3A,custom-11f9db6b38bd,1364,2026-07-14T12:17:32.057000Z,1784031452057,85.38
session-1784031314726-n0212a,24:EC:4A:C7:F5:3A,custom-11f9db6b38bd,1365,2026-07-14T12:17:32.212000Z,1784031452212,85.4
session-1784031314726-n0212a,24:EC:4A:C7:F5:3A,custom-11f9db6b38bd,1366,2026-07-14T12:17:32.282000Z,1784031452282,85.35
session-1784031314726-n0212a,24:EC:4A:C7:F5:3A,custom-11f9db6b38bd,1367,2026-07-14T12:17:32.379000Z,1784031452379,85.4
session-1784031314726-n0212a,24:EC:4A:C7:F5:3A,custom-11f9db6b38bd,1368,2026-07-14T12:17:32.460000Z,1784031452460,85.54
session-1784031314726-n0212a,24:EC:4A:C7:F5:3A,custom-11f9db6b38bd,1369,2026-07-14T12:17:32.551000Z,1784031452551,85.5
session-1784031314726-n0212a,24:EC:4A:C7:F5:3A,custom-11f9db6b38bd,1370,2026-07-14T12:17:32.694000Z,1784031452694,85.37
session-1784031314726-n0212a,24:EC:4A:C7:F5:3A,custom-11f9db6b38bd,1371,2026-07-14T12:17:32.778000Z,1784031452778,85.4
session-1784031314726-n0212a,24:EC:4A:C7:F5:3A,custom-11f9db6b38bd,1372,2026-07-14T12:17:32.868000Z,1784031452868,85.42
session-1784031314726-n0212a,24:EC:4A:C7:F5:3A,custom-11f9db6b38bd,1373,2026-07-14T12:17:32.956000Z,1784031452956,85.47
session-1784031314726-n0212a,24:EC:4A:C7:F5:3A,custom-11f9db6b38bd,1374,2026-07-14T12:17:33.109000Z,1784031453109,84.93
session-1784031314726-n0212a,24:EC:4A:C7:F5:3A,custom-11f9db6b38bd,1375,2026-07-14T12:17:33.183000Z,1784031453183,85.5
session-1784031314726-n0212a,24:EC:4A:C7:F5:3A,custom-11f9db6b38bd,1376,2026-07-14T12:17:33.277000Z,1784031453277,85.49
session-1784031314726-n0212a,24:EC:4A:C7:F5:3A,custom-11f9db6b38bd,1377,2026-07-14T12:17:33.364000Z,1784031453364,85.49
session-1784031314726-n0212a,24:EC:4A:C7:F5:3A,custom-11f9db6b38bd,1378,2026-07-14T12:17:33.454000Z,1784031453454,85.42
session-1784031314726-n0212a,24:EC:4A:C7:F5:3A,custom-11f9db6b38bd,1379,2026-07-14T12:17:33.588000Z,1784031453588,85.35
session-1784031314726-n0212a,24:EC:4A:C7:F5:3A,custom-11f9db6b38bd,1380,2026-07-14T12:17:33.679000Z,1784031453679,85.38
session-1784031314726-n0212a,24:EC:4A:C7:F5:3A,custom-11f9db6b38bd,1381,2026-07-14T12:17:33.769000Z,1784031453769,85.38
session-1784031314726-n0212a,24:EC:4A:C7:F5:3A,custom-11f9db6b38bd,1382,2026-07-14T12:17:33.860000Z,1784031453860,85.44
session-1784031314726-n0212a,24:EC:4A:C7:F5:3A,custom-11f9db6b38bd,1383,2026-07-14T12:17:34.009000Z,1784031454009,85.38
session-1784031314726-n0212a,24:EC:4A:C7:F5:3A,custom-11f9db6b38bd,1384,2026-07-14T12:17:34.082000Z,1784031454082,85.4
session-1784031314726-n0212a,24:EC:4A:C7:F5:3A,custom-11f9db6b38bd,1385,2026-07-14T12:17:34.172000Z,1784031454172,85.37
session-1784031314726-n0212a,24:EC:4A:C7:F5:3A,custom-11f9db6b38bd,1386,2026-07-14T12:17:34.263000Z,1784031454263,85.4
session-1784031314726-n0212a,24:EC:4A:C7:F5:3A,custom-11f9db6b38bd,1387,2026-07-14T12:17:34.353000Z,1784031454353,85.33
session-1784031314726-n0212a,24:EC:4A:C7:F5:3A,custom-11f9db6b38bd,1388,2026-07-14T12:17:34.488000Z,1784031454488,85.84
session-1784031314726-n0212a,24:EC:4A:C7:F5:3A,custom-11f9db6b38bd,1389,2026-07-14T12:17:34.578000Z,1784031454578,85.4
session-1784031314726-n0212a,24:EC:4A:C7:F5:3A,custom-11f9db6b38bd,1390,2026-07-14T12:17:34.668000Z,1784031454668,85.42
session-1784031314726-n0212a,24:EC:4A:C7:F5:3A,custom-11f9db6b38bd,1391,2026-07-14T12:17:34.759000Z,1784031454759,85.42
session-1784031314726-n0212a,24:EC:4A:C7:F5:3A,custom-11f9db6b38bd,1392,2026-07-14T12:17:34.912000Z,1784031454912,85.49
session-1784031314726-n0212a,24:EC:4A:C7:F5:3A,custom-11f9db6b38bd,1393,2026-07-14T12:17:35.031000Z,1784031455031,85.52
session-1784031314726-n0212a,24:EC:4A:C7:F5:3A,custom-11f9db6b38bd,1394,2026-07-14T12:17:35.077000Z,1784031455077,85.42
session-1784031314726-n0212a,24:EC:4A:C7:F5:3A,custom-11f9db6b38bd,1395,2026-07-14T12:17:35.161000Z,1784031455161,85.37
session-1784031314726-n0212a,24:EC:4A:C7:F5:3A,custom-11f9db6b38bd,1396,2026-07-14T12:17:35.252000Z,1784031455252,85.37
session-1784031314726-n0212a,24:EC:4A:C7:F5:3A,custom-11f9db6b38bd,1397,2026-07-14T12:17:35.403000Z,1784031455403,85.31
session-1784031314726-n0212a,24:EC:4A:C7:F5:3A,custom-11f9db6b38bd,1398,2026-07-14T12:17:35.478000Z,1784031455478,85.33
session-1784031314726-n0212a,24:EC:4A:C7:F5:3A,custom-11f9db6b38bd,1399,2026-07-14T12:17:35.647000Z,1784031455647,85.35
session-1784031314726-n0212a,24:EC:4A:C7:F5:3A,custom-11f9db6b38bd,1400,2026-07-14T12:17:35.705000Z,1784031455705,85.37
session-1784031314726-n0212a,24:EC:4A:C7:F5:3A,custom-11f9db6b38bd,1401,2026-07-14T12:17:35.792000Z,1784031455792,85.37
session-1784031314726-n0212a,24:EC:4A:C7:F5:3A,custom-11f9db6b38bd,1402,2026-07-14T12:17:35.884000Z,1784031455884,85.37
session-1784031314726-n0212a,24:EC:4A:C7:F5:3A,custom-11f9db6b38bd,1403,2026-07-14T12:17:36.018000Z,1784031456018,85.54
session-1784031314726-n0212a,24:EC:4A:C7:F5:3A,custom-11f9db6b38bd,1404,2026-07-14T12:17:36.061000Z,1784031456061,85.07
session-1784031314726-n0212a,24:EC:4A:C7:F5:3A,custom-11f9db6b38bd,1405,2026-07-14T12:17:36.151000Z,1784031456151,85.52
session-1784031314726-n0212a,24:EC:4A:C7:F5:3A,custom-11f9db6b38bd,1406,2026-07-14T12:17:36.304000Z,1784031456304,85.5
session-1784031314726-n0212a,24:EC:4A:C7:F5:3A,custom-11f9db6b38bd,1407,2026-07-14T12:17:36.426000Z,1784031456426,85.47
session-1784031314726-n0212a,24:EC:4A:C7:F5:3A,custom-11f9db6b38bd,1408,2026-07-14T12:17:36.467000Z,1784031456467,85.49
session-1784031314726-n0212a,24:EC:4A:C7:F5:3A,custom-11f9db6b38bd,1409,2026-07-14T12:17:36.558000Z,1784031456558,85.49
session-1784031314726-n0212a,24:EC:4A:C7:F5:3A,custom-11f9db6b38bd,1410,2026-07-14T12:17:36.709000Z,1784031456709,85.54
session-1784031314726-n0212a,24:EC:4A:C7:F5:3A,custom-11f9db6b38bd,1411,2026-07-14T12:17:36.782000Z,1784031456782,85.5
session-1784031314726-n0212a,24:EC:4A:C7:F5:3A,custom-11f9db6b38bd,1412,2026-07-14T12:17:36.872000Z,1784031456872,85.47
session-1784031314726-n0212a,24:EC:4A:C7:F5:3A,custom-11f9db6b38bd,1413,2026-07-14T12:17:36.964000Z,1784031456964,85.0
session-1784031314726-n0212a,24:EC:4A:C7:F5:3A,custom-11f9db6b38bd,1414,2026-07-14T12:17:37.051000Z,1784031457051,85.49
session-1784031314726-n0212a,24:EC:4A:C7:F5:3A,custom-11f9db6b38bd,1415,2026-07-14T12:17:37.209000Z,1784031457209,85.54
session-1784031314726-n0212a,24:EC:4A:C7:F5:3A,custom-11f9db6b38bd,1416,2026-07-14T12:17:37.282000Z,1784031457282,85.54
session-1784031314726-n0212a,24:EC:4A:C7:F5:3A,custom-11f9db6b38bd,1417,2026-07-14T12:17:37.368000Z,1784031457368,85.5
session-1784031314726-n0212a,24:EC:4A:C7:F5:3A,custom-11f9db6b38bd,1418,2026-07-14T12:17:37.457000Z,1784031457457,85.5
session-1784031314726-n0212a,24:EC:4A:C7:F5:3A,custom-11f9db6b38bd,1419,2026-07-14T12:17:37.623000Z,1784031457623,85.47
session-1784031314726-n0212a,24:EC:4A:C7:F5:3A,custom-11f9db6b38bd,1420,2026-07-14T12:17:37.681000Z,1784031457681,85.54
session-1784031314726-n0212a,24:EC:4A:C7:F5:3A,custom-11f9db6b38bd,1421,2026-07-14T12:17:37.781000Z,1784031457781,85.49
session-1784031314726-n0212a,24:EC:4A:C7:F5:3A,custom-11f9db6b38bd,1422,2026-07-14T12:17:37.864000Z,1784031457864,85.03
session-1784031314726-n0212a,24:EC:4A:C7:F5:3A,custom-11f9db6b38bd,1423,2026-07-14T12:17:37.953000Z,1784031457953,85.03
session-1784031314726-n0212a,24:EC:4A:C7:F5:3A,custom-11f9db6b38bd,1424,2026-07-14T12:17:38.103000Z,1784031458103,85.02
session-1784031314726-n0212a,24:EC:4A:C7:F5:3A,custom-11f9db6b38bd,1425,2026-07-14T12:17:38.179000Z,1784031458179,85.49
session-1784031314726-n0212a,24:EC:4A:C7:F5:3A,custom-11f9db6b38bd,1426,2026-07-14T12:17:38.277000Z,1784031458277,85.54
session-1784031314726-n0212a,24:EC:4A:C7:F5:3A,custom-11f9db6b38bd,1427,2026-07-14T12:17:38.358000Z,1784031458358,85.52
session-1784031314726-n0212a,24:EC:4A:C7:F5:3A,custom-11f9db6b38bd,1428,2026-07-14T12:17:38.494000Z,1784031458494,85.5
session-1784031314726-n0212a,24:EC:4A:C7:F5:3A,custom-11f9db6b38bd,1429,2026-07-14T12:17:38.628000Z,1784031458628,85.49
session-1784031314726-n0212a,24:EC:4A:C7:F5:3A,custom-11f9db6b38bd,1430,2026-07-14T12:17:38.677000Z,1784031458677,85.49
session-1784031314726-n0212a,24:EC:4A:C7:F5:3A,custom-11f9db6b38bd,1431,2026-07-14T12:17:38.768000Z,1784031458768,85.56
session-1784031314726-n0212a,24:EC:4A:C7:F5:3A,custom-11f9db6b38bd,1432,2026-07-14T12:17:38.852000Z,1784031458852,85.52
session-1784031314726-n0212a,24:EC:4A:C7:F5:3A,custom-11f9db6b38bd,1433,2026-07-14T12:17:39.005000Z,1784031459005,85.59
session-1784031314726-n0212a,24:EC:4A:C7:F5:3A,custom-11f9db6b38bd,1434,2026-07-14T12:17:39.079000Z,1784031459079,85.09
session-1784031314726-n0212a,24:EC:4A:C7:F5:3A,custom-11f9db6b38bd,1435,2026-07-14T12:17:39.169000Z,1784031459169,85.1
session-1784031314726-n0212a,24:EC:4A:C7:F5:3A,custom-11f9db6b38bd,1436,2026-07-14T12:17:39.257000Z,1784031459257,85.09
session-1784031314726-n0212a,24:EC:4A:C7:F5:3A,custom-11f9db6b38bd,1437,2026-07-14T12:17:39.411000Z,1784031459411,85.57
session-1784031314726-n0212a,24:EC:4A:C7:F5:3A,custom-11f9db6b38bd,1438,2026-07-14T12:17:39.483000Z,1784031459483,85.16
session-1784031314726-n0212a,24:EC:4A:C7:F5:3A,custom-11f9db6b38bd,1439,2026-07-14T12:17:39.579000Z,1784031459579,85.17
session-1784031314726-n0212a,24:EC:4A:C7:F5:3A,custom-11f9db6b38bd,1440,2026-07-14T12:17:39.663000Z,1784031459663,85.68
session-1784031314726-n0212a,24:EC:4A:C7:F5:3A,custom-11f9db6b38bd,1441,2026-07-14T12:17:39.754000Z,1784031459754,85.59
session-1784031314726-n0212a,24:EC:4A:C7:F5:3A,custom-11f9db6b38bd,1442,2026-07-14T12:17:39.887000Z,1784031459887,85.61
session-1784031314726-n0212a,24:EC:4A:C7:F5:3A,custom-11f9db6b38bd,1443,2026-07-14T12:17:39.977000Z,1784031459977,85.57
session-1784031314726-n0212a,24:EC:4A:C7:F5:3A,custom-11f9db6b38bd,1444,2026-07-14T12:17:40.068000Z,1784031460068,85.63
session-1784031314726-n0212a,24:EC:4A:C7:F5:3A,custom-11f9db6b38bd,1445,2026-07-14T12:17:40.157000Z,1784031460157,85.61
session-1784031314726-n0212a,24:EC:4A:C7:F5:3A,custom-11f9db6b38bd,1446,2026-07-14T12:17:40.307000Z,1784031460307,85.61
session-1784031314726-n0212a,24:EC:4A:C7:F5:3A,custom-11f9db6b38bd,1447,2026-07-14T12:17:40.384000Z,1784031460384,85.57
session-1784031314726-n0212a,24:EC:4A:C7:F5:3A,custom-11f9db6b38bd,1448,2026-07-14T12:17:40.475000Z,1784031460475,85.5
session-1784031314726-n0212a,24:EC:4A:C7:F5:3A,custom-11f9db6b38bd,1449,2026-07-14T12:17:40.562000Z,1784031460562,85.5
session-1784031314726-n0212a,24:EC:4A:C7:F5:3A,custom-11f9db6b38bd,1450,2026-07-14T12:17:40.653000Z,1784031460653,85.49
session-1784031314726-n0212a,24:EC:4A:C7:F5:3A,custom-11f9db6b38bd,1451,2026-07-14T12:17:40.787000Z,1784031460787,85.47
session-1784031314726-n0212a,24:EC:4A:C7:F5:3A,custom-11f9db6b38bd,1452,2026-07-14T12:17:40.877000Z,1784031460877,85.52
session-1784031314726-n0212a,24:EC:4A:C7:F5:3A,custom-11f9db6b38bd,1453,2026-07-14T12:17:40.968000Z,1784031460968,85.5
session-1784031314726-n0212a,24:EC:4A:C7:F5:3A,custom-11f9db6b38bd,1454,2026-07-14T12:17:41.059000Z,1784031461059,85.52
session-1784031314726-n0212a,24:EC:4A:C7:F5:3A,custom-11f9db6b38bd,1455,2026-07-14T12:17:41.209000Z,1784031461209,85.09
session-1784031314726-n0212a,24:EC:4A:C7:F5:3A,custom-11f9db6b38bd,1456,2026-07-14T12:17:41.284000Z,1784031461284,85.1
session-1784031314726-n0212a,24:EC:4A:C7:F5:3A,custom-11f9db6b38bd,1457,2026-07-14T12:17:41.380000Z,1784031461380,85.1
session-1784031314726-n0212a,24:EC:4A:C7:F5:3A,custom-11f9db6b38bd,1458,2026-07-14T12:17:41.468000Z,1784031461468,85.59
session-1784031314726-n0212a,24:EC:4A:C7:F5:3A,custom-11f9db6b38bd,1459,2026-07-14T12:17:41.551000Z,1784031461551,85.09
session-1784031314726-n0212a,24:EC:4A:C7:F5:3A,custom-11f9db6b38bd,1460,2026-07-14T12:17:41.715000Z,1784031461715,85.09
session-1784031314726-n0212a,24:EC:4A:C7:F5:3A,custom-11f9db6b38bd,1461,2026-07-14T12:17:41.787000Z,1784031461787,85.16
session-1784031314726-n0212a,24:EC:4A:C7:F5:3A,custom-11f9db6b38bd,1462,2026-07-14T12:17:41.933000Z,1784031461933,85.14
session-1784031314726-n0212a,24:EC:4A:C7:F5:3A,custom-11f9db6b38bd,1463,2026-07-14T12:17:42.007000Z,1784031462007,85.14
session-1784031314726-n0212a,24:EC:4A:C7:F5:3A,custom-11f9db6b38bd,1464,2026-07-14T12:17:42.091000Z,1784031462091,85.52
session-1784031314726-n0212a,24:EC:4A:C7:F5:3A,custom-11f9db6b38bd,1465,2026-07-14T12:17:42.183000Z,1784031462183,85.99
session-1784031314726-n0212a,24:EC:4A:C7:F5:3A,custom-11f9db6b38bd,1466,2026-07-14T12:17:42.275000Z,1784031462275,85.94
session-1784031314726-n0212a,24:EC:4A:C7:F5:3A,custom-11f9db6b38bd,1467,2026-07-14T12:17:42.362000Z,1784031462362,85.49
session-1784031314726-n0212a,24:EC:4A:C7:F5:3A,custom-11f9db6b38bd,1468,2026-07-14T12:17:42.452000Z,1784031462452,85.54
session-1784031314726-n0212a,24:EC:4A:C7:F5:3A,custom-11f9db6b38bd,1469,2026-07-14T12:17:42.589000Z,1784031462589,85.52
session-1784031314726-n0212a,24:EC:4A:C7:F5:3A,custom-11f9db6b38bd,1470,2026-07-14T12:17:42.679000Z,1784031462679,85.5
session-1784031314726-n0212a,24:EC:4A:C7:F5:3A,custom-11f9db6b38bd,1471,2026-07-14T12:17:42.772000Z,1784031462772,85.5
session-1784031314726-n0212a,24:EC:4A:C7:F5:3A,custom-11f9db6b38bd,1472,2026-07-14T12:17:42.859000Z,1784031462859,85.47
session-1784031314726-n0212a,24:EC:4A:C7:F5:3A,custom-11f9db6b38bd,1473,2026-07-14T12:17:42.992000Z,1784031462992,85.54
session-1784031314726-n0212a,24:EC:4A:C7:F5:3A,custom-11f9db6b38bd,1474,2026-07-14T12:17:43.082000Z,1784031463082,85.49
session-1784031314726-n0212a,24:EC:4A:C7:F5:3A,custom-11f9db6b38bd,1475,2026-07-14T12:17:43.172000Z,1784031463172,85.49
session-1784031314726-n0212a,24:EC:4A:C7:F5:3A,custom-11f9db6b38bd,1476,2026-07-14T12:17:43.262000Z,1784031463262,85.54
session-1784031314726-n0212a,24:EC:4A:C7:F5:3A,custom-11f9db6b38bd,1477,2026-07-14T12:17:43.352000Z,1784031463352,85.52
session-1784031314726-n0212a,24:EC:4A:C7:F5:3A,custom-11f9db6b38bd,1478,2026-07-14T12:17:43.488000Z,1784031463488,85.47
session-1784031314726-n0212a,24:EC:4A:C7:F5:3A,custom-11f9db6b38bd,1479,2026-07-14T12:17:43.577000Z,1784031463577,85.54
session-1784031314726-n0212a,24:EC:4A:C7:F5:3A,custom-11f9db6b38bd,1480,2026-07-14T12:17:43.728000Z,1784031463728,85.52
session-1784031314726-n0212a,24:EC:4A:C7:F5:3A,custom-11f9db6b38bd,1481,2026-07-14T12:17:43.807000Z,1784031463807,85.5
session-1784031314726-n0212a,24:EC:4A:C7:F5:3A,custom-11f9db6b38bd,1482,2026-07-14T12:17:43.900000Z,1784031463900,85.49
session-1784031314726-n0212a,24:EC:4A:C7:F5:3A,custom-11f9db6b38bd,1483,2026-07-14T12:17:43.983000Z,1784031463983,85.47
session-1784031314726-n0212a,24:EC:4A:C7:F5:3A,custom-11f9db6b38bd,1484,2026-07-14T12:17:44.073000Z,1784031464073,85.54
session-1784031314726-n0212a,24:EC:4A:C7:F5:3A,custom-11f9db6b38bd,1485,2026-07-14T12:17:44.163000Z,1784031464163,85.5
session-1784031314726-n0212a,24:EC:4A:C7:F5:3A,custom-11f9db6b38bd,1486,2026-07-14T12:17:44.252000Z,1784031464252,85.91
session-1784031314726-n0212a,24:EC:4A:C7:F5:3A,custom-11f9db6b38bd,1487,2026-07-14T12:17:44.403000Z,1784031464403,85.94
session-1784031314726-n0212a,24:EC:4A:C7:F5:3A,custom-11f9db6b38bd,1488,2026-07-14T12:17:44.522000Z,1784031464522,85.5
session-1784031314726-n0212a,24:EC:4A:C7:F5:3A,custom-11f9db6b38bd,1489,2026-07-14T12:17:44.568000Z,1784031464568,85.54
session-1784031314726-n0212a,24:EC:4A:C7:F5:3A,custom-11f9db6b38bd,1490,2026-07-14T12:17:44.658000Z,1784031464658,85.05
session-1784031314726-n0212a,24:EC:4A:C7:F5:3A,custom-11f9db6b38bd,1491,2026-07-14T12:17:44.792000Z,1784031464792,84.98
session-1784031314726-n0212a,24:EC:4A:C7:F5:3A,custom-11f9db6b38bd,1492,2026-07-14T12:17:44.883000Z,1784031464883,85.47
session-1784031314726-n0212a,24:EC:4A:C7:F5:3A,custom-11f9db6b38bd,1493,2026-07-14T12:17:44.973000Z,1784031464973,85.78
session-1784031314726-n0212a,24:EC:4A:C7:F5:3A,custom-11f9db6b38bd,1494,2026-07-14T12:17:45.062000Z,1784031465062,85.77
session-1784031314726-n0212a,24:EC:4A:C7:F5:3A,custom-11f9db6b38bd,1495,2026-07-14T12:17:45.153000Z,1784031465153,85.82
session-1784031314726-n0212a,24:EC:4A:C7:F5:3A,custom-11f9db6b38bd,1496,2026-07-14T12:17:45.287000Z,1784031465287,85.31
session-1784031314726-n0212a,24:EC:4A:C7:F5:3A,custom-11f9db6b38bd,1497,2026-07-14T12:17:45.376000Z,1784031465376,85.31
session-1784031314726-n0212a,24:EC:4A:C7:F5:3A,custom-11f9db6b38bd,1498,2026-07-14T12:17:45.478000Z,1784031465478,85.35
session-1784031314726-n0212a,24:EC:4A:C7:F5:3A,custom-11f9db6b38bd,1499,2026-07-14T12:17:45.556000Z,1784031465556,85.38
session-1784031314726-n0212a,24:EC:4A:C7:F5:3A,custom-11f9db6b38bd,1500,2026-07-14T12:17:45.707000Z,1784031465707,85.4
session-1784031314726-n0212a,24:EC:4A:C7:F5:3A,custom-11f9db6b38bd,1501,2026-07-14T12:17:45.782000Z,1784031465782,85.38
session-1784031314726-n0212a,24:EC:4A:C7:F5:3A,custom-11f9db6b38bd,1502,2026-07-14T12:17:45.873000Z,1784031465873,85.38
session-1784031314726-n0212a,24:EC:4A:C7:F5:3A,custom-11f9db6b38bd,1503,2026-07-14T12:17:46.007000Z,1784031466007,85.35
session-1784031314726-n0212a,24:EC:4A:C7:F5:3A,custom-11f9db6b38bd,1504,2026-07-14T12:17:46.052000Z,1784031466052,85.4
session-1784031314726-n0212a,24:EC:4A:C7:F5:3A,custom-11f9db6b38bd,1505,2026-07-14T12:17:46.205000Z,1784031466205,85.37
session-1784031314726-n0212a,24:EC:4A:C7:F5:3A,custom-11f9db6b38bd,1506,2026-07-14T12:17:46.278000Z,1784031466278,85.35
session-1784031314726-n0212a,24:EC:4A:C7:F5:3A,custom-11f9db6b38bd,1507,2026-07-14T12:17:46.367000Z,1784031466367,85.31
session-1784031314726-n0212a,24:EC:4A:C7:F5:3A,custom-11f9db6b38bd,1508,2026-07-14T12:17:46.461000Z,1784031466461,85.33
session-1784031314726-n0212a,24:EC:4A:C7:F5:3A,custom-11f9db6b38bd,1509,2026-07-14T12:17:46.612000Z,1784031466612,85.42
session-1784031314726-n0212a,24:EC:4A:C7:F5:3A,custom-11f9db6b38bd,1510,2026-07-14T12:17:46.682000Z,1784031466682,85.4
session-1784031314726-n0212a,24:EC:4A:C7:F5:3A,custom-11f9db6b38bd,1511,2026-07-14T12:17:46.778000Z,1784031466778,85.4
session-1784031314726-n0212a,24:EC:4A:C7:F5:3A,custom-11f9db6b38bd,1512,2026-07-14T12:17:46.867000Z,1784031466867,85.33
session-1784031314726-n0212a,24:EC:4A:C7:F5:3A,custom-11f9db6b38bd,1513,2026-07-14T12:17:46.959000Z,1784031466959,85.38
session-1784031314726-n0212a,24:EC:4A:C7:F5:3A,custom-11f9db6b38bd,1514,2026-07-14T12:17:47.087000Z,1784031467087,85.38
session-1784031314726-n0212a,24:EC:4A:C7:F5:3A,custom-11f9db6b38bd,1515,2026-07-14T12:17:47.180000Z,1784031467180,85.38
session-1784031314726-n0212a,24:EC:4A:C7:F5:3A,custom-11f9db6b38bd,1516,2026-07-14T12:17:47.273000Z,1784031467273,85.42
session-1784031314726-n0212a,24:EC:4A:C7:F5:3A,custom-11f9db6b38bd,1517,2026-07-14T12:17:47.362000Z,1784031467362,85.37
session-1784031314726-n0212a,24:EC:4A:C7:F5:3A,custom-11f9db6b38bd,1518,2026-07-14T12:17:47.511000Z,1784031467511,85.38
session-1784031314726-n0212a,24:EC:4A:C7:F5:3A,custom-11f9db6b38bd,1519,2026-07-14T12:17:47.583000Z,1784031467583,85.4
session-1784031314726-n0212a,24:EC:4A:C7:F5:3A,custom-11f9db6b38bd,1520,2026-07-14T12:17:47.683000Z,1784031467683,85.4
session-1784031314726-n0212a,24:EC:4A:C7:F5:3A,custom-11f9db6b38bd,1521,2026-07-14T12:17:47.767000Z,1784031467767,85.37
session-1784031314726-n0212a,24:EC:4A:C7:F5:3A,custom-11f9db6b38bd,1522,2026-07-14T12:17:47.854000Z,1784031467854,85.33
session-1784031314726-n0212a,24:EC:4A:C7:F5:3A,custom-11f9db6b38bd,1523,2026-07-14T12:17:48.003000Z,1784031468003,85.37
session-1784031314726-n0212a,24:EC:4A:C7:F5:3A,custom-11f9db6b38bd,1524,2026-07-14T12:17:48.080000Z,1784031468080,85.33
session-1784031314726-n0212a,24:EC:4A:C7:F5:3A,custom-11f9db6b38bd,1525,2026-07-14T12:17:48.167000Z,1784031468167,85.35
session-1784031314726-n0212a,24:EC:4A:C7:F5:3A,custom-11f9db6b38bd,1526,2026-07-14T12:17:48.267000Z,1784031468267,85.4
session-1784031314726-n0212a,24:EC:4A:C7:F5:3A,custom-11f9db6b38bd,1527,2026-07-14T12:17:48.394000Z,1784031468394,85.42
session-1784031314726-n0212a,24:EC:4A:C7:F5:3A,custom-11f9db6b38bd,1528,2026-07-14T12:17:48.482000Z,1784031468482,85.42
session-1784031314726-n0212a,24:EC:4A:C7:F5:3A,custom-11f9db6b38bd,1529,2026-07-14T12:17:48.574000Z,1784031468574,85.37
session-1784031314726-n0212a,24:EC:4A:C7:F5:3A,custom-11f9db6b38bd,1530,2026-07-14T12:17:48.664000Z,1784031468664,85.4
session-1784031314726-n0212a,24:EC:4A:C7:F5:3A,custom-11f9db6b38bd,1531,2026-07-14T12:17:48.751000Z,1784031468751,85.44
session-1784031314726-n0212a,24:EC:4A:C7:F5:3A,custom-11f9db6b38bd,1532,2026-07-14T12:17:48.902000Z,1784031468902,85.37
session-1784031314726-n0212a,24:EC:4A:C7:F5:3A,custom-11f9db6b38bd,1533,2026-07-14T12:17:48.977000Z,1784031468977,85.33
session-1784031314726-n0212a,24:EC:4A:C7:F5:3A,custom-11f9db6b38bd,1534,2026-07-14T12:17:49.135000Z,1784031469135,85.35
session-1784031314726-n0212a,24:EC:4A:C7:F5:3A,custom-11f9db6b38bd,1535,2026-07-14T12:17:49.209000Z,1784031469209,85.4
session-1784031314726-n0212a,24:EC:4A:C7:F5:3A,custom-11f9db6b38bd,1536,2026-07-14T12:17:49.292000Z,1784031469292,84.89
session-1784031314726-n0212a,24:EC:4A:C7:F5:3A,custom-11f9db6b38bd,1537,2026-07-14T12:17:49.384000Z,1784031469384,85.5
session-1784031314726-n0212a,24:EC:4A:C7:F5:3A,custom-11f9db6b38bd,1538,2026-07-14T12:17:49.471000Z,1784031469471,85.49
session-1784031314726-n0212a,24:EC:4A:C7:F5:3A,custom-11f9db6b38bd,1539,2026-07-14T12:17:49.562000Z,1784031469562,85.54
session-1784031314726-n0212a,24:EC:4A:C7:F5:3A,custom-11f9db6b38bd,1540,2026-07-14T12:17:49.652000Z,1784031469652,84.98
session-1784031314726-n0212a,24:EC:4A:C7:F5:3A,custom-11f9db6b38bd,1541,2026-07-14T12:17:49.786000Z,1784031469786,85.54
session-1784031314726-n0212a,24:EC:4A:C7:F5:3A,custom-11f9db6b38bd,1542,2026-07-14T12:17:49.877000Z,1784031469877,85.54
session-1784031314726-n0212a,24:EC:4A:C7:F5:3A,custom-11f9db6b38bd,1543,2026-07-14T12:17:49.968000Z,1784031469968,85.47
session-1784031314726-n0212a,24:EC:4A:C7:F5:3A,custom-11f9db6b38bd,1544,2026-07-14T12:17:50.058000Z,1784031470058,85.37
session-1784031314726-n0212a,24:EC:4A:C7:F5:3A,custom-11f9db6b38bd,1545,2026-07-14T12:17:50.211000Z,1784031470211,85.4
session-1784031314726-n0212a,24:EC:4A:C7:F5:3A,custom-11f9db6b38bd,1546,2026-07-14T12:17:50.328000Z,1784031470328,85.49
session-1784031314726-n0212a,24:EC:4A:C7:F5:3A,custom-11f9db6b38bd,1547,2026-07-14T12:17:50.380000Z,1784031470380,85.54
session-1784031314726-n0212a,24:EC:4A:C7:F5:3A,custom-11f9db6b38bd,1548,2026-07-14T12:17:50.462000Z,1784031470462,85.38
session-1784031314726-n0212a,24:EC:4A:C7:F5:3A,custom-11f9db6b38bd,1549,2026-07-14T12:17:50.612000Z,1784031470612,85.38
session-1784031314726-n0212a,24:EC:4A:C7:F5:3A,custom-11f9db6b38bd,1550,2026-07-14T12:17:50.690000Z,1784031470690,85.38
session-1784031314726-n0212a,24:EC:4A:C7:F5:3A,custom-11f9db6b38bd,1551,2026-07-14T12:17:50.776000Z,1784031470776,85.4
session-1784031314726-n0212a,24:EC:4A:C7:F5:3A,custom-11f9db6b38bd,1552,2026-07-14T12:17:50.869000Z,1784031470869,85.4
session-1784031314726-n0212a,24:EC:4A:C7:F5:3A,custom-11f9db6b38bd,1553,2026-07-14T12:17:50.960000Z,1784031470960,85.42
session-1784031314726-n0212a,24:EC:4A:C7:F5:3A,custom-11f9db6b38bd,1554,2026-07-14T12:17:51.094000Z,1784031471094,85.4
session-1784031314726-n0212a,24:EC:4A:C7:F5:3A,custom-11f9db6b38bd,1555,2026-07-14T12:17:51.227000Z,1784031471227,85.37
session-1784031314726-n0212a,24:EC:4A:C7:F5:3A,custom-11f9db6b38bd,1556,2026-07-14T12:17:51.272000Z,1784031471272,85.38
session-1784031314726-n0212a,24:EC:4A:C7:F5:3A,custom-11f9db6b38bd,1557,2026-07-14T12:17:51.363000Z,1784031471363,85.35
session-1784031314726-n0212a,24:EC:4A:C7:F5:3A,custom-11f9db6b38bd,1558,2026-07-14T12:17:51.514000Z,1784031471514,85.38
session-1784031314726-n0212a,24:EC:4A:C7:F5:3A,custom-11f9db6b38bd,1559,2026-07-14T12:17:51.587000Z,1784031471587,85.4
session-1784031314726-n0212a,24:EC:4A:C7:F5:3A,custom-11f9db6b38bd,1560,2026-07-14T12:17:51.683000Z,1784031471683,85.42
session-1784031314726-n0212a,24:EC:4A:C7:F5:3A,custom-11f9db6b38bd,1561,2026-07-14T12:17:51.767000Z,1784031471767,85.44
session-1784031314726-n0212a,24:EC:4A:C7:F5:3A,custom-11f9db6b38bd,1562,2026-07-14T12:17:51.860000Z,1784031471860,85.4
session-1784031314726-n0212a,24:EC:4A:C7:F5:3A,custom-11f9db6b38bd,1563,2026-07-14T12:17:52.017000Z,1784031472017,85.42
session-1784031314726-n0212a,24:EC:4A:C7:F5:3A,custom-11f9db6b38bd,1564,2026-07-14T12:17:52.127000Z,1784031472127,85.44
session-1784031314726-n0212a,24:EC:4A:C7:F5:3A,custom-11f9db6b38bd,1565,2026-07-14T12:17:52.178000Z,1784031472178,85.37
session-1784031314726-n0212a,24:EC:4A:C7:F5:3A,custom-11f9db6b38bd,1566,2026-07-14T12:17:52.308000Z,1784031472308,85.4
session-1784031314726-n0212a,24:EC:4A:C7:F5:3A,custom-11f9db6b38bd,1567,2026-07-14T12:17:52.352000Z,1784031472352,85.35
session-1784031314726-n0212a,24:EC:4A:C7:F5:3A,custom-11f9db6b38bd,1568,2026-07-14T12:17:52.487000Z,1784031472487,85.37
session-1784031314726-n0212a,24:EC:4A:C7:F5:3A,custom-11f9db6b38bd,1569,2026-07-14T12:17:52.576000Z,1784031472576,85.35
session-1784031314726-n0212a,24:EC:4A:C7:F5:3A,custom-11f9db6b38bd,1570,2026-07-14T12:17:52.667000Z,1784031472667,85.35
session-1784031314726-n0212a,24:EC:4A:C7:F5:3A,custom-11f9db6b38bd,1571,2026-07-14T12:17:52.759000Z,1784031472759,85.38
session-1784031314726-n0212a,24:EC:4A:C7:F5:3A,custom-11f9db6b38bd,1572,2026-07-14T12:17:52.895000Z,1784031472895,85.42
session-1784031314726-n0212a,24:EC:4A:C7:F5:3A,custom-11f9db6b38bd,1573,2026-07-14T12:17:52.982000Z,1784031472982,85.42
session-1784031314726-n0212a,24:EC:4A:C7:F5:3A,custom-11f9db6b38bd,1574,2026-07-14T12:17:53.070000Z,1784031473070,85.37
session-1784031314726-n0212a,24:EC:4A:C7:F5:3A,custom-11f9db6b38bd,1575,2026-07-14T12:17:53.162000Z,1784031473162,85.42
session-1784031314726-n0212a,24:EC:4A:C7:F5:3A,custom-11f9db6b38bd,1576,2026-07-14T12:17:53.253000Z,1784031473253,85.37
session-1784031314726-n0212a,24:EC:4A:C7:F5:3A,custom-11f9db6b38bd,1577,2026-07-14T12:17:53.386000Z,1784031473386,85.38
session-1784031314726-n0212a,24:EC:4A:C7:F5:3A,custom-11f9db6b38bd,1578,2026-07-14T12:17:53.537000Z,1784031473537,85.37
session-1784031314726-n0212a,24:EC:4A:C7:F5:3A,custom-11f9db6b38bd,1579,2026-07-14T12:17:53.612000Z,1784031473612,85.52
session-1784031314726-n0212a,24:EC:4A:C7:F5:3A,custom-11f9db6b38bd,1580,2026-07-14T12:17:53.655000Z,1784031473655,85.47
session-1784031314726-n0212a,24:EC:4A:C7:F5:3A,custom-11f9db6b38bd,1581,2026-07-14T12:17:53.790000Z,1784031473790,85.54
session-1784031314726-n0212a,24:EC:4A:C7:F5:3A,custom-11f9db6b38bd,1582,2026-07-14T12:17:53.881000Z,1784031473881,85.52
session-1784031314726-n0212a,24:EC:4A:C7:F5:3A,custom-11f9db6b38bd,1583,2026-07-14T12:17:53.975000Z,1784031473975,85.47
session-1784031314726-n0212a,24:EC:4A:C7:F5:3A,custom-11f9db6b38bd,1584,2026-07-14T12:17:54.063000Z,1784031474063,85.54
session-1784031314726-n0212a,24:EC:4A:C7:F5:3A,custom-11f9db6b38bd,1585,2026-07-14T12:17:54.152000Z,1784031474152,85.52
session-1784031314726-n0212a,24:EC:4A:C7:F5:3A,custom-11f9db6b38bd,1586,2026-07-14T12:17:54.287000Z,1784031474287,85.5
session-1784031314726-n0212a,24:EC:4A:C7:F5:3A,custom-11f9db6b38bd,1587,2026-07-14T12:17:54.376000Z,1784031474376,84.91
session-1784031314726-n0212a,24:EC:4A:C7:F5:3A,custom-11f9db6b38bd,1588,2026-07-14T12:17:54.471000Z,1784031474471,85.07
session-1784031314726-n0212a,24:EC:4A:C7:F5:3A,custom-11f9db6b38bd,1589,2026-07-14T12:17:54.558000Z,1784031474558,85.54
session-1784031314726-n0212a,24:EC:4A:C7:F5:3A,custom-11f9db6b38bd,1590,2026-07-14T12:17:54.709000Z,1784031474709,85.05
session-1784031314726-n0212a,24:EC:4A:C7:F5:3A,custom-11f9db6b38bd,1591,2026-07-14T12:17:54.782000Z,1784031474782,85.09
session-1784031314726-n0212a,24:EC:4A:C7:F5:3A,custom-11f9db6b38bd,1592,2026-07-14T12:17:54.917000Z,1784031474917,85.5
session-1784031314726-n0212a,24:EC:4A:C7:F5:3A,custom-11f9db6b38bd,1593,2026-07-14T12:17:54.962000Z,1784031474962,85.5
session-1784031314726-n0212a,24:EC:4A:C7:F5:3A,custom-11f9db6b38bd,1594,2026-07-14T12:17:55.051000Z,1784031475051,85.49
session-1784031314726-n0212a,24:EC:4A:C7:F5:3A,custom-11f9db6b38bd,1595,2026-07-14T12:17:55.201000Z,1784031475201,85.54
session-1784031314726-n0212a,24:EC:4A:C7:F5:3A,custom-11f9db6b38bd,1596,2026-07-14T12:17:55.278000Z,1784031475278,85.52
session-1784031314726-n0212a,24:EC:4A:C7:F5:3A,custom-11f9db6b38bd,1597,2026-07-14T12:17:55.417000Z,1784031475417,85.05
session-1784031314726-n0212a,24:EC:4A:C7:F5:3A,custom-11f9db6b38bd,1598,2026-07-14T12:17:55.468000Z,1784031475468,85.07
session-1784031314726-n0212a,24:EC:4A:C7:F5:3A,custom-11f9db6b38bd,1599,2026-07-14T12:17:55.617000Z,1784031475617,85.54
session-1784031314726-n0212a,24:EC:4A:C7:F5:3A,custom-11f9db6b38bd,1600,2026-07-14T12:17:55.683000Z,1784031475683,85.5
session-1784031314726-n0212a,24:EC:4A:C7:F5:3A,custom-11f9db6b38bd,1601,2026-07-14T12:17:55.773000Z,1784031475773,85.5
session-1784031314726-n0212a,24:EC:4A:C7:F5:3A,custom-11f9db6b38bd,1602,2026-07-14T12:17:55.864000Z,1784031475864,85.54
session-1784031314726-n0212a,24:EC:4A:C7:F5:3A,custom-11f9db6b38bd,1603,2026-07-14T12:17:55.954000Z,1784031475954,85.52
session-1784031314726-n0212a,24:EC:4A:C7:F5:3A,custom-11f9db6b38bd,1604,2026-07-14T12:17:56.109000Z,1784031476109,85.49
session-1784031314726-n0212a,24:EC:4A:C7:F5:3A,custom-11f9db6b38bd,1605,2026-07-14T12:17:56.176000Z,1784031476176,85.54
session-1784031314726-n0212a,24:EC:4A:C7:F5:3A,custom-11f9db6b38bd,1606,2026-07-14T12:17:56.267000Z,1784031476267,85.09
session-1784031314726-n0212a,24:EC:4A:C7:F5:3A,custom-11f9db6b38bd,1607,2026-07-14T12:17:56.357000Z,1784031476357,85.54
session-1784031314726-n0212a,24:EC:4A:C7:F5:3A,custom-11f9db6b38bd,1608,2026-07-14T12:17:56.493000Z,1784031476493,85.52
session-1784031314726-n0212a,24:EC:4A:C7:F5:3A,custom-11f9db6b38bd,1609,2026-07-14T12:17:56.582000Z,1784031476582,85.5
session-1784031314726-n0212a,24:EC:4A:C7:F5:3A,custom-11f9db6b38bd,1610,2026-07-14T12:17:56.743000Z,1784031476743,86.88
