sessionId,deviceAddress,filterId,index,timestamp,offsetMs,distanceCm
session-1783603749411-du6syw,10:51:DB:0D:31:EA,b3bb9015,0,2026-07-09T13:29:11.019000Z,1783603751019,104.04
session-1783603749411-du6syw,10:51:DB:0D:31:EA,b3bb9015,1,2026-07-09T13:29:11.201000Z,1783603751201,103.84
session-1783603749411-du6syw,10:51:DB:0D:31:EA,b3bb9015,2,2026-07-09T13:29:11.285000Z,1783603751285,104.07
session-1783603749411-du6syw,10:51:DB:0D:31:EA,b3bb9015,3,2026-07-09T13:29:11.431000Z,1783603751431,104.05
session-1783603749411-du6syw,10:51:DB:0D:31:EA,b3bb9015,4,2026-07-09T13:29:11.635000Z,1783603751635,104.05
session-1783603749411-du6syw,10:51:DB:0D:31:EA,b3bb9015,5,2026-07-09T13:29:11.825000Z,1783603751825,104.51
session-1783603749411-du6syw,10:51:DB:0D:31:EA,b3bb9015,6,2026-07-09T13:29:11.915000Z,1783603751915,104.07
session-1783603749411-du6syw,10:51:DB:0D:31:EA,b3bb9015,7,2026-07-09T13:29:12.192000Z,1783603752192,104.11
session-1783603749411-du6syw,10:51:DB:0D:31:EA,b3bb9015,8,2026-07-09T13:29:12.193000Z,1783603752193,103.9
session-1783603749411-du6syw,10:51:DB:0D:31:EA,b3bb9015,9,2026-07-09T13:29:12.330000Z,1783603752330,103.71
session-1783603749411-du6syw,10:51:DB:0D:31:EA,b3bb9015,10,2026-07-09T13:29:12.508000Z,1783603752508,104.32
session-1783603749411-du6syw,10:51:DB:0D:31:EA,b3bb9015,11,2026-07-09T13:29:12.592000Z,1783603752592,104.35
session-1783603749411-du6syw,10:51:DB:0D:31:EA,b3bb9015,12,2026-07-09T13:29:12.724000Z,1783603752724,104.35
session-1783603749411-du6syw,10:51:DB:0D:31:EA,b3bb9015,13,2026-07-09T13:29:12.822000Z,1783603752822,104.33
session-1783603749411-du6syw,10:51:DB:0D:31:EA,b3bb9015,14,2026-07-09T13:29:13.041000Z,1783603753041,104.35
session-1783603749411-du6syw,10:51:DB:0D:31:EA,b3bb9015,15,2026-07-09T13:29:13.176000Z,1783603753176,104.21
session-1783603749411-du6syw,10:51:DB:0D:31:EA,b3bb9015,16,2026-07-09T13:29:13.265000Z,1783603753265,104.35
session-1783603749411-du6syw,10:51:DB:0D:31:EA,b3bb9015,17,2026-07-09T13:29:13.356000Z,1783603753356,104.35
session-1783603749411-du6syw,10:51:DB:0D:31:EA,b3bb9015,18,2026-07-09T13:29:13.445000Z,1783603753445,104.33
session-1783603749411-du6syw,10:51:DB:0D:31:EA,b3bb9015,19,2026-07-09T13:29:13.535000Z,1783603753535,104.32
session-1783603749411-du6syw,10:51:DB:0D:31:EA,b3bb9015,20,2026-07-09T13:29:13.849000Z,1783603753849,104.75
session-1783603749411-du6syw,10:51:DB:0D:31:EA,b3bb9015,21,2026-07-09T13:29:13.943000Z,1783603753943,104.3
session-1783603749411-du6syw,10:51:DB:0D:31:EA,b3bb9015,22,2026-07-09T13:29:14.345000Z,1783603754345,104.35
session-1783603749411-du6syw,10:51:DB:0D:31:EA,b3bb9015,23,2026-07-09T13:29:14.435000Z,1783603754435,103.88
session-1783603749411-du6syw,10:51:DB:0D:31:EA,b3bb9015,24,2026-07-09T13:29:14.840000Z,1783603754840,104.37
session-1783603749411-du6syw,10:51:DB:0D:31:EA,b3bb9015,25,2026-07-09T13:29:14.976000Z,1783603754976,104.51
session-1783603749411-du6syw,10:51:DB:0D:31:EA,b3bb9015,26,2026-07-09T13:29:15.111000Z,1783603755111,104.37
session-1783603749411-du6syw,10:51:DB:0D:31:EA,b3bb9015,27,2026-07-09T13:29:15.202000Z,1783603755202,26.21
session-1783603749411-du6syw,10:51:DB:0D:31:EA,b3bb9015,28,2026-07-09T13:29:15.289000Z,1783603755289,104.32
session-1783603749411-du6syw,10:51:DB:0D:31:EA,b3bb9015,29,2026-07-09T13:29:15.425000Z,1783603755425,104.33
session-1783603749411-du6syw,10:51:DB:0D:31:EA,b3bb9015,30,2026-07-09T13:29:15.560000Z,1783603755560,97.28
session-1783603749411-du6syw,10:51:DB:0D:31:EA,b3bb9015,31,2026-07-09T13:29:15.604000Z,1783603755604,104.32
session-1783603749411-du6syw,10:51:DB:0D:31:EA,b3bb9015,32,2026-07-09T13:29:15.739000Z,1783603755739,104.47
session-1783603749411-du6syw,10:51:DB:0D:31:EA,b3bb9015,33,2026-07-09T13:29:15.919000Z,1783603755919,104.51
session-1783603749411-du6syw,10:51:DB:0D:31:EA,b3bb9015,34,2026-07-09T13:29:16.280000Z,1783603756280,104.49
session-1783603749411-du6syw,10:51:DB:0D:31:EA,b3bb9015,35,2026-07-09T13:29:16.416000Z,1783603756416,104.47
session-1783603749411-du6syw,10:51:DB:0D:31:EA,b3bb9015,36,2026-07-09T13:29:16.504000Z,1783603756504,104.47
session-1783603749411-du6syw,10:51:DB:0D:31:EA,b3bb9015,37,2026-07-09T13:29:16.685000Z,1783603756685,104.51
session-1783603749411-du6syw,10:51:DB:0D:31:EA,b3bb9015,38,2026-07-09T13:29:16.775000Z,1783603756775,104.47
session-1783603749411-du6syw,10:51:DB:0D:31:EA,b3bb9015,39,2026-07-09T13:29:16.910000Z,1783603756910,104.93
session-1783603749411-du6syw,10:51:DB:0D:31:EA,b3bb9015,40,2026-07-09T13:29:17.062000Z,1783603757062,26.16
session-1783603749411-du6syw,10:51:DB:0D:31:EA,b3bb9015,41,2026-07-09T13:29:17.315000Z,1783603757315,104.94
session-1783603749411-du6syw,10:51:DB:0D:31:EA,b3bb9015,42,2026-07-09T13:29:17.407000Z,1783603757407,104.94
session-1783603749411-du6syw,10:51:DB:0D:31:EA,b3bb9015,43,2026-07-09T13:29:17.543000Z,1783603757543,104.51
session-1783603749411-du6syw,10:51:DB:0D:31:EA,b3bb9015,44,2026-07-09T13:29:17.629000Z,1783603757629,25.37
session-1783603749411-du6syw,10:51:DB:0D:31:EA,b3bb9015,45,2026-07-09T13:29:17.719000Z,1783603757719,104.51
session-1783603749411-du6syw,10:51:DB:0D:31:EA,b3bb9015,46,2026-07-09T13:29:17.811000Z,1783603757811,104.33
session-1783603749411-du6syw,10:51:DB:0D:31:EA,b3bb9015,47,2026-07-09T13:29:18.034000Z,1783603758034,104.47
session-1783603749411-du6syw,10:51:DB:0D:31:EA,b3bb9015,48,2026-07-09T13:29:18.126000Z,1783603758126,104.47
session-1783603749411-du6syw,10:51:DB:0D:31:EA,b3bb9015,49,2026-07-09T13:29:18.217000Z,1783603758217,104.47
session-1783603749411-du6syw,10:51:DB:0D:31:EA,b3bb9015,50,2026-07-09T13:29:18.479000Z,1783603758479,104.53
session-1783603749411-du6syw,10:51:DB:0D:31:EA,b3bb9015,51,2026-07-09T13:29:18.537000Z,1783603758537,25.53
session-1783603749411-du6syw,10:51:DB:0D:31:EA,b3bb9015,52,2026-07-09T13:29:18.709000Z,1783603758709,104.25
session-1783603749411-du6syw,10:51:DB:0D:31:EA,b3bb9015,53,2026-07-09T13:29:18.799000Z,1783603758799,104.26
session-1783603749411-du6syw,10:51:DB:0D:31:EA,b3bb9015,54,2026-07-09T13:29:19.085000Z,1783603759085,104.12
session-1783603749411-du6syw,10:51:DB:0D:31:EA,b3bb9015,55,2026-07-09T13:29:19.342000Z,1783603759342,34.48
session-1783603749411-du6syw,10:51:DB:0D:31:EA,b3bb9015,56,2026-07-09T13:29:19.432000Z,1783603759432,104.05
session-1783603749411-du6syw,10:51:DB:0D:31:EA,b3bb9015,57,2026-07-09T13:29:19.613000Z,1783603759613,104.07
session-1783603749411-du6syw,10:51:DB:0D:31:EA,b3bb9015,58,2026-07-09T13:29:19.837000Z,1783603759837,104.09
session-1783603749411-du6syw,10:51:DB:0D:31:EA,b3bb9015,59,2026-07-09T13:29:20.063000Z,1783603760063,104.07
session-1783603749411-du6syw,10:51:DB:0D:31:EA,b3bb9015,60,2026-07-09T13:29:20.420000Z,1783603760420,104.09
session-1783603749411-du6syw,10:51:DB:0D:31:EA,b3bb9015,61,2026-07-09T13:29:20.737000Z,1783603760737,104.09
session-1783603749411-du6syw,10:51:DB:0D:31:EA,b3bb9015,62,2026-07-09T13:29:21.051000Z,1783603761051,104.04
session-1783603749411-du6syw,10:51:DB:0D:31:EA,b3bb9015,63,2026-07-09T13:29:21.277000Z,1783603761277,104.05
session-1783603749411-du6syw,10:51:DB:0D:31:EA,b3bb9015,64,2026-07-09T13:29:21.366000Z,1783603761366,104.47
session-1783603749411-du6syw,10:51:DB:0D:31:EA,b3bb9015,65,2026-07-09T13:29:21.609000Z,1783603761609,104.35
session-1783603749411-du6syw,10:51:DB:0D:31:EA,b3bb9015,66,2026-07-09T13:29:21.908000Z,1783603761908,104.33
session-1783603749411-du6syw,10:51:DB:0D:31:EA,b3bb9015,67,2026-07-09T13:29:21.997000Z,1783603761997,104.33
session-1783603749411-du6syw,10:51:DB:0D:31:EA,b3bb9015,68,2026-07-09T13:29:22.490000Z,1783603762490,104.35
session-1783603749411-du6syw,10:51:DB:0D:31:EA,b3bb9015,69,2026-07-09T13:29:22.672000Z,1783603762672,104.33
session-1783603749411-du6syw,10:51:DB:0D:31:EA,b3bb9015,70,2026-07-09T13:29:23.274000Z,1783603763274,104.26
session-1783603749411-du6syw,10:51:DB:0D:31:EA,b3bb9015,71,2026-07-09T13:29:24.202000Z,1783603764202,104.75
session-1783603749411-du6syw,10:51:DB:0D:31:EA,b3bb9015,72,2026-07-09T13:29:24.289000Z,1783603764289,104.75
session-1783603749411-du6syw,10:51:DB:0D:31:EA,b3bb9015,73,2026-07-09T13:29:24.604000Z,1783603764604,104.68
session-1783603749411-du6syw,10:51:DB:0D:31:EA,b3bb9015,74,2026-07-09T13:29:24.695000Z,1783603764695,104.73
session-1783603749411-du6syw,10:51:DB:0D:31:EA,b3bb9015,75,2026-07-09T13:29:24.784000Z,1783603764784,104.75
session-1783603749411-du6syw,10:51:DB:0D:31:EA,b3bb9015,76,2026-07-09T13:29:24.921000Z,1783603764921,104.28
session-1783603749411-du6syw,10:51:DB:0D:31:EA,b3bb9015,77,2026-07-09T13:29:25.164000Z,1783603765164,104.26
session-1783603749411-du6syw,10:51:DB:0D:31:EA,b3bb9015,78,2026-07-09T13:29:25.549000Z,1783603765549,26.28
session-1783603749411-du6syw,10:51:DB:0D:31:EA,b3bb9015,79,2026-07-09T13:29:25.730000Z,1783603765730,103.83
session-1783603749411-du6syw,10:51:DB:0D:31:EA,b3bb9015,80,2026-07-09T13:29:25.954000Z,1783603765954,103.83
session-1783603749411-du6syw,10:51:DB:0D:31:EA,b3bb9015,81,2026-07-09T13:29:26.452000Z,1783603766452,25.77
session-1783603749411-du6syw,10:51:DB:0D:31:EA,b3bb9015,82,2026-07-09T13:29:26.542000Z,1783603766542,104.25
session-1783603749411-du6syw,10:51:DB:0D:31:EA,b3bb9015,83,2026-07-09T13:29:26.631000Z,1783603766631,104.28
session-1783603749411-du6syw,10:51:DB:0D:31:EA,b3bb9015,84,2026-07-09T13:29:26.767000Z,1783603766767,104.28
session-1783603749411-du6syw,10:51:DB:0D:31:EA,b3bb9015,85,2026-07-09T13:29:26.857000Z,1783603766857,104.3
session-1783603749411-du6syw,10:51:DB:0D:31:EA,b3bb9015,86,2026-07-09T13:29:27.171000Z,1783603767171,104.25
session-1783603749411-du6syw,10:51:DB:0D:31:EA,b3bb9015,87,2026-07-09T13:29:27.260000Z,1783603767260,104.3
session-1783603749411-du6syw,10:51:DB:0D:31:EA,b3bb9015,88,2026-07-09T13:29:27.578000Z,1783603767578,104.28
session-1783603749411-du6syw,10:51:DB:0D:31:EA,b3bb9015,89,2026-07-09T13:29:27.802000Z,1783603767802,104.28
session-1783603749411-du6syw,10:51:DB:0D:31:EA,b3bb9015,90,2026-07-09T13:29:27.892000Z,1783603767892,25.6
session-1783603749411-du6syw,10:51:DB:0D:31:EA,b3bb9015,91,2026-07-09T13:29:28.071000Z,1783603768071,104.54
session-1783603749411-du6syw,10:51:DB:0D:31:EA,b3bb9015,92,2026-07-09T13:29:28.206000Z,1783603768206,104.73
session-1783603749411-du6syw,10:51:DB:0D:31:EA,b3bb9015,93,2026-07-09T13:29:28.296000Z,1783603768296,104.7
session-1783603749411-du6syw,10:51:DB:0D:31:EA,b3bb9015,94,2026-07-09T13:29:28.386000Z,1783603768386,104.72
session-1783603749411-du6syw,10:51:DB:0D:31:EA,b3bb9015,95,2026-07-09T13:29:28.477000Z,1783603768477,104.72
session-1783603749411-du6syw,10:51:DB:0D:31:EA,b3bb9015,96,2026-07-09T13:29:28.568000Z,1783603768568,104.54
session-1783603749411-du6syw,10:51:DB:0D:31:EA,b3bb9015,97,2026-07-09T13:29:28.792000Z,1783603768792,25.49
session-1783603749411-du6syw,10:51:DB:0D:31:EA,b3bb9015,98,2026-07-09T13:29:29.242000Z,1783603769242,104.56
session-1783603749411-du6syw,10:51:DB:0D:31:EA,b3bb9015,99,2026-07-09T13:29:29.332000Z,1783603769332,27.33
session-1783603749411-du6syw,10:51:DB:0D:31:EA,b3bb9015,100,2026-07-09T13:29:30.142000Z,1783603770142,104.26
session-1783603749411-du6syw,10:51:DB:0D:31:EA,b3bb9015,101,2026-07-09T13:29:30.233000Z,1783603770233,25.01
session-1783603749411-du6syw,10:51:DB:0D:31:EA,b3bb9015,102,2026-07-09T13:29:30.323000Z,1783603770323,104.26
session-1783603749411-du6syw,10:51:DB:0D:31:EA,b3bb9015,103,2026-07-09T13:29:30.561000Z,1783603770561,104.26
session-1783603749411-du6syw,10:51:DB:0D:31:EA,b3bb9015,104,2026-07-09T13:29:30.637000Z,1783603770637,104.28
session-1783603749411-du6syw,10:51:DB:0D:31:EA,b3bb9015,105,2026-07-09T13:29:30.727000Z,1783603770727,104.12
session-1783603749411-du6syw,10:51:DB:0D:31:EA,b3bb9015,106,2026-07-09T13:29:30.816000Z,1783603770816,104.25
session-1783603749411-du6syw,10:51:DB:0D:31:EA,b3bb9015,107,2026-07-09T13:29:30.907000Z,1783603770907,104.26
session-1783603749411-du6syw,10:51:DB:0D:31:EA,b3bb9015,108,2026-07-09T13:29:31.133000Z,1783603771133,104.26
session-1783603749411-du6syw,10:51:DB:0D:31:EA,b3bb9015,109,2026-07-09T13:29:31.264000Z,1783603771264,104.26
session-1783603749411-du6syw,10:51:DB:0D:31:EA,b3bb9015,110,2026-07-09T13:29:31.446000Z,1783603771446,104.28
session-1783603749411-du6syw,10:51:DB:0D:31:EA,b3bb9015,111,2026-07-09T13:29:31.581000Z,1783603771581,104.26
session-1783603749411-du6syw,10:51:DB:0D:31:EA,b3bb9015,112,2026-07-09T13:29:31.671000Z,1783603771671,104.75
session-1783603749411-du6syw,10:51:DB:0D:31:EA,b3bb9015,113,2026-07-09T13:29:31.761000Z,1783603771761,104.7
session-1783603749411-du6syw,10:51:DB:0D:31:EA,b3bb9015,114,2026-07-09T13:29:31.851000Z,1783603771851,104.72
session-1783603749411-du6syw,10:51:DB:0D:31:EA,b3bb9015,115,2026-07-09T13:29:31.986000Z,1783603771986,104.72
session-1783603749411-du6syw,10:51:DB:0D:31:EA,b3bb9015,116,2026-07-09T13:29:32.077000Z,1783603772077,104.3
session-1783603749411-du6syw,10:51:DB:0D:31:EA,b3bb9015,117,2026-07-09T13:29:32.211000Z,1783603772211,104.3
session-1783603749411-du6syw,10:51:DB:0D:31:EA,b3bb9015,118,2026-07-09T13:29:32.254000Z,1783603772254,104.12
session-1783603749411-du6syw,10:51:DB:0D:31:EA,b3bb9015,119,2026-07-09T13:29:32.479000Z,1783603772479,104.28
session-1783603749411-du6syw,10:51:DB:0D:31:EA,b3bb9015,120,2026-07-09T13:29:32.892000Z,1783603772892,104.26
session-1783603749411-du6syw,10:51:DB:0D:31:EA,b3bb9015,121,2026-07-09T13:29:32.973000Z,1783603772973,104.26
session-1783603749411-du6syw,10:51:DB:0D:31:EA,b3bb9015,122,2026-07-09T13:29:33.067000Z,1783603773067,104.3
session-1783603749411-du6syw,10:51:DB:0D:31:EA,b3bb9015,123,2026-07-09T13:29:33.289000Z,1783603773289,104.73
session-1783603749411-du6syw,10:51:DB:0D:31:EA,b3bb9015,124,2026-07-09T13:29:33.424000Z,1783603773424,104.28
session-1783603749411-du6syw,10:51:DB:0D:31:EA,b3bb9015,125,2026-07-09T13:29:33.515000Z,1783603773515,104.67
session-1783603749411-du6syw,10:51:DB:0D:31:EA,b3bb9015,126,2026-07-09T13:29:33.607000Z,1783603773607,104.75
session-1783603749411-du6syw,10:51:DB:0D:31:EA,b3bb9015,127,2026-07-09T13:29:33.696000Z,1783603773696,104.3
session-1783603749411-du6syw,10:51:DB:0D:31:EA,b3bb9015,128,2026-07-09T13:29:33.786000Z,1783603773786,104.7
session-1783603749411-du6syw,10:51:DB:0D:31:EA,b3bb9015,129,2026-07-09T13:29:33.920000Z,1783603773920,104.3
session-1783603749411-du6syw,10:51:DB:0D:31:EA,b3bb9015,130,2026-07-09T13:29:34.011000Z,1783603774011,104.14
session-1783603749411-du6syw,10:51:DB:0D:31:EA,b3bb9015,131,2026-07-09T13:29:34.326000Z,1783603774326,104.35
session-1783603749411-du6syw,10:51:DB:0D:31:EA,b3bb9015,132,2026-07-09T13:29:34.416000Z,1783603774416,104.35
session-1783603749411-du6syw,10:51:DB:0D:31:EA,b3bb9015,133,2026-07-09T13:29:34.686000Z,1783603774686,104.94
session-1783603749411-du6syw,10:51:DB:0D:31:EA,b3bb9015,134,2026-07-09T13:29:35.001000Z,1783603775001,104.77
session-1783603749411-du6syw,10:51:DB:0D:31:EA,b3bb9015,135,2026-07-09T13:29:35.091000Z,1783603775091,104.91
session-1783603749411-du6syw,10:51:DB:0D:31:EA,b3bb9015,136,2026-07-09T13:29:35.360000Z,1783603775360,104.94
session-1783603749411-du6syw,10:51:DB:0D:31:EA,b3bb9015,137,2026-07-09T13:29:35.541000Z,1783603775541,104.94
session-1783603749411-du6syw,10:51:DB:0D:31:EA,b3bb9015,138,2026-07-09T13:29:35.767000Z,1783603775767,104.94
session-1783603749411-du6syw,10:51:DB:0D:31:EA,b3bb9015,139,2026-07-09T13:29:35.856000Z,1783603775856,104.51
session-1783603749411-du6syw,10:51:DB:0D:31:EA,b3bb9015,140,2026-07-09T13:29:35.946000Z,1783603775946,104.94
session-1783603749411-du6syw,10:51:DB:0D:31:EA,b3bb9015,141,2026-07-09T13:29:36.126000Z,1783603776126,104.94
session-1783603749411-du6syw,10:51:DB:0D:31:EA,b3bb9015,142,2026-07-09T13:29:36.350000Z,1783603776350,104.93
session-1783603749411-du6syw,10:51:DB:0D:31:EA,b3bb9015,143,2026-07-09T13:29:36.442000Z,1783603776442,104.77
session-1783603749411-du6syw,10:51:DB:0D:31:EA,b3bb9015,144,2026-07-09T13:29:36.622000Z,1783603776622,104.94
session-1783603749411-du6syw,10:51:DB:0D:31:EA,b3bb9015,145,2026-07-09T13:29:36.847000Z,1783603776847,104.94
session-1783603749411-du6syw,10:51:DB:0D:31:EA,b3bb9015,146,2026-07-09T13:29:37.161000Z,1783603777161,104.77
session-1783603749411-du6syw,10:51:DB:0D:31:EA,b3bb9015,147,2026-07-09T13:29:37.519000Z,1783603777519,105.22
session-1783603749411-du6syw,10:51:DB:0D:31:EA,b3bb9015,148,2026-07-09T13:29:37.836000Z,1783603777836,104.72
session-1783603749411-du6syw,10:51:DB:0D:31:EA,b3bb9015,149,2026-07-09T13:29:37.925000Z,1783603777925,104.75
session-1783603749411-du6syw,10:51:DB:0D:31:EA,b3bb9015,150,2026-07-09T13:29:38.016000Z,1783603778016,104.35
session-1783603749411-du6syw,10:51:DB:0D:31:EA,b3bb9015,151,2026-07-09T13:29:38.196000Z,1783603778196,104.79
session-1783603749411-du6syw,10:51:DB:0D:31:EA,b3bb9015,152,2026-07-09T13:29:38.825000Z,1783603778825,104.94
session-1783603749411-du6syw,10:51:DB:0D:31:EA,b3bb9015,153,2026-07-09T13:29:39.232000Z,1783603779232,104.47
session-1783603749411-du6syw,10:51:DB:0D:31:EA,b3bb9015,154,2026-07-09T13:29:39.321000Z,1783603779321,104.47
session-1783603749411-du6syw,10:51:DB:0D:31:EA,b3bb9015,155,2026-07-09T13:29:39.457000Z,1783603779457,104.47
session-1783603749411-du6syw,10:51:DB:0D:31:EA,b3bb9015,156,2026-07-09T13:29:39.546000Z,1783603779546,104.51
session-1783603749411-du6syw,10:51:DB:0D:31:EA,b3bb9015,157,2026-07-09T13:29:39.637000Z,1783603779637,104.35
session-1783603749411-du6syw,10:51:DB:0D:31:EA,b3bb9015,158,2026-07-09T13:29:39.774000Z,1783603779774,104.33
session-1783603749411-du6syw,10:51:DB:0D:31:EA,b3bb9015,159,2026-07-09T13:29:39.862000Z,1783603779862,104.33
session-1783603749411-du6syw,10:51:DB:0D:31:EA,b3bb9015,160,2026-07-09T13:29:39.952000Z,1783603779952,104.33
session-1783603749411-du6syw,10:51:DB:0D:31:EA,b3bb9015,161,2026-07-09T13:29:40.131000Z,1783603780131,104.32
session-1783603749411-du6syw,10:51:DB:0D:31:EA,b3bb9015,162,2026-07-09T13:29:40.357000Z,1783603780357,104.75
session-1783603749411-du6syw,10:51:DB:0D:31:EA,b3bb9015,163,2026-07-09T13:29:40.447000Z,1783603780447,104.16
session-1783603749411-du6syw,10:51:DB:0D:31:EA,b3bb9015,164,2026-07-09T13:29:40.673000Z,1783603780673,104.75
session-1783603749411-du6syw,10:51:DB:0D:31:EA,b3bb9015,165,2026-07-09T13:29:40.762000Z,1783603780762,104.75
session-1783603749411-du6syw,10:51:DB:0D:31:EA,b3bb9015,166,2026-07-09T13:29:40.853000Z,1783603780853,104.3
session-1783603749411-du6syw,10:51:DB:0D:31:EA,b3bb9015,167,2026-07-09T13:29:40.942000Z,1783603780942,104.72
session-1783603749411-du6syw,10:51:DB:0D:31:EA,b3bb9015,168,2026-07-09T13:29:41.166000Z,1783603781166,105.24
session-1783603749411-du6syw,10:51:DB:0D:31:EA,b3bb9015,169,2026-07-09T13:29:41.257000Z,1783603781257,104.68
session-1783603749411-du6syw,10:51:DB:0D:31:EA,b3bb9015,170,2026-07-09T13:29:41.346000Z,1783603781346,104.75
session-1783603749411-du6syw,10:51:DB:0D:31:EA,b3bb9015,171,2026-07-09T13:29:41.617000Z,1783603781617,104.75
session-1783603749411-du6syw,10:51:DB:0D:31:EA,b3bb9015,172,2026-07-09T13:29:41.706000Z,1783603781706,104.54
session-1783603749411-du6syw,10:51:DB:0D:31:EA,b3bb9015,173,2026-07-09T13:29:41.888000Z,1783603781888,104.73
session-1783603749411-du6syw,10:51:DB:0D:31:EA,b3bb9015,174,2026-07-09T13:29:41.977000Z,1783603781977,104.72
session-1783603749411-du6syw,10:51:DB:0D:31:EA,b3bb9015,175,2026-07-09T13:29:42.112000Z,1783603782112,105.17
session-1783603749411-du6syw,10:51:DB:0D:31:EA,b3bb9015,176,2026-07-09T13:29:42.201000Z,1783603782201,104.75
session-1783603749411-du6syw,10:51:DB:0D:31:EA,b3bb9015,177,2026-07-09T13:29:42.292000Z,1783603782292,104.75
session-1783603749411-du6syw,10:51:DB:0D:31:EA,b3bb9015,178,2026-07-09T13:29:42.381000Z,1783603782381,104.73
session-1783603749411-du6syw,10:51:DB:0D:31:EA,b3bb9015,179,2026-07-09T13:29:42.697000Z,1783603782697,104.25
session-1783603749411-du6syw,10:51:DB:0D:31:EA,b3bb9015,180,2026-07-09T13:29:42.830000Z,1783603782830,104.3
session-1783603749411-du6syw,10:51:DB:0D:31:EA,b3bb9015,181,2026-07-09T13:29:42.875000Z,1783603782875,104.28
session-1783603749411-du6syw,10:51:DB:0D:31:EA,b3bb9015,182,2026-07-09T13:29:43.013000Z,1783603783013,104.35
session-1783603749411-du6syw,10:51:DB:0D:31:EA,b3bb9015,183,2026-07-09T13:29:43.101000Z,1783603783101,104.32
session-1783603749411-du6syw,10:51:DB:0D:31:EA,b3bb9015,184,2026-07-09T13:29:43.191000Z,1783603783191,104.14
session-1783603749411-du6syw,10:51:DB:0D:31:EA,b3bb9015,185,2026-07-09T13:29:43.281000Z,1783603783281,104.61
session-1783603749411-du6syw,10:51:DB:0D:31:EA,b3bb9015,186,2026-07-09T13:29:43.431000Z,1783603783431,104.49
session-1783603749411-du6syw,10:51:DB:0D:31:EA,b3bb9015,187,2026-07-09T13:29:43.549000Z,1783603783549,104.75
session-1783603749411-du6syw,10:51:DB:0D:31:EA,b3bb9015,188,2026-07-09T13:29:43.684000Z,1783603783684,104.33
session-1783603749411-du6syw,10:51:DB:0D:31:EA,b3bb9015,189,2026-07-09T13:29:43.908000Z,1783603783908,104.33
session-1783603749411-du6syw,10:51:DB:0D:31:EA,b3bb9015,190,2026-07-09T13:29:44.136000Z,1783603784136,104.35
session-1783603749411-du6syw,10:51:DB:0D:31:EA,b3bb9015,191,2026-07-09T13:29:44.226000Z,1783603784226,104.49
session-1783603749411-du6syw,10:51:DB:0D:31:EA,b3bb9015,192,2026-07-09T13:29:44.316000Z,1783603784316,104.94
session-1783603749411-du6syw,10:51:DB:0D:31:EA,b3bb9015,193,2026-07-09T13:29:44.451000Z,1783603784451,104.47
session-1783603749411-du6syw,10:51:DB:0D:31:EA,b3bb9015,194,2026-07-09T13:29:44.540000Z,1783603784540,104.32
session-1783603749411-du6syw,10:51:DB:0D:31:EA,b3bb9015,195,2026-07-09T13:29:44.722000Z,1783603784722,104.51
session-1783603749411-du6syw,10:51:DB:0D:31:EA,b3bb9015,196,2026-07-09T13:29:44.856000Z,1783603784856,103.91
session-1783603749411-du6syw,10:51:DB:0D:31:EA,b3bb9015,197,2026-07-09T13:29:44.946000Z,1783603784946,104.49
session-1783603749411-du6syw,10:51:DB:0D:31:EA,b3bb9015,198,2026-07-09T13:29:45.126000Z,1783603785126,104.35
session-1783603749411-du6syw,10:51:DB:0D:31:EA,b3bb9015,199,2026-07-09T13:29:45.216000Z,1783603785216,104.33
session-1783603749411-du6syw,10:51:DB:0D:31:EA,b3bb9015,200,2026-07-09T13:29:45.487000Z,1783603785487,104.3
session-1783603749411-du6syw,10:51:DB:0D:31:EA,b3bb9015,201,2026-07-09T13:29:45.576000Z,1783603785576,104.96
session-1783603749411-du6syw,10:51:DB:0D:31:EA,b3bb9015,202,2026-07-09T13:29:45.756000Z,1783603785756,104.77
session-1783603749411-du6syw,10:51:DB:0D:31:EA,b3bb9015,203,2026-07-09T13:29:45.906000Z,1783603785906,104.51
session-1783603749411-du6syw,10:51:DB:0D:31:EA,b3bb9015,204,2026-07-09T13:29:46.025000Z,1783603786025,104.47
session-1783603749411-du6syw,10:51:DB:0D:31:EA,b3bb9015,205,2026-07-09T13:29:46.071000Z,1783603786071,104.51
session-1783603749411-du6syw,10:51:DB:0D:31:EA,b3bb9015,206,2026-07-09T13:29:46.312000Z,1783603786312,104.51
session-1783603749411-du6syw,10:51:DB:0D:31:EA,b3bb9015,207,2026-07-09T13:29:46.385000Z,1783603786385,104.33
session-1783603749411-du6syw,10:51:DB:0D:31:EA,b3bb9015,208,2026-07-09T13:29:46.567000Z,1783603786567,104.94
session-1783603749411-du6syw,10:51:DB:0D:31:EA,b3bb9015,209,2026-07-09T13:29:46.792000Z,1783603786792,104.47
session-1783603749411-du6syw,10:51:DB:0D:31:EA,b3bb9015,210,2026-07-09T13:29:46.971000Z,1783603786971,104.51
session-1783603749411-du6syw,10:51:DB:0D:31:EA,b3bb9015,211,2026-07-09T13:29:47.287000Z,1783603787287,104.94
session-1783603749411-du6syw,10:51:DB:0D:31:EA,b3bb9015,212,2026-07-09T13:29:47.603000Z,1783603787603,104.47
session-1783603749411-du6syw,10:51:DB:0D:31:EA,b3bb9015,213,2026-07-09T13:29:47.918000Z,1783603787918,104.49
session-1783603749411-du6syw,10:51:DB:0D:31:EA,b3bb9015,214,2026-07-09T13:29:48.008000Z,1783603788008,104.33
session-1783603749411-du6syw,10:51:DB:0D:31:EA,b3bb9015,215,2026-07-09T13:29:48.231000Z,1783603788231,104.91
session-1783603749411-du6syw,10:51:DB:0D:31:EA,b3bb9015,216,2026-07-09T13:29:48.322000Z,1783603788322,104.47
session-1783603749411-du6syw,10:51:DB:0D:31:EA,b3bb9015,217,2026-07-09T13:29:48.411000Z,1783603788411,104.75
session-1783603749411-du6syw,10:51:DB:0D:31:EA,b3bb9015,218,2026-07-09T13:29:48.503000Z,1783603788503,104.49
session-1783603749411-du6syw,10:51:DB:0D:31:EA,b3bb9015,219,2026-07-09T13:29:48.591000Z,1783603788591,104.3
session-1783603749411-du6syw,10:51:DB:0D:31:EA,b3bb9015,220,2026-07-09T13:29:48.817000Z,1783603788817,104.94
session-1783603749411-du6syw,10:51:DB:0D:31:EA,b3bb9015,221,2026-07-09T13:29:48.907000Z,1783603788907,104.77
session-1783603749411-du6syw,10:51:DB:0D:31:EA,b3bb9015,222,2026-07-09T13:29:49.131000Z,1783603789131,104.94
session-1783603749411-du6syw,10:51:DB:0D:31:EA,b3bb9015,223,2026-07-09T13:29:49.222000Z,1783603789222,104.49
session-1783603749411-du6syw,10:51:DB:0D:31:EA,b3bb9015,224,2026-07-09T13:29:49.312000Z,1783603789312,104.47
session-1783603749411-du6syw,10:51:DB:0D:31:EA,b3bb9015,225,2026-07-09T13:29:49.403000Z,1783603789403,104.47
session-1783603749411-du6syw,10:51:DB:0D:31:EA,b3bb9015,226,2026-07-09T13:29:49.553000Z,1783603789553,104.94
session-1783603749411-du6syw,10:51:DB:0D:31:EA,b3bb9015,227,2026-07-09T13:29:49.673000Z,1783603789673,104.91
session-1783603749411-du6syw,10:51:DB:0D:31:EA,b3bb9015,228,2026-07-09T13:29:49.760000Z,1783603789760,34.5
session-1783603749411-du6syw,10:51:DB:0D:31:EA,b3bb9015,229,2026-07-09T13:29:49.852000Z,1783603789852,104.94
session-1783603749411-du6syw,10:51:DB:0D:31:EA,b3bb9015,230,2026-07-09T13:29:50.033000Z,1783603790033,104.94
session-1783603749411-du6syw,10:51:DB:0D:31:EA,b3bb9015,231,2026-07-09T13:29:50.391000Z,1783603790391,104.94
session-1783603749411-du6syw,10:51:DB:0D:31:EA,b3bb9015,232,2026-07-09T13:29:50.571000Z,1783603790571,104.77
session-1783603749411-du6syw,10:51:DB:0D:31:EA,b3bb9015,233,2026-07-09T13:29:50.661000Z,1783603790661,104.91
session-1783603749411-du6syw,10:51:DB:0D:31:EA,b3bb9015,234,2026-07-09T13:29:50.751000Z,1783603790751,104.49
session-1783603749411-du6syw,10:51:DB:0D:31:EA,b3bb9015,235,2026-07-09T13:29:50.842000Z,1783603790842,104.93
session-1783603749411-du6syw,10:51:DB:0D:31:EA,b3bb9015,236,2026-07-09T13:29:51.157000Z,1783603791157,104.93
session-1783603749411-du6syw,10:51:DB:0D:31:EA,b3bb9015,237,2026-07-09T13:29:51.246000Z,1783603791246,104.32
session-1783603749411-du6syw,10:51:DB:0D:31:EA,b3bb9015,238,2026-07-09T13:29:51.712000Z,1783603791712,104.94
session-1783603749411-du6syw,10:51:DB:0D:31:EA,b3bb9015,239,2026-07-09T13:29:52.101000Z,1783603792101,104.94
session-1783603749411-du6syw,10:51:DB:0D:31:EA,b3bb9015,240,2026-07-09T13:29:52.373000Z,1783603792373,104.93
session-1783603749411-du6syw,10:51:DB:0D:31:EA,b3bb9015,241,2026-07-09T13:29:52.688000Z,1783603792688,105.36
session-1783603749411-du6syw,10:51:DB:0D:31:EA,b3bb9015,242,2026-07-09T13:29:52.908000Z,1783603792908,104.93
session-1783603749411-du6syw,10:51:DB:0D:31:EA,b3bb9015,243,2026-07-09T13:29:53.179000Z,1783603793179,104.94
session-1783603749411-du6syw,10:51:DB:0D:31:EA,b3bb9015,244,2026-07-09T13:29:53.269000Z,1783603793269,104.33
session-1783603749411-du6syw,10:51:DB:0D:31:EA,b3bb9015,245,2026-07-09T13:29:53.494000Z,1783603793494,104.94
session-1783603749411-du6syw,10:51:DB:0D:31:EA,b3bb9015,246,2026-07-09T13:29:53.585000Z,1783603793585,104.33
session-1783603749411-du6syw,10:51:DB:0D:31:EA,b3bb9015,247,2026-07-09T13:29:53.810000Z,1783603793810,104.94
session-1783603749411-du6syw,10:51:DB:0D:31:EA,b3bb9015,248,2026-07-09T13:29:54.216000Z,1783603794216,104.94
session-1783603749411-du6syw,10:51:DB:0D:31:EA,b3bb9015,249,2026-07-09T13:29:54.441000Z,1783603794441,104.93
session-1783603749411-du6syw,10:51:DB:0D:31:EA,b3bb9015,250,2026-07-09T13:29:54.621000Z,1783603794621,104.94
session-1783603749411-du6syw,10:51:DB:0D:31:EA,b3bb9015,251,2026-07-09T13:29:54.756000Z,1783603794756,104.47
session-1783603749411-du6syw,10:51:DB:0D:31:EA,b3bb9015,252,2026-07-09T13:29:54.846000Z,1783603794846,102.92
session-1783603749411-du6syw,10:51:DB:0D:31:EA,b3bb9015,253,2026-07-09T13:29:55.117000Z,1783603795117,104.91
session-1783603749411-du6syw,10:51:DB:0D:31:EA,b3bb9015,254,2026-07-09T13:29:55.341000Z,1783603795341,104.96
session-1783603749411-du6syw,10:51:DB:0D:31:EA,b3bb9015,255,2026-07-09T13:29:55.431000Z,1783603795431,104.49
session-1783603749411-du6syw,10:51:DB:0D:31:EA,b3bb9015,256,2026-07-09T13:29:55.520000Z,1783603795520,104.91
session-1783603749411-du6syw,10:51:DB:0D:31:EA,b3bb9015,257,2026-07-09T13:29:55.657000Z,1783603795657,104.49
session-1783603749411-du6syw,10:51:DB:0D:31:EA,b3bb9015,258,2026-07-09T13:29:55.791000Z,1783603795791,102.75
session-1783603749411-du6syw,10:51:DB:0D:31:EA,b3bb9015,259,2026-07-09T13:29:55.883000Z,1783603795883,104.93
session-1783603749411-du6syw,10:51:DB:0D:31:EA,b3bb9015,260,2026-07-09T13:29:56.062000Z,1783603796062,104.94
session-1783603749411-du6syw,10:51:DB:0D:31:EA,b3bb9015,261,2026-07-09T13:29:56.286000Z,1783603796286,103.02
session-1783603749411-du6syw,10:51:DB:0D:31:EA,b3bb9015,262,2026-07-09T13:29:56.377000Z,1783603796377,104.94
session-1783603749411-du6syw,10:51:DB:0D:31:EA,b3bb9015,263,2026-07-09T13:29:56.466000Z,1783603796466,104.49
session-1783603749411-du6syw,10:51:DB:0D:31:EA,b3bb9015,264,2026-07-09T13:29:56.556000Z,1783603796556,104.47
session-1783603749411-du6syw,10:51:DB:0D:31:EA,b3bb9015,265,2026-07-09T13:29:56.691000Z,1783603796691,104.93
session-1783603749411-du6syw,10:51:DB:0D:31:EA,b3bb9015,266,2026-07-09T13:29:56.960000Z,1783603796960,104.94
session-1783603749411-du6syw,10:51:DB:0D:31:EA,b3bb9015,267,2026-07-09T13:29:57.188000Z,1783603797188,102.31
session-1783603749411-du6syw,10:51:DB:0D:31:EA,b3bb9015,268,2026-07-09T13:29:57.278000Z,1783603797278,104.91
session-1783603749411-du6syw,10:51:DB:0D:31:EA,b3bb9015,269,2026-07-09T13:29:57.367000Z,1783603797367,104.94
session-1783603749411-du6syw,10:51:DB:0D:31:EA,b3bb9015,270,2026-07-09T13:29:57.681000Z,1783603797681,105.35
session-1783603749411-du6syw,10:51:DB:0D:31:EA,b3bb9015,271,2026-07-09T13:29:57.815000Z,1783603797815,105.35
session-1783603749411-du6syw,10:51:DB:0D:31:EA,b3bb9015,272,2026-07-09T13:29:57.906000Z,1783603797906,105.35
session-1783603749411-du6syw,10:51:DB:0D:31:EA,b3bb9015,273,2026-07-09T13:29:57.995000Z,1783603797995,105.36
session-1783603749411-du6syw,10:51:DB:0D:31:EA,b3bb9015,274,2026-07-09T13:29:58.221000Z,1783603798221,105.21
session-1783603749411-du6syw,10:51:DB:0D:31:EA,b3bb9015,275,2026-07-09T13:29:58.401000Z,1783603798401,104.94
session-1783603749411-du6syw,10:51:DB:0D:31:EA,b3bb9015,276,2026-07-09T13:29:59.032000Z,1783603799032,104.94
session-1783603749411-du6syw,10:51:DB:0D:31:EA,b3bb9015,277,2026-07-09T13:29:59.302000Z,1783603799302,104.49
session-1783603749411-du6syw,10:51:DB:0D:31:EA,b3bb9015,278,2026-07-09T13:29:59.391000Z,1783603799391,104.05
session-1783603749411-du6syw,10:51:DB:0D:31:EA,b3bb9015,279,2026-07-09T13:29:59.618000Z,1783603799618,104.49
session-1783603749411-du6syw,10:51:DB:0D:31:EA,b3bb9015,280,2026-07-09T13:29:59.706000Z,1783603799706,104.05
session-1783603749411-du6syw,10:51:DB:0D:31:EA,b3bb9015,281,2026-07-09T13:29:59.841000Z,1783603799841,104.49
session-1783603749411-du6syw,10:51:DB:0D:31:EA,b3bb9015,282,2026-07-09T13:29:59.976000Z,1783603799976,104.49
session-1783603749411-du6syw,10:51:DB:0D:31:EA,b3bb9015,283,2026-07-09T13:30:00.064000Z,1783603800064,101.86
session-1783603749411-du6syw,10:51:DB:0D:31:EA,b3bb9015,284,2026-07-09T13:30:00.155000Z,1783603800155,104.47
session-1783603749411-du6syw,10:51:DB:0D:31:EA,b3bb9015,285,2026-07-09T13:30:00.336000Z,1783603800336,104.49
session-1783603749411-du6syw,10:51:DB:0D:31:EA,b3bb9015,286,2026-07-09T13:30:00.471000Z,1783603800471,104.05
session-1783603749411-du6syw,10:51:DB:0D:31:EA,b3bb9015,287,2026-07-09T13:30:00.561000Z,1783603800561,104.32
session-1783603749411-du6syw,10:51:DB:0D:31:EA,b3bb9015,288,2026-07-09T13:30:00.741000Z,1783603800741,104.33
session-1783603749411-du6syw,10:51:DB:0D:31:EA,b3bb9015,289,2026-07-09T13:30:00.875000Z,1783603800875,104.49
session-1783603749411-du6syw,10:51:DB:0D:31:EA,b3bb9015,290,2026-07-09T13:30:00.966000Z,1783603800966,101.45
session-1783603749411-du6syw,10:51:DB:0D:31:EA,b3bb9015,291,2026-07-09T13:30:01.054000Z,1783603801054,104.49
session-1783603749411-du6syw,10:51:DB:0D:31:EA,b3bb9015,292,2026-07-09T13:30:01.146000Z,1783603801146,104.47
session-1783603749411-du6syw,10:51:DB:0D:31:EA,b3bb9015,293,2026-07-09T13:30:01.235000Z,1783603801235,104.47
session-1783603749411-du6syw,10:51:DB:0D:31:EA,b3bb9015,294,2026-07-09T13:30:01.372000Z,1783603801372,104.47
session-1783603749411-du6syw,10:51:DB:0D:31:EA,b3bb9015,295,2026-07-09T13:30:01.596000Z,1783603801596,101.02
session-1783603749411-du6syw,10:51:DB:0D:31:EA,b3bb9015,296,2026-07-09T13:30:01.685000Z,1783603801685,104.47
session-1783603749411-du6syw,10:51:DB:0D:31:EA,b3bb9015,297,2026-07-09T13:30:01.777000Z,1783603801777,104.47
session-1783603749411-du6syw,10:51:DB:0D:31:EA,b3bb9015,298,2026-07-09T13:30:01.911000Z,1783603801911,104.47
session-1783603749411-du6syw,10:51:DB:0D:31:EA,b3bb9015,299,2026-07-09T13:30:02.061000Z,1783603802061,104.47
session-1783603749411-du6syw,10:51:DB:0D:31:EA,b3bb9015,300,2026-07-09T13:30:02.135000Z,1783603802135,100.79
session-1783603749411-du6syw,10:51:DB:0D:31:EA,b3bb9015,301,2026-07-09T13:30:02.226000Z,1783603802226,104.47
session-1783603749411-du6syw,10:51:DB:0D:31:EA,b3bb9015,302,2026-07-09T13:30:02.316000Z,1783603802316,104.47
session-1783603749411-du6syw,10:51:DB:0D:31:EA,b3bb9015,303,2026-07-09T13:30:02.406000Z,1783603802406,104.47
session-1783603749411-du6syw,10:51:DB:0D:31:EA,b3bb9015,304,2026-07-09T13:30:02.631000Z,1783603802631,104.51
session-1783603749411-du6syw,10:51:DB:0D:31:EA,b3bb9015,305,2026-07-09T13:30:02.962000Z,1783603802962,104.51
session-1783603749411-du6syw,10:51:DB:0D:31:EA,b3bb9015,306,2026-07-09T13:30:03.037000Z,1783603803037,100.77
session-1783603749411-du6syw,10:51:DB:0D:31:EA,b3bb9015,307,2026-07-09T13:30:03.128000Z,1783603803128,104.47
session-1783603749411-du6syw,10:51:DB:0D:31:EA,b3bb9015,308,2026-07-09T13:30:03.216000Z,1783603803216,104.47
session-1783603749411-du6syw,10:51:DB:0D:31:EA,b3bb9015,309,2026-07-09T13:30:03.307000Z,1783603803307,104.47
session-1783603749411-du6syw,10:51:DB:0D:31:EA,b3bb9015,310,2026-07-09T13:30:03.441000Z,1783603803441,104.47
session-1783603749411-du6syw,10:51:DB:0D:31:EA,b3bb9015,311,2026-07-09T13:30:03.531000Z,1783603803531,104.47
session-1783603749411-du6syw,10:51:DB:0D:31:EA,b3bb9015,312,2026-07-09T13:30:03.621000Z,1783603803621,104.32
session-1783603749411-du6syw,10:51:DB:0D:31:EA,b3bb9015,313,2026-07-09T13:30:03.711000Z,1783603803711,104.53
session-1783603749411-du6syw,10:51:DB:0D:31:EA,b3bb9015,314,2026-07-09T13:30:03.802000Z,1783603803802,104.32
session-1783603749411-du6syw,10:51:DB:0D:31:EA,b3bb9015,315,2026-07-09T13:30:04.071000Z,1783603804071,104.49
session-1783603749411-du6syw,10:51:DB:0D:31:EA,b3bb9015,316,2026-07-09T13:30:04.161000Z,1783603804161,104.35
session-1783603749411-du6syw,10:51:DB:0D:31:EA,b3bb9015,317,2026-07-09T13:30:04.253000Z,1783603804253,104.35
session-1783603749411-du6syw,10:51:DB:0D:31:EA,b3bb9015,318,2026-07-09T13:30:04.478000Z,1783603804478,100.2
session-1783603749411-du6syw,10:51:DB:0D:31:EA,b3bb9015,319,2026-07-09T13:30:04.566000Z,1783603804566,104.35
session-1783603749411-du6syw,10:51:DB:0D:31:EA,b3bb9015,320,2026-07-09T13:30:04.658000Z,1783603804658,104.33
session-1783603749411-du6syw,10:51:DB:0D:31:EA,b3bb9015,321,2026-07-09T13:30:04.882000Z,1783603804882,104.35
session-1783603749411-du6syw,10:51:DB:0D:31:EA,b3bb9015,322,2026-07-09T13:30:04.970000Z,1783603804970,104.33
session-1783603749411-du6syw,10:51:DB:0D:31:EA,b3bb9015,323,2026-07-09T13:30:05.062000Z,1783603805062,104.16
session-1783603749411-du6syw,10:51:DB:0D:31:EA,b3bb9015,324,2026-07-09T13:30:05.285000Z,1783603805285,104.33
session-1783603749411-du6syw,10:51:DB:0D:31:EA,b3bb9015,325,2026-07-09T13:30:05.377000Z,1783603805377,100.16
session-1783603749411-du6syw,10:51:DB:0D:31:EA,b3bb9015,326,2026-07-09T13:30:05.465000Z,1783603805465,104.32
session-1783603749411-du6syw,10:51:DB:0D:31:EA,b3bb9015,327,2026-07-09T13:30:05.554000Z,1783603805554,104.33
session-1783603749411-du6syw,10:51:DB:0D:31:EA,b3bb9015,328,2026-07-09T13:30:05.645000Z,1783603805645,104.49
session-1783603749411-du6syw,10:51:DB:0D:31:EA,b3bb9015,329,2026-07-09T13:30:05.781000Z,1783603805781,104.47
session-1783603749411-du6syw,10:51:DB:0D:31:EA,b3bb9015,330,2026-07-09T13:30:05.870000Z,1783603805870,104.32
session-1783603749411-du6syw,10:51:DB:0D:31:EA,b3bb9015,331,2026-07-09T13:30:06.006000Z,1783603806006,104.32
session-1783603749411-du6syw,10:51:DB:0D:31:EA,b3bb9015,332,2026-07-09T13:30:06.096000Z,1783603806096,104.33
session-1783603749411-du6syw,10:51:DB:0D:31:EA,b3bb9015,333,2026-07-09T13:30:06.321000Z,1783603806321,104.51
session-1783603749411-du6syw,10:51:DB:0D:31:EA,b3bb9015,334,2026-07-09T13:30:06.411000Z,1783603806411,104.51
session-1783603749411-du6syw,10:51:DB:0D:31:EA,b3bb9015,335,2026-07-09T13:30:06.501000Z,1783603806501,104.47
session-1783603749411-du6syw,10:51:DB:0D:31:EA,b3bb9015,336,2026-07-09T13:30:06.591000Z,1783603806591,104.47
session-1783603749411-du6syw,10:51:DB:0D:31:EA,b3bb9015,337,2026-07-09T13:30:06.725000Z,1783603806725,104.32
session-1783603749411-du6syw,10:51:DB:0D:31:EA,b3bb9015,338,2026-07-09T13:30:06.815000Z,1783603806815,100.6
session-1783603749411-du6syw,10:51:DB:0D:31:EA,b3bb9015,339,2026-07-09T13:30:06.906000Z,1783603806906,104.47
session-1783603749411-du6syw,10:51:DB:0D:31:EA,b3bb9015,340,2026-07-09T13:30:07Z,1783603807000,104.47
session-1783603749411-du6syw,10:51:DB:0D:31:EA,b3bb9015,341,2026-07-09T13:30:07.086000Z,1783603807086,104.47
session-1783603749411-du6syw,10:51:DB:0D:31:EA,b3bb9015,342,2026-07-09T13:30:07.220000Z,1783603807220,104.47
session-1783603749411-du6syw,10:51:DB:0D:31:EA,b3bb9015,343,2026-07-09T13:30:07.311000Z,1783603807311,104.49
session-1783603749411-du6syw,10:51:DB:0D:31:EA,b3bb9015,344,2026-07-09T13:30:07.491000Z,1783603807491,104.51
session-1783603749411-du6syw,10:51:DB:0D:31:EA,b3bb9015,345,2026-07-09T13:30:07.715000Z,1783603807715,99.71
session-1783603749411-du6syw,10:51:DB:0D:31:EA,b3bb9015,346,2026-07-09T13:30:07.805000Z,1783603807805,104.49
session-1783603749411-du6syw,10:51:DB:0D:31:EA,b3bb9015,347,2026-07-09T13:30:07.895000Z,1783603807895,104.47
session-1783603749411-du6syw,10:51:DB:0D:31:EA,b3bb9015,348,2026-07-09T13:30:08.046000Z,1783603808046,104.47
session-1783603749411-du6syw,10:51:DB:0D:31:EA,b3bb9015,349,2026-07-09T13:30:08.256000Z,1783603808256,99.71
session-1783603749411-du6syw,10:51:DB:0D:31:EA,b3bb9015,350,2026-07-09T13:30:08.437000Z,1783603808437,104.53
session-1783603749411-du6syw,10:51:DB:0D:31:EA,b3bb9015,351,2026-07-09T13:30:08.526000Z,1783603808526,104.05
session-1783603749411-du6syw,10:51:DB:0D:31:EA,b3bb9015,352,2026-07-09T13:30:09.067000Z,1783603809067,104.49
session-1783603749411-du6syw,10:51:DB:0D:31:EA,b3bb9015,353,2026-07-09T13:30:09.155000Z,1783603809155,99.24
session-1783603749411-du6syw,10:51:DB:0D:31:EA,b3bb9015,354,2026-07-09T13:30:09.561000Z,1783603809561,104.49
session-1783603749411-du6syw,10:51:DB:0D:31:EA,b3bb9015,355,2026-07-09T13:30:09.651000Z,1783603809651,104.04
session-1783603749411-du6syw,10:51:DB:0D:31:EA,b3bb9015,356,2026-07-09T13:30:09.921000Z,1783603809921,104.49
session-1783603749411-du6syw,10:51:DB:0D:31:EA,b3bb9015,357,2026-07-09T13:30:10.192000Z,1783603810192,104.54
session-1783603749411-du6syw,10:51:DB:0D:31:EA,b3bb9015,358,2026-07-09T13:30:10.282000Z,1783603810282,104.53
session-1783603749411-du6syw,10:51:DB:0D:31:EA,b3bb9015,359,2026-07-09T13:30:10.505000Z,1783603810505,104.68
session-1783603749411-du6syw,10:51:DB:0D:31:EA,b3bb9015,360,2026-07-09T13:30:10.597000Z,1783603810597,98.82
session-1783603749411-du6syw,10:51:DB:0D:31:EA,b3bb9015,361,2026-07-09T13:30:10.685000Z,1783603810685,104.37
session-1783603749411-du6syw,10:51:DB:0D:31:EA,b3bb9015,362,2026-07-09T13:30:10.776000Z,1783603810776,104.53
session-1783603749411-du6syw,10:51:DB:0D:31:EA,b3bb9015,363,2026-07-09T13:30:10.866000Z,1783603810866,104.58
session-1783603749411-du6syw,10:51:DB:0D:31:EA,b3bb9015,364,2026-07-09T13:30:11.137000Z,1783603811137,104.39
session-1783603749411-du6syw,10:51:DB:0D:31:EA,b3bb9015,365,2026-07-09T13:30:11.181000Z,1783603811181,104.51
session-1783603749411-du6syw,10:51:DB:0D:31:EA,b3bb9015,366,2026-07-09T13:30:11.271000Z,1783603811271,104.3
session-1783603749411-du6syw,10:51:DB:0D:31:EA,b3bb9015,367,2026-07-09T13:30:11.406000Z,1783603811406,104.49
session-1783603749411-du6syw,10:51:DB:0D:31:EA,b3bb9015,368,2026-07-09T13:30:11.495000Z,1783603811495,98.66
session-1783603749411-du6syw,10:51:DB:0D:31:EA,b3bb9015,369,2026-07-09T13:30:11.675000Z,1783603811675,104.33
session-1783603749411-du6syw,10:51:DB:0D:31:EA,b3bb9015,370,2026-07-09T13:30:11.901000Z,1783603811901,104.47
session-1783603749411-du6syw,10:51:DB:0D:31:EA,b3bb9015,371,2026-07-09T13:30:11.991000Z,1783603811991,104.47
session-1783603749411-du6syw,10:51:DB:0D:31:EA,b3bb9015,372,2026-07-09T13:30:12.127000Z,1783603812127,104.47
session-1783603749411-du6syw,10:51:DB:0D:31:EA,b3bb9015,373,2026-07-09T13:30:12.216000Z,1783603812216,104.53
session-1783603749411-du6syw,10:51:DB:0D:31:EA,b3bb9015,374,2026-07-09T13:30:12.531000Z,1783603812531,104.32
session-1783603749411-du6syw,10:51:DB:0D:31:EA,b3bb9015,375,2026-07-09T13:30:12.621000Z,1783603812621,104.53
session-1783603749411-du6syw,10:51:DB:0D:31:EA,b3bb9015,376,2026-07-09T13:30:12.711000Z,1783603812711,104.47
session-1783603749411-du6syw,10:51:DB:0D:31:EA,b3bb9015,377,2026-07-09T13:30:12.862000Z,1783603812862,104.49
session-1783603749411-du6syw,10:51:DB:0D:31:EA,b3bb9015,378,2026-07-09T13:30:13.071000Z,1783603813071,104.51
session-1783603749411-du6syw,10:51:DB:0D:31:EA,b3bb9015,379,2026-07-09T13:30:13.160000Z,1783603813160,103.88
session-1783603749411-du6syw,10:51:DB:0D:31:EA,b3bb9015,380,2026-07-09T13:30:13.342000Z,1783603813342,104.51
session-1783603749411-du6syw,10:51:DB:0D:31:EA,b3bb9015,381,2026-07-09T13:30:13.476000Z,1783603813476,104.47
session-1783603749411-du6syw,10:51:DB:0D:31:EA,b3bb9015,382,2026-07-09T13:30:13.566000Z,1783603813566,98.12
session-1783603749411-du6syw,10:51:DB:0D:31:EA,b3bb9015,383,2026-07-09T13:30:13.655000Z,1783603813655,104.49
session-1783603749411-du6syw,10:51:DB:0D:31:EA,b3bb9015,384,2026-07-09T13:30:13.745000Z,1783603813745,104.05
session-1783603749411-du6syw,10:51:DB:0D:31:EA,b3bb9015,385,2026-07-09T13:30:13.836000Z,1783603813836,104.33
session-1783603749411-du6syw,10:51:DB:0D:31:EA,b3bb9015,386,2026-07-09T13:30:14.213000Z,1783603814213,104.32
session-1783603749411-du6syw,10:51:DB:0D:31:EA,b3bb9015,387,2026-07-09T13:30:14.287000Z,1783603814287,104.49
session-1783603749411-du6syw,10:51:DB:0D:31:EA,b3bb9015,388,2026-07-09T13:30:14.599000Z,1783603814599,104.49
session-1783603749411-du6syw,10:51:DB:0D:31:EA,b3bb9015,389,2026-07-09T13:30:14.691000Z,1783603814691,104.47
session-1783603749411-du6syw,10:51:DB:0D:31:EA,b3bb9015,390,2026-07-09T13:30:14.781000Z,1783603814781,104.47
session-1783603749411-du6syw,10:51:DB:0D:31:EA,b3bb9015,391,2026-07-09T13:30:14.916000Z,1783603814916,104.47
session-1783603749411-du6syw,10:51:DB:0D:31:EA,b3bb9015,392,2026-07-09T13:30:15.006000Z,1783603815006,97.72
session-1783603749411-du6syw,10:51:DB:0D:31:EA,b3bb9015,393,2026-07-09T13:30:15.276000Z,1783603815276,104.49
session-1783603749411-du6syw,10:51:DB:0D:31:EA,b3bb9015,394,2026-07-09T13:30:15.426000Z,1783603815426,104.04
session-1783603749411-du6syw,10:51:DB:0D:31:EA,b3bb9015,395,2026-07-09T13:30:15.636000Z,1783603815636,104.53
session-1783603749411-du6syw,10:51:DB:0D:31:EA,b3bb9015,396,2026-07-09T13:30:15.726000Z,1783603815726,104.04
session-1783603749411-du6syw,10:51:DB:0D:31:EA,b3bb9015,397,2026-07-09T13:30:15.861000Z,1783603815861,104.51
session-1783603749411-du6syw,10:51:DB:0D:31:EA,b3bb9015,398,2026-07-09T13:30:15.952000Z,1783603815952,97.3
session-1783603749411-du6syw,10:51:DB:0D:31:EA,b3bb9015,399,2026-07-09T13:30:16.042000Z,1783603816042,104.49
session-1783603749411-du6syw,10:51:DB:0D:31:EA,b3bb9015,400,2026-07-09T13:30:16.085000Z,1783603816085,104.47
session-1783603749411-du6syw,10:51:DB:0D:31:EA,b3bb9015,401,2026-07-09T13:30:16.221000Z,1783603816221,104.47
session-1783603749411-du6syw,10:51:DB:0D:31:EA,b3bb9015,402,2026-07-09T13:30:16.355000Z,1783603816355,104.51
session-1783603749411-du6syw,10:51:DB:0D:31:EA,b3bb9015,403,2026-07-09T13:30:16.582000Z,1783603816582,104.51
session-1783603749411-du6syw,10:51:DB:0D:31:EA,b3bb9015,404,2026-07-09T13:30:16.761000Z,1783603816761,104.51
session-1783603749411-du6syw,10:51:DB:0D:31:EA,b3bb9015,405,2026-07-09T13:30:16.942000Z,1783603816942,104.32
session-1783603749411-du6syw,10:51:DB:0D:31:EA,b3bb9015,406,2026-07-09T13:30:17.031000Z,1783603817031,104.49
session-1783603749411-du6syw,10:51:DB:0D:31:EA,b3bb9015,407,2026-07-09T13:30:17.122000Z,1783603817122,104.04
session-1783603749411-du6syw,10:51:DB:0D:31:EA,b3bb9015,408,2026-07-09T13:30:17.437000Z,1783603817437,104.47
session-1783603749411-du6syw,10:51:DB:0D:31:EA,b3bb9015,409,2026-07-09T13:30:17.527000Z,1783603817527,104.47
session-1783603749411-du6syw,10:51:DB:0D:31:EA,b3bb9015,410,2026-07-09T13:30:17.660000Z,1783603817660,104.47
session-1783603749411-du6syw,10:51:DB:0D:31:EA,b3bb9015,411,2026-07-09T13:30:17.752000Z,1783603817752,104.47
session-1783603749411-du6syw,10:51:DB:0D:31:EA,b3bb9015,412,2026-07-09T13:30:17.931000Z,1783603817931,104.51
session-1783603749411-du6syw,10:51:DB:0D:31:EA,b3bb9015,413,2026-07-09T13:30:18.156000Z,1783603818156,96.66
session-1783603749411-du6syw,10:51:DB:0D:31:EA,b3bb9015,414,2026-07-09T13:30:18.470000Z,1783603818470,104.47
session-1783603749411-du6syw,10:51:DB:0D:31:EA,b3bb9015,415,2026-07-09T13:30:18.606000Z,1783603818606,104.47
session-1783603749411-du6syw,10:51:DB:0D:31:EA,b3bb9015,416,2026-07-09T13:30:18.696000Z,1783603818696,96.67
session-1783603749411-du6syw,10:51:DB:0D:31:EA,b3bb9015,417,2026-07-09T13:30:18.878000Z,1783603818878,104.49
session-1783603749411-du6syw,10:51:DB:0D:31:EA,b3bb9015,418,2026-07-09T13:30:18.964000Z,1783603818964,104.47
session-1783603749411-du6syw,10:51:DB:0D:31:EA,b3bb9015,419,2026-07-09T13:30:19.099000Z,1783603819099,104.47
session-1783603749411-du6syw,10:51:DB:0D:31:EA,b3bb9015,420,2026-07-09T13:30:19.191000Z,1783603819191,104.47
session-1783603749411-du6syw,10:51:DB:0D:31:EA,b3bb9015,421,2026-07-09T13:30:19.368000Z,1783603819368,104.53
session-1783603749411-du6syw,10:51:DB:0D:31:EA,b3bb9015,422,2026-07-09T13:30:19.594000Z,1783603819594,99.06
session-1783603749411-du6syw,10:51:DB:0D:31:EA,b3bb9015,423,2026-07-09T13:30:19.865000Z,1783603819865,104.51
session-1783603749411-du6syw,10:51:DB:0D:31:EA,b3bb9015,424,2026-07-09T13:30:20Z,1783603820000,104.47
session-1783603749411-du6syw,10:51:DB:0D:31:EA,b3bb9015,425,2026-07-09T13:30:20.090000Z,1783603820090,104.47
session-1783603749411-du6syw,10:51:DB:0D:31:EA,b3bb9015,426,2026-07-09T13:30:20.182000Z,1783603820182,104.47
session-1783603749411-du6syw,10:51:DB:0D:31:EA,b3bb9015,427,2026-07-09T13:30:20.496000Z,1783603820496,104.32
session-1783603749411-du6syw,10:51:DB:0D:31:EA,b3bb9015,428,2026-07-09T13:30:20.631000Z,1783603820631,104.51
session-1783603749411-du6syw,10:51:DB:0D:31:EA,b3bb9015,429,2026-07-09T13:30:20.901000Z,1783603820901,104.47
session-1783603749411-du6syw,10:51:DB:0D:31:EA,b3bb9015,430,2026-07-09T13:30:21.035000Z,1783603821035,104.47
session-1783603749411-du6syw,10:51:DB:0D:31:EA,b3bb9015,431,2026-07-09T13:30:21.125000Z,1783603821125,104.47
session-1783603749411-du6syw,10:51:DB:0D:31:EA,b3bb9015,432,2026-07-09T13:30:21.214000Z,1783603821214,104.47
session-1783603749411-du6syw,10:51:DB:0D:31:EA,b3bb9015,433,2026-07-09T13:30:21.397000Z,1783603821397,104.51
session-1783603749411-du6syw,10:51:DB:0D:31:EA,b3bb9015,434,2026-07-09T13:30:21.620000Z,1783603821620,104.51
session-1783603749411-du6syw,10:51:DB:0D:31:EA,b3bb9015,435,2026-07-09T13:30:21.710000Z,1783603821710,104.02
session-1783603749411-du6syw,10:51:DB:0D:31:EA,b3bb9015,436,2026-07-09T13:30:21.799000Z,1783603821799,104.32
session-1783603749411-du6syw,10:51:DB:0D:31:EA,b3bb9015,437,2026-07-09T13:30:22.114000Z,1783603822114,104.51
session-1783603749411-du6syw,10:51:DB:0D:31:EA,b3bb9015,438,2026-07-09T13:30:22.204000Z,1783603822204,104.33
session-1783603749411-du6syw,10:51:DB:0D:31:EA,b3bb9015,439,2026-07-09T13:30:22.564000Z,1783603822564,104.51
session-1783603749411-du6syw,10:51:DB:0D:31:EA,b3bb9015,440,2026-07-09T13:30:22.744000Z,1783603822744,104.49
session-1783603749411-du6syw,10:51:DB:0D:31:EA,b3bb9015,441,2026-07-09T13:30:22.836000Z,1783603822836,104.32
session-1783603749411-du6syw,10:51:DB:0D:31:EA,b3bb9015,442,2026-07-09T13:30:23.059000Z,1783603823059,104.47
session-1783603749411-du6syw,10:51:DB:0D:31:EA,b3bb9015,443,2026-07-09T13:30:23.149000Z,1783603823149,104.94
session-1783603749411-du6syw,10:51:DB:0D:31:EA,b3bb9015,444,2026-07-09T13:30:23.465000Z,1783603823465,95.35
session-1783603749411-du6syw,10:51:DB:0D:31:EA,b3bb9015,445,2026-07-09T13:30:23.554000Z,1783603823554,104.77
session-1783603749411-du6syw,10:51:DB:0D:31:EA,b3bb9015,446,2026-07-09T13:30:23.734000Z,1783603823734,104.91
session-1783603749411-du6syw,10:51:DB:0D:31:EA,b3bb9015,447,2026-07-09T13:30:23.959000Z,1783603823959,104.33
session-1783603749411-du6syw,10:51:DB:0D:31:EA,b3bb9015,448,2026-07-09T13:30:24.138000Z,1783603824138,104.51
session-1783603749411-du6syw,10:51:DB:0D:31:EA,b3bb9015,449,2026-07-09T13:30:24.273000Z,1783603824273,104.49
session-1783603749411-du6syw,10:51:DB:0D:31:EA,b3bb9015,450,2026-07-09T13:30:24.408000Z,1783603824408,97.86
session-1783603749411-du6syw,10:51:DB:0D:31:EA,b3bb9015,451,2026-07-09T13:30:24.498000Z,1783603824498,104.47
session-1783603749411-du6syw,10:51:DB:0D:31:EA,b3bb9015,452,2026-07-09T13:30:24.587000Z,1783603824587,104.47
session-1783603749411-du6syw,10:51:DB:0D:31:EA,b3bb9015,453,2026-07-09T13:30:24.679000Z,1783603824679,104.33
session-1783603749411-du6syw,10:51:DB:0D:31:EA,b3bb9015,454,2026-07-09T13:30:25.083000Z,1783603825083,104.53
session-1783603749411-du6syw,10:51:DB:0D:31:EA,b3bb9015,455,2026-07-09T13:30:25.174000Z,1783603825174,104.02
session-1783603749411-du6syw,10:51:DB:0D:31:EA,b3bb9015,456,2026-07-09T13:30:25.308000Z,1783603825308,104.49
session-1783603749411-du6syw,10:51:DB:0D:31:EA,b3bb9015,457,2026-07-09T13:30:25.400000Z,1783603825400,104.46
session-1783603749411-du6syw,10:51:DB:0D:31:EA,b3bb9015,458,2026-07-09T13:30:25.489000Z,1783603825489,104.18
session-1783603749411-du6syw,10:51:DB:0D:31:EA,b3bb9015,459,2026-07-09T13:30:25.579000Z,1783603825579,104.51
session-1783603749411-du6syw,10:51:DB:0D:31:EA,b3bb9015,460,2026-07-09T13:30:25.894000Z,1783603825894,104.3
session-1783603749411-du6syw,10:51:DB:0D:31:EA,b3bb9015,461,2026-07-09T13:30:26.208000Z,1783603826208,104.47
session-1783603749411-du6syw,10:51:DB:0D:31:EA,b3bb9015,462,2026-07-09T13:30:26.298000Z,1783603826298,104.47
session-1783603749411-du6syw,10:51:DB:0D:31:EA,b3bb9015,463,2026-07-09T13:30:26.435000Z,1783603826435,104.47
session-1783603749411-du6syw,10:51:DB:0D:31:EA,b3bb9015,464,2026-07-09T13:30:26.526000Z,1783603826526,104.47
session-1783603749411-du6syw,10:51:DB:0D:31:EA,b3bb9015,465,2026-07-09T13:30:26.660000Z,1783603826660,104.18
session-1783603749411-du6syw,10:51:DB:0D:31:EA,b3bb9015,466,2026-07-09T13:30:26.752000Z,1783603826752,104.16
session-1783603749411-du6syw,10:51:DB:0D:31:EA,b3bb9015,467,2026-07-09T13:30:26.842000Z,1783603826842,104.12
session-1783603749411-du6syw,10:51:DB:0D:31:EA,b3bb9015,468,2026-07-09T13:30:26.929000Z,1783603826929,104.33
session-1783603749411-du6syw,10:51:DB:0D:31:EA,b3bb9015,469,2026-07-09T13:30:27.021000Z,1783603827021,104.32
session-1783603749411-du6syw,10:51:DB:0D:31:EA,b3bb9015,470,2026-07-09T13:30:27.291000Z,1783603827291,104.47
session-1783603749411-du6syw,10:51:DB:0D:31:EA,b3bb9015,471,2026-07-09T13:30:27.334000Z,1783603827334,104.47
session-1783603749411-du6syw,10:51:DB:0D:31:EA,b3bb9015,472,2026-07-09T13:30:27.470000Z,1783603827470,104.47
session-1783603749411-du6syw,10:51:DB:0D:31:EA,b3bb9015,473,2026-07-09T13:30:27.712000Z,1783603827712,104.51
session-1783603749411-du6syw,10:51:DB:0D:31:EA,b3bb9015,474,2026-07-09T13:30:27.785000Z,1783603827785,93.67
session-1783603749411-du6syw,10:51:DB:0D:31:EA,b3bb9015,475,2026-07-09T13:30:27.875000Z,1783603827875,104.49
session-1783603749411-du6syw,10:51:DB:0D:31:EA,b3bb9015,476,2026-07-09T13:30:27.966000Z,1783603827966,104.33
session-1783603749411-du6syw,10:51:DB:0D:31:EA,b3bb9015,477,2026-07-09T13:30:28.058000Z,1783603828058,104.49
session-1783603749411-du6syw,10:51:DB:0D:31:EA,b3bb9015,478,2026-07-09T13:30:28.278000Z,1783603828278,104.49
session-1783603749411-du6syw,10:51:DB:0D:31:EA,b3bb9015,479,2026-07-09T13:30:28.368000Z,1783603828368,104.05
session-1783603749411-du6syw,10:51:DB:0D:31:EA,b3bb9015,480,2026-07-09T13:30:28.593000Z,1783603828593,104.47
session-1783603749411-du6syw,10:51:DB:0D:31:EA,b3bb9015,481,2026-07-09T13:30:28.729000Z,1783603828729,104.47
session-1783603749411-du6syw,10:51:DB:0D:31:EA,b3bb9015,482,2026-07-09T13:30:28.819000Z,1783603828819,104.46
session-1783603749411-du6syw,10:51:DB:0D:31:EA,b3bb9015,483,2026-07-09T13:30:28.907000Z,1783603828907,104.47
session-1783603749411-du6syw,10:51:DB:0D:31:EA,b3bb9015,484,2026-07-09T13:30:28.997000Z,1783603828997,104.33
session-1783603749411-du6syw,10:51:DB:0D:31:EA,b3bb9015,485,2026-07-09T13:30:29.132000Z,1783603829132,104.49
session-1783603749411-du6syw,10:51:DB:0D:31:EA,b3bb9015,486,2026-07-09T13:30:29.224000Z,1783603829224,95.92
session-1783603749411-du6syw,10:51:DB:0D:31:EA,b3bb9015,487,2026-07-09T13:30:29.313000Z,1783603829313,104.47
session-1783603749411-du6syw,10:51:DB:0D:31:EA,b3bb9015,488,2026-07-09T13:30:29.403000Z,1783603829403,104.3
session-1783603749411-du6syw,10:51:DB:0D:31:EA,b3bb9015,489,2026-07-09T13:30:29.720000Z,1783603829720,104.47
session-1783603749411-du6syw,10:51:DB:0D:31:EA,b3bb9015,490,2026-07-09T13:30:29.810000Z,1783603829810,104.47
session-1783603749411-du6syw,10:51:DB:0D:31:EA,b3bb9015,491,2026-07-09T13:30:29.898000Z,1783603829898,104.47
session-1783603749411-du6syw,10:51:DB:0D:31:EA,b3bb9015,492,2026-07-09T13:30:30.033000Z,1783603830033,104.32
session-1783603749411-du6syw,10:51:DB:0D:31:EA,b3bb9015,493,2026-07-09T13:30:30.122000Z,1783603830122,104.51
session-1783603749411-du6syw,10:51:DB:0D:31:EA,b3bb9015,494,2026-07-09T13:30:30.213000Z,1783603830213,103.88
session-1783603749411-du6syw,10:51:DB:0D:31:EA,b3bb9015,495,2026-07-09T13:30:30.393000Z,1783603830393,104.53
session-1783603749411-du6syw,10:51:DB:0D:31:EA,b3bb9015,496,2026-07-09T13:30:30.528000Z,1783603830528,104.05
session-1783603749411-du6syw,10:51:DB:0D:31:EA,b3bb9015,497,2026-07-09T13:30:30.754000Z,1783603830754,104.47
session-1783603749411-du6syw,10:51:DB:0D:31:EA,b3bb9015,498,2026-07-09T13:30:30.844000Z,1783603830844,104.47
session-1783603749411-du6syw,10:51:DB:0D:31:EA,b3bb9015,499,2026-07-09T13:30:30.980000Z,1783603830980,104.47
session-1783603749411-du6syw,10:51:DB:0D:31:EA,b3bb9015,500,2026-07-09T13:30:31.160000Z,1783603831160,104.53
session-1783603749411-du6syw,10:51:DB:0D:31:EA,b3bb9015,501,2026-07-09T13:30:31.476000Z,1783603831476,104.47
session-1783603749411-du6syw,10:51:DB:0D:31:EA,b3bb9015,502,2026-07-09T13:30:31.565000Z,1783603831565,104.47
session-1783603749411-du6syw,10:51:DB:0D:31:EA,b3bb9015,503,2026-07-09T13:30:31.699000Z,1783603831699,104.47
session-1783603749411-du6syw,10:51:DB:0D:31:EA,b3bb9015,504,2026-07-09T13:30:31.789000Z,1783603831789,104.33
session-1783603749411-du6syw,10:51:DB:0D:31:EA,b3bb9015,505,2026-07-09T13:30:31.880000Z,1783603831880,104.53
session-1783603749411-du6syw,10:51:DB:0D:31:EA,b3bb9015,506,2026-07-09T13:30:32.106000Z,1783603832106,104.53
session-1783603749411-du6syw,10:51:DB:0D:31:EA,b3bb9015,507,2026-07-09T13:30:32.194000Z,1783603832194,92.92
session-1783603749411-du6syw,10:51:DB:0D:31:EA,b3bb9015,508,2026-07-09T13:30:32.328000Z,1783603832328,104.49
session-1783603749411-du6syw,10:51:DB:0D:31:EA,b3bb9015,509,2026-07-09T13:30:32.374000Z,1783603832374,104.47
session-1783603749411-du6syw,10:51:DB:0D:31:EA,b3bb9015,510,2026-07-09T13:30:32.465000Z,1783603832465,104.33
session-1783603749411-du6syw,10:51:DB:0D:31:EA,b3bb9015,511,2026-07-09T13:30:32.601000Z,1783603832601,104.53
session-1783603749411-du6syw,10:51:DB:0D:31:EA,b3bb9015,512,2026-07-09T13:30:32.826000Z,1783603832826,104.47
session-1783603749411-du6syw,10:51:DB:0D:31:EA,b3bb9015,513,2026-07-09T13:30:33.007000Z,1783603833007,104.49
session-1783603749411-du6syw,10:51:DB:0D:31:EA,b3bb9015,514,2026-07-09T13:30:33.141000Z,1783603833141,104.47
session-1783603749411-du6syw,10:51:DB:0D:31:EA,b3bb9015,515,2026-07-09T13:30:33.231000Z,1783603833231,104.47
session-1783603749411-du6syw,10:51:DB:0D:31:EA,b3bb9015,516,2026-07-09T13:30:33.322000Z,1783603833322,104.32
session-1783603749411-du6syw,10:51:DB:0D:31:EA,b3bb9015,517,2026-07-09T13:30:33.636000Z,1783603833636,92.9
session-1783603749411-du6syw,10:51:DB:0D:31:EA,b3bb9015,518,2026-07-09T13:30:33.724000Z,1783603833724,104.09
session-1783603749411-du6syw,10:51:DB:0D:31:EA,b3bb9015,519,2026-07-09T13:30:33.905000Z,1783603833905,103.6
session-1783603749411-du6syw,10:51:DB:0D:31:EA,b3bb9015,520,2026-07-09T13:30:34.041000Z,1783603834041,103.6
session-1783603749411-du6syw,10:51:DB:0D:31:EA,b3bb9015,521,2026-07-09T13:30:34.130000Z,1783603834130,103.62
session-1783603749411-du6syw,10:51:DB:0D:31:EA,b3bb9015,522,2026-07-09T13:30:34.222000Z,1783603834222,103.91
session-1783603749411-du6syw,10:51:DB:0D:31:EA,b3bb9015,523,2026-07-09T13:30:34.762000Z,1783603834762,103.91
session-1783603749411-du6syw,10:51:DB:0D:31:EA,b3bb9015,524,2026-07-09T13:30:34.848000Z,1783603834848,103.46
session-1783603749411-du6syw,10:51:DB:0D:31:EA,b3bb9015,525,2026-07-09T13:30:35.253000Z,1783603835253,104.05
session-1783603749411-du6syw,10:51:DB:0D:31:EA,b3bb9015,526,2026-07-09T13:30:35.344000Z,1783603835344,103.9
session-1783603749411-du6syw,10:51:DB:0D:31:EA,b3bb9015,527,2026-07-09T13:30:35.569000Z,1783603835569,104.02
session-1783603749411-du6syw,10:51:DB:0D:31:EA,b3bb9015,528,2026-07-09T13:30:35.660000Z,1783603835660,104.07
session-1783603749411-du6syw,10:51:DB:0D:31:EA,b3bb9015,529,2026-07-09T13:30:35.750000Z,1783603835750,103.91
session-1783603749411-du6syw,10:51:DB:0D:31:EA,b3bb9015,530,2026-07-09T13:30:35.976000Z,1783603835976,104.09
session-1783603749411-du6syw,10:51:DB:0D:31:EA,b3bb9015,531,2026-07-09T13:30:36.066000Z,1783603836066,103.88
session-1783603749411-du6syw,10:51:DB:0D:31:EA,b3bb9015,532,2026-07-09T13:30:36.155000Z,1783603836155,103.9
session-1783603749411-du6syw,10:51:DB:0D:31:EA,b3bb9015,533,2026-07-09T13:30:36.379000Z,1783603836379,104.05
session-1783603749411-du6syw,10:51:DB:0D:31:EA,b3bb9015,534,2026-07-09T13:30:36.558000Z,1783603836558,104.04
session-1783603749411-du6syw,10:51:DB:0D:31:EA,b3bb9015,535,2026-07-09T13:30:36.783000Z,1783603836783,104.09
session-1783603749411-du6syw,10:51:DB:0D:31:EA,b3bb9015,536,2026-07-09T13:30:37.009000Z,1783603837009,104.07
session-1783603749411-du6syw,10:51:DB:0D:31:EA,b3bb9015,537,2026-07-09T13:30:37.324000Z,1783603837324,104.02
session-1783603749411-du6syw,10:51:DB:0D:31:EA,b3bb9015,538,2026-07-09T13:30:37.413000Z,1783603837413,91.42
session-1783603749411-du6syw,10:51:DB:0D:31:EA,b3bb9015,539,2026-07-09T13:30:37.593000Z,1783603837593,104.04
session-1783603749411-du6syw,10:51:DB:0D:31:EA,b3bb9015,540,2026-07-09T13:30:37.683000Z,1783603837683,104.09
session-1783603749411-du6syw,10:51:DB:0D:31:EA,b3bb9015,541,2026-07-09T13:30:37.999000Z,1783603837999,104.02
session-1783603749411-du6syw,10:51:DB:0D:31:EA,b3bb9015,542,2026-07-09T13:30:38.089000Z,1783603838089,104.07
session-1783603749411-du6syw,10:51:DB:0D:31:EA,b3bb9015,543,2026-07-09T13:30:38.314000Z,1783603838314,104.05
session-1783603749411-du6syw,10:51:DB:0D:31:EA,b3bb9015,544,2026-07-09T13:30:38.404000Z,1783603838404,103.88
session-1783603749411-du6syw,10:51:DB:0D:31:EA,b3bb9015,545,2026-07-09T13:30:38.494000Z,1783603838494,104.07
session-1783603749411-du6syw,10:51:DB:0D:31:EA,b3bb9015,546,2026-07-09T13:30:38.583000Z,1783603838583,103.9
session-1783603749411-du6syw,10:51:DB:0D:31:EA,b3bb9015,547,2026-07-09T13:30:38.734000Z,1783603838734,103.43
session-1783603749411-du6syw,10:51:DB:0D:31:EA,b3bb9015,548,2026-07-09T13:30:38.899000Z,1783603838899,89.47
session-1783603749411-du6syw,10:51:DB:0D:31:EA,b3bb9015,549,2026-07-09T13:30:38.943000Z,1783603838943,104.05
session-1783603749411-du6syw,10:51:DB:0D:31:EA,b3bb9015,550,2026-07-09T13:30:39.036000Z,1783603839036,104.07
session-1783603749411-du6syw,10:51:DB:0D:31:EA,b3bb9015,551,2026-07-09T13:30:39.260000Z,1783603839260,103.91
session-1783603749411-du6syw,10:51:DB:0D:31:EA,b3bb9015,552,2026-07-09T13:30:39.439000Z,1783603839439,104.09
session-1783603749411-du6syw,10:51:DB:0D:31:EA,b3bb9015,553,2026-07-09T13:30:39.665000Z,1783603839665,103.9
session-1783603749411-du6syw,10:51:DB:0D:31:EA,b3bb9015,554,2026-07-09T13:30:39.754000Z,1783603839754,90.64
session-1783603749411-du6syw,10:51:DB:0D:31:EA,b3bb9015,555,2026-07-09T13:30:39.845000Z,1783603839845,103.9
session-1783603749411-du6syw,10:51:DB:0D:31:EA,b3bb9015,556,2026-07-09T13:30:39.933000Z,1783603839933,103.9
session-1783603749411-du6syw,10:51:DB:0D:31:EA,b3bb9015,557,2026-07-09T13:30:40.023000Z,1783603840023,103.9
session-1783603749411-du6syw,10:51:DB:0D:31:EA,b3bb9015,558,2026-07-09T13:30:40.248000Z,1783603840248,103.91
session-1783603749411-du6syw,10:51:DB:0D:31:EA,b3bb9015,559,2026-07-09T13:30:40.339000Z,1783603840339,103.9
session-1783603749411-du6syw,10:51:DB:0D:31:EA,b3bb9015,560,2026-07-09T13:30:40.428000Z,1783603840428,103.88
session-1783603749411-du6syw,10:51:DB:0D:31:EA,b3bb9015,561,2026-07-09T13:30:40.518000Z,1783603840518,103.9
session-1783603749411-du6syw,10:51:DB:0D:31:EA,b3bb9015,562,2026-07-09T13:30:40.790000Z,1783603840790,103.9
session-1783603749411-du6syw,10:51:DB:0D:31:EA,b3bb9015,563,2026-07-09T13:30:40.971000Z,1783603840971,103.9
session-1783603749411-du6syw,10:51:DB:0D:31:EA,b3bb9015,564,2026-07-09T13:30:41.061000Z,1783603841061,103.9
session-1783603749411-du6syw,10:51:DB:0D:31:EA,b3bb9015,565,2026-07-09T13:30:41.285000Z,1783603841285,103.88
session-1783603749411-du6syw,10:51:DB:0D:31:EA,b3bb9015,566,2026-07-09T13:30:41.598000Z,1783603841598,103.88
session-1783603749411-du6syw,10:51:DB:0D:31:EA,b3bb9015,567,2026-07-09T13:30:41.824000Z,1783603841824,103.88
session-1783603749411-du6syw,10:51:DB:0D:31:EA,b3bb9015,568,2026-07-09T13:30:41.914000Z,1783603841914,103.83
session-1783603749411-du6syw,10:51:DB:0D:31:EA,b3bb9015,569,2026-07-09T13:30:42.004000Z,1783603842004,103.84
session-1783603749411-du6syw,10:51:DB:0D:31:EA,b3bb9015,570,2026-07-09T13:30:42.229000Z,1783603842229,103.84
session-1783603749411-du6syw,10:51:DB:0D:31:EA,b3bb9015,571,2026-07-09T13:30:42.318000Z,1783603842318,103.84
session-1783603749411-du6syw,10:51:DB:0D:31:EA,b3bb9015,572,2026-07-09T13:30:42.408000Z,1783603842408,103.88
session-1783603749411-du6syw,10:51:DB:0D:31:EA,b3bb9015,573,2026-07-09T13:30:42.497000Z,1783603842497,103.84
session-1783603749411-du6syw,10:51:DB:0D:31:EA,b3bb9015,574,2026-07-09T13:30:42.634000Z,1783603842634,103.88
session-1783603749411-du6syw,10:51:DB:0D:31:EA,b3bb9015,575,2026-07-09T13:30:42.725000Z,1783603842725,91.91
session-1783603749411-du6syw,10:51:DB:0D:31:EA,b3bb9015,576,2026-07-09T13:30:42.949000Z,1783603842949,103.79
session-1783603749411-du6syw,10:51:DB:0D:31:EA,b3bb9015,577,2026-07-09T13:30:43.175000Z,1783603843175,103.84
session-1783603749411-du6syw,10:51:DB:0D:31:EA,b3bb9015,578,2026-07-09T13:30:43.266000Z,1783603843266,89.45
session-1783603749411-du6syw,10:51:DB:0D:31:EA,b3bb9015,579,2026-07-09T13:30:43.444000Z,1783603843444,103.83
session-1783603749411-du6syw,10:51:DB:0D:31:EA,b3bb9015,580,2026-07-09T13:30:43.672000Z,1783603843672,103.83
session-1783603749411-du6syw,10:51:DB:0D:31:EA,b3bb9015,581,2026-07-09T13:30:44.255000Z,1783603844255,103.86
session-1783603749411-du6syw,10:51:DB:0D:31:EA,b3bb9015,582,2026-07-09T13:30:44.345000Z,1783603844345,103.83
session-1783603749411-du6syw,10:51:DB:0D:31:EA,b3bb9015,583,2026-07-09T13:30:44.658000Z,1783603844658,103.83
session-1783603749411-du6syw,10:51:DB:0D:31:EA,b3bb9015,584,2026-07-09T13:30:44.901000Z,1783603844901,104.3
session-1783603749411-du6syw,10:51:DB:0D:31:EA,b3bb9015,585,2026-07-09T13:30:45.199000Z,1783603845199,104.25
session-1783603749411-du6syw,10:51:DB:0D:31:EA,b3bb9015,586,2026-07-09T13:30:45.289000Z,1783603845289,104.28
session-1783603749411-du6syw,10:51:DB:0D:31:EA,b3bb9015,587,2026-07-09T13:30:45.379000Z,1783603845379,104.28
session-1783603749411-du6syw,10:51:DB:0D:31:EA,b3bb9015,588,2026-07-09T13:30:45.468000Z,1783603845468,104.26
session-1783603749411-du6syw,10:51:DB:0D:31:EA,b3bb9015,589,2026-07-09T13:30:45.561000Z,1783603845561,104.53
session-1783603749411-du6syw,10:51:DB:0D:31:EA,b3bb9015,590,2026-07-09T13:30:45.785000Z,1783603845785,104.26
session-1783603749411-du6syw,10:51:DB:0D:31:EA,b3bb9015,591,2026-07-09T13:30:45.965000Z,1783603845965,105.14
session-1783603749411-du6syw,10:51:DB:0D:31:EA,b3bb9015,592,2026-07-09T13:30:46.190000Z,1783603846190,104.7
session-1783603749411-du6syw,10:51:DB:0D:31:EA,b3bb9015,593,2026-07-09T13:30:46.279000Z,1783603846279,104.28
session-1783603749411-du6syw,10:51:DB:0D:31:EA,b3bb9015,594,2026-07-09T13:30:46.504000Z,1783603846504,104.26
session-1783603749411-du6syw,10:51:DB:0D:31:EA,b3bb9015,595,2026-07-09T13:30:46.594000Z,1783603846594,88.37
session-1783603749411-du6syw,10:51:DB:0D:31:EA,b3bb9015,596,2026-07-09T13:30:46.684000Z,1783603846684,104.68
session-1783603749411-du6syw,10:51:DB:0D:31:EA,b3bb9015,597,2026-07-09T13:30:46.820000Z,1783603846820,105.15
session-1783603749411-du6syw,10:51:DB:0D:31:EA,b3bb9015,598,2026-07-09T13:30:46.909000Z,1783603846909,105.85
session-1783603749411-du6syw,10:51:DB:0D:31:EA,b3bb9015,599,2026-07-09T13:30:47.060000Z,1783603847060,104.37
session-1783603749411-du6syw,10:51:DB:0D:31:EA,b3bb9015,600,2026-07-09T13:30:47.134000Z,1783603847134,104.54
session-1783603749411-du6syw,10:51:DB:0D:31:EA,b3bb9015,601,2026-07-09T13:30:47.225000Z,1783603847225,104.54
session-1783603749411-du6syw,10:51:DB:0D:31:EA,b3bb9015,602,2026-07-09T13:30:47.315000Z,1783603847315,104.82
session-1783603749411-du6syw,10:51:DB:0D:31:EA,b3bb9015,603,2026-07-09T13:30:47.466000Z,1783603847466,105.0
session-1783603749411-du6syw,10:51:DB:0D:31:EA,b3bb9015,604,2026-07-09T13:30:47.538000Z,1783603847538,105.0
session-1783603749411-du6syw,10:51:DB:0D:31:EA,b3bb9015,605,2026-07-09T13:30:47.718000Z,1783603847718,105.14
session-1783603749411-du6syw,10:51:DB:0D:31:EA,b3bb9015,606,2026-07-09T13:30:47.958000Z,1783603847958,105.15
session-1783603749411-du6syw,10:51:DB:0D:31:EA,b3bb9015,607,2026-07-09T13:30:48.035000Z,1783603848035,104.75
session-1783603749411-du6syw,10:51:DB:0D:31:EA,b3bb9015,608,2026-07-09T13:30:48.124000Z,1783603848124,105.14
session-1783603749411-du6syw,10:51:DB:0D:31:EA,b3bb9015,609,2026-07-09T13:30:48.213000Z,1783603848213,104.75
session-1783603749411-du6syw,10:51:DB:0D:31:EA,b3bb9015,610,2026-07-09T13:30:48.303000Z,1783603848303,104.73
session-1783603749411-du6syw,10:51:DB:0D:31:EA,b3bb9015,611,2026-07-09T13:30:48.438000Z,1783603848438,104.75
session-1783603749411-du6syw,10:51:DB:0D:31:EA,b3bb9015,612,2026-07-09T13:30:48.588000Z,1783603848588,104.72
session-1783603749411-du6syw,10:51:DB:0D:31:EA,b3bb9015,613,2026-07-09T13:30:48.711000Z,1783603848711,105.14
session-1783603749411-du6syw,10:51:DB:0D:31:EA,b3bb9015,614,2026-07-09T13:30:48.980000Z,1783603848980,104.72
session-1783603749411-du6syw,10:51:DB:0D:31:EA,b3bb9015,615,2026-07-09T13:30:49.068000Z,1783603849068,104.42
session-1783603749411-du6syw,10:51:DB:0D:31:EA,b3bb9015,616,2026-07-09T13:30:49.203000Z,1783603849203,104.73
session-1783603749411-du6syw,10:51:DB:0D:31:EA,b3bb9015,617,2026-07-09T13:30:49.293000Z,1783603849293,104.75
session-1783603749411-du6syw,10:51:DB:0D:31:EA,b3bb9015,618,2026-07-09T13:30:49.382000Z,1783603849382,104.11
session-1783603749411-du6syw,10:51:DB:0D:31:EA,b3bb9015,619,2026-07-09T13:30:49.518000Z,1783603849518,103.65
session-1783603749411-du6syw,10:51:DB:0D:31:EA,b3bb9015,620,2026-07-09T13:30:49.654000Z,1783603849654,103.84
session-1783603749411-du6syw,10:51:DB:0D:31:EA,b3bb9015,621,2026-07-09T13:30:49.972000Z,1783603849972,103.84
session-1783603749411-du6syw,10:51:DB:0D:31:EA,b3bb9015,622,2026-07-09T13:30:50.059000Z,1783603850059,103.86
session-1783603749411-du6syw,10:51:DB:0D:31:EA,b3bb9015,623,2026-07-09T13:30:50.150000Z,1783603850150,103.65
session-1783603749411-du6syw,10:51:DB:0D:31:EA,b3bb9015,624,2026-07-09T13:30:50.375000Z,1783603850375,104.28
session-1783603749411-du6syw,10:51:DB:0D:31:EA,b3bb9015,625,2026-07-09T13:30:50.466000Z,1783603850466,104.3
session-1783603749411-du6syw,10:51:DB:0D:31:EA,b3bb9015,626,2026-07-09T13:30:50.555000Z,1783603850555,104.25
session-1783603749411-du6syw,10:51:DB:0D:31:EA,b3bb9015,627,2026-07-09T13:30:50.644000Z,1783603850644,104.3
session-1783603749411-du6syw,10:51:DB:0D:31:EA,b3bb9015,628,2026-07-09T13:30:50.795000Z,1783603850795,103.65
session-1783603749411-du6syw,10:51:DB:0D:31:EA,b3bb9015,629,2026-07-09T13:30:50.871000Z,1783603850871,104.11
session-1783603749411-du6syw,10:51:DB:0D:31:EA,b3bb9015,630,2026-07-09T13:30:51.022000Z,1783603851022,104.11
session-1783603749411-du6syw,10:51:DB:0D:31:EA,b3bb9015,631,2026-07-09T13:30:51.186000Z,1783603851186,104.28
session-1783603749411-du6syw,10:51:DB:0D:31:EA,b3bb9015,632,2026-07-09T13:30:51.319000Z,1783603851319,104.05
session-1783603749411-du6syw,10:51:DB:0D:31:EA,b3bb9015,633,2026-07-09T13:30:51.499000Z,1783603851499,103.69
session-1783603749411-du6syw,10:51:DB:0D:31:EA,b3bb9015,634,2026-07-09T13:30:51.726000Z,1783603851726,104.28
session-1783603749411-du6syw,10:51:DB:0D:31:EA,b3bb9015,635,2026-07-09T13:30:51.906000Z,1783603851906,103.93
session-1783603749411-du6syw,10:51:DB:0D:31:EA,b3bb9015,636,2026-07-09T13:30:51.994000Z,1783603851994,103.88
session-1783603749411-du6syw,10:51:DB:0D:31:EA,b3bb9015,637,2026-07-09T13:30:52.085000Z,1783603852085,103.9
session-1783603749411-du6syw,10:51:DB:0D:31:EA,b3bb9015,638,2026-07-09T13:30:52.220000Z,1783603852220,103.9
session-1783603749411-du6syw,10:51:DB:0D:31:EA,b3bb9015,639,2026-07-09T13:30:52.354000Z,1783603852354,103.93
session-1783603749411-du6syw,10:51:DB:0D:31:EA,b3bb9015,640,2026-07-09T13:30:52.597000Z,1783603852597,103.9
session-1783603749411-du6syw,10:51:DB:0D:31:EA,b3bb9015,641,2026-07-09T13:30:52.759000Z,1783603852759,103.86
session-1783603749411-du6syw,10:51:DB:0D:31:EA,b3bb9015,642,2026-07-09T13:30:52.766000Z,1783603852766,103.91
session-1783603749411-du6syw,10:51:DB:0D:31:EA,b3bb9015,643,2026-07-09T13:30:52.849000Z,1783603852849,104.07
session-1783603749411-du6syw,10:51:DB:0D:31:EA,b3bb9015,644,2026-07-09T13:30:53.165000Z,1783603853165,103.9
session-1783603749411-du6syw,10:51:DB:0D:31:EA,b3bb9015,645,2026-07-09T13:30:53.300000Z,1783603853300,104.05
session-1783603749411-du6syw,10:51:DB:0D:31:EA,b3bb9015,646,2026-07-09T13:30:53.390000Z,1783603853390,104.07
session-1783603749411-du6syw,10:51:DB:0D:31:EA,b3bb9015,647,2026-07-09T13:30:53.524000Z,1783603853524,104.05
session-1783603749411-du6syw,10:51:DB:0D:31:EA,b3bb9015,648,2026-07-09T13:30:53.677000Z,1783603853677,104.07
session-1783603749411-du6syw,10:51:DB:0D:31:EA,b3bb9015,649,2026-07-09T13:30:53.750000Z,1783603853750,103.72
session-1783603749411-du6syw,10:51:DB:0D:31:EA,b3bb9015,650,2026-07-09T13:30:53.974000Z,1783603853974,103.74
session-1783603749411-du6syw,10:51:DB:0D:31:EA,b3bb9015,651,2026-07-09T13:30:54.110000Z,1783603854110,104.35
session-1783603749411-du6syw,10:51:DB:0D:31:EA,b3bb9015,652,2026-07-09T13:30:54.155000Z,1783603854155,86.81
session-1783603749411-du6syw,10:51:DB:0D:31:EA,b3bb9015,653,2026-07-09T13:30:54.290000Z,1783603854290,103.74
session-1783603749411-du6syw,10:51:DB:0D:31:EA,b3bb9015,654,2026-07-09T13:30:54.334000Z,1783603854334,104.04
session-1783603749411-du6syw,10:51:DB:0D:31:EA,b3bb9015,655,2026-07-09T13:30:54.424000Z,1783603854424,104.02
session-1783603749411-du6syw,10:51:DB:0D:31:EA,b3bb9015,656,2026-07-09T13:30:54.575000Z,1783603854575,103.9
session-1783603749411-du6syw,10:51:DB:0D:31:EA,b3bb9015,657,2026-07-09T13:30:54.694000Z,1783603854694,104.05
session-1783603749411-du6syw,10:51:DB:0D:31:EA,b3bb9015,658,2026-07-09T13:30:54.738000Z,1783603854738,103.91
session-1783603749411-du6syw,10:51:DB:0D:31:EA,b3bb9015,659,2026-07-09T13:30:54.875000Z,1783603854875,104.47
session-1783603749411-du6syw,10:51:DB:0D:31:EA,b3bb9015,660,2026-07-09T13:30:54.922000Z,1783603854922,103.9
session-1783603749411-du6syw,10:51:DB:0D:31:EA,b3bb9015,661,2026-07-09T13:30:55.190000Z,1783603855190,103.84
session-1783603749411-du6syw,10:51:DB:0D:31:EA,b3bb9015,662,2026-07-09T13:30:55.280000Z,1783603855280,104.35
session-1783603749411-du6syw,10:51:DB:0D:31:EA,b3bb9015,663,2026-07-09T13:30:55.430000Z,1783603855430,104.04
session-1783603749411-du6syw,10:51:DB:0D:31:EA,b3bb9015,664,2026-07-09T13:30:55.470000Z,1783603855470,104.09
session-1783603749411-du6syw,10:51:DB:0D:31:EA,b3bb9015,665,2026-07-09T13:30:55.611000Z,1783603855611,86.41
session-1783603749411-du6syw,10:51:DB:0D:31:EA,b3bb9015,666,2026-07-09T13:30:55.684000Z,1783603855684,103.86
session-1783603749411-du6syw,10:51:DB:0D:31:EA,b3bb9015,667,2026-07-09T13:30:55.835000Z,1783603855835,104.05
session-1783603749411-du6syw,10:51:DB:0D:31:EA,b3bb9015,668,2026-07-09T13:30:55.882000Z,1783603855882,104.05
session-1783603749411-du6syw,10:51:DB:0D:31:EA,b3bb9015,669,2026-07-09T13:30:56.001000Z,1783603856001,103.91
session-1783603749411-du6syw,10:51:DB:0D:31:EA,b3bb9015,670,2026-07-09T13:30:56.088000Z,1783603856088,104.05
session-1783603749411-du6syw,10:51:DB:0D:31:EA,b3bb9015,671,2026-07-09T13:30:56.180000Z,1783603856180,104.05
session-1783603749411-du6syw,10:51:DB:0D:31:EA,b3bb9015,672,2026-07-09T13:30:56.449000Z,1783603856449,103.91
session-1783603749411-du6syw,10:51:DB:0D:31:EA,b3bb9015,673,2026-07-09T13:30:56.494000Z,1783603856494,86.38
session-1783603749411-du6syw,10:51:DB:0D:31:EA,b3bb9015,674,2026-07-09T13:30:56.585000Z,1783603856585,104.05
session-1783603749411-du6syw,10:51:DB:0D:31:EA,b3bb9015,675,2026-07-09T13:30:56.766000Z,1783603856766,103.93
session-1783603749411-du6syw,10:51:DB:0D:31:EA,b3bb9015,676,2026-07-09T13:30:56.902000Z,1783603856902,104.05
session-1783603749411-du6syw,10:51:DB:0D:31:EA,b3bb9015,677,2026-07-09T13:30:56.990000Z,1783603856990,104.05
session-1783603749411-du6syw,10:51:DB:0D:31:EA,b3bb9015,678,2026-07-09T13:30:57.307000Z,1783603857307,104.09
session-1783603749411-du6syw,10:51:DB:0D:31:EA,b3bb9015,679,2026-07-09T13:30:57.441000Z,1783603857441,104.04
session-1783603749411-du6syw,10:51:DB:0D:31:EA,b3bb9015,680,2026-07-09T13:30:57.529000Z,1783603857529,102.71
session-1783603749411-du6syw,10:51:DB:0D:31:EA,b3bb9015,681,2026-07-09T13:30:57.618000Z,1783603857618,104.05
session-1783603749411-du6syw,10:51:DB:0D:31:EA,b3bb9015,682,2026-07-09T13:30:57.707000Z,1783603857707,103.88
session-1783603749411-du6syw,10:51:DB:0D:31:EA,b3bb9015,683,2026-07-09T13:30:57.976000Z,1783603857976,85.75
session-1783603749411-du6syw,10:51:DB:0D:31:EA,b3bb9015,684,2026-07-09T13:30:58.021000Z,1783603858021,103.84
session-1783603749411-du6syw,10:51:DB:0D:31:EA,b3bb9015,685,2026-07-09T13:30:58.143000Z,1783603858143,104.05
session-1783603749411-du6syw,10:51:DB:0D:31:EA,b3bb9015,686,2026-07-09T13:30:58.236000Z,1783603858236,103.9
session-1783603749411-du6syw,10:51:DB:0D:31:EA,b3bb9015,687,2026-07-09T13:30:58.338000Z,1783603858338,103.9
session-1783603749411-du6syw,10:51:DB:0D:31:EA,b3bb9015,688,2026-07-09T13:30:58.429000Z,1783603858429,103.01
session-1783603749411-du6syw,10:51:DB:0D:31:EA,b3bb9015,689,2026-07-09T13:30:58.524000Z,1783603858524,103.86
session-1783603749411-du6syw,10:51:DB:0D:31:EA,b3bb9015,690,2026-07-09T13:30:58.609000Z,1783603858609,103.86
session-1783603749411-du6syw,10:51:DB:0D:31:EA,b3bb9015,691,2026-07-09T13:30:58.877000Z,1783603858877,85.63
session-1783603749411-du6syw,10:51:DB:0D:31:EA,b3bb9015,692,2026-07-09T13:30:59.011000Z,1783603859011,103.84
session-1783603749411-du6syw,10:51:DB:0D:31:EA,b3bb9015,693,2026-07-09T13:30:59.373000Z,1783603859373,85.12
session-1783603749411-du6syw,10:51:DB:0D:31:EA,b3bb9015,694,2026-07-09T13:30:59.464000Z,1783603859464,103.84
session-1783603749411-du6syw,10:51:DB:0D:31:EA,b3bb9015,695,2026-07-09T13:30:59.553000Z,1783603859553,103.84
session-1783603749411-du6syw,10:51:DB:0D:31:EA,b3bb9015,696,2026-07-09T13:30:59.777000Z,1783603859777,103.91
session-1783603749411-du6syw,10:51:DB:0D:31:EA,b3bb9015,697,2026-07-09T13:30:59.867000Z,1783603859867,103.48
session-1783603749411-du6syw,10:51:DB:0D:31:EA,b3bb9015,698,2026-07-09T13:30:59.958000Z,1783603859958,104.26
session-1783603749411-du6syw,10:51:DB:0D:31:EA,b3bb9015,699,2026-07-09T13:31:00.183000Z,1783603860183,103.86
session-1783603749411-du6syw,10:51:DB:0D:31:EA,b3bb9015,700,2026-07-09T13:31:00.273000Z,1783603860273,104.09
session-1783603749411-du6syw,10:51:DB:0D:31:EA,b3bb9015,701,2026-07-09T13:31:00.364000Z,1783603860364,104.12
session-1783603749411-du6syw,10:51:DB:0D:31:EA,b3bb9015,702,2026-07-09T13:31:00.543000Z,1783603860543,104.3
session-1783603749411-du6syw,10:51:DB:0D:31:EA,b3bb9015,703,2026-07-09T13:31:00.677000Z,1783603860677,104.35
session-1783603749411-du6syw,10:51:DB:0D:31:EA,b3bb9015,704,2026-07-09T13:31:00.767000Z,1783603860767,103.5
session-1783603749411-du6syw,10:51:DB:0D:31:EA,b3bb9015,705,2026-07-09T13:31:00.857000Z,1783603860857,103.91
session-1783603749411-du6syw,10:51:DB:0D:31:EA,b3bb9015,706,2026-07-09T13:31:00.948000Z,1783603860948,104.51
session-1783603749411-du6syw,10:51:DB:0D:31:EA,b3bb9015,707,2026-07-09T13:31:01.083000Z,1783603861083,103.88
session-1783603749411-du6syw,10:51:DB:0D:31:EA,b3bb9015,708,2026-07-09T13:31:01.219000Z,1783603861219,84.65
session-1783603749411-du6syw,10:51:DB:0D:31:EA,b3bb9015,709,2026-07-09T13:31:01.308000Z,1783603861308,103.43
session-1783603749411-du6syw,10:51:DB:0D:31:EA,b3bb9015,710,2026-07-09T13:31:01.487000Z,1783603861487,104.49
session-1783603749411-du6syw,10:51:DB:0D:31:EA,b3bb9015,711,2026-07-09T13:31:01.622000Z,1783603861622,104.47
session-1783603749411-du6syw,10:51:DB:0D:31:EA,b3bb9015,712,2026-07-09T13:31:01.714000Z,1783603861714,84.82
session-1783603749411-du6syw,10:51:DB:0D:31:EA,b3bb9015,713,2026-07-09T13:31:01.804000Z,1783603861804,104.3
session-1783603749411-du6syw,10:51:DB:0D:31:EA,b3bb9015,714,2026-07-09T13:31:01.893000Z,1783603861893,104.18
session-1783603749411-du6syw,10:51:DB:0D:31:EA,b3bb9015,715,2026-07-09T13:31:01.982000Z,1783603861982,104.14
session-1783603749411-du6syw,10:51:DB:0D:31:EA,b3bb9015,716,2026-07-09T13:31:02.387000Z,1783603862387,104.26
session-1783603749411-du6syw,10:51:DB:0D:31:EA,b3bb9015,717,2026-07-09T13:31:02.477000Z,1783603862477,104.3
session-1783603749411-du6syw,10:51:DB:0D:31:EA,b3bb9015,718,2026-07-09T13:31:02.702000Z,1783603862702,104.3
session-1783603749411-du6syw,10:51:DB:0D:31:EA,b3bb9015,719,2026-07-09T13:31:02.792000Z,1783603862792,104.25
session-1783603749411-du6syw,10:51:DB:0D:31:EA,b3bb9015,720,2026-07-09T13:31:02.883000Z,1783603862883,104.26
session-1783603749411-du6syw,10:51:DB:0D:31:EA,b3bb9015,721,2026-07-09T13:31:03.109000Z,1783603863109,104.3
session-1783603749411-du6syw,10:51:DB:0D:31:EA,b3bb9015,722,2026-07-09T13:31:03.260000Z,1783603863260,104.28
session-1783603749411-du6syw,10:51:DB:0D:31:EA,b3bb9015,723,2026-07-09T13:31:03.332000Z,1783603863332,104.25
session-1783603749411-du6syw,10:51:DB:0D:31:EA,b3bb9015,724,2026-07-09T13:31:03.425000Z,1783603863425,104.3
session-1783603749411-du6syw,10:51:DB:0D:31:EA,b3bb9015,725,2026-07-09T13:31:03.560000Z,1783603863560,104.28
session-1783603749411-du6syw,10:51:DB:0D:31:EA,b3bb9015,726,2026-07-09T13:31:03.648000Z,1783603863648,104.3
session-1783603749411-du6syw,10:51:DB:0D:31:EA,b3bb9015,727,2026-07-09T13:31:03.739000Z,1783603863739,104.3
session-1783603749411-du6syw,10:51:DB:0D:31:EA,b3bb9015,728,2026-07-09T13:31:03.829000Z,1783603863829,104.3
session-1783603749411-du6syw,10:51:DB:0D:31:EA,b3bb9015,729,2026-07-09T13:31:03.921000Z,1783603863921,104.14
session-1783603749411-du6syw,10:51:DB:0D:31:EA,b3bb9015,730,2026-07-09T13:31:04.144000Z,1783603864144,104.25
session-1783603749411-du6syw,10:51:DB:0D:31:EA,b3bb9015,731,2026-07-09T13:31:04.235000Z,1783603864235,104.3
session-1783603749411-du6syw,10:51:DB:0D:31:EA,b3bb9015,732,2026-07-09T13:31:04.461000Z,1783603864461,104.3
session-1783603749411-du6syw,10:51:DB:0D:31:EA,b3bb9015,733,2026-07-09T13:31:04.550000Z,1783603864550,104.25
session-1783603749411-du6syw,10:51:DB:0D:31:EA,b3bb9015,734,2026-07-09T13:31:04.640000Z,1783603864640,104.26
session-1783603749411-du6syw,10:51:DB:0D:31:EA,b3bb9015,735,2026-07-09T13:31:04.953000Z,1783603864953,83.74
session-1783603749411-du6syw,10:51:DB:0D:31:EA,b3bb9015,736,2026-07-09T13:31:05.134000Z,1783603865134,104.3
session-1783603749411-du6syw,10:51:DB:0D:31:EA,b3bb9015,737,2026-07-09T13:31:05.405000Z,1783603865405,104.3
session-1783603749411-du6syw,10:51:DB:0D:31:EA,b3bb9015,738,2026-07-09T13:31:05.495000Z,1783603865495,83.53
session-1783603749411-du6syw,10:51:DB:0D:31:EA,b3bb9015,739,2026-07-09T13:31:05.585000Z,1783603865585,104.28
session-1783603749411-du6syw,10:51:DB:0D:31:EA,b3bb9015,740,2026-07-09T13:31:05.899000Z,1783603865899,104.25
session-1783603749411-du6syw,10:51:DB:0D:31:EA,b3bb9015,741,2026-07-09T13:31:05.990000Z,1783603865990,104.3
session-1783603749411-du6syw,10:51:DB:0D:31:EA,b3bb9015,742,2026-07-09T13:31:06.485000Z,1783603866485,104.32
session-1783603749411-du6syw,10:51:DB:0D:31:EA,b3bb9015,743,2026-07-09T13:31:06.574000Z,1783603866574,104.49
session-1783603749411-du6syw,10:51:DB:0D:31:EA,b3bb9015,744,2026-07-09T13:31:06.667000Z,1783603866667,104.3
session-1783603749411-du6syw,10:51:DB:0D:31:EA,b3bb9015,745,2026-07-09T13:31:06.799000Z,1783603866799,104.18
session-1783603749411-du6syw,10:51:DB:0D:31:EA,b3bb9015,746,2026-07-09T13:31:06.980000Z,1783603866980,104.3
session-1783603749411-du6syw,10:51:DB:0D:31:EA,b3bb9015,747,2026-07-09T13:31:07.070000Z,1783603867070,104.18
session-1783603749411-du6syw,10:51:DB:0D:31:EA,b3bb9015,748,2026-07-09T13:31:07.341000Z,1783603867341,83.11
session-1783603749411-du6syw,10:51:DB:0D:31:EA,b3bb9015,749,2026-07-09T13:31:07.432000Z,1783603867432,103.41
session-1783603749411-du6syw,10:51:DB:0D:31:EA,b3bb9015,750,2026-07-09T13:31:07.522000Z,1783603867522,104.33
session-1783603749411-du6syw,10:51:DB:0D:31:EA,b3bb9015,751,2026-07-09T13:31:07.610000Z,1783603867610,104.35
session-1783603749411-du6syw,10:51:DB:0D:31:EA,b3bb9015,752,2026-07-09T13:31:07.760000Z,1783603867760,103.88
session-1783603749411-du6syw,10:51:DB:0D:31:EA,b3bb9015,753,2026-07-09T13:31:07.880000Z,1783603867880,82.89
session-1783603749411-du6syw,10:51:DB:0D:31:EA,b3bb9015,754,2026-07-09T13:31:07.926000Z,1783603867926,104.14
session-1783603749411-du6syw,10:51:DB:0D:31:EA,b3bb9015,755,2026-07-09T13:31:08.105000Z,1783603868105,104.33
session-1783603749411-du6syw,10:51:DB:0D:31:EA,b3bb9015,756,2026-07-09T13:31:08.330000Z,1783603868330,104.35
session-1783603749411-du6syw,10:51:DB:0D:31:EA,b3bb9015,757,2026-07-09T13:31:08.421000Z,1783603868421,103.9
session-1783603749411-du6syw,10:51:DB:0D:31:EA,b3bb9015,758,2026-07-09T13:31:08.511000Z,1783603868511,104.35
session-1783603749411-du6syw,10:51:DB:0D:31:EA,b3bb9015,759,2026-07-09T13:31:08.662000Z,1783603868662,104.35
session-1783603749411-du6syw,10:51:DB:0D:31:EA,b3bb9015,760,2026-07-09T13:31:08.734000Z,1783603868734,82.71
session-1783603749411-du6syw,10:51:DB:0D:31:EA,b3bb9015,761,2026-07-09T13:31:08.915000Z,1783603868915,104.32
session-1783603749411-du6syw,10:51:DB:0D:31:EA,b3bb9015,762,2026-07-09T13:31:09.005000Z,1783603869005,104.35
session-1783603749411-du6syw,10:51:DB:0D:31:EA,b3bb9015,763,2026-07-09T13:31:09.141000Z,1783603869141,104.49
session-1783603749411-du6syw,10:51:DB:0D:31:EA,b3bb9015,764,2026-07-09T13:31:09.230000Z,1783603869230,104.47
session-1783603749411-du6syw,10:51:DB:0D:31:EA,b3bb9015,765,2026-07-09T13:31:09.366000Z,1783603869366,104.47
session-1783603749411-du6syw,10:51:DB:0D:31:EA,b3bb9015,766,2026-07-09T13:31:09.455000Z,1783603869455,104.28
session-1783603749411-du6syw,10:51:DB:0D:31:EA,b3bb9015,767,2026-07-09T13:31:09.680000Z,1783603869680,104.51
session-1783603749411-du6syw,10:51:DB:0D:31:EA,b3bb9015,768,2026-07-09T13:31:09.770000Z,1783603869770,104.04
session-1783603749411-du6syw,10:51:DB:0D:31:EA,b3bb9015,769,2026-07-09T13:31:09.860000Z,1783603869860,104.32
session-1783603749411-du6syw,10:51:DB:0D:31:EA,b3bb9015,770,2026-07-09T13:31:10.086000Z,1783603870086,104.18
session-1783603749411-du6syw,10:51:DB:0D:31:EA,b3bb9015,771,2026-07-09T13:31:10.176000Z,1783603870176,104.35
session-1783603749411-du6syw,10:51:DB:0D:31:EA,b3bb9015,772,2026-07-09T13:31:10.266000Z,1783603870266,104.35
session-1783603749411-du6syw,10:51:DB:0D:31:EA,b3bb9015,773,2026-07-09T13:31:10.354000Z,1783603870354,104.35
session-1783603749411-du6syw,10:51:DB:0D:31:EA,b3bb9015,774,2026-07-09T13:31:10.489000Z,1783603870489,104.35
session-1783603749411-du6syw,10:51:DB:0D:31:EA,b3bb9015,775,2026-07-09T13:31:10.850000Z,1783603870850,104.49
session-1783603749411-du6syw,10:51:DB:0D:31:EA,b3bb9015,776,2026-07-09T13:31:10.986000Z,1783603870986,104.47
session-1783603749411-du6syw,10:51:DB:0D:31:EA,b3bb9015,777,2026-07-09T13:31:11.076000Z,1783603871076,82.47
session-1783603749411-du6syw,10:51:DB:0D:31:EA,b3bb9015,778,2026-07-09T13:31:11.255000Z,1783603871255,104.32
session-1783603749411-du6syw,10:51:DB:0D:31:EA,b3bb9015,779,2026-07-09T13:31:11.527000Z,1783603871527,104.47
session-1783603749411-du6syw,10:51:DB:0D:31:EA,b3bb9015,780,2026-07-09T13:31:11.614000Z,1783603871614,82.01
session-1783603749411-du6syw,10:51:DB:0D:31:EA,b3bb9015,781,2026-07-09T13:31:11.705000Z,1783603871705,104.51
session-1783603749411-du6syw,10:51:DB:0D:31:EA,b3bb9015,782,2026-07-09T13:31:11.795000Z,1783603871795,104.47
session-1783603749411-du6syw,10:51:DB:0D:31:EA,b3bb9015,783,2026-07-09T13:31:11.887000Z,1783603871887,104.47
session-1783603749411-du6syw,10:51:DB:0D:31:EA,b3bb9015,784,2026-07-09T13:31:12.019000Z,1783603872019,104.47
session-1783603749411-du6syw,10:51:DB:0D:31:EA,b3bb9015,785,2026-07-09T13:31:12.109000Z,1783603872109,104.33
session-1783603749411-du6syw,10:51:DB:0D:31:EA,b3bb9015,786,2026-07-09T13:31:12.199000Z,1783603872199,104.51
session-1783603749411-du6syw,10:51:DB:0D:31:EA,b3bb9015,787,2026-07-09T13:31:12.295000Z,1783603872295,104.05
session-1783603749411-du6syw,10:51:DB:0D:31:EA,b3bb9015,788,2026-07-09T13:31:12.560000Z,1783603872560,81.82
session-1783603749411-du6syw,10:51:DB:0D:31:EA,b3bb9015,789,2026-07-09T13:31:12.605000Z,1783603872605,104.47
session-1783603749411-du6syw,10:51:DB:0D:31:EA,b3bb9015,790,2026-07-09T13:31:12.696000Z,1783603872696,104.33
session-1783603749411-du6syw,10:51:DB:0D:31:EA,b3bb9015,791,2026-07-09T13:31:13.325000Z,1783603873325,104.49
session-1783603749411-du6syw,10:51:DB:0D:31:EA,b3bb9015,792,2026-07-09T13:31:13.459000Z,1783603873459,82.24
session-1783603749411-du6syw,10:51:DB:0D:31:EA,b3bb9015,793,2026-07-09T13:31:13.551000Z,1783603873551,104.47
session-1783603749411-du6syw,10:51:DB:0D:31:EA,b3bb9015,794,2026-07-09T13:31:13.640000Z,1783603873640,104.47
session-1783603749411-du6syw,10:51:DB:0D:31:EA,b3bb9015,795,2026-07-09T13:31:13.730000Z,1783603873730,104.47
session-1783603749411-du6syw,10:51:DB:0D:31:EA,b3bb9015,796,2026-07-09T13:31:13.818000Z,1783603873818,104.47
session-1783603749411-du6syw,10:51:DB:0D:31:EA,b3bb9015,797,2026-07-09T13:31:14.045000Z,1783603874045,104.47
session-1783603749411-du6syw,10:51:DB:0D:31:EA,b3bb9015,798,2026-07-09T13:31:14.136000Z,1783603874136,104.32
session-1783603749411-du6syw,10:51:DB:0D:31:EA,b3bb9015,799,2026-07-09T13:31:14.361000Z,1783603874361,104.35
session-1783603749411-du6syw,10:51:DB:0D:31:EA,b3bb9015,800,2026-07-09T13:31:14.449000Z,1783603874449,104.35
session-1783603749411-du6syw,10:51:DB:0D:31:EA,b3bb9015,801,2026-07-09T13:31:14.538000Z,1783603874538,104.35
session-1783603749411-du6syw,10:51:DB:0D:31:EA,b3bb9015,802,2026-07-09T13:31:14.629000Z,1783603874629,104.33
session-1783603749411-du6syw,10:51:DB:0D:31:EA,b3bb9015,803,2026-07-09T13:31:14.855000Z,1783603874855,81.39
session-1783603749411-du6syw,10:51:DB:0D:31:EA,b3bb9015,804,2026-07-09T13:31:15.034000Z,1783603875034,104.3
session-1783603749411-du6syw,10:51:DB:0D:31:EA,b3bb9015,805,2026-07-09T13:31:15.259000Z,1783603875259,104.51
session-1783603749411-du6syw,10:51:DB:0D:31:EA,b3bb9015,806,2026-07-09T13:31:15.349000Z,1783603875349,104.47
session-1783603749411-du6syw,10:51:DB:0D:31:EA,b3bb9015,807,2026-07-09T13:31:15.499000Z,1783603875499,104.49
session-1783603749411-du6syw,10:51:DB:0D:31:EA,b3bb9015,808,2026-07-09T13:31:15.753000Z,1783603875753,104.35
session-1783603749411-du6syw,10:51:DB:0D:31:EA,b3bb9015,809,2026-07-09T13:31:15.845000Z,1783603875845,104.35
session-1783603749411-du6syw,10:51:DB:0D:31:EA,b3bb9015,810,2026-07-09T13:31:15.933000Z,1783603875933,103.9
session-1783603749411-du6syw,10:51:DB:0D:31:EA,b3bb9015,811,2026-07-09T13:31:16.070000Z,1783603876070,104.18
session-1783603749411-du6syw,10:51:DB:0D:31:EA,b3bb9015,812,2026-07-09T13:31:16.249000Z,1783603876249,104.49
session-1783603749411-du6syw,10:51:DB:0D:31:EA,b3bb9015,813,2026-07-09T13:31:16.340000Z,1783603876340,104.47
session-1783603749411-du6syw,10:51:DB:0D:31:EA,b3bb9015,814,2026-07-09T13:31:16.475000Z,1783603876475,104.47
session-1783603749411-du6syw,10:51:DB:0D:31:EA,b3bb9015,815,2026-07-09T13:31:16.565000Z,1783603876565,104.46
session-1783603749411-du6syw,10:51:DB:0D:31:EA,b3bb9015,816,2026-07-09T13:31:16.790000Z,1783603876790,104.32
session-1783603749411-du6syw,10:51:DB:0D:31:EA,b3bb9015,817,2026-07-09T13:31:17.375000Z,1783603877375,104.47
session-1783603749411-du6syw,10:51:DB:0D:31:EA,b3bb9015,818,2026-07-09T13:31:17.511000Z,1783603877511,104.32
session-1783603749411-du6syw,10:51:DB:0D:31:EA,b3bb9015,819,2026-07-09T13:31:17.733000Z,1783603877733,104.19
session-1783603749411-du6syw,10:51:DB:0D:31:EA,b3bb9015,820,2026-07-09T13:31:18.137000Z,1783603878137,104.3
session-1783603749411-du6syw,10:51:DB:0D:31:EA,b3bb9015,821,2026-07-09T13:31:18.498000Z,1783603878498,104.26
session-1783603749411-du6syw,10:51:DB:0D:31:EA,b3bb9015,822,2026-07-09T13:31:18.725000Z,1783603878725,104.26
session-1783603749411-du6syw,10:51:DB:0D:31:EA,b3bb9015,823,2026-07-09T13:31:18.903000Z,1783603878903,104.28
session-1783603749411-du6syw,10:51:DB:0D:31:EA,b3bb9015,824,2026-07-09T13:31:19.039000Z,1783603879039,104.3
session-1783603749411-du6syw,10:51:DB:0D:31:EA,b3bb9015,825,2026-07-09T13:31:19.129000Z,1783603879129,104.11
session-1783603749411-du6syw,10:51:DB:0D:31:EA,b3bb9015,826,2026-07-09T13:31:19.219000Z,1783603879219,104.28
session-1783603749411-du6syw,10:51:DB:0D:31:EA,b3bb9015,827,2026-07-09T13:31:19.310000Z,1783603879310,104.3
session-1783603749411-du6syw,10:51:DB:0D:31:EA,b3bb9015,828,2026-07-09T13:31:19.401000Z,1783603879401,104.25
session-1783603749411-du6syw,10:51:DB:0D:31:EA,b3bb9015,829,2026-07-09T13:31:19.670000Z,1783603879670,104.26
session-1783603749411-du6syw,10:51:DB:0D:31:EA,b3bb9015,830,2026-07-09T13:31:19.761000Z,1783603879761,104.28
session-1783603749411-du6syw,10:51:DB:0D:31:EA,b3bb9015,831,2026-07-09T13:31:19.849000Z,1783603879849,104.28
session-1783603749411-du6syw,10:51:DB:0D:31:EA,b3bb9015,832,2026-07-09T13:31:19.939000Z,1783603879939,104.26
session-1783603749411-du6syw,10:51:DB:0D:31:EA,b3bb9015,833,2026-07-09T13:31:20.163000Z,1783603880163,104.26
session-1783603749411-du6syw,10:51:DB:0D:31:EA,b3bb9015,834,2026-07-09T13:31:20.254000Z,1783603880254,104.25
session-1783603749411-du6syw,10:51:DB:0D:31:EA,b3bb9015,835,2026-07-09T13:31:20.343000Z,1783603880343,104.28
session-1783603749411-du6syw,10:51:DB:0D:31:EA,b3bb9015,836,2026-07-09T13:31:20.480000Z,1783603880480,104.09
session-1783603749411-du6syw,10:51:DB:0D:31:EA,b3bb9015,837,2026-07-09T13:31:20.568000Z,1783603880568,104.7
session-1783603749411-du6syw,10:51:DB:0D:31:EA,b3bb9015,838,2026-07-09T13:31:20.657000Z,1783603880657,104.68
session-1783603749411-du6syw,10:51:DB:0D:31:EA,b3bb9015,839,2026-07-09T13:31:20.747000Z,1783603880747,104.73
session-1783603749411-du6syw,10:51:DB:0D:31:EA,b3bb9015,840,2026-07-09T13:31:20.882000Z,1783603880882,105.15
session-1783603749411-du6syw,10:51:DB:0D:31:EA,b3bb9015,841,2026-07-09T13:31:20.974000Z,1783603880974,79.64
session-1783603749411-du6syw,10:51:DB:0D:31:EA,b3bb9015,842,2026-07-09T13:31:21.064000Z,1783603881064,105.17
session-1783603749411-du6syw,10:51:DB:0D:31:EA,b3bb9015,843,2026-07-09T13:31:21.154000Z,1783603881154,104.68
session-1783603749411-du6syw,10:51:DB:0D:31:EA,b3bb9015,844,2026-07-09T13:31:21.243000Z,1783603881243,104.75
session-1783603749411-du6syw,10:51:DB:0D:31:EA,b3bb9015,845,2026-07-09T13:31:21.470000Z,1783603881470,104.73
session-1783603749411-du6syw,10:51:DB:0D:31:EA,b3bb9015,846,2026-07-09T13:31:21.604000Z,1783603881604,104.72
session-1783603749411-du6syw,10:51:DB:0D:31:EA,b3bb9015,847,2026-07-09T13:31:21.782000Z,1783603881782,104.26
session-1783603749411-du6syw,10:51:DB:0D:31:EA,b3bb9015,848,2026-07-09T13:31:22.007000Z,1783603882007,104.26
session-1783603749411-du6syw,10:51:DB:0D:31:EA,b3bb9015,849,2026-07-09T13:31:22.189000Z,1783603882189,104.09
session-1783603749411-du6syw,10:51:DB:0D:31:EA,b3bb9015,850,2026-07-09T13:31:22.277000Z,1783603882277,103.69
session-1783603749411-du6syw,10:51:DB:0D:31:EA,b3bb9015,851,2026-07-09T13:31:22.594000Z,1783603882594,104.26
session-1783603749411-du6syw,10:51:DB:0D:31:EA,b3bb9015,852,2026-07-09T13:31:22.685000Z,1783603882685,104.26
session-1783603749411-du6syw,10:51:DB:0D:31:EA,b3bb9015,853,2026-07-09T13:31:22.821000Z,1783603882821,103.83
session-1783603749411-du6syw,10:51:DB:0D:31:EA,b3bb9015,854,2026-07-09T13:31:22.911000Z,1783603882911,104.3
session-1783603749411-du6syw,10:51:DB:0D:31:EA,b3bb9015,855,2026-07-09T13:31:23.226000Z,1783603883226,104.11
session-1783603749411-du6syw,10:51:DB:0D:31:EA,b3bb9015,856,2026-07-09T13:31:23.314000Z,1783603883314,79.17
session-1783603749411-du6syw,10:51:DB:0D:31:EA,b3bb9015,857,2026-07-09T13:31:23.404000Z,1783603883404,104.26
session-1783603749411-du6syw,10:51:DB:0D:31:EA,b3bb9015,858,2026-07-09T13:31:23.494000Z,1783603883494,104.3
session-1783603749411-du6syw,10:51:DB:0D:31:EA,b3bb9015,859,2026-07-09T13:31:23.628000Z,1783603883628,104.25
session-1783603749411-du6syw,10:51:DB:0D:31:EA,b3bb9015,860,2026-07-09T13:31:23.717000Z,1783603883717,104.25
session-1783603749411-du6syw,10:51:DB:0D:31:EA,b3bb9015,861,2026-07-09T13:31:23.944000Z,1783603883944,104.11
session-1783603749411-du6syw,10:51:DB:0D:31:EA,b3bb9015,862,2026-07-09T13:31:24.125000Z,1783603884125,103.84
session-1783603749411-du6syw,10:51:DB:0D:31:EA,b3bb9015,863,2026-07-09T13:31:24.348000Z,1783603884348,104.26
session-1783603749411-du6syw,10:51:DB:0D:31:EA,b3bb9015,864,2026-07-09T13:31:24.438000Z,1783603884438,104.3
session-1783603749411-du6syw,10:51:DB:0D:31:EA,b3bb9015,865,2026-07-09T13:31:24.757000Z,1783603884757,79.38
session-1783603749411-du6syw,10:51:DB:0D:31:EA,b3bb9015,866,2026-07-09T13:31:24.841000Z,1783603884841,103.84
session-1783603749411-du6syw,10:51:DB:0D:31:EA,b3bb9015,867,2026-07-09T13:31:24.932000Z,1783603884932,104.11
session-1783603749411-du6syw,10:51:DB:0D:31:EA,b3bb9015,868,2026-07-09T13:31:25.022000Z,1783603885022,103.67
session-1783603749411-du6syw,10:51:DB:0D:31:EA,b3bb9015,869,2026-07-09T13:31:25.336000Z,1783603885336,103.86
session-1783603749411-du6syw,10:51:DB:0D:31:EA,b3bb9015,870,2026-07-09T13:31:25.427000Z,1783603885427,103.83
session-1783603749411-du6syw,10:51:DB:0D:31:EA,b3bb9015,871,2026-07-09T13:31:25.714000Z,1783603885714,104.11
session-1783603749411-du6syw,10:51:DB:0D:31:EA,b3bb9015,872,2026-07-09T13:31:25.787000Z,1783603885787,103.83
session-1783603749411-du6syw,10:51:DB:0D:31:EA,b3bb9015,873,2026-07-09T13:31:25.877000Z,1783603885877,103.69
session-1783603749411-du6syw,10:51:DB:0D:31:EA,b3bb9015,874,2026-07-09T13:31:26.102000Z,1783603886102,104.3
session-1783603749411-du6syw,10:51:DB:0D:31:EA,b3bb9015,875,2026-07-09T13:31:26.192000Z,1783603886192,78.37
session-1783603749411-du6syw,10:51:DB:0D:31:EA,b3bb9015,876,2026-07-09T13:31:26.281000Z,1783603886281,104.14
session-1783603749411-du6syw,10:51:DB:0D:31:EA,b3bb9015,877,2026-07-09T13:31:26.508000Z,1783603886508,104.3
session-1783603749411-du6syw,10:51:DB:0D:31:EA,b3bb9015,878,2026-07-09T13:31:26.597000Z,1783603886597,104.18
session-1783603749411-du6syw,10:51:DB:0D:31:EA,b3bb9015,879,2026-07-09T13:31:26.778000Z,1783603886778,104.35
session-1783603749411-du6syw,10:51:DB:0D:31:EA,b3bb9015,880,2026-07-09T13:31:26.868000Z,1783603886868,103.88
session-1783603749411-du6syw,10:51:DB:0D:31:EA,b3bb9015,881,2026-07-09T13:31:27.002000Z,1783603887002,104.33
session-1783603749411-du6syw,10:51:DB:0D:31:EA,b3bb9015,882,2026-07-09T13:31:27.093000Z,1783603887093,78.79
session-1783603749411-du6syw,10:51:DB:0D:31:EA,b3bb9015,883,2026-07-09T13:31:27.181000Z,1783603887181,104.05
session-1783603749411-du6syw,10:51:DB:0D:31:EA,b3bb9015,884,2026-07-09T13:31:27.363000Z,1783603887363,104.33
session-1783603749411-du6syw,10:51:DB:0D:31:EA,b3bb9015,885,2026-07-09T13:31:27.498000Z,1783603887498,103.88
session-1783603749411-du6syw,10:51:DB:0D:31:EA,b3bb9015,886,2026-07-09T13:31:27.588000Z,1783603887588,103.83
session-1783603749411-du6syw,10:51:DB:0D:31:EA,b3bb9015,887,2026-07-09T13:31:28.037000Z,1783603888037,103.69
session-1783603749411-du6syw,10:51:DB:0D:31:EA,b3bb9015,888,2026-07-09T13:31:28.173000Z,1783603888173,103.84
session-1783603749411-du6syw,10:51:DB:0D:31:EA,b3bb9015,889,2026-07-09T13:31:28.308000Z,1783603888308,103.88
session-1783603749411-du6syw,10:51:DB:0D:31:EA,b3bb9015,890,2026-07-09T13:31:28.397000Z,1783603888397,103.83
session-1783603749411-du6syw,10:51:DB:0D:31:EA,b3bb9015,891,2026-07-09T13:31:28.487000Z,1783603888487,103.86
session-1783603749411-du6syw,10:51:DB:0D:31:EA,b3bb9015,892,2026-07-09T13:31:28.578000Z,1783603888578,103.83
session-1783603749411-du6syw,10:51:DB:0D:31:EA,b3bb9015,893,2026-07-09T13:31:28.802000Z,1783603888802,77.7
session-1783603749411-du6syw,10:51:DB:0D:31:EA,b3bb9015,894,2026-07-09T13:31:28.982000Z,1783603888982,104.16
session-1783603749411-du6syw,10:51:DB:0D:31:EA,b3bb9015,895,2026-07-09T13:31:29.072000Z,1783603889072,104.18
session-1783603749411-du6syw,10:51:DB:0D:31:EA,b3bb9015,896,2026-07-09T13:31:29.747000Z,1783603889747,77.44
session-1783603749411-du6syw,10:51:DB:0D:31:EA,b3bb9015,897,2026-07-09T13:31:29.837000Z,1783603889837,103.84
session-1783603749411-du6syw,10:51:DB:0D:31:EA,b3bb9015,898,2026-07-09T13:31:29.927000Z,1783603889927,103.84
session-1783603749411-du6syw,10:51:DB:0D:31:EA,b3bb9015,899,2026-07-09T13:31:30.017000Z,1783603890017,103.84
session-1783603749411-du6syw,10:51:DB:0D:31:EA,b3bb9015,900,2026-07-09T13:31:30.243000Z,1783603890243,77.48
session-1783603749411-du6syw,10:51:DB:0D:31:EA,b3bb9015,901,2026-07-09T13:31:30.422000Z,1783603890422,104.28
session-1783603749411-du6syw,10:51:DB:0D:31:EA,b3bb9015,902,2026-07-09T13:31:30.737000Z,1783603890737,104.28
session-1783603749411-du6syw,10:51:DB:0D:31:EA,b3bb9015,903,2026-07-09T13:31:30.917000Z,1783603890917,103.79
session-1783603749411-du6syw,10:51:DB:0D:31:EA,b3bb9015,904,2026-07-09T13:31:31.052000Z,1783603891052,103.67
session-1783603749411-du6syw,10:51:DB:0D:31:EA,b3bb9015,905,2026-07-09T13:31:31.143000Z,1783603891143,77.06
session-1783603749411-du6syw,10:51:DB:0D:31:EA,b3bb9015,906,2026-07-09T13:31:31.233000Z,1783603891233,103.83
session-1783603749411-du6syw,10:51:DB:0D:31:EA,b3bb9015,907,2026-07-09T13:31:31.549000Z,1783603891549,103.67
session-1783603749411-du6syw,10:51:DB:0D:31:EA,b3bb9015,908,2026-07-09T13:31:31.773000Z,1783603891773,104.28
session-1783603749411-du6syw,10:51:DB:0D:31:EA,b3bb9015,909,2026-07-09T13:31:31.865000Z,1783603891865,103.81
session-1783603749411-du6syw,10:51:DB:0D:31:EA,b3bb9015,910,2026-07-09T13:31:32.089000Z,1783603892089,103.84
session-1783603749411-du6syw,10:51:DB:0D:31:EA,b3bb9015,911,2026-07-09T13:31:32.178000Z,1783603892178,103.65
session-1783603749411-du6syw,10:51:DB:0D:31:EA,b3bb9015,912,2026-07-09T13:31:32.267000Z,1783603892267,103.83
session-1783603749411-du6syw,10:51:DB:0D:31:EA,b3bb9015,913,2026-07-09T13:31:32.509000Z,1783603892509,103.84
session-1783603749411-du6syw,10:51:DB:0D:31:EA,b3bb9015,914,2026-07-09T13:31:32.584000Z,1783603892584,76.62
session-1783603749411-du6syw,10:51:DB:0D:31:EA,b3bb9015,915,2026-07-09T13:31:32.763000Z,1783603892763,104.28
session-1783603749411-du6syw,10:51:DB:0D:31:EA,b3bb9015,916,2026-07-09T13:31:32.853000Z,1783603892853,103.86
session-1783603749411-du6syw,10:51:DB:0D:31:EA,b3bb9015,917,2026-07-09T13:31:32.989000Z,1783603892989,103.84
session-1783603749411-du6syw,10:51:DB:0D:31:EA,b3bb9015,918,2026-07-09T13:31:33.078000Z,1783603893078,103.65
session-1783603749411-du6syw,10:51:DB:0D:31:EA,b3bb9015,919,2026-07-09T13:31:33.168000Z,1783603893168,103.84
session-1783603749411-du6syw,10:51:DB:0D:31:EA,b3bb9015,920,2026-07-09T13:31:33.258000Z,1783603893258,103.83
session-1783603749411-du6syw,10:51:DB:0D:31:EA,b3bb9015,921,2026-07-09T13:31:33.485000Z,1783603893485,76.57
session-1783603749411-du6syw,10:51:DB:0D:31:EA,b3bb9015,922,2026-07-09T13:31:33.573000Z,1783603893573,103.84
session-1783603749411-du6syw,10:51:DB:0D:31:EA,b3bb9015,923,2026-07-09T13:31:33.663000Z,1783603893663,103.67
session-1783603749411-du6syw,10:51:DB:0D:31:EA,b3bb9015,924,2026-07-09T13:31:33.798000Z,1783603893798,103.65
session-1783603749411-du6syw,10:51:DB:0D:31:EA,b3bb9015,925,2026-07-09T13:31:33.932000Z,1783603893932,103.84
session-1783603749411-du6syw,10:51:DB:0D:31:EA,b3bb9015,926,2026-07-09T13:31:34.023000Z,1783603894023,103.69
session-1783603749411-du6syw,10:51:DB:0D:31:EA,b3bb9015,927,2026-07-09T13:31:34.113000Z,1783603894113,103.67
session-1783603749411-du6syw,10:51:DB:0D:31:EA,b3bb9015,928,2026-07-09T13:31:34.428000Z,1783603894428,103.84
session-1783603749411-du6syw,10:51:DB:0D:31:EA,b3bb9015,929,2026-07-09T13:31:34.517000Z,1783603894517,103.84
session-1783603749411-du6syw,10:51:DB:0D:31:EA,b3bb9015,930,2026-07-09T13:31:34.832000Z,1783603894832,103.86
session-1783603749411-du6syw,10:51:DB:0D:31:EA,b3bb9015,931,2026-07-09T13:31:34.921000Z,1783603894921,103.65
session-1783603749411-du6syw,10:51:DB:0D:31:EA,b3bb9015,932,2026-07-09T13:31:35.012000Z,1783603895012,103.69
session-1783603749411-du6syw,10:51:DB:0D:31:EA,b3bb9015,933,2026-07-09T13:31:35.237000Z,1783603895237,104.25
session-1783603749411-du6syw,10:51:DB:0D:31:EA,b3bb9015,934,2026-07-09T13:31:35.328000Z,1783603895328,103.86
session-1783603749411-du6syw,10:51:DB:0D:31:EA,b3bb9015,935,2026-07-09T13:31:35.418000Z,1783603895418,103.83
session-1783603749411-du6syw,10:51:DB:0D:31:EA,b3bb9015,936,2026-07-09T13:31:35.867000Z,1783603895867,104.28
session-1783603749411-du6syw,10:51:DB:0D:31:EA,b3bb9015,937,2026-07-09T13:31:36.048000Z,1783603896048,103.88
session-1783603749411-du6syw,10:51:DB:0D:31:EA,b3bb9015,938,2026-07-09T13:31:36.183000Z,1783603896183,103.88
session-1783603749411-du6syw,10:51:DB:0D:31:EA,b3bb9015,939,2026-07-09T13:31:36.271000Z,1783603896271,75.92
session-1783603749411-du6syw,10:51:DB:0D:31:EA,b3bb9015,940,2026-07-09T13:31:36.693000Z,1783603896693,103.88
session-1783603749411-du6syw,10:51:DB:0D:31:EA,b3bb9015,941,2026-07-09T13:31:36.770000Z,1783603896770,103.9
session-1783603749411-du6syw,10:51:DB:0D:31:EA,b3bb9015,942,2026-07-09T13:31:36.857000Z,1783603896857,103.91
session-1783603749411-du6syw,10:51:DB:0D:31:EA,b3bb9015,943,2026-07-09T13:31:36.947000Z,1783603896947,103.72
session-1783603749411-du6syw,10:51:DB:0D:31:EA,b3bb9015,944,2026-07-09T13:31:37.173000Z,1783603897173,75.52
session-1783603749411-du6syw,10:51:DB:0D:31:EA,b3bb9015,945,2026-07-09T13:31:37.264000Z,1783603897264,104.09
session-1783603749411-du6syw,10:51:DB:0D:31:EA,b3bb9015,946,2026-07-09T13:31:37.580000Z,1783603897580,103.88
session-1783603749411-du6syw,10:51:DB:0D:31:EA,b3bb9015,947,2026-07-09T13:31:37.669000Z,1783603897669,103.88
session-1783603749411-du6syw,10:51:DB:0D:31:EA,b3bb9015,948,2026-07-09T13:31:37.758000Z,1783603897758,103.91
session-1783603749411-du6syw,10:51:DB:0D:31:EA,b3bb9015,949,2026-07-09T13:31:37.909000Z,1783603897909,103.88
session-1783603749411-du6syw,10:51:DB:0D:31:EA,b3bb9015,950,2026-07-09T13:31:38.120000Z,1783603898120,103.9
session-1783603749411-du6syw,10:51:DB:0D:31:EA,b3bb9015,951,2026-07-09T13:31:38.209000Z,1783603898209,103.93
session-1783603749411-du6syw,10:51:DB:0D:31:EA,b3bb9015,952,2026-07-09T13:31:38.390000Z,1783603898390,103.93
session-1783603749411-du6syw,10:51:DB:0D:31:EA,b3bb9015,953,2026-07-09T13:31:38.521000Z,1783603898521,103.9
session-1783603749411-du6syw,10:51:DB:0D:31:EA,b3bb9015,954,2026-07-09T13:31:38.611000Z,1783603898611,103.9
session-1783603749411-du6syw,10:51:DB:0D:31:EA,b3bb9015,955,2026-07-09T13:31:38.702000Z,1783603898702,104.05
session-1783603749411-du6syw,10:51:DB:0D:31:EA,b3bb9015,956,2026-07-09T13:31:39.017000Z,1783603899017,103.71
session-1783603749411-du6syw,10:51:DB:0D:31:EA,b3bb9015,957,2026-07-09T13:31:39.108000Z,1783603899108,103.91
session-1783603749411-du6syw,10:51:DB:0D:31:EA,b3bb9015,958,2026-07-09T13:31:39.257000Z,1783603899257,103.9
session-1783603749411-du6syw,10:51:DB:0D:31:EA,b3bb9015,959,2026-07-09T13:31:39.422000Z,1783603899422,103.91
session-1783603749411-du6syw,10:51:DB:0D:31:EA,b3bb9015,960,2026-07-09T13:31:39.512000Z,1783603899512,103.88
session-1783603749411-du6syw,10:51:DB:0D:31:EA,b3bb9015,961,2026-07-09T13:31:39.646000Z,1783603899646,103.9
session-1783603749411-du6syw,10:51:DB:0D:31:EA,b3bb9015,962,2026-07-09T13:31:39.738000Z,1783603899738,103.93
session-1783603749411-du6syw,10:51:DB:0D:31:EA,b3bb9015,963,2026-07-09T13:31:39.961000Z,1783603899961,103.9
session-1783603749411-du6syw,10:51:DB:0D:31:EA,b3bb9015,964,2026-07-09T13:31:40.052000Z,1783603900052,103.9
session-1783603749411-du6syw,10:51:DB:0D:31:EA,b3bb9015,965,2026-07-09T13:31:40.186000Z,1783603900186,103.9
session-1783603749411-du6syw,10:51:DB:0D:31:EA,b3bb9015,966,2026-07-09T13:31:40.276000Z,1783603900276,104.05
session-1783603749411-du6syw,10:51:DB:0D:31:EA,b3bb9015,967,2026-07-09T13:31:40.368000Z,1783603900368,104.05
session-1783603749411-du6syw,10:51:DB:0D:31:EA,b3bb9015,968,2026-07-09T13:31:40.457000Z,1783603900457,103.88
session-1783603749411-du6syw,10:51:DB:0D:31:EA,b3bb9015,969,2026-07-09T13:31:40.548000Z,1783603900548,103.86
session-1783603749411-du6syw,10:51:DB:0D:31:EA,b3bb9015,970,2026-07-09T13:31:40.772000Z,1783603900772,104.51
session-1783603749411-du6syw,10:51:DB:0D:31:EA,b3bb9015,971,2026-07-09T13:31:40.863000Z,1783603900863,104.05
session-1783603749411-du6syw,10:51:DB:0D:31:EA,b3bb9015,972,2026-07-09T13:31:41.090000Z,1783603901090,104.09
session-1783603749411-du6syw,10:51:DB:0D:31:EA,b3bb9015,973,2026-07-09T13:31:41.359000Z,1783603901359,104.05
session-1783603749411-du6syw,10:51:DB:0D:31:EA,b3bb9015,974,2026-07-09T13:31:41.450000Z,1783603901450,104.07
session-1783603749411-du6syw,10:51:DB:0D:31:EA,b3bb9015,975,2026-07-09T13:31:41.674000Z,1783603901674,103.9
session-1783603749411-du6syw,10:51:DB:0D:31:EA,b3bb9015,976,2026-07-09T13:31:41.766000Z,1783603901766,103.72
session-1783603749411-du6syw,10:51:DB:0D:31:EA,b3bb9015,977,2026-07-09T13:31:41.853000Z,1783603901853,103.74
session-1783603749411-du6syw,10:51:DB:0D:31:EA,b3bb9015,978,2026-07-09T13:31:42.004000Z,1783603902004,104.02
session-1783603749411-du6syw,10:51:DB:0D:31:EA,b3bb9015,979,2026-07-09T13:31:42.124000Z,1783603902124,74.39
session-1783603749411-du6syw,10:51:DB:0D:31:EA,b3bb9015,980,2026-07-09T13:31:42.213000Z,1783603902213,103.72
session-1783603749411-du6syw,10:51:DB:0D:31:EA,b3bb9015,981,2026-07-09T13:31:42.393000Z,1783603902393,103.9
session-1783603749411-du6syw,10:51:DB:0D:31:EA,b3bb9015,982,2026-07-09T13:31:42.529000Z,1783603902529,103.9
session-1783603749411-du6syw,10:51:DB:0D:31:EA,b3bb9015,983,2026-07-09T13:31:42.619000Z,1783603902619,103.72
session-1783603749411-du6syw,10:51:DB:0D:31:EA,b3bb9015,984,2026-07-09T13:31:42.936000Z,1783603902936,103.84
session-1783603749411-du6syw,10:51:DB:0D:31:EA,b3bb9015,985,2026-07-09T13:31:43.025000Z,1783603903025,74.02
session-1783603749411-du6syw,10:51:DB:0D:31:EA,b3bb9015,986,2026-07-09T13:31:43.114000Z,1783603903114,103.88
session-1783603749411-du6syw,10:51:DB:0D:31:EA,b3bb9015,987,2026-07-09T13:31:43.203000Z,1783603903203,103.9
session-1783603749411-du6syw,10:51:DB:0D:31:EA,b3bb9015,988,2026-07-09T13:31:43.294000Z,1783603903294,103.86
session-1783603749411-du6syw,10:51:DB:0D:31:EA,b3bb9015,989,2026-07-09T13:31:43.430000Z,1783603903430,103.88
session-1783603749411-du6syw,10:51:DB:0D:31:EA,b3bb9015,990,2026-07-09T13:31:43.521000Z,1783603903521,103.93
session-1783603749411-du6syw,10:51:DB:0D:31:EA,b3bb9015,991,2026-07-09T13:31:43.610000Z,1783603903610,103.74
session-1783603749411-du6syw,10:51:DB:0D:31:EA,b3bb9015,992,2026-07-09T13:31:43.699000Z,1783603903699,103.91
session-1783603749411-du6syw,10:51:DB:0D:31:EA,b3bb9015,993,2026-07-09T13:31:43.835000Z,1783603903835,103.9
session-1783603749411-du6syw,10:51:DB:0D:31:EA,b3bb9015,994,2026-07-09T13:31:43.925000Z,1783603903925,74.23
session-1783603749411-du6syw,10:51:DB:0D:31:EA,b3bb9015,995,2026-07-09T13:31:44.150000Z,1783603904150,103.9
session-1783603749411-du6syw,10:51:DB:0D:31:EA,b3bb9015,996,2026-07-09T13:31:44.375000Z,1783603904375,104.05
session-1783603749411-du6syw,10:51:DB:0D:31:EA,b3bb9015,997,2026-07-09T13:31:44.464000Z,1783603904464,104.05
session-1783603749411-du6syw,10:51:DB:0D:31:EA,b3bb9015,998,2026-07-09T13:31:44.554000Z,1783603904554,104.05
session-1783603749411-du6syw,10:51:DB:0D:31:EA,b3bb9015,999,2026-07-09T13:31:44.690000Z,1783603904690,103.88
session-1783603749411-du6syw,10:51:DB:0D:31:EA,b3bb9015,1000,2026-07-09T13:31:44.780000Z,1783603904780,103.86
session-1783603749411-du6syw,10:51:DB:0D:31:EA,b3bb9015,1001,2026-07-09T13:31:44.961000Z,1783603904961,103.91
session-1783603749411-du6syw,10:51:DB:0D:31:EA,b3bb9015,1002,2026-07-09T13:31:45.048000Z,1783603905048,103.9
session-1783603749411-du6syw,10:51:DB:0D:31:EA,b3bb9015,1003,2026-07-09T13:31:45.139000Z,1783603905139,103.9
session-1783603749411-du6syw,10:51:DB:0D:31:EA,b3bb9015,1004,2026-07-09T13:31:45.275000Z,1783603905275,103.72
session-1783603749411-du6syw,10:51:DB:0D:31:EA,b3bb9015,1005,2026-07-09T13:31:45.365000Z,1783603905365,103.71
session-1783603749411-du6syw,10:51:DB:0D:31:EA,b3bb9015,1006,2026-07-09T13:31:45.454000Z,1783603905454,103.86
session-1783603749411-du6syw,10:51:DB:0D:31:EA,b3bb9015,1007,2026-07-09T13:31:45.634000Z,1783603905634,103.83
session-1783603749411-du6syw,10:51:DB:0D:31:EA,b3bb9015,1008,2026-07-09T13:31:45.859000Z,1783603905859,103.67
session-1783603749411-du6syw,10:51:DB:0D:31:EA,b3bb9015,1009,2026-07-09T13:31:46.311000Z,1783603906311,103.83
session-1783603749411-du6syw,10:51:DB:0D:31:EA,b3bb9015,1010,2026-07-09T13:31:46.398000Z,1783603906398,104.28
session-1783603749411-du6syw,10:51:DB:0D:31:EA,b3bb9015,1011,2026-07-09T13:31:46.581000Z,1783603906581,104.11
session-1783603749411-du6syw,10:51:DB:0D:31:EA,b3bb9015,1012,2026-07-09T13:31:46.805000Z,1783603906805,73.1
session-1783603749411-du6syw,10:51:DB:0D:31:EA,b3bb9015,1013,2026-07-09T13:31:46.897000Z,1783603906897,104.7
session-1783603749411-du6syw,10:51:DB:0D:31:EA,b3bb9015,1014,2026-07-09T13:31:46.984000Z,1783603906984,104.75
session-1783603749411-du6syw,10:51:DB:0D:31:EA,b3bb9015,1015,2026-07-09T13:31:47.074000Z,1783603907074,104.56
session-1783603749411-du6syw,10:51:DB:0D:31:EA,b3bb9015,1016,2026-07-09T13:31:47.209000Z,1783603907209,105.12
session-1783603749411-du6syw,10:51:DB:0D:31:EA,b3bb9015,1017,2026-07-09T13:31:47.300000Z,1783603907300,104.72
session-1783603749411-du6syw,10:51:DB:0D:31:EA,b3bb9015,1018,2026-07-09T13:31:47.388000Z,1783603907388,105.17
session-1783603749411-du6syw,10:51:DB:0D:31:EA,b3bb9015,1019,2026-07-09T13:31:47.479000Z,1783603907479,104.75
session-1783603749411-du6syw,10:51:DB:0D:31:EA,b3bb9015,1020,2026-07-09T13:31:47.568000Z,1783603907568,105.14
session-1783603749411-du6syw,10:51:DB:0D:31:EA,b3bb9015,1021,2026-07-09T13:31:47.841000Z,1783603907841,104.7
session-1783603749411-du6syw,10:51:DB:0D:31:EA,b3bb9015,1022,2026-07-09T13:31:47.883000Z,1783603907883,104.26
session-1783603749411-du6syw,10:51:DB:0D:31:EA,b3bb9015,1023,2026-07-09T13:31:47.973000Z,1783603907973,104.05
session-1783603749411-du6syw,10:51:DB:0D:31:EA,b3bb9015,1024,2026-07-09T13:31:48.245000Z,1783603908245,65.73
session-1783603749411-du6syw,10:51:DB:0D:31:EA,b3bb9015,1025,2026-07-09T13:31:48.332000Z,1783603908332,103.64
session-1783603749411-du6syw,10:51:DB:0D:31:EA,b3bb9015,1026,2026-07-09T13:31:48.423000Z,1783603908423,104.25
session-1783603749411-du6syw,10:51:DB:0D:31:EA,b3bb9015,1027,2026-07-09T13:31:48.511000Z,1783603908511,104.26
session-1783603749411-du6syw,10:51:DB:0D:31:EA,b3bb9015,1028,2026-07-09T13:31:48.737000Z,1783603908737,104.3
session-1783603749411-du6syw,10:51:DB:0D:31:EA,b3bb9015,1029,2026-07-09T13:31:48.828000Z,1783603908828,104.25
session-1783603749411-du6syw,10:51:DB:0D:31:EA,b3bb9015,1030,2026-07-09T13:31:48.918000Z,1783603908918,104.3
session-1783603749411-du6syw,10:51:DB:0D:31:EA,b3bb9015,1031,2026-07-09T13:31:49.009000Z,1783603909009,104.16
session-1783603749411-du6syw,10:51:DB:0D:31:EA,b3bb9015,1032,2026-07-09T13:31:49.233000Z,1783603909233,104.26
session-1783603749411-du6syw,10:51:DB:0D:31:EA,b3bb9015,1033,2026-07-09T13:31:49.371000Z,1783603909371,104.3
session-1783603749411-du6syw,10:51:DB:0D:31:EA,b3bb9015,1034,2026-07-09T13:31:49.414000Z,1783603909414,104.26
session-1783603749411-du6syw,10:51:DB:0D:31:EA,b3bb9015,1035,2026-07-09T13:31:49.699000Z,1783603909699,104.26
session-1783603749411-du6syw,10:51:DB:0D:31:EA,b3bb9015,1036,2026-07-09T13:31:49.744000Z,1783603909744,104.25
session-1783603749411-du6syw,10:51:DB:0D:31:EA,b3bb9015,1037,2026-07-09T13:31:49.818000Z,1783603909818,104.04
session-1783603749411-du6syw,10:51:DB:0D:31:EA,b3bb9015,1038,2026-07-09T13:31:50.179000Z,1783603910179,104.3
session-1783603749411-du6syw,10:51:DB:0D:31:EA,b3bb9015,1039,2026-07-09T13:31:50.359000Z,1783603910359,103.67
session-1783603749411-du6syw,10:51:DB:0D:31:EA,b3bb9015,1040,2026-07-09T13:31:50.584000Z,1783603910584,71.91
session-1783603749411-du6syw,10:51:DB:0D:31:EA,b3bb9015,1041,2026-07-09T13:31:50.808000Z,1783603910808,104.25
session-1783603749411-du6syw,10:51:DB:0D:31:EA,b3bb9015,1042,2026-07-09T13:31:50.861000Z,1783603910861,104.26
session-1783603749411-du6syw,10:51:DB:0D:31:EA,b3bb9015,1043,2026-07-09T13:31:50.989000Z,1783603910989,104.09
session-1783603749411-du6syw,10:51:DB:0D:31:EA,b3bb9015,1044,2026-07-09T13:31:51.169000Z,1783603911169,104.3
session-1783603749411-du6syw,10:51:DB:0D:31:EA,b3bb9015,1045,2026-07-09T13:31:51.258000Z,1783603911258,104.25
session-1783603749411-du6syw,10:51:DB:0D:31:EA,b3bb9015,1046,2026-07-09T13:31:51.409000Z,1783603911409,104.3
session-1783603749411-du6syw,10:51:DB:0D:31:EA,b3bb9015,1047,2026-07-09T13:31:51.481000Z,1783603911481,104.25
session-1783603749411-du6syw,10:51:DB:0D:31:EA,b3bb9015,1048,2026-07-09T13:31:51.572000Z,1783603911572,104.26
session-1783603749411-du6syw,10:51:DB:0D:31:EA,b3bb9015,1049,2026-07-09T13:31:51.661000Z,1783603911661,104.12
session-1783603749411-du6syw,10:51:DB:0D:31:EA,b3bb9015,1050,2026-07-09T13:31:51.753000Z,1783603911753,104.28
session-1783603749411-du6syw,10:51:DB:0D:31:EA,b3bb9015,1051,2026-07-09T13:31:51.889000Z,1783603911889,104.3
session-1783603749411-du6syw,10:51:DB:0D:31:EA,b3bb9015,1052,2026-07-09T13:31:51.976000Z,1783603911976,104.25
session-1783603749411-du6syw,10:51:DB:0D:31:EA,b3bb9015,1053,2026-07-09T13:31:52.113000Z,1783603912113,104.3
session-1783603749411-du6syw,10:51:DB:0D:31:EA,b3bb9015,1054,2026-07-09T13:31:52.337000Z,1783603912337,104.35
session-1783603749411-du6syw,10:51:DB:0D:31:EA,b3bb9015,1055,2026-07-09T13:31:52.563000Z,1783603912563,104.35
session-1783603749411-du6syw,10:51:DB:0D:31:EA,b3bb9015,1056,2026-07-09T13:31:52.654000Z,1783603912654,71.61
session-1783603749411-du6syw,10:51:DB:0D:31:EA,b3bb9015,1057,2026-07-09T13:31:52.741000Z,1783603912741,104.51
session-1783603749411-du6syw,10:51:DB:0D:31:EA,b3bb9015,1058,2026-07-09T13:31:52.831000Z,1783603912831,104.04
session-1783603749411-du6syw,10:51:DB:0D:31:EA,b3bb9015,1059,2026-07-09T13:31:52.922000Z,1783603912922,104.51
session-1783603749411-du6syw,10:51:DB:0D:31:EA,b3bb9015,1060,2026-07-09T13:31:53.057000Z,1783603913057,104.47
session-1783603749411-du6syw,10:51:DB:0D:31:EA,b3bb9015,1061,2026-07-09T13:31:53.207000Z,1783603913207,104.47
session-1783603749411-du6syw,10:51:DB:0D:31:EA,b3bb9015,1062,2026-07-09T13:31:53.326000Z,1783603913326,104.53
session-1783603749411-du6syw,10:51:DB:0D:31:EA,b3bb9015,1063,2026-07-09T13:31:53.462000Z,1783603913462,104.05
session-1783603749411-du6syw,10:51:DB:0D:31:EA,b3bb9015,1064,2026-07-09T13:31:53.613000Z,1783603913613,104.47
session-1783603749411-du6syw,10:51:DB:0D:31:EA,b3bb9015,1065,2026-07-09T13:31:53.687000Z,1783603913687,104.47
session-1783603749411-du6syw,10:51:DB:0D:31:EA,b3bb9015,1066,2026-07-09T13:31:53.733000Z,1783603913733,104.47
session-1783603749411-du6syw,10:51:DB:0D:31:EA,b3bb9015,1067,2026-07-09T13:31:53.823000Z,1783603913823,104.47
session-1783603749411-du6syw,10:51:DB:0D:31:EA,b3bb9015,1068,2026-07-09T13:31:54.047000Z,1783603914047,104.47
session-1783603749411-du6syw,10:51:DB:0D:31:EA,b3bb9015,1069,2026-07-09T13:31:54.273000Z,1783603914273,104.51
session-1783603749411-du6syw,10:51:DB:0D:31:EA,b3bb9015,1070,2026-07-09T13:31:54.366000Z,1783603914366,103.88
session-1783603749411-du6syw,10:51:DB:0D:31:EA,b3bb9015,1071,2026-07-09T13:31:54.497000Z,1783603914497,104.07
session-1783603749411-du6syw,10:51:DB:0D:31:EA,b3bb9015,1072,2026-07-09T13:31:54.632000Z,1783603914632,104.32
session-1783603749411-du6syw,10:51:DB:0D:31:EA,b3bb9015,1073,2026-07-09T13:31:54.677000Z,1783603914677,104.51
session-1783603749411-du6syw,10:51:DB:0D:31:EA,b3bb9015,1074,2026-07-09T13:31:54.768000Z,1783603914768,104.05
session-1783603749411-du6syw,10:51:DB:0D:31:EA,b3bb9015,1075,2026-07-09T13:31:54.993000Z,1783603914993,71.13
session-1783603749411-du6syw,10:51:DB:0D:31:EA,b3bb9015,1076,2026-07-09T13:31:55.171000Z,1783603915171,104.32
session-1783603749411-du6syw,10:51:DB:0D:31:EA,b3bb9015,1077,2026-07-09T13:31:55.262000Z,1783603915262,104.51
session-1783603749411-du6syw,10:51:DB:0D:31:EA,b3bb9015,1078,2026-07-09T13:31:55.397000Z,1783603915397,104.02
session-1783603749411-du6syw,10:51:DB:0D:31:EA,b3bb9015,1079,2026-07-09T13:31:55.486000Z,1783603915486,104.32
session-1783603749411-du6syw,10:51:DB:0D:31:EA,b3bb9015,1080,2026-07-09T13:31:55.668000Z,1783603915668,104.47
session-1783603749411-du6syw,10:51:DB:0D:31:EA,b3bb9015,1081,2026-07-09T13:31:55.803000Z,1783603915803,104.49
session-1783603749411-du6syw,10:51:DB:0D:31:EA,b3bb9015,1082,2026-07-09T13:31:55.895000Z,1783603915895,70.93
session-1783603749411-du6syw,10:51:DB:0D:31:EA,b3bb9015,1083,2026-07-09T13:31:56.313000Z,1783603916313,104.49
session-1783603749411-du6syw,10:51:DB:0D:31:EA,b3bb9015,1084,2026-07-09T13:31:56.434000Z,1783603916434,69.87
session-1783603749411-du6syw,10:51:DB:0D:31:EA,b3bb9015,1085,2026-07-09T13:31:56.522000Z,1783603916522,104.05
session-1783603749411-du6syw,10:51:DB:0D:31:EA,b3bb9015,1086,2026-07-09T13:31:56.612000Z,1783603916612,104.33
session-1783603749411-du6syw,10:51:DB:0D:31:EA,b3bb9015,1087,2026-07-09T13:31:56.702000Z,1783603916702,104.49
session-1783603749411-du6syw,10:51:DB:0D:31:EA,b3bb9015,1088,2026-07-09T13:31:56.837000Z,1783603916837,104.47
session-1783603749411-du6syw,10:51:DB:0D:31:EA,b3bb9015,1089,2026-07-09T13:31:56.928000Z,1783603916928,104.47
session-1783603749411-du6syw,10:51:DB:0D:31:EA,b3bb9015,1090,2026-07-09T13:31:57.018000Z,1783603917018,104.47
session-1783603749411-du6syw,10:51:DB:0D:31:EA,b3bb9015,1091,2026-07-09T13:31:57.259000Z,1783603917259,104.49
session-1783603749411-du6syw,10:51:DB:0D:31:EA,b3bb9015,1092,2026-07-09T13:31:57.332000Z,1783603917332,70.29
session-1783603749411-du6syw,10:51:DB:0D:31:EA,b3bb9015,1093,2026-07-09T13:31:57.423000Z,1783603917423,104.49
session-1783603749411-du6syw,10:51:DB:0D:31:EA,b3bb9015,1094,2026-07-09T13:31:57.559000Z,1783603917559,104.04
session-1783603749411-du6syw,10:51:DB:0D:31:EA,b3bb9015,1095,2026-07-09T13:31:57.609000Z,1783603917609,104.33
session-1783603749411-du6syw,10:51:DB:0D:31:EA,b3bb9015,1096,2026-07-09T13:31:58.145000Z,1783603918145,104.47
session-1783603749411-du6syw,10:51:DB:0D:31:EA,b3bb9015,1097,2026-07-09T13:31:58.232000Z,1783603918232,104.49
session-1783603749411-du6syw,10:51:DB:0D:31:EA,b3bb9015,1098,2026-07-09T13:31:58.369000Z,1783603918369,104.47
session-1783603749411-du6syw,10:51:DB:0D:31:EA,b3bb9015,1099,2026-07-09T13:31:58.459000Z,1783603918459,104.32
session-1783603749411-du6syw,10:51:DB:0D:31:EA,b3bb9015,1100,2026-07-09T13:31:58.548000Z,1783603918548,104.47
session-1783603749411-du6syw,10:51:DB:0D:31:EA,b3bb9015,1101,2026-07-09T13:31:58.638000Z,1783603918638,104.33
session-1783603749411-du6syw,10:51:DB:0D:31:EA,b3bb9015,1102,2026-07-09T13:31:58.864000Z,1783603918864,104.47
session-1783603749411-du6syw,10:51:DB:0D:31:EA,b3bb9015,1103,2026-07-09T13:31:58.953000Z,1783603918953,104.47
session-1783603749411-du6syw,10:51:DB:0D:31:EA,b3bb9015,1104,2026-07-09T13:31:59.044000Z,1783603919044,104.47
session-1783603749411-du6syw,10:51:DB:0D:31:EA,b3bb9015,1105,2026-07-09T13:31:59.194000Z,1783603919194,104.32
session-1783603749411-du6syw,10:51:DB:0D:31:EA,b3bb9015,1106,2026-07-09T13:31:59.267000Z,1783603919267,104.51
session-1783603749411-du6syw,10:51:DB:0D:31:EA,b3bb9015,1107,2026-07-09T13:31:59.585000Z,1783603919585,104.47
session-1783603749411-du6syw,10:51:DB:0D:31:EA,b3bb9015,1108,2026-07-09T13:31:59.674000Z,1783603919674,104.47
session-1783603749411-du6syw,10:51:DB:0D:31:EA,b3bb9015,1109,2026-07-09T13:31:59.764000Z,1783603919764,104.47
session-1783603749411-du6syw,10:51:DB:0D:31:EA,b3bb9015,1110,2026-07-09T13:31:59.943000Z,1783603919943,104.07
session-1783603749411-du6syw,10:51:DB:0D:31:EA,b3bb9015,1111,2026-07-09T13:32:00.077000Z,1783603920077,104.32
session-1783603749411-du6syw,10:51:DB:0D:31:EA,b3bb9015,1112,2026-07-09T13:32:00.168000Z,1783603920168,104.51
session-1783603749411-du6syw,10:51:DB:0D:31:EA,b3bb9015,1113,2026-07-09T13:32:00.258000Z,1783603920258,104.05
session-1783603749411-du6syw,10:51:DB:0D:31:EA,b3bb9015,1114,2026-07-09T13:32:00.483000Z,1783603920483,104.32
session-1783603749411-du6syw,10:51:DB:0D:31:EA,b3bb9015,1115,2026-07-09T13:32:00.618000Z,1783603920618,104.26
session-1783603749411-du6syw,10:51:DB:0D:31:EA,b3bb9015,1116,2026-07-09T13:32:00.711000Z,1783603920711,104.32
session-1783603749411-du6syw,10:51:DB:0D:31:EA,b3bb9015,1117,2026-07-09T13:32:00.799000Z,1783603920799,104.14
session-1783603749411-du6syw,10:51:DB:0D:31:EA,b3bb9015,1118,2026-07-09T13:32:00.890000Z,1783603920890,104.35
session-1783603749411-du6syw,10:51:DB:0D:31:EA,b3bb9015,1119,2026-07-09T13:32:01.024000Z,1783603921024,104.32
session-1783603749411-du6syw,10:51:DB:0D:31:EA,b3bb9015,1120,2026-07-09T13:32:01.115000Z,1783603921115,68.77
session-1783603749411-du6syw,10:51:DB:0D:31:EA,b3bb9015,1121,2026-07-09T13:32:01.249000Z,1783603921249,104.32
session-1783603749411-du6syw,10:51:DB:0D:31:EA,b3bb9015,1122,2026-07-09T13:32:01.296000Z,1783603921296,104.35
session-1783603749411-du6syw,10:51:DB:0D:31:EA,b3bb9015,1123,2026-07-09T13:32:01.384000Z,1783603921384,103.72
session-1783603749411-du6syw,10:51:DB:0D:31:EA,b3bb9015,1124,2026-07-09T13:32:01.521000Z,1783603921521,104.02
session-1783603749411-du6syw,10:51:DB:0D:31:EA,b3bb9015,1125,2026-07-09T13:32:01.610000Z,1783603921610,103.88
session-1783603749411-du6syw,10:51:DB:0D:31:EA,b3bb9015,1126,2026-07-09T13:32:01.698000Z,1783603921698,103.9
session-1783603749411-du6syw,10:51:DB:0D:31:EA,b3bb9015,1127,2026-07-09T13:32:01.834000Z,1783603921834,104.05
session-1783603749411-du6syw,10:51:DB:0D:31:EA,b3bb9015,1128,2026-07-09T13:32:01.924000Z,1783603921924,103.91
session-1783603749411-du6syw,10:51:DB:0D:31:EA,b3bb9015,1129,2026-07-09T13:32:02.014000Z,1783603922014,68.74
session-1783603749411-du6syw,10:51:DB:0D:31:EA,b3bb9015,1130,2026-07-09T13:32:02.284000Z,1783603922284,104.32
session-1783603749411-du6syw,10:51:DB:0D:31:EA,b3bb9015,1131,2026-07-09T13:32:02.434000Z,1783603922434,104.05
session-1783603749411-du6syw,10:51:DB:0D:31:EA,b3bb9015,1132,2026-07-09T13:32:02.551000Z,1783603922551,104.07
session-1783603749411-du6syw,10:51:DB:0D:31:EA,b3bb9015,1133,2026-07-09T13:32:02.868000Z,1783603922868,104.47
session-1783603749411-du6syw,10:51:DB:0D:31:EA,b3bb9015,1134,2026-07-09T13:32:02.958000Z,1783603922958,104.49
session-1783603749411-du6syw,10:51:DB:0D:31:EA,b3bb9015,1135,2026-07-09T13:32:03.139000Z,1783603923139,104.04
session-1783603749411-du6syw,10:51:DB:0D:31:EA,b3bb9015,1136,2026-07-09T13:32:03.273000Z,1783603923273,104.47
session-1783603749411-du6syw,10:51:DB:0D:31:EA,b3bb9015,1137,2026-07-09T13:32:03.364000Z,1783603923364,68.49
session-1783603749411-du6syw,10:51:DB:0D:31:EA,b3bb9015,1138,2026-07-09T13:32:03.631000Z,1783603923631,104.51
session-1783603749411-du6syw,10:51:DB:0D:31:EA,b3bb9015,1139,2026-07-09T13:32:03.768000Z,1783603923768,104.05
session-1783603749411-du6syw,10:51:DB:0D:31:EA,b3bb9015,1140,2026-07-09T13:32:03.857000Z,1783603923857,104.32
session-1783603749411-du6syw,10:51:DB:0D:31:EA,b3bb9015,1141,2026-07-09T13:32:04.083000Z,1783603924083,104.11
session-1783603749411-du6syw,10:51:DB:0D:31:EA,b3bb9015,1142,2026-07-09T13:32:04.263000Z,1783603924263,104.7
session-1783603749411-du6syw,10:51:DB:0D:31:EA,b3bb9015,1143,2026-07-09T13:32:04.353000Z,1783603924353,104.75
session-1783603749411-du6syw,10:51:DB:0D:31:EA,b3bb9015,1144,2026-07-09T13:32:04.504000Z,1783603924504,104.94
session-1783603749411-du6syw,10:51:DB:0D:31:EA,b3bb9015,1145,2026-07-09T13:32:04.757000Z,1783603924757,104.54
session-1783603749411-du6syw,10:51:DB:0D:31:EA,b3bb9015,1146,2026-07-09T13:32:04.848000Z,1783603924848,105.0
session-1783603749411-du6syw,10:51:DB:0D:31:EA,b3bb9015,1147,2026-07-09T13:32:04.983000Z,1783603924983,105.19
session-1783603749411-du6syw,10:51:DB:0D:31:EA,b3bb9015,1148,2026-07-09T13:32:05.213000Z,1783603925213,105.59
session-1783603749411-du6syw,10:51:DB:0D:31:EA,b3bb9015,1149,2026-07-09T13:32:05.299000Z,1783603925299,105.57
session-1783603749411-du6syw,10:51:DB:0D:31:EA,b3bb9015,1150,2026-07-09T13:32:05.387000Z,1783603925387,105.59
session-1783603749411-du6syw,10:51:DB:0D:31:EA,b3bb9015,1151,2026-07-09T13:32:05.478000Z,1783603925478,106.1
session-1783603749411-du6syw,10:51:DB:0D:31:EA,b3bb9015,1152,2026-07-09T13:32:05.611000Z,1783603925611,106.22
session-1783603749411-du6syw,10:51:DB:0D:31:EA,b3bb9015,1153,2026-07-09T13:32:05.702000Z,1783603925702,67.86
session-1783603749411-du6syw,10:51:DB:0D:31:EA,b3bb9015,1154,2026-07-09T13:32:05.793000Z,1783603925793,105.87
session-1783603749411-du6syw,10:51:DB:0D:31:EA,b3bb9015,1155,2026-07-09T13:32:05.881000Z,1783603925881,106.46
session-1783603749411-du6syw,10:51:DB:0D:31:EA,b3bb9015,1156,2026-07-09T13:32:06.108000Z,1783603926108,106.9
session-1783603749411-du6syw,10:51:DB:0D:31:EA,b3bb9015,1157,2026-07-09T13:32:06.376000Z,1783603926376,106.71
session-1783603749411-du6syw,10:51:DB:0D:31:EA,b3bb9015,1158,2026-07-09T13:32:06.738000Z,1783603926738,107.63
session-1783603749411-du6syw,10:51:DB:0D:31:EA,b3bb9015,1159,2026-07-09T13:32:06.976000Z,1783603926976,107.98
session-1783603749411-du6syw,10:51:DB:0D:31:EA,b3bb9015,1160,2026-07-09T13:32:07.014000Z,1783603927014,107.58
session-1783603749411-du6syw,10:51:DB:0D:31:EA,b3bb9015,1161,2026-07-09T13:32:07.158000Z,1783603927158,67.62
session-1783603749411-du6syw,10:51:DB:0D:31:EA,b3bb9015,1162,2026-07-09T13:32:07.233000Z,1783603927233,125.45
session-1783603749411-du6syw,10:51:DB:0D:31:EA,b3bb9015,1163,2026-07-09T13:32:07.322000Z,1783603927322,120.68
session-1783603749411-du6syw,10:51:DB:0D:31:EA,b3bb9015,1164,2026-07-09T13:32:07.414000Z,1783603927414,122.62
session-1783603749411-du6syw,10:51:DB:0D:31:EA,b3bb9015,1165,2026-07-09T13:32:07.638000Z,1783603927638,111.68
session-1783603749411-du6syw,10:51:DB:0D:31:EA,b3bb9015,1166,2026-07-09T13:32:07.728000Z,1783603927728,110.88
session-1783603749411-du6syw,10:51:DB:0D:31:EA,b3bb9015,1167,2026-07-09T13:32:07.819000Z,1783603927819,110.62
session-1783603749411-du6syw,10:51:DB:0D:31:EA,b3bb9015,1168,2026-07-09T13:32:07.952000Z,1783603927952,110.46
session-1783603749411-du6syw,10:51:DB:0D:31:EA,b3bb9015,1169,2026-07-09T13:32:08.042000Z,1783603928042,67.23
session-1783603749411-du6syw,10:51:DB:0D:31:EA,b3bb9015,1170,2026-07-09T13:32:08.133000Z,1783603928133,110.37
session-1783603749411-du6syw,10:51:DB:0D:31:EA,b3bb9015,1171,2026-07-09T13:32:08.224000Z,1783603928224,110.02
session-1783603749411-du6syw,10:51:DB:0D:31:EA,b3bb9015,1172,2026-07-09T13:32:08.313000Z,1783603928313,109.31
session-1783603749411-du6syw,10:51:DB:0D:31:EA,b3bb9015,1173,2026-07-09T13:32:08.584000Z,1783603928584,109.52
session-1783603749411-du6syw,10:51:DB:0D:31:EA,b3bb9015,1174,2026-07-09T13:32:08.673000Z,1783603928673,109.08
session-1783603749411-du6syw,10:51:DB:0D:31:EA,b3bb9015,1175,2026-07-09T13:32:08.764000Z,1783603928764,109.31
session-1783603749411-du6syw,10:51:DB:0D:31:EA,b3bb9015,1176,2026-07-09T13:32:08.853000Z,1783603928853,108.87
session-1783603749411-du6syw,10:51:DB:0D:31:EA,b3bb9015,1177,2026-07-09T13:32:08.988000Z,1783603928988,108.91
session-1783603749411-du6syw,10:51:DB:0D:31:EA,b3bb9015,1178,2026-07-09T13:32:09.078000Z,1783603929078,108.91
session-1783603749411-du6syw,10:51:DB:0D:31:EA,b3bb9015,1179,2026-07-09T13:32:09.170000Z,1783603929170,109.1
session-1783603749411-du6syw,10:51:DB:0D:31:EA,b3bb9015,1180,2026-07-09T13:32:09.259000Z,1783603929259,109.29
session-1783603749411-du6syw,10:51:DB:0D:31:EA,b3bb9015,1181,2026-07-09T13:32:09.348000Z,1783603929348,108.22
session-1783603749411-du6syw,10:51:DB:0D:31:EA,b3bb9015,1182,2026-07-09T13:32:09.572000Z,1783603929572,109.48
session-1783603749411-du6syw,10:51:DB:0D:31:EA,b3bb9015,1183,2026-07-09T13:32:09.664000Z,1783603929664,109.5
session-1783603749411-du6syw,10:51:DB:0D:31:EA,b3bb9015,1184,2026-07-09T13:32:09.753000Z,1783603929753,109.13
session-1783603749411-du6syw,10:51:DB:0D:31:EA,b3bb9015,1185,2026-07-09T13:32:09.888000Z,1783603929888,109.11
session-1783603749411-du6syw,10:51:DB:0D:31:EA,b3bb9015,1186,2026-07-09T13:32:09.979000Z,1783603929979,110.58
session-1783603749411-du6syw,10:51:DB:0D:31:EA,b3bb9015,1187,2026-07-09T13:32:10.069000Z,1783603930069,109.78
session-1783603749411-du6syw,10:51:DB:0D:31:EA,b3bb9015,1188,2026-07-09T13:32:10.159000Z,1783603930159,109.38
session-1783603749411-du6syw,10:51:DB:0D:31:EA,b3bb9015,1189,2026-07-09T13:32:10.384000Z,1783603930384,66.57
session-1783603749411-du6syw,10:51:DB:0D:31:EA,b3bb9015,1190,2026-07-09T13:32:10.670000Z,1783603930670,110.21
session-1783603749411-du6syw,10:51:DB:0D:31:EA,b3bb9015,1191,2026-07-09T13:32:10.879000Z,1783603930879,111.47
session-1783603749411-du6syw,10:51:DB:0D:31:EA,b3bb9015,1192,2026-07-09T13:32:11.106000Z,1783603931106,115.64
session-1783603749411-du6syw,10:51:DB:0D:31:EA,b3bb9015,1193,2026-07-09T13:32:11.193000Z,1783603931193,115.22
session-1783603749411-du6syw,10:51:DB:0D:31:EA,b3bb9015,1194,2026-07-09T13:32:11.285000Z,1783603931285,112.15
session-1783603749411-du6syw,10:51:DB:0D:31:EA,b3bb9015,1195,2026-07-09T13:32:11.510000Z,1783603931510,115.66
session-1783603749411-du6syw,10:51:DB:0D:31:EA,b3bb9015,1196,2026-07-09T13:32:11.689000Z,1783603931689,128.99
session-1783603749411-du6syw,10:51:DB:0D:31:EA,b3bb9015,1197,2026-07-09T13:32:11.779000Z,1783603931779,132.01
session-1783603749411-du6syw,10:51:DB:0D:31:EA,b3bb9015,1198,2026-07-09T13:32:11.913000Z,1783603931913,133.75
session-1783603749411-du6syw,10:51:DB:0D:31:EA,b3bb9015,1199,2026-07-09T13:32:12.004000Z,1783603932004,66.15
session-1783603749411-du6syw,10:51:DB:0D:31:EA,b3bb9015,1200,2026-07-09T13:32:12.185000Z,1783603932185,130.7
session-1783603749411-du6syw,10:51:DB:0D:31:EA,b3bb9015,1201,2026-07-09T13:32:12.274000Z,1783603932274,135.27
session-1783603749411-du6syw,10:51:DB:0D:31:EA,b3bb9015,1202,2026-07-09T13:32:12.634000Z,1783603932634,132.03
session-1783603749411-du6syw,10:51:DB:0D:31:EA,b3bb9015,1203,2026-07-09T13:32:12.964000Z,1783603932964,128.99
session-1783603749411-du6syw,10:51:DB:0D:31:EA,b3bb9015,1204,2026-07-09T13:32:13.219000Z,1783603933219,118.07
session-1783603749411-du6syw,10:51:DB:0D:31:EA,b3bb9015,1205,2026-07-09T13:32:13.354000Z,1783603933354,129.99
session-1783603749411-du6syw,10:51:DB:0D:31:EA,b3bb9015,1206,2026-07-09T13:32:13.444000Z,1783603933444,65.91
session-1783603749411-du6syw,10:51:DB:0D:31:EA,b3bb9015,1207,2026-07-09T13:32:13.532000Z,1783603933532,118.89
session-1783603749411-du6syw,10:51:DB:0D:31:EA,b3bb9015,1208,2026-07-09T13:32:13.757000Z,1783603933757,134.99
session-1783603749411-du6syw,10:51:DB:0D:31:EA,b3bb9015,1209,2026-07-09T13:32:13.848000Z,1783603933848,136.18
session-1783603749411-du6syw,10:51:DB:0D:31:EA,b3bb9015,1210,2026-07-09T13:32:13.999000Z,1783603933999,117.19
session-1783603749411-du6syw,10:51:DB:0D:31:EA,b3bb9015,1211,2026-07-09T13:32:14.119000Z,1783603934119,114.96
session-1783603749411-du6syw,10:51:DB:0D:31:EA,b3bb9015,1212,2026-07-09T13:32:14.253000Z,1783603934253,115.01
session-1783603749411-du6syw,10:51:DB:0D:31:EA,b3bb9015,1213,2026-07-09T13:32:14.343000Z,1783603934343,65.51
session-1783603749411-du6syw,10:51:DB:0D:31:EA,b3bb9015,1214,2026-07-09T13:32:14.432000Z,1783603934432,114.51
session-1783603749411-du6syw,10:51:DB:0D:31:EA,b3bb9015,1215,2026-07-09T13:32:14.524000Z,1783603934524,114.52
session-1783603749411-du6syw,10:51:DB:0D:31:EA,b3bb9015,1216,2026-07-09T13:32:14.659000Z,1783603934659,114.58
session-1783603749411-du6syw,10:51:DB:0D:31:EA,b3bb9015,1217,2026-07-09T13:32:14.810000Z,1783603934810,115.17
session-1783603749411-du6syw,10:51:DB:0D:31:EA,b3bb9015,1218,2026-07-09T13:32:14.930000Z,1783603934930,65.73
session-1783603749411-du6syw,10:51:DB:0D:31:EA,b3bb9015,1219,2026-07-09T13:32:14.973000Z,1783603934973,114.51
session-1783603749411-du6syw,10:51:DB:0D:31:EA,b3bb9015,1220,2026-07-09T13:32:15.155000Z,1783603935155,115.2
session-1783603749411-du6syw,10:51:DB:0D:31:EA,b3bb9015,1221,2026-07-09T13:32:15.380000Z,1783603935380,115.24
session-1783603749411-du6syw,10:51:DB:0D:31:EA,b3bb9015,1222,2026-07-09T13:32:15.468000Z,1783603935468,115.0
session-1783603749411-du6syw,10:51:DB:0D:31:EA,b3bb9015,1223,2026-07-09T13:32:15.559000Z,1783603935559,115.62
session-1783603749411-du6syw,10:51:DB:0D:31:EA,b3bb9015,1224,2026-07-09T13:32:15.649000Z,1783603935649,115.47
session-1783603749411-du6syw,10:51:DB:0D:31:EA,b3bb9015,1225,2026-07-09T13:32:15.873000Z,1783603935873,115.4
session-1783603749411-du6syw,10:51:DB:0D:31:EA,b3bb9015,1226,2026-07-09T13:32:15.963000Z,1783603935963,115.61
session-1783603749411-du6syw,10:51:DB:0D:31:EA,b3bb9015,1227,2026-07-09T13:32:16.053000Z,1783603936053,115.59
session-1783603749411-du6syw,10:51:DB:0D:31:EA,b3bb9015,1228,2026-07-09T13:32:16.189000Z,1783603936189,115.48
session-1783603749411-du6syw,10:51:DB:0D:31:EA,b3bb9015,1229,2026-07-09T13:32:16.278000Z,1783603936278,115.64
session-1783603749411-du6syw,10:51:DB:0D:31:EA,b3bb9015,1230,2026-07-09T13:32:16.368000Z,1783603936368,115.83
session-1783603749411-du6syw,10:51:DB:0D:31:EA,b3bb9015,1231,2026-07-09T13:32:16.458000Z,1783603936458,115.43
session-1783603749411-du6syw,10:51:DB:0D:31:EA,b3bb9015,1232,2026-07-09T13:32:16.610000Z,1783603936610,115.89
session-1783603749411-du6syw,10:51:DB:0D:31:EA,b3bb9015,1233,2026-07-09T13:32:16.727000Z,1783603936727,65.05
session-1783603749411-du6syw,10:51:DB:0D:31:EA,b3bb9015,1234,2026-07-09T13:32:16.819000Z,1783603936819,116.71
session-1783603749411-du6syw,10:51:DB:0D:31:EA,b3bb9015,1235,2026-07-09T13:32:17.134000Z,1783603937134,116.76
session-1783603749411-du6syw,10:51:DB:0D:31:EA,b3bb9015,1236,2026-07-09T13:32:17.224000Z,1783603937224,64.9
session-1783603749411-du6syw,10:51:DB:0D:31:EA,b3bb9015,1237,2026-07-09T13:32:17.314000Z,1783603937314,117.16
session-1783603749411-du6syw,10:51:DB:0D:31:EA,b3bb9015,1238,2026-07-09T13:32:17.449000Z,1783603937449,116.79
session-1783603749411-du6syw,10:51:DB:0D:31:EA,b3bb9015,1239,2026-07-09T13:32:17.628000Z,1783603937628,116.93
session-1783603749411-du6syw,10:51:DB:0D:31:EA,b3bb9015,1240,2026-07-09T13:32:17.809000Z,1783603937809,117.6
session-1783603749411-du6syw,10:51:DB:0D:31:EA,b3bb9015,1241,2026-07-09T13:32:17.959000Z,1783603937959,117.18
session-1783603749411-du6syw,10:51:DB:0D:31:EA,b3bb9015,1242,2026-07-09T13:32:18.124000Z,1783603938124,117.39
session-1783603749411-du6syw,10:51:DB:0D:31:EA,b3bb9015,1243,2026-07-09T13:32:18.259000Z,1783603938259,117.65
session-1783603749411-du6syw,10:51:DB:0D:31:EA,b3bb9015,1244,2026-07-09T13:32:18.348000Z,1783603938348,118.26
session-1783603749411-du6syw,10:51:DB:0D:31:EA,b3bb9015,1245,2026-07-09T13:32:18.438000Z,1783603938438,118.01
session-1783603749411-du6syw,10:51:DB:0D:31:EA,b3bb9015,1246,2026-07-09T13:32:18.527000Z,1783603938527,117.39
session-1783603749411-du6syw,10:51:DB:0D:31:EA,b3bb9015,1247,2026-07-09T13:32:18.976000Z,1783603938976,118.45
session-1783603749411-du6syw,10:51:DB:0D:31:EA,b3bb9015,1248,2026-07-09T13:32:19.069000Z,1783603939069,118.52
session-1783603749411-du6syw,10:51:DB:0D:31:EA,b3bb9015,1249,2026-07-09T13:32:19.203000Z,1783603939203,118.96
session-1783603749411-du6syw,10:51:DB:0D:31:EA,b3bb9015,1250,2026-07-09T13:32:19.383000Z,1783603939383,135.25
session-1783603749411-du6syw,10:51:DB:0D:31:EA,b3bb9015,1251,2026-07-09T13:32:19.472000Z,1783603939472,127.63
session-1783603749411-du6syw,10:51:DB:0D:31:EA,b3bb9015,1252,2026-07-09T13:32:19.565000Z,1783603939565,124.65
session-1783603749411-du6syw,10:51:DB:0D:31:EA,b3bb9015,1253,2026-07-09T13:32:19.699000Z,1783603939699,123.76
session-1783603749411-du6syw,10:51:DB:0D:31:EA,b3bb9015,1254,2026-07-09T13:32:19.789000Z,1783603939789,126.53
session-1783603749411-du6syw,10:51:DB:0D:31:EA,b3bb9015,1255,2026-07-09T13:32:19.878000Z,1783603939878,133.58
session-1783603749411-du6syw,10:51:DB:0D:31:EA,b3bb9015,1256,2026-07-09T13:32:19.968000Z,1783603939968,131.73
session-1783603749411-du6syw,10:51:DB:0D:31:EA,b3bb9015,1257,2026-07-09T13:32:20.058000Z,1783603940058,135.48
session-1783603749411-du6syw,10:51:DB:0D:31:EA,b3bb9015,1258,2026-07-09T13:32:20.373000Z,1783603940373,133.74
session-1783603749411-du6syw,10:51:DB:0D:31:EA,b3bb9015,1259,2026-07-09T13:32:20.463000Z,1783603940463,134.61
session-1783603749411-du6syw,10:51:DB:0D:31:EA,b3bb9015,1260,2026-07-09T13:32:20.614000Z,1783603940614,128.76
session-1783603749411-du6syw,10:51:DB:0D:31:EA,b3bb9015,1261,2026-07-09T13:32:20.731000Z,1783603940731,131.36
session-1783603749411-du6syw,10:51:DB:0D:31:EA,b3bb9015,1262,2026-07-09T13:32:20.914000Z,1783603940914,122.67
session-1783603749411-du6syw,10:51:DB:0D:31:EA,b3bb9015,1263,2026-07-09T13:32:21.049000Z,1783603941049,133.14
session-1783603749411-du6syw,10:51:DB:0D:31:EA,b3bb9015,1264,2026-07-09T13:32:21.184000Z,1783603941184,135.25
session-1783603749411-du6syw,10:51:DB:0D:31:EA,b3bb9015,1265,2026-07-09T13:32:21.320000Z,1783603941320,133.98
session-1783603749411-du6syw,10:51:DB:0D:31:EA,b3bb9015,1266,2026-07-09T13:32:21.408000Z,1783603941408,121.56
session-1783603749411-du6syw,10:51:DB:0D:31:EA,b3bb9015,1267,2026-07-09T13:32:21.560000Z,1783603941560,121.59
session-1783603749411-du6syw,10:51:DB:0D:31:EA,b3bb9015,1268,2026-07-09T13:32:21.632000Z,1783603941632,63.9
session-1783603749411-du6syw,10:51:DB:0D:31:EA,b3bb9015,1269,2026-07-09T13:32:21.723000Z,1783603941723,135.46
session-1783603749411-du6syw,10:51:DB:0D:31:EA,b3bb9015,1270,2026-07-09T13:32:21.948000Z,1783603941948,122.57
session-1783603749411-du6syw,10:51:DB:0D:31:EA,b3bb9015,1271,2026-07-09T13:32:22.040000Z,1783603942040,121.56
session-1783603749411-du6syw,10:51:DB:0D:31:EA,b3bb9015,1272,2026-07-09T13:32:22.126000Z,1783603942126,121.07
session-1783603749411-du6syw,10:51:DB:0D:31:EA,b3bb9015,1273,2026-07-09T13:32:22.217000Z,1783603942217,119.58
session-1783603749411-du6syw,10:51:DB:0D:31:EA,b3bb9015,1274,2026-07-09T13:32:22.308000Z,1783603942308,119.38
session-1783603749411-du6syw,10:51:DB:0D:31:EA,b3bb9015,1275,2026-07-09T13:32:22.458000Z,1783603942458,120.23
session-1783603749411-du6syw,10:51:DB:0D:31:EA,b3bb9015,1276,2026-07-09T13:32:22.533000Z,1783603942533,120.68
session-1783603749411-du6syw,10:51:DB:0D:31:EA,b3bb9015,1277,2026-07-09T13:32:22.624000Z,1783603942624,121.56
session-1783603749411-du6syw,10:51:DB:0D:31:EA,b3bb9015,1278,2026-07-09T13:32:22.758000Z,1783603942758,121.7
session-1783603749411-du6syw,10:51:DB:0D:31:EA,b3bb9015,1279,2026-07-09T13:32:23.073000Z,1783603943073,120.63
session-1783603749411-du6syw,10:51:DB:0D:31:EA,b3bb9015,1280,2026-07-09T13:32:23.107000Z,1783603943107,120.65
session-1783603749411-du6syw,10:51:DB:0D:31:EA,b3bb9015,1281,2026-07-09T13:32:23.390000Z,1783603943390,121.98
session-1783603749411-du6syw,10:51:DB:0D:31:EA,b3bb9015,1282,2026-07-09T13:32:23.478000Z,1783603943478,122.15
session-1783603749411-du6syw,10:51:DB:0D:31:EA,b3bb9015,1283,2026-07-09T13:32:23.629000Z,1783603943629,121.98
session-1783603749411-du6syw,10:51:DB:0D:31:EA,b3bb9015,1284,2026-07-09T13:32:23.702000Z,1783603943702,122.22
session-1783603749411-du6syw,10:51:DB:0D:31:EA,b3bb9015,1285,2026-07-09T13:32:23.794000Z,1783603943794,135.9
session-1783603749411-du6syw,10:51:DB:0D:31:EA,b3bb9015,1286,2026-07-09T13:32:23.883000Z,1783603943883,154.92
session-1783603749411-du6syw,10:51:DB:0D:31:EA,b3bb9015,1287,2026-07-09T13:32:24.019000Z,1783603944019,124.84
session-1783603749411-du6syw,10:51:DB:0D:31:EA,b3bb9015,1288,2026-07-09T13:32:24.110000Z,1783603944110,124.54
session-1783603749411-du6syw,10:51:DB:0D:31:EA,b3bb9015,1289,2026-07-09T13:32:24.333000Z,1783603944333,124.58
session-1783603749411-du6syw,10:51:DB:0D:31:EA,b3bb9015,1290,2026-07-09T13:32:24.423000Z,1783603944423,123.27
session-1783603749411-du6syw,10:51:DB:0D:31:EA,b3bb9015,1291,2026-07-09T13:32:24.574000Z,1783603944574,123.76
session-1783603749411-du6syw,10:51:DB:0D:31:EA,b3bb9015,1292,2026-07-09T13:32:24.648000Z,1783603944648,136.35
session-1783603749411-du6syw,10:51:DB:0D:31:EA,b3bb9015,1293,2026-07-09T13:32:24.965000Z,1783603944965,123.09
session-1783603749411-du6syw,10:51:DB:0D:31:EA,b3bb9015,1294,2026-07-09T13:32:25.053000Z,1783603945053,122.62
session-1783603749411-du6syw,10:51:DB:0D:31:EA,b3bb9015,1295,2026-07-09T13:32:25.188000Z,1783603945188,123.69
session-1783603749411-du6syw,10:51:DB:0D:31:EA,b3bb9015,1296,2026-07-09T13:32:25.427000Z,1783603945427,123.02
session-1783603749411-du6syw,10:51:DB:0D:31:EA,b3bb9015,1297,2026-07-09T13:32:25.546000Z,1783603945546,122.41
session-1783603749411-du6syw,10:51:DB:0D:31:EA,b3bb9015,1298,2026-07-09T13:32:25.592000Z,1783603945592,122.41
session-1783603749411-du6syw,10:51:DB:0D:31:EA,b3bb9015,1299,2026-07-09T13:32:25.683000Z,1783603945683,62.87
session-1783603749411-du6syw,10:51:DB:0D:31:EA,b3bb9015,1300,2026-07-09T13:32:25.863000Z,1783603945863,122.39
session-1783603749411-du6syw,10:51:DB:0D:31:EA,b3bb9015,1301,2026-07-09T13:32:25.953000Z,1783603945953,121.73
session-1783603749411-du6syw,10:51:DB:0D:31:EA,b3bb9015,1302,2026-07-09T13:32:26.087000Z,1783603946087,122.8
session-1783603749411-du6syw,10:51:DB:0D:31:EA,b3bb9015,1303,2026-07-09T13:32:26.223000Z,1783603946223,122.9
session-1783603749411-du6syw,10:51:DB:0D:31:EA,b3bb9015,1304,2026-07-09T13:32:26.267000Z,1783603946267,122.6
session-1783603749411-du6syw,10:51:DB:0D:31:EA,b3bb9015,1305,2026-07-09T13:32:26.357000Z,1783603946357,122.62
session-1783603749411-du6syw,10:51:DB:0D:31:EA,b3bb9015,1306,2026-07-09T13:32:26.508000Z,1783603946508,122.6
session-1783603749411-du6syw,10:51:DB:0D:31:EA,b3bb9015,1307,2026-07-09T13:32:26.583000Z,1783603946583,63.24
session-1783603749411-du6syw,10:51:DB:0D:31:EA,b3bb9015,1308,2026-07-09T13:32:26.760000Z,1783603946760,124.4
session-1783603749411-du6syw,10:51:DB:0D:31:EA,b3bb9015,1309,2026-07-09T13:32:27.001000Z,1783603947001,127.0
session-1783603749411-du6syw,10:51:DB:0D:31:EA,b3bb9015,1310,2026-07-09T13:32:27.166000Z,1783603947166,127.73
session-1783603749411-du6syw,10:51:DB:0D:31:EA,b3bb9015,1311,2026-07-09T13:32:27.210000Z,1783603947210,137.7
session-1783603749411-du6syw,10:51:DB:0D:31:EA,b3bb9015,1312,2026-07-09T13:32:27.301000Z,1783603947301,128.33
session-1783603749411-du6syw,10:51:DB:0D:31:EA,b3bb9015,1313,2026-07-09T13:32:27.436000Z,1783603947436,134.61
session-1783603749411-du6syw,10:51:DB:0D:31:EA,b3bb9015,1314,2026-07-09T13:32:27.528000Z,1783603947528,134.61
session-1783603749411-du6syw,10:51:DB:0D:31:EA,b3bb9015,1315,2026-07-09T13:32:27.618000Z,1783603947618,128.07
session-1783603749411-du6syw,10:51:DB:0D:31:EA,b3bb9015,1316,2026-07-09T13:32:27.799000Z,1783603947799,134.61
session-1783603749411-du6syw,10:51:DB:0D:31:EA,b3bb9015,1317,2026-07-09T13:32:27.932000Z,1783603947932,135.9
session-1783603749411-du6syw,10:51:DB:0D:31:EA,b3bb9015,1318,2026-07-09T13:32:28.023000Z,1783603948023,62.38
session-1783603749411-du6syw,10:51:DB:0D:31:EA,b3bb9015,1319,2026-07-09T13:32:28.205000Z,1783603948205,140.52
session-1783603749411-du6syw,10:51:DB:0D:31:EA,b3bb9015,1320,2026-07-09T13:32:28.338000Z,1783603948338,134.45
session-1783603749411-du6syw,10:51:DB:0D:31:EA,b3bb9015,1321,2026-07-09T13:32:28.430000Z,1783603948430,129.64
session-1783603749411-du6syw,10:51:DB:0D:31:EA,b3bb9015,1322,2026-07-09T13:32:28.580000Z,1783603948580,134.61
session-1783603749411-du6syw,10:51:DB:0D:31:EA,b3bb9015,1323,2026-07-09T13:32:28.619000Z,1783603948619,135.06
session-1783603749411-du6syw,10:51:DB:0D:31:EA,b3bb9015,1324,2026-07-09T13:32:28.761000Z,1783603948761,135.48
session-1783603749411-du6syw,10:51:DB:0D:31:EA,b3bb9015,1325,2026-07-09T13:32:28.794000Z,1783603948794,135.92
session-1783603749411-du6syw,10:51:DB:0D:31:EA,b3bb9015,1326,2026-07-09T13:32:28.924000Z,1783603948924,62.17
session-1783603749411-du6syw,10:51:DB:0D:31:EA,b3bb9015,1327,2026-07-09T13:32:29.059000Z,1783603949059,135.87
session-1783603749411-du6syw,10:51:DB:0D:31:EA,b3bb9015,1328,2026-07-09T13:32:29.281000Z,1783603949281,135.05
session-1783603749411-du6syw,10:51:DB:0D:31:EA,b3bb9015,1329,2026-07-09T13:32:29.374000Z,1783603949374,129.81
session-1783603749411-du6syw,10:51:DB:0D:31:EA,b3bb9015,1330,2026-07-09T13:32:29.464000Z,1783603949464,134.85
session-1783603749411-du6syw,10:51:DB:0D:31:EA,b3bb9015,1331,2026-07-09T13:32:29.555000Z,1783603949555,126.76
session-1783603749411-du6syw,10:51:DB:0D:31:EA,b3bb9015,1332,2026-07-09T13:32:29.642000Z,1783603949642,134.84
session-1783603749411-du6syw,10:51:DB:0D:31:EA,b3bb9015,1333,2026-07-09T13:32:29.778000Z,1783603949778,135.03
session-1783603749411-du6syw,10:51:DB:0D:31:EA,b3bb9015,1334,2026-07-09T13:32:29.869000Z,1783603949869,135.48
session-1783603749411-du6syw,10:51:DB:0D:31:EA,b3bb9015,1335,2026-07-09T13:32:30.020000Z,1783603950020,135.31
session-1783603749411-du6syw,10:51:DB:0D:31:EA,b3bb9015,1336,2026-07-09T13:32:30.053000Z,1783603950053,135.92
session-1783603749411-du6syw,10:51:DB:0D:31:EA,b3bb9015,1337,2026-07-09T13:32:30.138000Z,1783603950138,140.46
session-1783603749411-du6syw,10:51:DB:0D:31:EA,b3bb9015,1338,2026-07-09T13:32:30.271000Z,1783603950271,135.31
session-1783603749411-du6syw,10:51:DB:0D:31:EA,b3bb9015,1339,2026-07-09T13:32:30.364000Z,1783603950364,61.53
session-1783603749411-du6syw,10:51:DB:0D:31:EA,b3bb9015,1340,2026-07-09T13:32:30.455000Z,1783603950455,125.22
session-1783603749411-du6syw,10:51:DB:0D:31:EA,b3bb9015,1341,2026-07-09T13:32:30.549000Z,1783603950549,125.64
session-1783603749411-du6syw,10:51:DB:0D:31:EA,b3bb9015,1342,2026-07-09T13:32:30.633000Z,1783603950633,125.67
session-1783603749411-du6syw,10:51:DB:0D:31:EA,b3bb9015,1343,2026-07-09T13:32:30.783000Z,1783603950783,125.61
session-1783603749411-du6syw,10:51:DB:0D:31:EA,b3bb9015,1344,2026-07-09T13:32:30.858000Z,1783603950858,126.08
session-1783603749411-du6syw,10:51:DB:0D:31:EA,b3bb9015,1345,2026-07-09T13:32:31.084000Z,1783603951084,125.71
session-1783603749411-du6syw,10:51:DB:0D:31:EA,b3bb9015,1346,2026-07-09T13:32:31.173000Z,1783603951173,126.29
session-1783603749411-du6syw,10:51:DB:0D:31:EA,b3bb9015,1347,2026-07-09T13:32:31.309000Z,1783603951309,126.56
session-1783603749411-du6syw,10:51:DB:0D:31:EA,b3bb9015,1348,2026-07-09T13:32:31.398000Z,1783603951398,127.0
session-1783603749411-du6syw,10:51:DB:0D:31:EA,b3bb9015,1349,2026-07-09T13:32:31.549000Z,1783603951549,128.08
session-1783603749411-du6syw,10:51:DB:0D:31:EA,b3bb9015,1350,2026-07-09T13:32:31.803000Z,1783603951803,125.66
session-1783603749411-du6syw,10:51:DB:0D:31:EA,b3bb9015,1351,2026-07-09T13:32:31.803000Z,1783603951803,61.32
session-1783603749411-du6syw,10:51:DB:0D:31:EA,b3bb9015,1352,2026-07-09T13:32:31.894000Z,1783603951894,125.24
session-1783603749411-du6syw,10:51:DB:0D:31:EA,b3bb9015,1353,2026-07-09T13:32:31.983000Z,1783603951983,125.52
session-1783603749411-du6syw,10:51:DB:0D:31:EA,b3bb9015,1354,2026-07-09T13:32:32.073000Z,1783603952073,125.94
session-1783603749411-du6syw,10:51:DB:0D:31:EA,b3bb9015,1355,2026-07-09T13:32:32.208000Z,1783603952208,125.88
session-1783603749411-du6syw,10:51:DB:0D:31:EA,b3bb9015,1356,2026-07-09T13:32:32.298000Z,1783603952298,126.3
session-1783603749411-du6syw,10:51:DB:0D:31:EA,b3bb9015,1357,2026-07-09T13:32:32.389000Z,1783603952389,126.76
session-1783603749411-du6syw,10:51:DB:0D:31:EA,b3bb9015,1358,2026-07-09T13:32:32.614000Z,1783603952614,127.59
session-1783603749411-du6syw,10:51:DB:0D:31:EA,b3bb9015,1359,2026-07-09T13:32:32.703000Z,1783603952703,60.88
session-1783603749411-du6syw,10:51:DB:0D:31:EA,b3bb9015,1360,2026-07-09T13:32:32.882000Z,1783603952882,125.66
session-1783603749411-du6syw,10:51:DB:0D:31:EA,b3bb9015,1361,2026-07-09T13:32:32.972000Z,1783603952972,124.78
session-1783603749411-du6syw,10:51:DB:0D:31:EA,b3bb9015,1362,2026-07-09T13:32:33.243000Z,1783603953243,58.89
session-1783603749411-du6syw,10:51:DB:0D:31:EA,b3bb9015,1363,2026-07-09T13:32:33.423000Z,1783603953423,124.82
session-1783603749411-du6syw,10:51:DB:0D:31:EA,b3bb9015,1364,2026-07-09T13:32:33.558000Z,1783603953558,125.01
session-1783603749411-du6syw,10:51:DB:0D:31:EA,b3bb9015,1365,2026-07-09T13:32:33.648000Z,1783603953648,125.41
session-1783603749411-du6syw,10:51:DB:0D:31:EA,b3bb9015,1366,2026-07-09T13:32:33.737000Z,1783603953737,125.88
session-1783603749411-du6syw,10:51:DB:0D:31:EA,b3bb9015,1367,2026-07-09T13:32:33.829000Z,1783603953829,125.29
session-1783603749411-du6syw,10:51:DB:0D:31:EA,b3bb9015,1368,2026-07-09T13:32:33.918000Z,1783603953918,125.88
session-1783603749411-du6syw,10:51:DB:0D:31:EA,b3bb9015,1369,2026-07-09T13:32:34.053000Z,1783603954053,125.73
session-1783603749411-du6syw,10:51:DB:0D:31:EA,b3bb9015,1370,2026-07-09T13:32:34.186000Z,1783603954186,60.87
session-1783603749411-du6syw,10:51:DB:0D:31:EA,b3bb9015,1371,2026-07-09T13:32:34.233000Z,1783603954233,125.73
session-1783603749411-du6syw,10:51:DB:0D:31:EA,b3bb9015,1372,2026-07-09T13:32:34.325000Z,1783603954325,125.67
session-1783603749411-du6syw,10:51:DB:0D:31:EA,b3bb9015,1373,2026-07-09T13:32:34.414000Z,1783603954414,125.5
session-1783603749411-du6syw,10:51:DB:0D:31:EA,b3bb9015,1374,2026-07-09T13:32:34.549000Z,1783603954549,125.64
session-1783603749411-du6syw,10:51:DB:0D:31:EA,b3bb9015,1375,2026-07-09T13:32:34.969000Z,1783603954969,125.26
session-1783603749411-du6syw,10:51:DB:0D:31:EA,b3bb9015,1376,2026-07-09T13:32:35.042000Z,1783603955042,125.26
session-1783603749411-du6syw,10:51:DB:0D:31:EA,b3bb9015,1377,2026-07-09T13:32:35.178000Z,1783603955178,125.57
session-1783603749411-du6syw,10:51:DB:0D:31:EA,b3bb9015,1378,2026-07-09T13:32:35.269000Z,1783603955269,125.69
session-1783603749411-du6syw,10:51:DB:0D:31:EA,b3bb9015,1379,2026-07-09T13:32:35.358000Z,1783603955358,126.3
session-1783603749411-du6syw,10:51:DB:0D:31:EA,b3bb9015,1380,2026-07-09T13:32:35.508000Z,1783603955508,126.11
session-1783603749411-du6syw,10:51:DB:0D:31:EA,b3bb9015,1381,2026-07-09T13:32:35.582000Z,1783603955582,60.25
session-1783603749411-du6syw,10:51:DB:0D:31:EA,b3bb9015,1382,2026-07-09T13:32:35.676000Z,1783603955676,125.92
session-1783603749411-du6syw,10:51:DB:0D:31:EA,b3bb9015,1383,2026-07-09T13:32:35.913000Z,1783603955913,126.37
session-1783603749411-du6syw,10:51:DB:0D:31:EA,b3bb9015,1384,2026-07-09T13:32:35.988000Z,1783603955988,126.51
session-1783603749411-du6syw,10:51:DB:0D:31:EA,b3bb9015,1385,2026-07-09T13:32:36.077000Z,1783603956077,126.36
session-1783603749411-du6syw,10:51:DB:0D:31:EA,b3bb9015,1386,2026-07-09T13:32:36.167000Z,1783603956167,126.53
session-1783603749411-du6syw,10:51:DB:0D:31:EA,b3bb9015,1387,2026-07-09T13:32:36.257000Z,1783603956257,125.92
session-1783603749411-du6syw,10:51:DB:0D:31:EA,b3bb9015,1388,2026-07-09T13:32:36.483000Z,1783603956483,60.01
session-1783603749411-du6syw,10:51:DB:0D:31:EA,b3bb9015,1389,2026-07-09T13:32:36.662000Z,1783603956662,125.54
session-1783603749411-du6syw,10:51:DB:0D:31:EA,b3bb9015,1390,2026-07-09T13:32:36.751000Z,1783603956751,125.85
session-1783603749411-du6syw,10:51:DB:0D:31:EA,b3bb9015,1391,2026-07-09T13:32:36.888000Z,1783603956888,126.13
session-1783603749411-du6syw,10:51:DB:0D:31:EA,b3bb9015,1392,2026-07-09T13:32:36.979000Z,1783603956979,126.15
session-1783603749411-du6syw,10:51:DB:0D:31:EA,b3bb9015,1393,2026-07-09T13:32:37.068000Z,1783603957068,126.72
session-1783603749411-du6syw,10:51:DB:0D:31:EA,b3bb9015,1394,2026-07-09T13:32:37.203000Z,1783603957203,126.3
session-1783603749411-du6syw,10:51:DB:0D:31:EA,b3bb9015,1395,2026-07-09T13:32:37.338000Z,1783603957338,126.51
session-1783603749411-du6syw,10:51:DB:0D:31:EA,b3bb9015,1396,2026-07-09T13:32:37.473000Z,1783603957473,127.05
session-1783603749411-du6syw,10:51:DB:0D:31:EA,b3bb9015,1397,2026-07-09T13:32:37.517000Z,1783603957517,126.83
session-1783603749411-du6syw,10:51:DB:0D:31:EA,b3bb9015,1398,2026-07-09T13:32:37.608000Z,1783603957608,126.77
session-1783603749411-du6syw,10:51:DB:0D:31:EA,b3bb9015,1399,2026-07-09T13:32:37.758000Z,1783603957758,126.51
session-1783603749411-du6syw,10:51:DB:0D:31:EA,b3bb9015,1400,2026-07-09T13:32:37.835000Z,1783603957835,59.77
session-1783603749411-du6syw,10:51:DB:0D:31:EA,b3bb9015,1401,2026-07-09T13:32:37.922000Z,1783603957922,126.36
session-1783603749411-du6syw,10:51:DB:0D:31:EA,b3bb9015,1402,2026-07-09T13:32:38.013000Z,1783603958013,126.51
session-1783603749411-du6syw,10:51:DB:0D:31:EA,b3bb9015,1403,2026-07-09T13:32:38.149000Z,1783603958149,126.53
session-1783603749411-du6syw,10:51:DB:0D:31:EA,b3bb9015,1404,2026-07-09T13:32:38.239000Z,1783603958239,126.36
session-1783603749411-du6syw,10:51:DB:0D:31:EA,b3bb9015,1405,2026-07-09T13:32:38.375000Z,1783603958375,126.58
session-1783603749411-du6syw,10:51:DB:0D:31:EA,b3bb9015,1406,2026-07-09T13:32:38.418000Z,1783603958418,126.3
session-1783603749411-du6syw,10:51:DB:0D:31:EA,b3bb9015,1407,2026-07-09T13:32:38.552000Z,1783603958552,126.53
session-1783603749411-du6syw,10:51:DB:0D:31:EA,b3bb9015,1408,2026-07-09T13:32:38.643000Z,1783603958643,127.14
session-1783603749411-du6syw,10:51:DB:0D:31:EA,b3bb9015,1409,2026-07-09T13:32:38.732000Z,1783603958732,59.38
session-1783603749411-du6syw,10:51:DB:0D:31:EA,b3bb9015,1410,2026-07-09T13:32:38.884000Z,1783603958884,127.14
session-1783603749411-du6syw,10:51:DB:0D:31:EA,b3bb9015,1411,2026-07-09T13:32:38.916000Z,1783603958916,127.0
session-1783603749411-du6syw,10:51:DB:0D:31:EA,b3bb9015,1412,2026-07-09T13:32:39.139000Z,1783603959139,127.21
session-1783603749411-du6syw,10:51:DB:0D:31:EA,b3bb9015,1413,2026-07-09T13:32:39.289000Z,1783603959289,126.95
session-1783603749411-du6syw,10:51:DB:0D:31:EA,b3bb9015,1414,2026-07-09T13:32:39.363000Z,1783603959363,126.97
session-1783603749411-du6syw,10:51:DB:0D:31:EA,b3bb9015,1415,2026-07-09T13:32:39.453000Z,1783603959453,126.95
session-1783603749411-du6syw,10:51:DB:0D:31:EA,b3bb9015,1416,2026-07-09T13:32:39.675000Z,1783603959675,126.95
session-1783603749411-du6syw,10:51:DB:0D:31:EA,b3bb9015,1417,2026-07-09T13:32:39.766000Z,1783603959766,126.97
session-1783603749411-du6syw,10:51:DB:0D:31:EA,b3bb9015,1418,2026-07-09T13:32:39.856000Z,1783603959856,126.98
session-1783603749411-du6syw,10:51:DB:0D:31:EA,b3bb9015,1419,2026-07-09T13:32:39.948000Z,1783603959948,126.79
session-1783603749411-du6syw,10:51:DB:0D:31:EA,b3bb9015,1420,2026-07-09T13:32:40.082000Z,1783603960082,127.28
session-1783603749411-du6syw,10:51:DB:0D:31:EA,b3bb9015,1421,2026-07-09T13:32:40.217000Z,1783603960217,58.96
session-1783603749411-du6syw,10:51:DB:0D:31:EA,b3bb9015,1422,2026-07-09T13:32:40.261000Z,1783603960261,127.61
session-1783603749411-du6syw,10:51:DB:0D:31:EA,b3bb9015,1423,2026-07-09T13:32:40.352000Z,1783603960352,127.63
session-1783603749411-du6syw,10:51:DB:0D:31:EA,b3bb9015,1424,2026-07-09T13:32:40.486000Z,1783603960486,127.63
session-1783603749411-du6syw,10:51:DB:0D:31:EA,b3bb9015,1425,2026-07-09T13:32:40.713000Z,1783603960713,128.1
session-1783603749411-du6syw,10:51:DB:0D:31:EA,b3bb9015,1426,2026-07-09T13:32:40.803000Z,1783603960803,58.95
session-1783603749411-du6syw,10:51:DB:0D:31:EA,b3bb9015,1427,2026-07-09T13:32:40.894000Z,1783603960894,127.82
session-1783603749411-du6syw,10:51:DB:0D:31:EA,b3bb9015,1428,2026-07-09T13:32:41.118000Z,1783603961118,127.23
session-1783603749411-du6syw,10:51:DB:0D:31:EA,b3bb9015,1429,2026-07-09T13:32:41.207000Z,1783603961207,126.53
session-1783603749411-du6syw,10:51:DB:0D:31:EA,b3bb9015,1430,2026-07-09T13:32:41.359000Z,1783603961359,127.38
session-1783603749411-du6syw,10:51:DB:0D:31:EA,b3bb9015,1431,2026-07-09T13:32:41.523000Z,1783603961523,127.42
session-1783603749411-du6syw,10:51:DB:0D:31:EA,b3bb9015,1432,2026-07-09T13:32:41.658000Z,1783603961658,127.86
session-1783603749411-du6syw,10:51:DB:0D:31:EA,b3bb9015,1433,2026-07-09T13:32:41.748000Z,1783603961748,126.97
session-1783603749411-du6syw,10:51:DB:0D:31:EA,b3bb9015,1434,2026-07-09T13:32:42.151000Z,1783603962151,135.31
session-1783603749411-du6syw,10:51:DB:0D:31:EA,b3bb9015,1435,2026-07-09T13:32:42.242000Z,1783603962242,135.46
session-1783603749411-du6syw,10:51:DB:0D:31:EA,b3bb9015,1436,2026-07-09T13:32:42.333000Z,1783603962333,135.03
session-1783603749411-du6syw,10:51:DB:0D:31:EA,b3bb9015,1437,2026-07-09T13:32:42.426000Z,1783603962426,134.14
session-1783603749411-du6syw,10:51:DB:0D:31:EA,b3bb9015,1438,2026-07-09T13:32:42.557000Z,1783603962557,133.98
session-1783603749411-du6syw,10:51:DB:0D:31:EA,b3bb9015,1439,2026-07-09T13:32:42.647000Z,1783603962647,133.53
session-1783603749411-du6syw,10:51:DB:0D:31:EA,b3bb9015,1440,2026-07-09T13:32:42.738000Z,1783603962738,133.75
session-1783603749411-du6syw,10:51:DB:0D:31:EA,b3bb9015,1441,2026-07-09T13:32:42.828000Z,1783603962828,134.43
session-1783603749411-du6syw,10:51:DB:0D:31:EA,b3bb9015,1442,2026-07-09T13:32:42.917000Z,1783603962917,134.57
session-1783603749411-du6syw,10:51:DB:0D:31:EA,b3bb9015,1443,2026-07-09T13:32:43.053000Z,1783603963053,135.48
session-1783603749411-du6syw,10:51:DB:0D:31:EA,b3bb9015,1444,2026-07-09T13:32:43.188000Z,1783603963188,58.11
session-1783603749411-du6syw,10:51:DB:0D:31:EA,b3bb9015,1445,2026-07-09T13:32:43.232000Z,1783603963232,131.76
session-1783603749411-du6syw,10:51:DB:0D:31:EA,b3bb9015,1446,2026-07-09T13:32:43.368000Z,1783603963368,130.91
session-1783603749411-du6syw,10:51:DB:0D:31:EA,b3bb9015,1447,2026-07-09T13:32:43.458000Z,1783603963458,131.12
session-1783603749411-du6syw,10:51:DB:0D:31:EA,b3bb9015,1448,2026-07-09T13:32:43.609000Z,1783603963609,131.33
session-1783603749411-du6syw,10:51:DB:0D:31:EA,b3bb9015,1449,2026-07-09T13:32:43.682000Z,1783603963682,58.25
session-1783603749411-du6syw,10:51:DB:0D:31:EA,b3bb9015,1450,2026-07-09T13:32:43.772000Z,1783603963772,131.75
session-1783603749411-du6syw,10:51:DB:0D:31:EA,b3bb9015,1451,2026-07-09T13:32:43.863000Z,1783603963863,131.57
session-1783603749411-du6syw,10:51:DB:0D:31:EA,b3bb9015,1452,2026-07-09T13:32:43.997000Z,1783603963997,131.71
session-1783603749411-du6syw,10:51:DB:0D:31:EA,b3bb9015,1453,2026-07-09T13:32:44.087000Z,1783603964087,132.64
session-1783603749411-du6syw,10:51:DB:0D:31:EA,b3bb9015,1454,2026-07-09T13:32:44.178000Z,1783603964178,131.78
session-1783603749411-du6syw,10:51:DB:0D:31:EA,b3bb9015,1455,2026-07-09T13:32:44.311000Z,1783603964311,132.62
session-1783603749411-du6syw,10:51:DB:0D:31:EA,b3bb9015,1456,2026-07-09T13:32:44.355000Z,1783603964355,131.36
session-1783603749411-du6syw,10:51:DB:0D:31:EA,b3bb9015,1457,2026-07-09T13:32:44.506000Z,1783603964506,132.06
session-1783603749411-du6syw,10:51:DB:0D:31:EA,b3bb9015,1458,2026-07-09T13:32:44.581000Z,1783603964581,131.8
session-1783603749411-du6syw,10:51:DB:0D:31:EA,b3bb9015,1459,2026-07-09T13:32:44.670000Z,1783603964670,132.03
session-1783603749411-du6syw,10:51:DB:0D:31:EA,b3bb9015,1460,2026-07-09T13:32:44.762000Z,1783603964762,132.24
session-1783603749411-du6syw,10:51:DB:0D:31:EA,b3bb9015,1461,2026-07-09T13:32:44.851000Z,1783603964851,132.22
session-1783603749411-du6syw,10:51:DB:0D:31:EA,b3bb9015,1462,2026-07-09T13:32:45.077000Z,1783603965077,134.99
session-1783603749411-du6syw,10:51:DB:0D:31:EA,b3bb9015,1463,2026-07-09T13:32:45.211000Z,1783603965211,135.05
session-1783603749411-du6syw,10:51:DB:0D:31:EA,b3bb9015,1464,2026-07-09T13:32:45.257000Z,1783603965257,134.43
session-1783603749411-du6syw,10:51:DB:0D:31:EA,b3bb9015,1465,2026-07-09T13:32:45.408000Z,1783603965408,134.57
session-1783603749411-du6syw,10:51:DB:0D:31:EA,b3bb9015,1466,2026-07-09T13:32:45.528000Z,1783603965528,134.59
session-1783603749411-du6syw,10:51:DB:0D:31:EA,b3bb9015,1467,2026-07-09T13:32:45.663000Z,1783603965663,134.59
session-1783603749411-du6syw,10:51:DB:0D:31:EA,b3bb9015,1468,2026-07-09T13:32:45.708000Z,1783603965708,134.14
session-1783603749411-du6syw,10:51:DB:0D:31:EA,b3bb9015,1469,2026-07-09T13:32:45.798000Z,1783603965798,134.45
session-1783603749411-du6syw,10:51:DB:0D:31:EA,b3bb9015,1470,2026-07-09T13:32:46.158000Z,1783603966158,137.0
session-1783603749411-du6syw,10:51:DB:0D:31:EA,b3bb9015,1471,2026-07-09T13:32:46.309000Z,1783603966309,134.19
session-1783603749411-du6syw,10:51:DB:0D:31:EA,b3bb9015,1472,2026-07-09T13:32:46.349000Z,1783603966349,134.61
session-1783603749411-du6syw,10:51:DB:0D:31:EA,b3bb9015,1473,2026-07-09T13:32:46.518000Z,1783603966518,134.59
session-1783603749411-du6syw,10:51:DB:0D:31:EA,b3bb9015,1474,2026-07-09T13:32:46.654000Z,1783603966654,135.48
session-1783603749411-du6syw,10:51:DB:0D:31:EA,b3bb9015,1475,2026-07-09T13:32:46.697000Z,1783603966697,135.69
session-1783603749411-du6syw,10:51:DB:0D:31:EA,b3bb9015,1476,2026-07-09T13:32:46.848000Z,1783603966848,135.87
session-1783603749411-du6syw,10:51:DB:0D:31:EA,b3bb9015,1477,2026-07-09T13:32:46.970000Z,1783603966970,57.17
session-1783603749411-du6syw,10:51:DB:0D:31:EA,b3bb9015,1478,2026-07-09T13:32:47.014000Z,1783603967014,134.8
session-1783603749411-du6syw,10:51:DB:0D:31:EA,b3bb9015,1479,2026-07-09T13:32:47.102000Z,1783603967102,134.61
session-1783603749411-du6syw,10:51:DB:0D:31:EA,b3bb9015,1480,2026-07-09T13:32:47.237000Z,1783603967237,135.73
session-1783603749411-du6syw,10:51:DB:0D:31:EA,b3bb9015,1481,2026-07-09T13:32:47.327000Z,1783603967327,134.43
session-1783603749411-du6syw,10:51:DB:0D:31:EA,b3bb9015,1482,2026-07-09T13:32:47.464000Z,1783603967464,131.73
session-1783603749411-du6syw,10:51:DB:0D:31:EA,b3bb9015,1483,2026-07-09T13:32:47.553000Z,1783603967553,132.46
session-1783603749411-du6syw,10:51:DB:0D:31:EA,b3bb9015,1484,2026-07-09T13:32:47.688000Z,1783603967688,133.06
session-1783603749411-du6syw,10:51:DB:0D:31:EA,b3bb9015,1485,2026-07-09T13:32:47.778000Z,1783603967778,132.2
session-1783603749411-du6syw,10:51:DB:0D:31:EA,b3bb9015,1486,2026-07-09T13:32:47.927000Z,1783603967927,131.33
session-1783603749411-du6syw,10:51:DB:0D:31:EA,b3bb9015,1487,2026-07-09T13:32:48.153000Z,1783603968153,132.17
session-1783603749411-du6syw,10:51:DB:0D:31:EA,b3bb9015,1488,2026-07-09T13:32:48.229000Z,1783603968229,131.75
session-1783603749411-du6syw,10:51:DB:0D:31:EA,b3bb9015,1489,2026-07-09T13:32:48.365000Z,1783603968365,57.34
session-1783603749411-du6syw,10:51:DB:0D:31:EA,b3bb9015,1490,2026-07-09T13:32:48.452000Z,1783603968452,131.76
session-1783603749411-du6syw,10:51:DB:0D:31:EA,b3bb9015,1491,2026-07-09T13:32:48.543000Z,1783603968543,131.8
session-1783603749411-du6syw,10:51:DB:0D:31:EA,b3bb9015,1492,2026-07-09T13:32:48.693000Z,1783603968693,131.59
session-1783603749411-du6syw,10:51:DB:0D:31:EA,b3bb9015,1493,2026-07-09T13:32:48.811000Z,1783603968811,132.45
session-1783603749411-du6syw,10:51:DB:0D:31:EA,b3bb9015,1494,2026-07-09T13:32:48.857000Z,1783603968857,135.9
session-1783603749411-du6syw,10:51:DB:0D:31:EA,b3bb9015,1495,2026-07-09T13:32:48.948000Z,1783603968948,140.07
session-1783603749411-du6syw,10:51:DB:0D:31:EA,b3bb9015,1496,2026-07-09T13:32:49.038000Z,1783603969038,135.05
session-1783603749411-du6syw,10:51:DB:0D:31:EA,b3bb9015,1497,2026-07-09T13:32:49.190000Z,1783603969190,134.61
session-1783603749411-du6syw,10:51:DB:0D:31:EA,b3bb9015,1498,2026-07-09T13:32:49.262000Z,1783603969262,134.61
session-1783603749411-du6syw,10:51:DB:0D:31:EA,b3bb9015,1499,2026-07-09T13:32:49.355000Z,1783603969355,134.61
session-1783603749411-du6syw,10:51:DB:0D:31:EA,b3bb9015,1500,2026-07-09T13:32:49.487000Z,1783603969487,135.31
session-1783603749411-du6syw,10:51:DB:0D:31:EA,b3bb9015,1501,2026-07-09T13:32:49.638000Z,1783603969638,134.59
session-1783603749411-du6syw,10:51:DB:0D:31:EA,b3bb9015,1502,2026-07-09T13:32:49.674000Z,1783603969674,134.61
session-1783603749411-du6syw,10:51:DB:0D:31:EA,b3bb9015,1503,2026-07-09T13:32:49.893000Z,1783603969893,133.54
session-1783603749411-du6syw,10:51:DB:0D:31:EA,b3bb9015,1504,2026-07-09T13:32:49.980000Z,1783603969980,132.69
session-1783603749411-du6syw,10:51:DB:0D:31:EA,b3bb9015,1505,2026-07-09T13:32:50.115000Z,1783603970115,131.56
session-1783603749411-du6syw,10:51:DB:0D:31:EA,b3bb9015,1506,2026-07-09T13:32:50.205000Z,1783603970205,131.56
session-1783603749411-du6syw,10:51:DB:0D:31:EA,b3bb9015,1507,2026-07-09T13:32:50.294000Z,1783603970294,131.56
session-1783603749411-du6syw,10:51:DB:0D:31:EA,b3bb9015,1508,2026-07-09T13:32:50.430000Z,1783603970430,131.76
session-1783603749411-du6syw,10:51:DB:0D:31:EA,b3bb9015,1509,2026-07-09T13:32:50.475000Z,1783603970475,131.31
session-1783603749411-du6syw,10:51:DB:0D:31:EA,b3bb9015,1510,2026-07-09T13:32:50.611000Z,1783603970611,130.93
session-1783603749411-du6syw,10:51:DB:0D:31:EA,b3bb9015,1511,2026-07-09T13:32:50.702000Z,1783603970702,131.33
session-1783603749411-du6syw,10:51:DB:0D:31:EA,b3bb9015,1512,2026-07-09T13:32:50.792000Z,1783603970792,130.93
session-1783603749411-du6syw,10:51:DB:0D:31:EA,b3bb9015,1513,2026-07-09T13:32:50.927000Z,1783603970927,131.59
session-1783603749411-du6syw,10:51:DB:0D:31:EA,b3bb9015,1514,2026-07-09T13:32:51.063000Z,1783603971063,131.35
session-1783603749411-du6syw,10:51:DB:0D:31:EA,b3bb9015,1515,2026-07-09T13:32:51.107000Z,1783603971107,132.17
session-1783603749411-du6syw,10:51:DB:0D:31:EA,b3bb9015,1516,2026-07-09T13:32:51.423000Z,1783603971423,135.43
session-1783603749411-du6syw,10:51:DB:0D:31:EA,b3bb9015,1517,2026-07-09T13:32:51.648000Z,1783603971648,135.01
session-1783603749411-du6syw,10:51:DB:0D:31:EA,b3bb9015,1518,2026-07-09T13:32:51.737000Z,1783603971737,132.69
session-1783603749411-du6syw,10:51:DB:0D:31:EA,b3bb9015,1519,2026-07-09T13:32:52.053000Z,1783603972053,131.33
session-1783603749411-du6syw,10:51:DB:0D:31:EA,b3bb9015,1520,2026-07-09T13:32:52.142000Z,1783603972142,56.08
session-1783603749411-du6syw,10:51:DB:0D:31:EA,b3bb9015,1521,2026-07-09T13:32:52.323000Z,1783603972323,130.91
session-1783603749411-du6syw,10:51:DB:0D:31:EA,b3bb9015,1522,2026-07-09T13:32:52.458000Z,1783603972458,130.93
session-1783603749411-du6syw,10:51:DB:0D:31:EA,b3bb9015,1523,2026-07-09T13:32:52.547000Z,1783603972547,130.93
session-1783603749411-du6syw,10:51:DB:0D:31:EA,b3bb9015,1524,2026-07-09T13:32:52.637000Z,1783603972637,131.14
session-1783603749411-du6syw,10:51:DB:0D:31:EA,b3bb9015,1525,2026-07-09T13:32:52.729000Z,1783603972729,131.66
session-1783603749411-du6syw,10:51:DB:0D:31:EA,b3bb9015,1526,2026-07-09T13:32:52.819000Z,1783603972819,132.22
session-1783603749411-du6syw,10:51:DB:0D:31:EA,b3bb9015,1527,2026-07-09T13:32:52.969000Z,1783603972969,136.6
session-1783603749411-du6syw,10:51:DB:0D:31:EA,b3bb9015,1528,2026-07-09T13:32:53.042000Z,1783603973042,135.46
session-1783603749411-du6syw,10:51:DB:0D:31:EA,b3bb9015,1529,2026-07-09T13:32:53.133000Z,1783603973133,129.41
session-1783603749411-du6syw,10:51:DB:0D:31:EA,b3bb9015,1530,2026-07-09T13:32:53.224000Z,1783603973224,133.95
session-1783603749411-du6syw,10:51:DB:0D:31:EA,b3bb9015,1531,2026-07-09T13:32:53.358000Z,1783603973358,133.96
session-1783603749411-du6syw,10:51:DB:0D:31:EA,b3bb9015,1532,2026-07-09T13:32:53.446000Z,1783603973446,131.15
session-1783603749411-du6syw,10:51:DB:0D:31:EA,b3bb9015,1533,2026-07-09T13:32:53.584000Z,1783603973584,130.89
session-1783603749411-du6syw,10:51:DB:0D:31:EA,b3bb9015,1534,2026-07-09T13:32:53.675000Z,1783603973675,130.25
session-1783603749411-du6syw,10:51:DB:0D:31:EA,b3bb9015,1535,2026-07-09T13:32:53.808000Z,1783603973808,130.68
session-1783603749411-du6syw,10:51:DB:0D:31:EA,b3bb9015,1536,2026-07-09T13:32:53.898000Z,1783603973898,130.91
session-1783603749411-du6syw,10:51:DB:0D:31:EA,b3bb9015,1537,2026-07-09T13:32:53.986000Z,1783603973986,131.15
session-1783603749411-du6syw,10:51:DB:0D:31:EA,b3bb9015,1538,2026-07-09T13:32:54.079000Z,1783603974079,131.75
session-1783603749411-du6syw,10:51:DB:0D:31:EA,b3bb9015,1539,2026-07-09T13:32:54.167000Z,1783603974167,131.8
session-1783603749411-du6syw,10:51:DB:0D:31:EA,b3bb9015,1540,2026-07-09T13:32:54.302000Z,1783603974302,132.5
session-1783603749411-du6syw,10:51:DB:0D:31:EA,b3bb9015,1541,2026-07-09T13:32:54.393000Z,1783603974393,55.61
session-1783603749411-du6syw,10:51:DB:0D:31:EA,b3bb9015,1542,2026-07-09T13:32:54.543000Z,1783603974543,132.71
session-1783603749411-du6syw,10:51:DB:0D:31:EA,b3bb9015,1543,2026-07-09T13:32:54.576000Z,1783603974576,132.85
session-1783603749411-du6syw,10:51:DB:0D:31:EA,b3bb9015,1544,2026-07-09T13:32:54.723000Z,1783603974723,130.23
session-1783603749411-du6syw,10:51:DB:0D:31:EA,b3bb9015,1545,2026-07-09T13:32:54.795000Z,1783603974795,130.68
session-1783603749411-du6syw,10:51:DB:0D:31:EA,b3bb9015,1546,2026-07-09T13:32:54.887000Z,1783603974887,129.55
session-1783603749411-du6syw,10:51:DB:0D:31:EA,b3bb9015,1547,2026-07-09T13:32:54.975000Z,1783603974975,130.02
session-1783603749411-du6syw,10:51:DB:0D:31:EA,b3bb9015,1548,2026-07-09T13:32:55.113000Z,1783603975113,130.25
session-1783603749411-du6syw,10:51:DB:0D:31:EA,b3bb9015,1549,2026-07-09T13:32:55.335000Z,1783603975335,130.54
session-1783603749411-du6syw,10:51:DB:0D:31:EA,b3bb9015,1550,2026-07-09T13:32:55.425000Z,1783603975425,130.67
session-1783603749411-du6syw,10:51:DB:0D:31:EA,b3bb9015,1551,2026-07-09T13:32:55.517000Z,1783603975517,131.52
session-1783603749411-du6syw,10:51:DB:0D:31:EA,b3bb9015,1552,2026-07-09T13:32:55.652000Z,1783603975652,131.94
session-1783603749411-du6syw,10:51:DB:0D:31:EA,b3bb9015,1553,2026-07-09T13:32:55.830000Z,1783603975830,130.74
session-1783603749411-du6syw,10:51:DB:0D:31:EA,b3bb9015,1554,2026-07-09T13:32:56.056000Z,1783603976056,130.28
session-1783603749411-du6syw,10:51:DB:0D:31:EA,b3bb9015,1555,2026-07-09T13:32:56.146000Z,1783603976146,129.85
session-1783603749411-du6syw,10:51:DB:0D:31:EA,b3bb9015,1556,2026-07-09T13:32:56.235000Z,1783603976235,129.86
session-1783603749411-du6syw,10:51:DB:0D:31:EA,b3bb9015,1557,2026-07-09T13:32:56.373000Z,1783603976373,130.46
session-1783603749411-du6syw,10:51:DB:0D:31:EA,b3bb9015,1558,2026-07-09T13:32:56.460000Z,1783603976460,54.6
session-1783603749411-du6syw,10:51:DB:0D:31:EA,b3bb9015,1559,2026-07-09T13:32:56.552000Z,1783603976552,130.0
session-1783603749411-du6syw,10:51:DB:0D:31:EA,b3bb9015,1560,2026-07-09T13:32:56.823000Z,1783603976823,130.3
session-1783603749411-du6syw,10:51:DB:0D:31:EA,b3bb9015,1561,2026-07-09T13:32:56.911000Z,1783603976911,131.12
session-1783603749411-du6syw,10:51:DB:0D:31:EA,b3bb9015,1562,2026-07-09T13:32:57.047000Z,1783603977047,130.91
session-1783603749411-du6syw,10:51:DB:0D:31:EA,b3bb9015,1563,2026-07-09T13:32:57.137000Z,1783603977137,131.96
session-1783603749411-du6syw,10:51:DB:0D:31:EA,b3bb9015,1564,2026-07-09T13:32:57.271000Z,1783603977271,135.76
session-1783603749411-du6syw,10:51:DB:0D:31:EA,b3bb9015,1565,2026-07-09T13:32:57.359000Z,1783603977359,130.26
session-1783603749411-du6syw,10:51:DB:0D:31:EA,b3bb9015,1566,2026-07-09T13:32:57.675000Z,1783603977675,130.91
session-1783603749411-du6syw,10:51:DB:0D:31:EA,b3bb9015,1567,2026-07-09T13:32:57.825000Z,1783603977825,130.44
session-1783603749411-du6syw,10:51:DB:0D:31:EA,b3bb9015,1568,2026-07-09T13:32:57.902000Z,1783603977902,54.34
session-1783603749411-du6syw,10:51:DB:0D:31:EA,b3bb9015,1569,2026-07-09T13:32:58.082000Z,1783603978082,130.93
session-1783603749411-du6syw,10:51:DB:0D:31:EA,b3bb9015,1570,2026-07-09T13:32:58.217000Z,1783603978217,131.36
session-1783603749411-du6syw,10:51:DB:0D:31:EA,b3bb9015,1571,2026-07-09T13:32:58.306000Z,1783603978306,131.36
session-1783603749411-du6syw,10:51:DB:0D:31:EA,b3bb9015,1572,2026-07-09T13:32:58.397000Z,1783603978397,131.97
session-1783603749411-du6syw,10:51:DB:0D:31:EA,b3bb9015,1573,2026-07-09T13:32:58.577000Z,1783603978577,132.22
session-1783603749411-du6syw,10:51:DB:0D:31:EA,b3bb9015,1574,2026-07-09T13:32:58.711000Z,1783603978711,134.14
session-1783603749411-du6syw,10:51:DB:0D:31:EA,b3bb9015,1575,2026-07-09T13:32:58.801000Z,1783603978801,133.11
session-1783603749411-du6syw,10:51:DB:0D:31:EA,b3bb9015,1576,2026-07-09T13:32:58.893000Z,1783603978893,133.72
session-1783603749411-du6syw,10:51:DB:0D:31:EA,b3bb9015,1577,2026-07-09T13:32:58.981000Z,1783603978981,131.75
session-1783603749411-du6syw,10:51:DB:0D:31:EA,b3bb9015,1578,2026-07-09T13:32:59.115000Z,1783603979115,131.78
session-1783603749411-du6syw,10:51:DB:0D:31:EA,b3bb9015,1579,2026-07-09T13:32:59.249000Z,1783603979249,131.61
session-1783603749411-du6syw,10:51:DB:0D:31:EA,b3bb9015,1580,2026-07-09T13:32:59.295000Z,1783603979295,130.72
session-1783603749411-du6syw,10:51:DB:0D:31:EA,b3bb9015,1581,2026-07-09T13:32:59.476000Z,1783603979476,131.19
session-1783603749411-du6syw,10:51:DB:0D:31:EA,b3bb9015,1582,2026-07-09T13:32:59.611000Z,1783603979611,131.36
session-1783603749411-du6syw,10:51:DB:0D:31:EA,b3bb9015,1583,2026-07-09T13:32:59.747000Z,1783603979747,53.9
session-1783603749411-du6syw,10:51:DB:0D:31:EA,b3bb9015,1584,2026-07-09T13:32:59.836000Z,1783603979836,131.66
session-1783603749411-du6syw,10:51:DB:0D:31:EA,b3bb9015,1585,2026-07-09T13:32:59.927000Z,1783603979927,135.12
session-1783603749411-du6syw,10:51:DB:0D:31:EA,b3bb9015,1586,2026-07-09T13:33:00.015000Z,1783603980015,135.48
session-1783603749411-du6syw,10:51:DB:0D:31:EA,b3bb9015,1587,2026-07-09T13:33:00.241000Z,1783603980241,53.89
session-1783603749411-du6syw,10:51:DB:0D:31:EA,b3bb9015,1588,2026-07-09T13:33:00.332000Z,1783603980332,136.79
session-1783603749411-du6syw,10:51:DB:0D:31:EA,b3bb9015,1589,2026-07-09T13:33:00.422000Z,1783603980422,134.91
session-1783603749411-du6syw,10:51:DB:0D:31:EA,b3bb9015,1590,2026-07-09T13:33:00.513000Z,1783603980513,135.24
session-1783603749411-du6syw,10:51:DB:0D:31:EA,b3bb9015,1591,2026-07-09T13:33:00.738000Z,1783603980738,132.48
session-1783603749411-du6syw,10:51:DB:0D:31:EA,b3bb9015,1592,2026-07-09T13:33:00.826000Z,1783603980826,132.2
session-1783603749411-du6syw,10:51:DB:0D:31:EA,b3bb9015,1593,2026-07-09T13:33:00.917000Z,1783603980917,132.08
session-1783603749411-du6syw,10:51:DB:0D:31:EA,b3bb9015,1594,2026-07-09T13:33:01.052000Z,1783603981052,134.21
session-1783603749411-du6syw,10:51:DB:0D:31:EA,b3bb9015,1595,2026-07-09T13:33:01.142000Z,1783603981142,53.45
session-1783603749411-du6syw,10:51:DB:0D:31:EA,b3bb9015,1596,2026-07-09T13:33:01.232000Z,1783603981232,134.87
session-1783603749411-du6syw,10:51:DB:0D:31:EA,b3bb9015,1597,2026-07-09T13:33:01.321000Z,1783603981321,134.43
session-1783603749411-du6syw,10:51:DB:0D:31:EA,b3bb9015,1598,2026-07-09T13:33:01.547000Z,1783603981547,134.66
session-1783603749411-du6syw,10:51:DB:0D:31:EA,b3bb9015,1599,2026-07-09T13:33:01.638000Z,1783603981638,134.16
session-1783603749411-du6syw,10:51:DB:0D:31:EA,b3bb9015,1600,2026-07-09T13:33:01.773000Z,1783603981773,134.47
session-1783603749411-du6syw,10:51:DB:0D:31:EA,b3bb9015,1601,2026-07-09T13:33:01.999000Z,1783603981999,134.82
session-1783603749411-du6syw,10:51:DB:0D:31:EA,b3bb9015,1602,2026-07-09T13:33:02.089000Z,1783603982089,135.48
session-1783603749411-du6syw,10:51:DB:0D:31:EA,b3bb9015,1603,2026-07-09T13:33:02.179000Z,1783603982179,135.9
session-1783603749411-du6syw,10:51:DB:0D:31:EA,b3bb9015,1604,2026-07-09T13:33:02.268000Z,1783603982268,132.2
session-1783603749411-du6syw,10:51:DB:0D:31:EA,b3bb9015,1605,2026-07-09T13:33:02.359000Z,1783603982359,134.17
session-1783603749411-du6syw,10:51:DB:0D:31:EA,b3bb9015,1606,2026-07-09T13:33:02.510000Z,1783603982510,132.2
session-1783603749411-du6syw,10:51:DB:0D:31:EA,b3bb9015,1607,2026-07-09T13:33:02.583000Z,1783603982583,53.24
session-1783603749411-du6syw,10:51:DB:0D:31:EA,b3bb9015,1608,2026-07-09T13:33:02.672000Z,1783603982672,134.43
session-1783603749411-du6syw,10:51:DB:0D:31:EA,b3bb9015,1609,2026-07-09T13:33:02.763000Z,1783603982763,132.03
session-1783603749411-du6syw,10:51:DB:0D:31:EA,b3bb9015,1610,2026-07-09T13:33:02.852000Z,1783603982852,132.41
session-1783603749411-du6syw,10:51:DB:0D:31:EA,b3bb9015,1611,2026-07-09T13:33:03.168000Z,1783603983168,135.48
session-1783603749411-du6syw,10:51:DB:0D:31:EA,b3bb9015,1612,2026-07-09T13:33:03.257000Z,1783603983257,135.71
session-1783603749411-du6syw,10:51:DB:0D:31:EA,b3bb9015,1613,2026-07-09T13:33:03.407000Z,1783603983407,136.55
session-1783603749411-du6syw,10:51:DB:0D:31:EA,b3bb9015,1614,2026-07-09T13:33:03.481000Z,1783603983481,132.22
session-1783603749411-du6syw,10:51:DB:0D:31:EA,b3bb9015,1615,2026-07-09T13:33:03.575000Z,1783603983575,135.9
session-1783603749411-du6syw,10:51:DB:0D:31:EA,b3bb9015,1616,2026-07-09T13:33:03.662000Z,1783603983662,135.92
session-1783603749411-du6syw,10:51:DB:0D:31:EA,b3bb9015,1617,2026-07-09T13:33:03.798000Z,1783603983798,134.59
session-1783603749411-du6syw,10:51:DB:0D:31:EA,b3bb9015,1618,2026-07-09T13:33:03.934000Z,1783603983934,134.43
session-1783603749411-du6syw,10:51:DB:0D:31:EA,b3bb9015,1619,2026-07-09T13:33:04.022000Z,1783603984022,52.61
session-1783603749411-du6syw,10:51:DB:0D:31:EA,b3bb9015,1620,2026-07-09T13:33:04.114000Z,1783603984114,134.14
session-1783603749411-du6syw,10:51:DB:0D:31:EA,b3bb9015,1621,2026-07-09T13:33:04.202000Z,1783603984202,134.14
session-1783603749411-du6syw,10:51:DB:0D:31:EA,b3bb9015,1622,2026-07-09T13:33:04.337000Z,1783603984337,131.99
session-1783603749411-du6syw,10:51:DB:0D:31:EA,b3bb9015,1623,2026-07-09T13:33:04.427000Z,1783603984427,134.59
session-1783603749411-du6syw,10:51:DB:0D:31:EA,b3bb9015,1624,2026-07-09T13:33:04.517000Z,1783603984517,132.2
session-1783603749411-du6syw,10:51:DB:0D:31:EA,b3bb9015,1625,2026-07-09T13:33:04.608000Z,1783603984608,132.5
session-1783603749411-du6syw,10:51:DB:0D:31:EA,b3bb9015,1626,2026-07-09T13:33:04.700000Z,1783603984700,132.67
session-1783603749411-du6syw,10:51:DB:0D:31:EA,b3bb9015,1627,2026-07-09T13:33:04.832000Z,1783603984832,134.05
session-1783603749411-du6syw,10:51:DB:0D:31:EA,b3bb9015,1628,2026-07-09T13:33:04.923000Z,1783603984923,52.44
session-1783603749411-du6syw,10:51:DB:0D:31:EA,b3bb9015,1629,2026-07-09T13:33:05.012000Z,1783603985012,132.22
session-1783603749411-du6syw,10:51:DB:0D:31:EA,b3bb9015,1630,2026-07-09T13:33:05.104000Z,1783603985104,133.28
session-1783603749411-du6syw,10:51:DB:0D:31:EA,b3bb9015,1631,2026-07-09T13:33:05.329000Z,1783603985329,133.06
session-1783603749411-du6syw,10:51:DB:0D:31:EA,b3bb9015,1632,2026-07-09T13:33:05.418000Z,1783603985418,133.58
session-1783603749411-du6syw,10:51:DB:0D:31:EA,b3bb9015,1633,2026-07-09T13:33:05.507000Z,1783603985507,135.06
session-1783603749411-du6syw,10:51:DB:0D:31:EA,b3bb9015,1634,2026-07-09T13:33:05.597000Z,1783603985597,132.03
session-1783603749411-du6syw,10:51:DB:0D:31:EA,b3bb9015,1635,2026-07-09T13:33:05.732000Z,1783603985732,134.4
session-1783603749411-du6syw,10:51:DB:0D:31:EA,b3bb9015,1636,2026-07-09T13:33:05.868000Z,1783603985868,52.16
session-1783603749411-du6syw,10:51:DB:0D:31:EA,b3bb9015,1637,2026-07-09T13:33:05.958000Z,1783603985958,132.43
session-1783603749411-du6syw,10:51:DB:0D:31:EA,b3bb9015,1638,2026-07-09T13:33:06.047000Z,1783603986047,131.97
session-1783603749411-du6syw,10:51:DB:0D:31:EA,b3bb9015,1639,2026-07-09T13:33:06.275000Z,1783603986275,135.08
session-1783603749411-du6syw,10:51:DB:0D:31:EA,b3bb9015,1640,2026-07-09T13:33:06.364000Z,1783603986364,131.82
session-1783603749411-du6syw,10:51:DB:0D:31:EA,b3bb9015,1641,2026-07-09T13:33:06.454000Z,1783603986454,131.8
session-1783603749411-du6syw,10:51:DB:0D:31:EA,b3bb9015,1642,2026-07-09T13:33:06.587000Z,1783603986587,137.23
session-1783603749411-du6syw,10:51:DB:0D:31:EA,b3bb9015,1643,2026-07-09T13:33:06.722000Z,1783603986722,132.39
session-1783603749411-du6syw,10:51:DB:0D:31:EA,b3bb9015,1644,2026-07-09T13:33:06.769000Z,1783603986769,132.03
session-1783603749411-du6syw,10:51:DB:0D:31:EA,b3bb9015,1645,2026-07-09T13:33:06.947000Z,1783603986947,132.04
session-1783603749411-du6syw,10:51:DB:0D:31:EA,b3bb9015,1646,2026-07-09T13:33:07.352000Z,1783603987352,134.66
session-1783603749411-du6syw,10:51:DB:0D:31:EA,b3bb9015,1647,2026-07-09T13:33:07.442000Z,1783603987442,132.67
session-1783603749411-du6syw,10:51:DB:0D:31:EA,b3bb9015,1648,2026-07-09T13:33:07.578000Z,1783603987578,132.9
session-1783603749411-du6syw,10:51:DB:0D:31:EA,b3bb9015,1649,2026-07-09T13:33:07.667000Z,1783603987667,134.66
session-1783603749411-du6syw,10:51:DB:0D:31:EA,b3bb9015,1650,2026-07-09T13:33:07.757000Z,1783603987757,131.97
session-1783603749411-du6syw,10:51:DB:0D:31:EA,b3bb9015,1651,2026-07-09T13:33:07.982000Z,1783603987982,135.52
session-1783603749411-du6syw,10:51:DB:0D:31:EA,b3bb9015,1652,2026-07-09T13:33:08.118000Z,1783603988118,132.92
session-1783603749411-du6syw,10:51:DB:0D:31:EA,b3bb9015,1653,2026-07-09T13:33:08.208000Z,1783603988208,135.45
session-1783603749411-du6syw,10:51:DB:0D:31:EA,b3bb9015,1654,2026-07-09T13:33:08.390000Z,1783603988390,136.21
session-1783603749411-du6syw,10:51:DB:0D:31:EA,b3bb9015,1655,2026-07-09T13:33:08.478000Z,1783603988478,134.17
session-1783603749411-du6syw,10:51:DB:0D:31:EA,b3bb9015,1656,2026-07-09T13:33:08.613000Z,1783603988613,134.59
session-1783603749411-du6syw,10:51:DB:0D:31:EA,b3bb9015,1657,2026-07-09T13:33:08.702000Z,1783603988702,51.67
session-1783603749411-du6syw,10:51:DB:0D:31:EA,b3bb9015,1658,2026-07-09T13:33:08.794000Z,1783603988794,133.75
session-1783603749411-du6syw,10:51:DB:0D:31:EA,b3bb9015,1659,2026-07-09T13:33:08.883000Z,1783603988883,135.36
session-1783603749411-du6syw,10:51:DB:0D:31:EA,b3bb9015,1660,2026-07-09T13:33:09.288000Z,1783603989288,135.08
session-1783603749411-du6syw,10:51:DB:0D:31:EA,b3bb9015,1661,2026-07-09T13:33:09.378000Z,1783603989378,132.41
session-1783603749411-du6syw,10:51:DB:0D:31:EA,b3bb9015,1662,2026-07-09T13:33:09.467000Z,1783603989467,133.56
session-1783603749411-du6syw,10:51:DB:0D:31:EA,b3bb9015,1663,2026-07-09T13:33:09.694000Z,1783603989694,132.69
session-1783603749411-du6syw,10:51:DB:0D:31:EA,b3bb9015,1664,2026-07-09T13:33:09.782000Z,1783603989782,131.33
session-1783603749411-du6syw,10:51:DB:0D:31:EA,b3bb9015,1665,2026-07-09T13:33:09.919000Z,1783603989919,132.41
session-1783603749411-du6syw,10:51:DB:0D:31:EA,b3bb9015,1666,2026-07-09T13:33:10.053000Z,1783603990053,134.47
session-1783603749411-du6syw,10:51:DB:0D:31:EA,b3bb9015,1667,2026-07-09T13:33:10.143000Z,1783603990143,51.11
session-1783603749411-du6syw,10:51:DB:0D:31:EA,b3bb9015,1668,2026-07-09T13:33:10.232000Z,1783603990232,134.0
session-1783603749411-du6syw,10:51:DB:0D:31:EA,b3bb9015,1669,2026-07-09T13:33:10.323000Z,1783603990323,134.43
session-1783603749411-du6syw,10:51:DB:0D:31:EA,b3bb9015,1670,2026-07-09T13:33:10.457000Z,1783603990457,132.03
session-1783603749411-du6syw,10:51:DB:0D:31:EA,b3bb9015,1671,2026-07-09T13:33:10.547000Z,1783603990547,132.41
session-1783603749411-du6syw,10:51:DB:0D:31:EA,b3bb9015,1672,2026-07-09T13:33:10.684000Z,1783603990684,134.61
session-1783603749411-du6syw,10:51:DB:0D:31:EA,b3bb9015,1673,2026-07-09T13:33:10.727000Z,1783603990727,135.24
session-1783603749411-du6syw,10:51:DB:0D:31:EA,b3bb9015,1674,2026-07-09T13:33:10.951000Z,1783603990951,135.66
session-1783603749411-du6syw,10:51:DB:0D:31:EA,b3bb9015,1675,2026-07-09T13:33:11.042000Z,1783603991042,51.04
session-1783603749411-du6syw,10:51:DB:0D:31:EA,b3bb9015,1676,2026-07-09T13:33:11.174000Z,1783603991174,134.61
session-1783603749411-du6syw,10:51:DB:0D:31:EA,b3bb9015,1677,2026-07-09T13:33:11.311000Z,1783603991311,132.65
session-1783603749411-du6syw,10:51:DB:0D:31:EA,b3bb9015,1678,2026-07-09T13:33:11.539000Z,1783603991539,132.65
session-1783603749411-du6syw,10:51:DB:0D:31:EA,b3bb9015,1679,2026-07-09T13:33:11.626000Z,1783603991626,133.6
session-1783603749411-du6syw,10:51:DB:0D:31:EA,b3bb9015,1680,2026-07-09T13:33:11.717000Z,1783603991717,134.63
session-1783603749411-du6syw,10:51:DB:0D:31:EA,b3bb9015,1681,2026-07-09T13:33:11.851000Z,1783603991851,133.35
session-1783603749411-du6syw,10:51:DB:0D:31:EA,b3bb9015,1682,2026-07-09T13:33:11.986000Z,1783603991986,50.83
session-1783603749411-du6syw,10:51:DB:0D:31:EA,b3bb9015,1683,2026-07-09T13:33:12.079000Z,1783603992079,132.43
session-1783603749411-du6syw,10:51:DB:0D:31:EA,b3bb9015,1684,2026-07-09T13:33:12.167000Z,1783603992167,135.25
session-1783603749411-du6syw,10:51:DB:0D:31:EA,b3bb9015,1685,2026-07-09T13:33:12.408000Z,1783603992408,136.58
session-1783603749411-du6syw,10:51:DB:0D:31:EA,b3bb9015,1686,2026-07-09T13:33:12.482000Z,1783603992482,50.48
session-1783603749411-du6syw,10:51:DB:0D:31:EA,b3bb9015,1687,2026-07-09T13:33:12.572000Z,1783603992572,132.39
session-1783603749411-du6syw,10:51:DB:0D:31:EA,b3bb9015,1688,2026-07-09T13:33:12.662000Z,1783603992662,132.86
session-1783603749411-du6syw,10:51:DB:0D:31:EA,b3bb9015,1689,2026-07-09T13:33:12.799000Z,1783603992799,132.85
session-1783603749411-du6syw,10:51:DB:0D:31:EA,b3bb9015,1690,2026-07-09T13:33:12.887000Z,1783603992887,132.67
session-1783603749411-du6syw,10:51:DB:0D:31:EA,b3bb9015,1691,2026-07-09T13:33:12.979000Z,1783603992979,131.73
session-1783603749411-du6syw,10:51:DB:0D:31:EA,b3bb9015,1692,2026-07-09T13:33:13.067000Z,1783603993067,133.79
session-1783603749411-du6syw,10:51:DB:0D:31:EA,b3bb9015,1693,2026-07-09T13:33:13.157000Z,1783603993157,134.89
session-1783603749411-du6syw,10:51:DB:0D:31:EA,b3bb9015,1694,2026-07-09T13:33:13.307000Z,1783603993307,134.19
session-1783603749411-du6syw,10:51:DB:0D:31:EA,b3bb9015,1695,2026-07-09T13:33:13.383000Z,1783603993383,50.2
session-1783603749411-du6syw,10:51:DB:0D:31:EA,b3bb9015,1696,2026-07-09T13:33:13.472000Z,1783603993472,131.78
session-1783603749411-du6syw,10:51:DB:0D:31:EA,b3bb9015,1697,2026-07-09T13:33:13.563000Z,1783603993563,132.62
session-1783603749411-du6syw,10:51:DB:0D:31:EA,b3bb9015,1698,2026-07-09T13:33:13.699000Z,1783603993699,132.88
session-1783603749411-du6syw,10:51:DB:0D:31:EA,b3bb9015,1699,2026-07-09T13:33:13.787000Z,1783603993787,132.71
session-1783603749411-du6syw,10:51:DB:0D:31:EA,b3bb9015,1700,2026-07-09T13:33:13.922000Z,1783603993922,136.41
session-1783603749411-du6syw,10:51:DB:0D:31:EA,b3bb9015,1701,2026-07-09T13:33:14.012000Z,1783603994012,135.46
session-1783603749411-du6syw,10:51:DB:0D:31:EA,b3bb9015,1702,2026-07-09T13:33:14.104000Z,1783603994104,136.11
session-1783603749411-du6syw,10:51:DB:0D:31:EA,b3bb9015,1703,2026-07-09T13:33:14.238000Z,1783603994238,135.52
session-1783603749411-du6syw,10:51:DB:0D:31:EA,b3bb9015,1704,2026-07-09T13:33:14.327000Z,1783603994327,135.87
session-1783603749411-du6syw,10:51:DB:0D:31:EA,b3bb9015,1705,2026-07-09T13:33:14.418000Z,1783603994418,135.48
session-1783603749411-du6syw,10:51:DB:0D:31:EA,b3bb9015,1706,2026-07-09T13:33:14.507000Z,1783603994507,134.63
session-1783603749411-du6syw,10:51:DB:0D:31:EA,b3bb9015,1707,2026-07-09T13:33:14.596000Z,1783603994596,135.5
session-1783603749411-du6syw,10:51:DB:0D:31:EA,b3bb9015,1708,2026-07-09T13:33:14.730000Z,1783603994730,131.52
session-1783603749411-du6syw,10:51:DB:0D:31:EA,b3bb9015,1709,2026-07-09T13:33:14.820000Z,1783603994820,50.17
session-1783603749411-du6syw,10:51:DB:0D:31:EA,b3bb9015,1710,2026-07-09T13:33:14.909000Z,1783603994909,133.98
session-1783603749411-du6syw,10:51:DB:0D:31:EA,b3bb9015,1711,2026-07-09T13:33:15.136000Z,1783603995136,131.76
session-1783603749411-du6syw,10:51:DB:0D:31:EA,b3bb9015,1712,2026-07-09T13:33:15.227000Z,1783603995227,132.18
session-1783603749411-du6syw,10:51:DB:0D:31:EA,b3bb9015,1713,2026-07-09T13:33:15.316000Z,1783603995316,133.75
session-1783603749411-du6syw,10:51:DB:0D:31:EA,b3bb9015,1714,2026-07-09T13:33:15.406000Z,1783603995406,135.95
session-1783603749411-du6syw,10:51:DB:0D:31:EA,b3bb9015,1715,2026-07-09T13:33:15.497000Z,1783603995497,135.95
session-1783603749411-du6syw,10:51:DB:0D:31:EA,b3bb9015,1716,2026-07-09T13:33:15.632000Z,1783603995632,131.1
session-1783603749411-du6syw,10:51:DB:0D:31:EA,b3bb9015,1717,2026-07-09T13:33:15.721000Z,1783603995721,131.08
session-1783603749411-du6syw,10:51:DB:0D:31:EA,b3bb9015,1718,2026-07-09T13:33:15.813000Z,1783603995813,135.25
session-1783603749411-du6syw,10:51:DB:0D:31:EA,b3bb9015,1719,2026-07-09T13:33:16.053000Z,1783603996053,131.38
session-1783603749411-du6syw,10:51:DB:0D:31:EA,b3bb9015,1720,2026-07-09T13:33:16.171000Z,1783603996171,132.71
session-1783603749411-du6syw,10:51:DB:0D:31:EA,b3bb9015,1721,2026-07-09T13:33:16.262000Z,1783603996262,49.75
session-1783603749411-du6syw,10:51:DB:0D:31:EA,b3bb9015,1722,2026-07-09T13:33:16.352000Z,1783603996352,134.87
session-1783603749411-du6syw,10:51:DB:0D:31:EA,b3bb9015,1723,2026-07-09T13:33:16.442000Z,1783603996442,135.48
session-1783603749411-du6syw,10:51:DB:0D:31:EA,b3bb9015,1724,2026-07-09T13:33:16.574000Z,1783603996574,132.85
session-1783603749411-du6syw,10:51:DB:0D:31:EA,b3bb9015,1725,2026-07-09T13:33:16.665000Z,1783603996665,135.43
session-1783603749411-du6syw,10:51:DB:0D:31:EA,b3bb9015,1726,2026-07-09T13:33:16.755000Z,1783603996755,135.08
session-1783603749411-du6syw,10:51:DB:0D:31:EA,b3bb9015,1727,2026-07-09T13:33:16.846000Z,1783603996846,134.89
session-1783603749411-du6syw,10:51:DB:0D:31:EA,b3bb9015,1728,2026-07-09T13:33:16.935000Z,1783603996935,130.94
session-1783603749411-du6syw,10:51:DB:0D:31:EA,b3bb9015,1729,2026-07-09T13:33:17.071000Z,1783603997071,134.78
session-1783603749411-du6syw,10:51:DB:0D:31:EA,b3bb9015,1730,2026-07-09T13:33:17.162000Z,1783603997162,49.35
session-1783603749411-du6syw,10:51:DB:0D:31:EA,b3bb9015,1731,2026-07-09T13:33:17.253000Z,1783603997253,133.79
session-1783603749411-du6syw,10:51:DB:0D:31:EA,b3bb9015,1732,2026-07-09T13:33:17.342000Z,1783603997342,134.36
session-1783603749411-du6syw,10:51:DB:0D:31:EA,b3bb9015,1733,2026-07-09T13:33:17.476000Z,1783603997476,136.35
session-1783603749411-du6syw,10:51:DB:0D:31:EA,b3bb9015,1734,2026-07-09T13:33:17.566000Z,1783603997566,136.11
session-1783603749411-du6syw,10:51:DB:0D:31:EA,b3bb9015,1735,2026-07-09T13:33:17.657000Z,1783603997657,136.23
session-1783603749411-du6syw,10:51:DB:0D:31:EA,b3bb9015,1736,2026-07-09T13:33:17.748000Z,1783603997748,131.57
session-1783603749411-du6syw,10:51:DB:0D:31:EA,b3bb9015,1737,2026-07-09T13:33:17.836000Z,1783603997836,137.23
session-1783603749411-du6syw,10:51:DB:0D:31:EA,b3bb9015,1738,2026-07-09T13:33:17.972000Z,1783603997972,131.33
session-1783603749411-du6syw,10:51:DB:0D:31:EA,b3bb9015,1739,2026-07-09T13:33:18.122000Z,1783603998122,131.38
session-1783603749411-du6syw,10:51:DB:0D:31:EA,b3bb9015,1740,2026-07-09T13:33:18.198000Z,1783603998198,134.43
session-1783603749411-du6syw,10:51:DB:0D:31:EA,b3bb9015,1741,2026-07-09T13:33:18.286000Z,1783603998286,134.16
session-1783603749411-du6syw,10:51:DB:0D:31:EA,b3bb9015,1742,2026-07-09T13:33:18.377000Z,1783603998377,131.56
session-1783603749411-du6syw,10:51:DB:0D:31:EA,b3bb9015,1743,2026-07-09T13:33:18.514000Z,1783603998514,135.69
session-1783603749411-du6syw,10:51:DB:0D:31:EA,b3bb9015,1744,2026-07-09T13:33:18.603000Z,1783603998603,48.89
session-1783603749411-du6syw,10:51:DB:0D:31:EA,b3bb9015,1745,2026-07-09T13:33:18.693000Z,1783603998693,131.78
session-1783603749411-du6syw,10:51:DB:0D:31:EA,b3bb9015,1746,2026-07-09T13:33:18.782000Z,1783603998782,135.46
session-1783603749411-du6syw,10:51:DB:0D:31:EA,b3bb9015,1747,2026-07-09T13:33:19.008000Z,1783603999008,136.35
session-1783603749411-du6syw,10:51:DB:0D:31:EA,b3bb9015,1748,2026-07-09T13:33:19.099000Z,1783603999099,135.31
session-1783603749411-du6syw,10:51:DB:0D:31:EA,b3bb9015,1749,2026-07-09T13:33:19.188000Z,1783603999188,151.36
session-1783603749411-du6syw,10:51:DB:0D:31:EA,b3bb9015,1750,2026-07-09T13:33:19.413000Z,1783603999413,48.88
session-1783603749411-du6syw,10:51:DB:0D:31:EA,b3bb9015,1751,2026-07-09T13:33:19.502000Z,1783603999502,131.75
session-1783603749411-du6syw,10:51:DB:0D:31:EA,b3bb9015,1752,2026-07-09T13:33:19.592000Z,1783603999592,135.48
session-1783603749411-du6syw,10:51:DB:0D:31:EA,b3bb9015,1753,2026-07-09T13:33:19.727000Z,1783603999727,131.15
session-1783603749411-du6syw,10:51:DB:0D:31:EA,b3bb9015,1754,2026-07-09T13:33:19.816000Z,1783603999816,131.78
session-1783603749411-du6syw,10:51:DB:0D:31:EA,b3bb9015,1755,2026-07-09T13:33:19.907000Z,1783603999907,134.61
session-1783603749411-du6syw,10:51:DB:0D:31:EA,b3bb9015,1756,2026-07-09T13:33:19.997000Z,1783603999997,131.15
session-1783603749411-du6syw,10:51:DB:0D:31:EA,b3bb9015,1757,2026-07-09T13:33:20.147000Z,1783604000147,131.1
session-1783603749411-du6syw,10:51:DB:0D:31:EA,b3bb9015,1758,2026-07-09T13:33:20.357000Z,1783604000357,130.91
session-1783603749411-du6syw,10:51:DB:0D:31:EA,b3bb9015,1759,2026-07-09T13:33:20.537000Z,1783604000537,131.33
session-1783603749411-du6syw,10:51:DB:0D:31:EA,b3bb9015,1760,2026-07-09T13:33:20.626000Z,1783604000626,131.75
session-1783603749411-du6syw,10:51:DB:0D:31:EA,b3bb9015,1761,2026-07-09T13:33:20.760000Z,1783604000760,130.89
session-1783603749411-du6syw,10:51:DB:0D:31:EA,b3bb9015,1762,2026-07-09T13:33:20.853000Z,1783604000853,48.46
session-1783603749411-du6syw,10:51:DB:0D:31:EA,b3bb9015,1763,2026-07-09T13:33:21.077000Z,1783604001077,136.35
session-1783603749411-du6syw,10:51:DB:0D:31:EA,b3bb9015,1764,2026-07-09T13:33:21.167000Z,1783604001167,134.84
session-1783603749411-du6syw,10:51:DB:0D:31:EA,b3bb9015,1765,2026-07-09T13:33:21.257000Z,1783604001257,135.31
session-1783603749411-du6syw,10:51:DB:0D:31:EA,b3bb9015,1766,2026-07-09T13:33:21.408000Z,1783604001408,135.32
session-1783603749411-du6syw,10:51:DB:0D:31:EA,b3bb9015,1767,2026-07-09T13:33:21.482000Z,1783604001482,135.46
session-1783603749411-du6syw,10:51:DB:0D:31:EA,b3bb9015,1768,2026-07-09T13:33:21.570000Z,1783604001570,134.87
session-1783603749411-du6syw,10:51:DB:0D:31:EA,b3bb9015,1769,2026-07-09T13:33:21.797000Z,1783604001797,130.25
session-1783603749411-du6syw,10:51:DB:0D:31:EA,b3bb9015,1770,2026-07-09T13:33:21.887000Z,1783604001887,130.7
session-1783603749411-du6syw,10:51:DB:0D:31:EA,b3bb9015,1771,2026-07-09T13:33:21.976000Z,1783604001976,130.74
session-1783603749411-du6syw,10:51:DB:0D:31:EA,b3bb9015,1772,2026-07-09T13:33:22.202000Z,1783604002202,131.15
session-1783603749411-du6syw,10:51:DB:0D:31:EA,b3bb9015,1773,2026-07-09T13:33:22.337000Z,1783604002337,130.07
session-1783603749411-du6syw,10:51:DB:0D:31:EA,b3bb9015,1774,2026-07-09T13:33:22.427000Z,1783604002427,133.28
session-1783603749411-du6syw,10:51:DB:0D:31:EA,b3bb9015,1775,2026-07-09T13:33:22.517000Z,1783604002517,135.48
session-1783603749411-du6syw,10:51:DB:0D:31:EA,b3bb9015,1776,2026-07-09T13:33:22.607000Z,1783604002607,135.46
session-1783603749411-du6syw,10:51:DB:0D:31:EA,b3bb9015,1777,2026-07-09T13:33:22.696000Z,1783604002696,134.85
session-1783603749411-du6syw,10:51:DB:0D:31:EA,b3bb9015,1778,2026-07-09T13:33:22.833000Z,1783604002833,130.91
session-1783603749411-du6syw,10:51:DB:0D:31:EA,b3bb9015,1779,2026-07-09T13:33:22.923000Z,1783604002923,47.78
session-1783603749411-du6syw,10:51:DB:0D:31:EA,b3bb9015,1780,2026-07-09T13:33:23.013000Z,1783604003013,134.82
session-1783603749411-du6syw,10:51:DB:0D:31:EA,b3bb9015,1781,2026-07-09T13:33:23.103000Z,1783604003103,130.47
session-1783603749411-du6syw,10:51:DB:0D:31:EA,b3bb9015,1782,2026-07-09T13:33:23.327000Z,1783604003327,131.33
session-1783603749411-du6syw,10:51:DB:0D:31:EA,b3bb9015,1783,2026-07-09T13:33:23.415000Z,1783604003415,130.86
session-1783603749411-du6syw,10:51:DB:0D:31:EA,b3bb9015,1784,2026-07-09T13:33:23.507000Z,1783604003507,130.46
session-1783603749411-du6syw,10:51:DB:0D:31:EA,b3bb9015,1785,2026-07-09T13:33:23.867000Z,1783604003867,131.97
session-1783603749411-du6syw,10:51:DB:0D:31:EA,b3bb9015,1786,2026-07-09T13:33:24.002000Z,1783604004002,135.31
session-1783603749411-du6syw,10:51:DB:0D:31:EA,b3bb9015,1787,2026-07-09T13:33:24.092000Z,1783604004092,130.26
session-1783603749411-du6syw,10:51:DB:0D:31:EA,b3bb9015,1788,2026-07-09T13:33:24.360000Z,1783604004360,65.7
session-1783603749411-du6syw,10:51:DB:0D:31:EA,b3bb9015,1789,2026-07-09T13:33:24.449000Z,1783604004449,135.92
session-1783603749411-du6syw,10:51:DB:0D:31:EA,b3bb9015,1790,2026-07-09T13:33:24.539000Z,1783604004539,129.76
session-1783603749411-du6syw,10:51:DB:0D:31:EA,b3bb9015,1791,2026-07-09T13:33:24.675000Z,1783604004675,135.46
session-1783603749411-du6syw,10:51:DB:0D:31:EA,b3bb9015,1792,2026-07-09T13:33:24.764000Z,1783604004764,129.22
session-1783603749411-du6syw,10:51:DB:0D:31:EA,b3bb9015,1793,2026-07-09T13:33:24.854000Z,1783604004854,130.26
session-1783603749411-du6syw,10:51:DB:0D:31:EA,b3bb9015,1794,2026-07-09T13:33:25.125000Z,1783604005125,131.38
session-1783603749411-du6syw,10:51:DB:0D:31:EA,b3bb9015,1795,2026-07-09T13:33:25.397000Z,1783604005397,135.73
session-1783603749411-du6syw,10:51:DB:0D:31:EA,b3bb9015,1796,2026-07-09T13:33:25.440000Z,1783604005440,131.36
session-1783603749411-du6syw,10:51:DB:0D:31:EA,b3bb9015,1797,2026-07-09T13:33:25.576000Z,1783604005576,134.16
session-1783603749411-du6syw,10:51:DB:0D:31:EA,b3bb9015,1798,2026-07-09T13:33:25.664000Z,1783604005664,134.36
session-1783603749411-du6syw,10:51:DB:0D:31:EA,b3bb9015,1799,2026-07-09T13:33:25.757000Z,1783604005757,130.21
session-1783603749411-du6syw,10:51:DB:0D:31:EA,b3bb9015,1800,2026-07-09T13:33:25.844000Z,1783604005844,130.65
session-1783603749411-du6syw,10:51:DB:0D:31:EA,b3bb9015,1801,2026-07-09T13:33:25.935000Z,1783604005935,135.45
session-1783603749411-du6syw,10:51:DB:0D:31:EA,b3bb9015,1802,2026-07-09T13:33:26.086000Z,1783604006086,131.8
session-1783603749411-du6syw,10:51:DB:0D:31:EA,b3bb9015,1803,2026-07-09T13:33:26.161000Z,1783604006161,46.94
session-1783603749411-du6syw,10:51:DB:0D:31:EA,b3bb9015,1804,2026-07-09T13:33:26.297000Z,1783604006297,135.94
session-1783603749411-du6syw,10:51:DB:0D:31:EA,b3bb9015,1805,2026-07-09T13:33:26.386000Z,1783604006386,130.65
session-1783603749411-du6syw,10:51:DB:0D:31:EA,b3bb9015,1806,2026-07-09T13:33:26.522000Z,1783604006522,132.62
session-1783603749411-du6syw,10:51:DB:0D:31:EA,b3bb9015,1807,2026-07-09T13:33:26.705000Z,1783604006705,140.52
session-1783603749411-du6syw,10:51:DB:0D:31:EA,b3bb9015,1808,2026-07-09T13:33:26.789000Z,1783604006789,135.69
session-1783603749411-du6syw,10:51:DB:0D:31:EA,b3bb9015,1809,2026-07-09T13:33:27.016000Z,1783604007016,131.1
session-1783603749411-du6syw,10:51:DB:0D:31:EA,b3bb9015,1810,2026-07-09T13:33:27.107000Z,1783604007107,133.98
session-1783603749411-du6syw,10:51:DB:0D:31:EA,b3bb9015,1811,2026-07-09T13:33:27.286000Z,1783604007286,132.2
session-1783603749411-du6syw,10:51:DB:0D:31:EA,b3bb9015,1812,2026-07-09T13:33:27.421000Z,1783604007421,135.03
session-1783603749411-du6syw,10:51:DB:0D:31:EA,b3bb9015,1813,2026-07-09T13:33:27.511000Z,1783604007511,132.46
session-1783603749411-du6syw,10:51:DB:0D:31:EA,b3bb9015,1814,2026-07-09T13:33:27.604000Z,1783604007604,135.06
session-1783603749411-du6syw,10:51:DB:0D:31:EA,b3bb9015,1815,2026-07-09T13:33:27.691000Z,1783604007691,130.68
session-1783603749411-du6syw,10:51:DB:0D:31:EA,b3bb9015,1816,2026-07-09T13:33:27.782000Z,1783604007782,135.31
session-1783603749411-du6syw,10:51:DB:0D:31:EA,b3bb9015,1817,2026-07-09T13:33:27.872000Z,1783604007872,130.23
session-1783603749411-du6syw,10:51:DB:0D:31:EA,b3bb9015,1818,2026-07-09T13:33:28.098000Z,1783604008098,134.85
session-1783603749411-du6syw,10:51:DB:0D:31:EA,b3bb9015,1819,2026-07-09T13:33:28.322000Z,1783604008322,135.01
session-1783603749411-du6syw,10:51:DB:0D:31:EA,b3bb9015,1820,2026-07-09T13:33:28.457000Z,1783604008457,135.29
session-1783603749411-du6syw,10:51:DB:0D:31:EA,b3bb9015,1821,2026-07-09T13:33:28.545000Z,1783604008545,133.72
session-1783603749411-du6syw,10:51:DB:0D:31:EA,b3bb9015,1822,2026-07-09T13:33:28.634000Z,1783604008634,135.48
session-1783603749411-du6syw,10:51:DB:0D:31:EA,b3bb9015,1823,2026-07-09T13:33:28.724000Z,1783604008724,135.57
session-1783603749411-du6syw,10:51:DB:0D:31:EA,b3bb9015,1824,2026-07-09T13:33:28.814000Z,1783604008814,135.25
session-1783603749411-du6syw,10:51:DB:0D:31:EA,b3bb9015,1825,2026-07-09T13:33:28.949000Z,1783604008949,134.87
session-1783603749411-du6syw,10:51:DB:0D:31:EA,b3bb9015,1826,2026-07-09T13:33:29.039000Z,1783604009039,46.05
session-1783603749411-du6syw,10:51:DB:0D:31:EA,b3bb9015,1827,2026-07-09T13:33:29.131000Z,1783604009131,130.23
session-1783603749411-du6syw,10:51:DB:0D:31:EA,b3bb9015,1828,2026-07-09T13:33:29.356000Z,1783604009356,136.81
session-1783603749411-du6syw,10:51:DB:0D:31:EA,b3bb9015,1829,2026-07-09T13:33:29.445000Z,1783604009445,131.7
session-1783603749411-du6syw,10:51:DB:0D:31:EA,b3bb9015,1830,2026-07-09T13:33:29.537000Z,1783604009537,130.32
session-1783603749411-du6syw,10:51:DB:0D:31:EA,b3bb9015,1831,2026-07-09T13:33:29.627000Z,1783604009627,135.48
session-1783603749411-du6syw,10:51:DB:0D:31:EA,b3bb9015,1832,2026-07-09T13:33:29.762000Z,1783604009762,134.4
session-1783603749411-du6syw,10:51:DB:0D:31:EA,b3bb9015,1833,2026-07-09T13:33:30.078000Z,1783604010078,130.42
session-1783603749411-du6syw,10:51:DB:0D:31:EA,b3bb9015,1834,2026-07-09T13:33:30.122000Z,1783604010122,135.46
session-1783603749411-du6syw,10:51:DB:0D:31:EA,b3bb9015,1835,2026-07-09T13:33:30.258000Z,1783604010258,131.31
session-1783603749411-du6syw,10:51:DB:0D:31:EA,b3bb9015,1836,2026-07-09T13:33:30.483000Z,1783604010483,44.08
session-1783603749411-du6syw,10:51:DB:0D:31:EA,b3bb9015,1837,2026-07-09T13:33:30.571000Z,1783604010571,130.47
session-1783603749411-du6syw,10:51:DB:0D:31:EA,b3bb9015,1838,2026-07-09T13:33:30.931000Z,1783604010931,133.72
session-1783603749411-du6syw,10:51:DB:0D:31:EA,b3bb9015,1839,2026-07-09T13:33:30.975000Z,1783604010975,135.46
session-1783603749411-du6syw,10:51:DB:0D:31:EA,b3bb9015,1840,2026-07-09T13:33:31.067000Z,1783604011067,130.74
session-1783603749411-du6syw,10:51:DB:0D:31:EA,b3bb9015,1841,2026-07-09T13:33:31.248000Z,1783604011248,135.53
session-1783603749411-du6syw,10:51:DB:0D:31:EA,b3bb9015,1842,2026-07-09T13:33:31.516000Z,1783604011516,150.75
session-1783603749411-du6syw,10:51:DB:0D:31:EA,b3bb9015,1843,2026-07-09T13:33:31.608000Z,1783604011608,133.18
session-1783603749411-du6syw,10:51:DB:0D:31:EA,b3bb9015,1844,2026-07-09T13:33:31.697000Z,1783604011697,130.32
session-1783603749411-du6syw,10:51:DB:0D:31:EA,b3bb9015,1845,2026-07-09T13:33:31.786000Z,1783604011786,129.86
session-1783603749411-du6syw,10:51:DB:0D:31:EA,b3bb9015,1846,2026-07-09T13:33:31.877000Z,1783604011877,137.66
session-1783603749411-du6syw,10:51:DB:0D:31:EA,b3bb9015,1847,2026-07-09T13:33:31.968000Z,1783604011968,136.35
session-1783603749411-du6syw,10:51:DB:0D:31:EA,b3bb9015,1848,2026-07-09T13:33:32.194000Z,1783604012194,45.16
session-1783603749411-du6syw,10:51:DB:0D:31:EA,b3bb9015,1849,2026-07-09T13:33:32.419000Z,1783604012419,130.89
session-1783603749411-du6syw,10:51:DB:0D:31:EA,b3bb9015,1850,2026-07-09T13:33:32.507000Z,1783604012507,129.85
session-1783603749411-du6syw,10:51:DB:0D:31:EA,b3bb9015,1851,2026-07-09T13:33:32.658000Z,1783604012658,128.99
session-1783603749411-du6syw,10:51:DB:0D:31:EA,b3bb9015,1852,2026-07-09T13:33:32.732000Z,1783604012732,45.2
session-1783603749411-du6syw,10:51:DB:0D:31:EA,b3bb9015,1853,2026-07-09T13:33:32.822000Z,1783604012822,135.06
session-1783603749411-du6syw,10:51:DB:0D:31:EA,b3bb9015,1854,2026-07-09T13:33:32.972000Z,1783604012972,129.81
session-1783603749411-du6syw,10:51:DB:0D:31:EA,b3bb9015,1855,2026-07-09T13:33:33.007000Z,1783604013007,135.88
session-1783603749411-du6syw,10:51:DB:0D:31:EA,b3bb9015,1856,2026-07-09T13:33:33.227000Z,1783604013227,129.79
session-1783603749411-du6syw,10:51:DB:0D:31:EA,b3bb9015,1857,2026-07-09T13:33:33.362000Z,1783604013362,130.05
session-1783603749411-du6syw,10:51:DB:0D:31:EA,b3bb9015,1858,2026-07-09T13:33:33.406000Z,1783604013406,130.0
session-1783603749411-du6syw,10:51:DB:0D:31:EA,b3bb9015,1859,2026-07-09T13:33:33.557000Z,1783604013557,136.81
session-1783603749411-du6syw,10:51:DB:0D:31:EA,b3bb9015,1860,2026-07-09T13:33:33.633000Z,1783604013633,131.15
session-1783603749411-du6syw,10:51:DB:0D:31:EA,b3bb9015,1861,2026-07-09T13:33:33.766000Z,1783604013766,129.37
session-1783603749411-du6syw,10:51:DB:0D:31:EA,b3bb9015,1862,2026-07-09T13:33:33.947000Z,1783604013947,135.48
session-1783603749411-du6syw,10:51:DB:0D:31:EA,b3bb9015,1863,2026-07-09T13:33:34.037000Z,1783604014037,137.21
session-1783603749411-du6syw,10:51:DB:0D:31:EA,b3bb9015,1864,2026-07-09T13:33:34.173000Z,1783604014173,129.64
session-1783603749411-du6syw,10:51:DB:0D:31:EA,b3bb9015,1865,2026-07-09T13:33:34.262000Z,1783604014262,44.74
session-1783603749411-du6syw,10:51:DB:0D:31:EA,b3bb9015,1866,2026-07-09T13:33:34.622000Z,1783604014622,130.47
session-1783603749411-du6syw,10:51:DB:0D:31:EA,b3bb9015,1867,2026-07-09T13:33:34.667000Z,1783604014667,129.62
session-1783603749411-du6syw,10:51:DB:0D:31:EA,b3bb9015,1868,2026-07-09T13:33:34.891000Z,1783604014891,135.01
session-1783603749411-du6syw,10:51:DB:0D:31:EA,b3bb9015,1869,2026-07-09T13:33:35.117000Z,1783604015117,135.06
session-1783603749411-du6syw,10:51:DB:0D:31:EA,b3bb9015,1870,2026-07-09T13:33:35.209000Z,1783604015209,131.83
session-1783603749411-du6syw,10:51:DB:0D:31:EA,b3bb9015,1871,2026-07-09T13:33:35.297000Z,1783604015297,134.16
session-1783603749411-du6syw,10:51:DB:0D:31:EA,b3bb9015,1872,2026-07-09T13:33:35.387000Z,1783604015387,134.59
session-1783603749411-du6syw,10:51:DB:0D:31:EA,b3bb9015,1873,2026-07-09T13:33:35.477000Z,1783604015477,130.0
session-1783603749411-du6syw,10:51:DB:0D:31:EA,b3bb9015,1874,2026-07-09T13:33:35.627000Z,1783604015627,134.57
session-1783603749411-du6syw,10:51:DB:0D:31:EA,b3bb9015,1875,2026-07-09T13:33:35.702000Z,1783604015702,44.36
session-1783603749411-du6syw,10:51:DB:0D:31:EA,b3bb9015,1876,2026-07-09T13:33:35.791000Z,1783604015791,129.62
session-1783603749411-du6syw,10:51:DB:0D:31:EA,b3bb9015,1877,2026-07-09T13:33:35.881000Z,1783604015881,134.87
session-1783603749411-du6syw,10:51:DB:0D:31:EA,b3bb9015,1878,2026-07-09T13:33:36.016000Z,1783604016016,135.03
session-1783603749411-du6syw,10:51:DB:0D:31:EA,b3bb9015,1879,2026-07-09T13:33:36.107000Z,1783604016107,130.68
session-1783603749411-du6syw,10:51:DB:0D:31:EA,b3bb9015,1880,2026-07-09T13:33:36.197000Z,1783604016197,129.64
session-1783603749411-du6syw,10:51:DB:0D:31:EA,b3bb9015,1881,2026-07-09T13:33:36.288000Z,1783604016288,130.46
session-1783603749411-du6syw,10:51:DB:0D:31:EA,b3bb9015,1882,2026-07-09T13:33:36.379000Z,1783604016379,136.77
session-1783603749411-du6syw,10:51:DB:0D:31:EA,b3bb9015,1883,2026-07-09T13:33:36.529000Z,1783604016529,135.88
session-1783603749411-du6syw,10:51:DB:0D:31:EA,b3bb9015,1884,2026-07-09T13:33:36.646000Z,1783604016646,59.36
session-1783603749411-du6syw,10:51:DB:0D:31:EA,b3bb9015,1885,2026-07-09T13:33:36.737000Z,1783604016737,129.18
session-1783603749411-du6syw,10:51:DB:0D:31:EA,b3bb9015,1886,2026-07-09T13:33:36.827000Z,1783604016827,129.39
session-1783603749411-du6syw,10:51:DB:0D:31:EA,b3bb9015,1887,2026-07-09T13:33:36.916000Z,1783604016916,130.04
session-1783603749411-du6syw,10:51:DB:0D:31:EA,b3bb9015,1888,2026-07-09T13:33:37.053000Z,1783604017053,135.5
session-1783603749411-du6syw,10:51:DB:0D:31:EA,b3bb9015,1889,2026-07-09T13:33:37.144000Z,1783604017144,44.13
session-1783603749411-du6syw,10:51:DB:0D:31:EA,b3bb9015,1890,2026-07-09T13:33:37.234000Z,1783604017234,162.08
session-1783603749411-du6syw,10:51:DB:0D:31:EA,b3bb9015,1891,2026-07-09T13:33:37.458000Z,1783604017458,131.35
session-1783603749411-du6syw,10:51:DB:0D:31:EA,b3bb9015,1892,2026-07-09T13:33:37.548000Z,1783604017548,134.85
session-1783603749411-du6syw,10:51:DB:0D:31:EA,b3bb9015,1893,2026-07-09T13:33:37.636000Z,1783604017636,130.07
session-1783603749411-du6syw,10:51:DB:0D:31:EA,b3bb9015,1894,2026-07-09T13:33:37.727000Z,1783604017727,129.36
session-1783603749411-du6syw,10:51:DB:0D:31:EA,b3bb9015,1895,2026-07-09T13:33:37.861000Z,1783604017861,129.62
session-1783603749411-du6syw,10:51:DB:0D:31:EA,b3bb9015,1896,2026-07-09T13:33:37.952000Z,1783604017952,43.89
session-1783603749411-du6syw,10:51:DB:0D:31:EA,b3bb9015,1897,2026-07-09T13:33:38.086000Z,1783604018086,134.8
session-1783603749411-du6syw,10:51:DB:0D:31:EA,b3bb9015,1898,2026-07-09T13:33:38.131000Z,1783604018131,135.34
session-1783603749411-du6syw,10:51:DB:0D:31:EA,b3bb9015,1899,2026-07-09T13:33:38.267000Z,1783604018267,130.65
session-1783603749411-du6syw,10:51:DB:0D:31:EA,b3bb9015,1900,2026-07-09T13:33:38.494000Z,1783604018494,130.09
session-1783603749411-du6syw,10:51:DB:0D:31:EA,b3bb9015,1901,2026-07-09T13:33:38.626000Z,1783604018626,43.9
session-1783603749411-du6syw,10:51:DB:0D:31:EA,b3bb9015,1902,2026-07-09T13:33:38.760000Z,1783604018760,136.35
session-1783603749411-du6syw,10:51:DB:0D:31:EA,b3bb9015,1903,2026-07-09T13:33:38.806000Z,1783604018806,135.48
session-1783603749411-du6syw,10:51:DB:0D:31:EA,b3bb9015,1904,2026-07-09T13:33:38.898000Z,1783604018898,135.1
session-1783603749411-du6syw,10:51:DB:0D:31:EA,b3bb9015,1905,2026-07-09T13:33:39.032000Z,1783604019032,129.99
session-1783603749411-du6syw,10:51:DB:0D:31:EA,b3bb9015,1906,2026-07-09T13:33:39.122000Z,1783604019122,43.85
session-1783603749411-du6syw,10:51:DB:0D:31:EA,b3bb9015,1907,2026-07-09T13:33:39.212000Z,1783604019212,134.85
session-1783603749411-du6syw,10:51:DB:0D:31:EA,b3bb9015,1908,2026-07-09T13:33:39.303000Z,1783604019303,134.85
session-1783603749411-du6syw,10:51:DB:0D:31:EA,b3bb9015,1909,2026-07-09T13:33:39.393000Z,1783604019393,136.76
session-1783603749411-du6syw,10:51:DB:0D:31:EA,b3bb9015,1910,2026-07-09T13:33:39.617000Z,1783604019617,135.46
session-1783603749411-du6syw,10:51:DB:0D:31:EA,b3bb9015,1911,2026-07-09T13:33:39.708000Z,1783604019708,129.43
session-1783603749411-du6syw,10:51:DB:0D:31:EA,b3bb9015,1912,2026-07-09T13:33:39.934000Z,1783604019934,130.05
session-1783603749411-du6syw,10:51:DB:0D:31:EA,b3bb9015,1913,2026-07-09T13:33:40.022000Z,1783604020022,43.45
session-1783603749411-du6syw,10:51:DB:0D:31:EA,b3bb9015,1914,2026-07-09T13:33:40.112000Z,1783604020112,135.05
session-1783603749411-du6syw,10:51:DB:0D:31:EA,b3bb9015,1915,2026-07-09T13:33:40.201000Z,1783604020201,135.01
session-1783603749411-du6syw,10:51:DB:0D:31:EA,b3bb9015,1916,2026-07-09T13:33:40.337000Z,1783604020337,129.65
session-1783603749411-du6syw,10:51:DB:0D:31:EA,b3bb9015,1917,2026-07-09T13:33:40.429000Z,1783604020429,130.65
session-1783603749411-du6syw,10:51:DB:0D:31:EA,b3bb9015,1918,2026-07-09T13:33:40.517000Z,1783604020517,135.01
session-1783603749411-du6syw,10:51:DB:0D:31:EA,b3bb9015,1919,2026-07-09T13:33:40.654000Z,1783604020654,130.47
session-1783603749411-du6syw,10:51:DB:0D:31:EA,b3bb9015,1920,2026-07-09T13:33:40.741000Z,1783604020741,130.0
session-1783603749411-du6syw,10:51:DB:0D:31:EA,b3bb9015,1921,2026-07-09T13:33:40.894000Z,1783604020894,134.59
session-1783603749411-du6syw,10:51:DB:0D:31:EA,b3bb9015,1922,2026-07-09T13:33:41.014000Z,1783604021014,130.0
session-1783603749411-du6syw,10:51:DB:0D:31:EA,b3bb9015,1923,2026-07-09T13:33:41.102000Z,1783604021102,134.61
session-1783603749411-du6syw,10:51:DB:0D:31:EA,b3bb9015,1924,2026-07-09T13:33:41.146000Z,1783604021146,134.45
session-1783603749411-du6syw,10:51:DB:0D:31:EA,b3bb9015,1925,2026-07-09T13:33:41.372000Z,1783604021372,134.45
session-1783603749411-du6syw,10:51:DB:0D:31:EA,b3bb9015,1926,2026-07-09T13:33:41.462000Z,1783604021462,43.4
session-1783603749411-du6syw,10:51:DB:0D:31:EA,b3bb9015,1927,2026-07-09T13:33:41.552000Z,1783604021552,130.21
session-1783603749411-du6syw,10:51:DB:0D:31:EA,b3bb9015,1928,2026-07-09T13:33:41.642000Z,1783604021642,136.6
session-1783603749411-du6syw,10:51:DB:0D:31:EA,b3bb9015,1929,2026-07-09T13:33:41.731000Z,1783604021731,130.04
session-1783603749411-du6syw,10:51:DB:0D:31:EA,b3bb9015,1930,2026-07-09T13:33:41.956000Z,1783604021956,129.44
session-1783603749411-du6syw,10:51:DB:0D:31:EA,b3bb9015,1931,2026-07-09T13:33:42.139000Z,1783604022139,129.39
session-1783603749411-du6syw,10:51:DB:0D:31:EA,b3bb9015,1932,2026-07-09T13:33:42.272000Z,1783604022272,129.76
session-1783603749411-du6syw,10:51:DB:0D:31:EA,b3bb9015,1933,2026-07-09T13:33:42.364000Z,1783604022364,130.93
session-1783603749411-du6syw,10:51:DB:0D:31:EA,b3bb9015,1934,2026-07-09T13:33:42.452000Z,1783604022452,130.05
session-1783603749411-du6syw,10:51:DB:0D:31:EA,b3bb9015,1935,2026-07-09T13:33:42.603000Z,1783604022603,130.05
session-1783603749411-du6syw,10:51:DB:0D:31:EA,b3bb9015,1936,2026-07-09T13:33:42.676000Z,1783604022676,129.86
session-1783603749411-du6syw,10:51:DB:0D:31:EA,b3bb9015,1937,2026-07-09T13:33:42.826000Z,1783604022826,134.63
session-1783603749411-du6syw,10:51:DB:0D:31:EA,b3bb9015,1938,2026-07-09T13:33:42.902000Z,1783604022902,130.68
session-1783603749411-du6syw,10:51:DB:0D:31:EA,b3bb9015,1939,2026-07-09T13:33:42.993000Z,1783604022993,130.0
session-1783603749411-du6syw,10:51:DB:0D:31:EA,b3bb9015,1940,2026-07-09T13:33:43.307000Z,1783604023307,130.04
session-1783603749411-du6syw,10:51:DB:0D:31:EA,b3bb9015,1941,2026-07-09T13:33:43.398000Z,1783604023398,129.58
session-1783603749411-du6syw,10:51:DB:0D:31:EA,b3bb9015,1942,2026-07-09T13:33:43.486000Z,1783604023486,130.07
session-1783603749411-du6syw,10:51:DB:0D:31:EA,b3bb9015,1943,2026-07-09T13:33:43.577000Z,1783604023577,129.65
session-1783603749411-du6syw,10:51:DB:0D:31:EA,b3bb9015,1944,2026-07-09T13:33:43.802000Z,1783604023802,42.61
session-1783603749411-du6syw,10:51:DB:0D:31:EA,b3bb9015,1945,2026-07-09T13:33:43.892000Z,1783604023892,135.31
session-1783603749411-du6syw,10:51:DB:0D:31:EA,b3bb9015,1946,2026-07-09T13:33:43.983000Z,1783604023983,135.03
session-1783603749411-du6syw,10:51:DB:0D:31:EA,b3bb9015,1947,2026-07-09T13:33:44.118000Z,1783604024118,135.27
session-1783603749411-du6syw,10:51:DB:0D:31:EA,b3bb9015,1948,2026-07-09T13:33:44.207000Z,1783604024207,132.36
session-1783603749411-du6syw,10:51:DB:0D:31:EA,b3bb9015,1949,2026-07-09T13:33:44.297000Z,1783604024297,134.59
session-1783603749411-du6syw,10:51:DB:0D:31:EA,b3bb9015,1950,2026-07-09T13:33:44.387000Z,1783604024387,130.04
session-1783603749411-du6syw,10:51:DB:0D:31:EA,b3bb9015,1951,2026-07-09T13:33:44.479000Z,1783604024479,129.2
session-1783603749411-du6syw,10:51:DB:0D:31:EA,b3bb9015,1952,2026-07-09T13:33:44.747000Z,1783604024747,42.33
session-1783603749411-du6syw,10:51:DB:0D:31:EA,b3bb9015,1953,2026-07-09T13:33:44.926000Z,1783604024926,136.35
session-1783603749411-du6syw,10:51:DB:0D:31:EA,b3bb9015,1954,2026-07-09T13:33:45.017000Z,1783604025017,129.37
session-1783603749411-du6syw,10:51:DB:0D:31:EA,b3bb9015,1955,2026-07-09T13:33:45.153000Z,1783604025153,135.46
session-1783603749411-du6syw,10:51:DB:0D:31:EA,b3bb9015,1956,2026-07-09T13:33:45.243000Z,1783604025243,42.12
session-1783603749411-du6syw,10:51:DB:0D:31:EA,b3bb9015,1957,2026-07-09T13:33:45.331000Z,1783604025331,130.23
session-1783603749411-du6syw,10:51:DB:0D:31:EA,b3bb9015,1958,2026-07-09T13:33:45.558000Z,1783604025558,129.9
session-1783603749411-du6syw,10:51:DB:0D:31:EA,b3bb9015,1959,2026-07-09T13:33:45.646000Z,1783604025646,129.03
session-1783603749411-du6syw,10:51:DB:0D:31:EA,b3bb9015,1960,2026-07-09T13:33:45.736000Z,1783604025736,129.81
session-1783603749411-du6syw,10:51:DB:0D:31:EA,b3bb9015,1961,2026-07-09T13:33:45.827000Z,1783604025827,133.7
session-1783603749411-du6syw,10:51:DB:0D:31:EA,b3bb9015,1962,2026-07-09T13:33:45.916000Z,1783604025916,134.61
session-1783603749411-du6syw,10:51:DB:0D:31:EA,b3bb9015,1963,2026-07-09T13:33:46.142000Z,1783604026142,41.74
session-1783603749411-du6syw,10:51:DB:0D:31:EA,b3bb9015,1964,2026-07-09T13:33:46.231000Z,1783604026231,135.48
session-1783603749411-du6syw,10:51:DB:0D:31:EA,b3bb9015,1965,2026-07-09T13:33:46.322000Z,1783604026322,130.02
session-1783603749411-du6syw,10:51:DB:0D:31:EA,b3bb9015,1966,2026-07-09T13:33:46.548000Z,1783604026548,129.62
session-1783603749411-du6syw,10:51:DB:0D:31:EA,b3bb9015,1967,2026-07-09T13:33:46.636000Z,1783604026636,129.64
session-1783603749411-du6syw,10:51:DB:0D:31:EA,b3bb9015,1968,2026-07-09T13:33:46.773000Z,1783604026773,129.64
session-1783603749411-du6syw,10:51:DB:0D:31:EA,b3bb9015,1969,2026-07-09T13:33:46.951000Z,1783604026951,135.03
session-1783603749411-du6syw,10:51:DB:0D:31:EA,b3bb9015,1970,2026-07-09T13:33:47.177000Z,1783604027177,135.99
session-1783603749411-du6syw,10:51:DB:0D:31:EA,b3bb9015,1971,2026-07-09T13:33:47.267000Z,1783604027267,130.0
session-1783603749411-du6syw,10:51:DB:0D:31:EA,b3bb9015,1972,2026-07-09T13:33:47.357000Z,1783604027357,130.91
session-1783603749411-du6syw,10:51:DB:0D:31:EA,b3bb9015,1973,2026-07-09T13:33:47.508000Z,1783604027508,135.03
session-1783603749411-du6syw,10:51:DB:0D:31:EA,b3bb9015,1974,2026-07-09T13:33:47.583000Z,1783604027583,41.46
session-1783603749411-du6syw,10:51:DB:0D:31:EA,b3bb9015,1975,2026-07-09T13:33:47.672000Z,1783604027672,129.79
session-1783603749411-du6syw,10:51:DB:0D:31:EA,b3bb9015,1976,2026-07-09T13:33:47.763000Z,1783604027763,135.48
session-1783603749411-du6syw,10:51:DB:0D:31:EA,b3bb9015,1977,2026-07-09T13:33:47.897000Z,1783604027897,136.21
session-1783603749411-du6syw,10:51:DB:0D:31:EA,b3bb9015,1978,2026-07-09T13:33:47.987000Z,1783604027987,129.16
session-1783603749411-du6syw,10:51:DB:0D:31:EA,b3bb9015,1979,2026-07-09T13:33:48.076000Z,1783604028076,134.47
session-1783603749411-du6syw,10:51:DB:0D:31:EA,b3bb9015,1980,2026-07-09T13:33:48.166000Z,1783604028166,129.22
session-1783603749411-du6syw,10:51:DB:0D:31:EA,b3bb9015,1981,2026-07-09T13:33:48.258000Z,1783604028258,134.61
session-1783603749411-du6syw,10:51:DB:0D:31:EA,b3bb9015,1982,2026-07-09T13:33:48.409000Z,1783604028409,134.84
session-1783603749411-du6syw,10:51:DB:0D:31:EA,b3bb9015,1983,2026-07-09T13:33:48.480000Z,1783604028480,41.29
session-1783603749411-du6syw,10:51:DB:0D:31:EA,b3bb9015,1984,2026-07-09T13:33:48.573000Z,1783604028573,134.59
session-1783603749411-du6syw,10:51:DB:0D:31:EA,b3bb9015,1985,2026-07-09T13:33:48.662000Z,1783604028662,134.89
session-1783603749411-du6syw,10:51:DB:0D:31:EA,b3bb9015,1986,2026-07-09T13:33:48.933000Z,1783604028933,129.85
session-1783603749411-du6syw,10:51:DB:0D:31:EA,b3bb9015,1987,2026-07-09T13:33:49.021000Z,1783604029021,41.02
session-1783603749411-du6syw,10:51:DB:0D:31:EA,b3bb9015,1988,2026-07-09T13:33:49.202000Z,1783604029202,134.84
session-1783603749411-du6syw,10:51:DB:0D:31:EA,b3bb9015,1989,2026-07-09T13:33:49.337000Z,1783604029337,134.43
session-1783603749411-du6syw,10:51:DB:0D:31:EA,b3bb9015,1990,2026-07-09T13:33:49.427000Z,1783604029427,128.89
session-1783603749411-du6syw,10:51:DB:0D:31:EA,b3bb9015,1991,2026-07-09T13:33:49.518000Z,1783604029518,130.46
session-1783603749411-du6syw,10:51:DB:0D:31:EA,b3bb9015,1992,2026-07-09T13:33:49.607000Z,1783604029607,135.69
session-1783603749411-du6syw,10:51:DB:0D:31:EA,b3bb9015,1993,2026-07-09T13:33:49.847000Z,1783604029847,129.86
session-1783603749411-du6syw,10:51:DB:0D:31:EA,b3bb9015,1994,2026-07-09T13:33:49.922000Z,1783604029922,40.82
session-1783603749411-du6syw,10:51:DB:0D:31:EA,b3bb9015,1995,2026-07-09T13:33:50.102000Z,1783604030102,134.71
session-1783603749411-du6syw,10:51:DB:0D:31:EA,b3bb9015,1996,2026-07-09T13:33:50.236000Z,1783604030236,129.22
session-1783603749411-du6syw,10:51:DB:0D:31:EA,b3bb9015,1997,2026-07-09T13:33:50.325000Z,1783604030325,128.05
session-1783603749411-du6syw,10:51:DB:0D:31:EA,b3bb9015,1998,2026-07-09T13:33:50.417000Z,1783604030417,134.87
session-1783603749411-du6syw,10:51:DB:0D:31:EA,b3bb9015,1999,2026-07-09T13:33:50.506000Z,1783604030506,136.6
session-1783603749411-du6syw,10:51:DB:0D:31:EA,b3bb9015,2000,2026-07-09T13:33:50.596000Z,1783604030596,129.37
session-1783603749411-du6syw,10:51:DB:0D:31:EA,b3bb9015,2001,2026-07-09T13:33:50.731000Z,1783604030731,134.8
session-1783603749411-du6syw,10:51:DB:0D:31:EA,b3bb9015,2002,2026-07-09T13:33:50.867000Z,1783604030867,129.41
session-1783603749411-du6syw,10:51:DB:0D:31:EA,b3bb9015,2003,2026-07-09T13:33:50.959000Z,1783604030959,129.44
session-1783603749411-du6syw,10:51:DB:0D:31:EA,b3bb9015,2004,2026-07-09T13:33:51.046000Z,1783604031046,129.03
session-1783603749411-du6syw,10:51:DB:0D:31:EA,b3bb9015,2005,2026-07-09T13:33:51.136000Z,1783604031136,129.53
session-1783603749411-du6syw,10:51:DB:0D:31:EA,b3bb9015,2006,2026-07-09T13:33:51.273000Z,1783604031273,130.46
session-1783603749411-du6syw,10:51:DB:0D:31:EA,b3bb9015,2007,2026-07-09T13:33:51.362000Z,1783604031362,135.69
session-1783603749411-du6syw,10:51:DB:0D:31:EA,b3bb9015,2008,2026-07-09T13:33:51.542000Z,1783604031542,134.78
session-1783603749411-du6syw,10:51:DB:0D:31:EA,b3bb9015,2009,2026-07-09T13:33:51.675000Z,1783604031675,128.99
session-1783603749411-du6syw,10:51:DB:0D:31:EA,b3bb9015,2010,2026-07-09T13:33:51.767000Z,1783604031767,127.86
session-1783603749411-du6syw,10:51:DB:0D:31:EA,b3bb9015,2011,2026-07-09T13:33:51.856000Z,1783604031856,130.44
session-1783603749411-du6syw,10:51:DB:0D:31:EA,b3bb9015,2012,2026-07-09T13:33:51.945000Z,1783604031945,129.39
session-1783603749411-du6syw,10:51:DB:0D:31:EA,b3bb9015,2013,2026-07-09T13:33:52.036000Z,1783604032036,136.58
session-1783603749411-du6syw,10:51:DB:0D:31:EA,b3bb9015,2014,2026-07-09T13:33:52.173000Z,1783604032173,134.78
session-1783603749411-du6syw,10:51:DB:0D:31:EA,b3bb9015,2015,2026-07-09T13:33:52.263000Z,1783604032263,40.43
session-1783603749411-du6syw,10:51:DB:0D:31:EA,b3bb9015,2016,2026-07-09T13:33:52.351000Z,1783604032351,129.16
session-1783603749411-du6syw,10:51:DB:0D:31:EA,b3bb9015,2017,2026-07-09T13:33:52.531000Z,1783604032531,129.41
session-1783603749411-du6syw,10:51:DB:0D:31:EA,b3bb9015,2018,2026-07-09T13:33:52.817000Z,1783604032817,129.43
session-1783603749411-du6syw,10:51:DB:0D:31:EA,b3bb9015,2019,2026-07-09T13:33:52.938000Z,1783604032938,135.66
session-1783603749411-du6syw,10:51:DB:0D:31:EA,b3bb9015,2020,2026-07-09T13:33:52.980000Z,1783604032980,136.79
session-1783603749411-du6syw,10:51:DB:0D:31:EA,b3bb9015,2021,2026-07-09T13:33:53.072000Z,1783604033072,129.37
session-1783603749411-du6syw,10:51:DB:0D:31:EA,b3bb9015,2022,2026-07-09T13:33:53.298000Z,1783604033298,135.05
session-1783603749411-du6syw,10:51:DB:0D:31:EA,b3bb9015,2023,2026-07-09T13:33:53.388000Z,1783604033388,129.36
session-1783603749411-du6syw,10:51:DB:0D:31:EA,b3bb9015,2024,2026-07-09T13:33:53.477000Z,1783604033477,134.59
session-1783603749411-du6syw,10:51:DB:0D:31:EA,b3bb9015,2025,2026-07-09T13:33:53.628000Z,1783604033628,135.48
session-1783603749411-du6syw,10:51:DB:0D:31:EA,b3bb9015,2026,2026-07-09T13:33:53.702000Z,1783604033702,40.13
session-1783603749411-du6syw,10:51:DB:0D:31:EA,b3bb9015,2027,2026-07-09T13:33:53.853000Z,1783604033853,130.02
session-1783603749411-du6syw,10:51:DB:0D:31:EA,b3bb9015,2028,2026-07-09T13:33:53.886000Z,1783604033886,129.57
session-1783603749411-du6syw,10:51:DB:0D:31:EA,b3bb9015,2029,2026-07-09T13:33:54.017000Z,1783604034017,136.16
session-1783603749411-du6syw,10:51:DB:0D:31:EA,b3bb9015,2030,2026-07-09T13:33:54.107000Z,1783604034107,127.4
session-1783603749411-du6syw,10:51:DB:0D:31:EA,b3bb9015,2031,2026-07-09T13:33:54.198000Z,1783604034198,134.85
session-1783603749411-du6syw,10:51:DB:0D:31:EA,b3bb9015,2032,2026-07-09T13:33:54.288000Z,1783604034288,134.26
session-1783603749411-du6syw,10:51:DB:0D:31:EA,b3bb9015,2033,2026-07-09T13:33:54.378000Z,1783604034378,128.68
session-1783603749411-du6syw,10:51:DB:0D:31:EA,b3bb9015,2034,2026-07-09T13:33:54.511000Z,1783604034511,128.69
session-1783603749411-du6syw,10:51:DB:0D:31:EA,b3bb9015,2035,2026-07-09T13:33:54.602000Z,1783604034602,39.89
session-1783603749411-du6syw,10:51:DB:0D:31:EA,b3bb9015,2036,2026-07-09T13:33:54.829000Z,1783604034829,134.61
session-1783603749411-du6syw,10:51:DB:0D:31:EA,b3bb9015,2037,2026-07-09T13:33:54.962000Z,1783604034962,135.01
session-1783603749411-du6syw,10:51:DB:0D:31:EA,b3bb9015,2038,2026-07-09T13:33:55.097000Z,1783604035097,129.99
session-1783603749411-du6syw,10:51:DB:0D:31:EA,b3bb9015,2039,2026-07-09T13:33:55.187000Z,1783604035187,135.25
session-1783603749411-du6syw,10:51:DB:0D:31:EA,b3bb9015,2040,2026-07-09T13:33:55.278000Z,1783604035278,126.81
session-1783603749411-du6syw,10:51:DB:0D:31:EA,b3bb9015,2041,2026-07-09T13:33:55.367000Z,1783604035367,136.11
session-1783603749411-du6syw,10:51:DB:0D:31:EA,b3bb9015,2042,2026-07-09T13:33:55.547000Z,1783604035547,129.81
session-1783603749411-du6syw,10:51:DB:0D:31:EA,b3bb9015,2043,2026-07-09T13:33:55.682000Z,1783604035682,135.46
session-1783603749411-du6syw,10:51:DB:0D:31:EA,b3bb9015,2044,2026-07-09T13:33:55.772000Z,1783604035772,134.38
session-1783603749411-du6syw,10:51:DB:0D:31:EA,b3bb9015,2045,2026-07-09T13:33:55.907000Z,1783604035907,135.48
session-1783603749411-du6syw,10:51:DB:0D:31:EA,b3bb9015,2046,2026-07-09T13:33:55.949000Z,1783604035949,135.46
session-1783603749411-du6syw,10:51:DB:0D:31:EA,b3bb9015,2047,2026-07-09T13:33:56.178000Z,1783604036178,126.6
session-1783603749411-du6syw,10:51:DB:0D:31:EA,b3bb9015,2048,2026-07-09T13:33:56.266000Z,1783604036266,129.41
session-1783603749411-du6syw,10:51:DB:0D:31:EA,b3bb9015,2049,2026-07-09T13:33:56.356000Z,1783604036356,129.57
session-1783603749411-du6syw,10:51:DB:0D:31:EA,b3bb9015,2050,2026-07-09T13:33:56.448000Z,1783604036448,134.61
session-1783603749411-du6syw,10:51:DB:0D:31:EA,b3bb9015,2051,2026-07-09T13:33:56.672000Z,1783604036672,39.05
session-1783603749411-du6syw,10:51:DB:0D:31:EA,b3bb9015,2052,2026-07-09T13:33:56.762000Z,1783604036762,134.61
session-1783603749411-du6syw,10:51:DB:0D:31:EA,b3bb9015,2053,2026-07-09T13:33:56.852000Z,1783604036852,134.16
session-1783603749411-du6syw,10:51:DB:0D:31:EA,b3bb9015,2054,2026-07-09T13:33:56.986000Z,1783604036986,133.28
session-1783603749411-du6syw,10:51:DB:0D:31:EA,b3bb9015,2055,2026-07-09T13:33:57.121000Z,1783604037121,134.59
session-1783603749411-du6syw,10:51:DB:0D:31:EA,b3bb9015,2056,2026-07-09T13:33:57.212000Z,1783604037212,130.02
session-1783603749411-du6syw,10:51:DB:0D:31:EA,b3bb9015,2057,2026-07-09T13:33:57.301000Z,1783604037301,128.9
session-1783603749411-du6syw,10:51:DB:0D:31:EA,b3bb9015,2058,2026-07-09T13:33:57.389000Z,1783604037389,129.65
session-1783603749411-du6syw,10:51:DB:0D:31:EA,b3bb9015,2059,2026-07-09T13:33:57.526000Z,1783604037526,128.47
session-1783603749411-du6syw,10:51:DB:0D:31:EA,b3bb9015,2060,2026-07-09T13:33:57.616000Z,1783604037616,126.11
session-1783603749411-du6syw,10:51:DB:0D:31:EA,b3bb9015,2061,2026-07-09T13:33:57.705000Z,1783604037705,128.76
session-1783603749411-du6syw,10:51:DB:0D:31:EA,b3bb9015,2062,2026-07-09T13:33:57.797000Z,1783604037797,128.75
session-1783603749411-du6syw,10:51:DB:0D:31:EA,b3bb9015,2063,2026-07-09T13:33:57.888000Z,1783604037888,128.29
session-1783603749411-du6syw,10:51:DB:0D:31:EA,b3bb9015,2064,2026-07-09T13:33:58.111000Z,1783604038111,134.59
session-1783603749411-du6syw,10:51:DB:0D:31:EA,b3bb9015,2065,2026-07-09T13:33:58.290000Z,1783604038290,128.29
session-1783603749411-du6syw,10:51:DB:0D:31:EA,b3bb9015,2066,2026-07-09T13:33:58.426000Z,1783604038426,128.31
session-1783603749411-du6syw,10:51:DB:0D:31:EA,b3bb9015,2067,2026-07-09T13:33:58.576000Z,1783604038576,125.92
session-1783603749411-du6syw,10:51:DB:0D:31:EA,b3bb9015,2068,2026-07-09T13:33:58.610000Z,1783604038610,136.18
session-1783603749411-du6syw,10:51:DB:0D:31:EA,b3bb9015,2069,2026-07-09T13:33:58.696000Z,1783604038696,135.08
session-1783603749411-du6syw,10:51:DB:0D:31:EA,b3bb9015,2070,2026-07-09T13:33:58.786000Z,1783604038786,134.49
session-1783603749411-du6syw,10:51:DB:0D:31:EA,b3bb9015,2071,2026-07-09T13:33:58.923000Z,1783604038923,129.58
session-1783603749411-du6syw,10:51:DB:0D:31:EA,b3bb9015,2072,2026-07-09T13:33:59.058000Z,1783604039058,38.37
session-1783603749411-du6syw,10:51:DB:0D:31:EA,b3bb9015,2073,2026-07-09T13:33:59.236000Z,1783604039236,134.99
session-1783603749411-du6syw,10:51:DB:0D:31:EA,b3bb9015,2074,2026-07-09T13:33:59.386000Z,1783604039386,129.79
session-1783603749411-du6syw,10:51:DB:0D:31:EA,b3bb9015,2075,2026-07-09T13:33:59.460000Z,1783604039460,134.17
session-1783603749411-du6syw,10:51:DB:0D:31:EA,b3bb9015,2076,2026-07-09T13:33:59.551000Z,1783604039551,134.59
session-1783603749411-du6syw,10:51:DB:0D:31:EA,b3bb9015,2077,2026-07-09T13:33:59.642000Z,1783604039642,135.06
session-1783603749411-du6syw,10:51:DB:0D:31:EA,b3bb9015,2078,2026-07-09T13:33:59.820000Z,1783604039820,129.18
session-1783603749411-du6syw,10:51:DB:0D:31:EA,b3bb9015,2079,2026-07-09T13:34:00.046000Z,1783604040046,129.64
session-1783603749411-du6syw,10:51:DB:0D:31:EA,b3bb9015,2080,2026-07-09T13:34:00.135000Z,1783604040135,130.09
session-1783603749411-du6syw,10:51:DB:0D:31:EA,b3bb9015,2081,2026-07-09T13:34:00.226000Z,1783604040226,130.23
session-1783603749411-du6syw,10:51:DB:0D:31:EA,b3bb9015,2082,2026-07-09T13:34:00.362000Z,1783604040362,134.57
session-1783603749411-du6syw,10:51:DB:0D:31:EA,b3bb9015,2083,2026-07-09T13:34:00.512000Z,1783604040512,37.97
session-1783603749411-du6syw,10:51:DB:0D:31:EA,b3bb9015,2084,2026-07-09T13:34:00.677000Z,1783604040677,131.21
session-1783603749411-du6syw,10:51:DB:0D:31:EA,b3bb9015,2085,2026-07-09T13:34:00.766000Z,1783604040766,129.76
session-1783603749411-du6syw,10:51:DB:0D:31:EA,b3bb9015,2086,2026-07-09T13:34:00.857000Z,1783604040857,125.05
session-1783603749411-du6syw,10:51:DB:0D:31:EA,b3bb9015,2087,2026-07-09T13:34:01.217000Z,1783604041217,129.44
session-1783603749411-du6syw,10:51:DB:0D:31:EA,b3bb9015,2088,2026-07-09T13:34:01.487000Z,1783604041487,128.99
session-1783603749411-du6syw,10:51:DB:0D:31:EA,b3bb9015,2089,2026-07-09T13:34:01.666000Z,1783604041666,129.64
session-1783603749411-du6syw,10:51:DB:0D:31:EA,b3bb9015,2090,2026-07-09T13:34:01.801000Z,1783604041801,129.11
session-1783603749411-du6syw,10:51:DB:0D:31:EA,b3bb9015,2091,2026-07-09T13:34:01.891000Z,1783604041891,37.76
session-1783603749411-du6syw,10:51:DB:0D:31:EA,b3bb9015,2092,2026-07-09T13:34:01.980000Z,1783604041980,129.16
session-1783603749411-du6syw,10:51:DB:0D:31:EA,b3bb9015,2093,2026-07-09T13:34:02.206000Z,1783604042206,128.94
session-1783603749411-du6syw,10:51:DB:0D:31:EA,b3bb9015,2094,2026-07-09T13:34:02.296000Z,1783604042296,125.62
session-1783603749411-du6syw,10:51:DB:0D:31:EA,b3bb9015,2095,2026-07-09T13:34:02.387000Z,1783604042387,129.64
session-1783603749411-du6syw,10:51:DB:0D:31:EA,b3bb9015,2096,2026-07-09T13:34:02.483000Z,1783604042483,129.36
session-1783603749411-du6syw,10:51:DB:0D:31:EA,b3bb9015,2097,2026-07-09T13:34:02.567000Z,1783604042567,129.2
session-1783603749411-du6syw,10:51:DB:0D:31:EA,b3bb9015,2098,2026-07-09T13:34:02.701000Z,1783604042701,136.77
session-1783603749411-du6syw,10:51:DB:0D:31:EA,b3bb9015,2099,2026-07-09T13:34:02.794000Z,1783604042794,37.36
session-1783603749411-du6syw,10:51:DB:0D:31:EA,b3bb9015,2100,2026-07-09T13:34:02.972000Z,1783604042972,134.61
session-1783603749411-du6syw,10:51:DB:0D:31:EA,b3bb9015,2101,2026-07-09T13:34:03.107000Z,1783604043107,134.38
session-1783603749411-du6syw,10:51:DB:0D:31:EA,b3bb9015,2102,2026-07-09T13:34:03.257000Z,1783604043257,135.71
session-1783603749411-du6syw,10:51:DB:0D:31:EA,b3bb9015,2103,2026-07-09T13:34:03.377000Z,1783604043377,37.29
session-1783603749411-du6syw,10:51:DB:0D:31:EA,b3bb9015,2104,2026-07-09T13:34:03.420000Z,1783604043420,135.05
session-1783603749411-du6syw,10:51:DB:0D:31:EA,b3bb9015,2105,2026-07-09T13:34:03.556000Z,1783604043556,134.61
session-1783603749411-du6syw,10:51:DB:0D:31:EA,b3bb9015,2106,2026-07-09T13:34:03.706000Z,1783604043706,134.59
session-1783603749411-du6syw,10:51:DB:0D:31:EA,b3bb9015,2107,2026-07-09T13:34:03.918000Z,1783604043918,124.77
session-1783603749411-du6syw,10:51:DB:0D:31:EA,b3bb9015,2108,2026-07-09T13:34:03.954000Z,1783604043954,135.05
session-1783603749411-du6syw,10:51:DB:0D:31:EA,b3bb9015,2109,2026-07-09T13:34:03.954000Z,1783604043954,130.51
session-1783603749411-du6syw,10:51:DB:0D:31:EA,b3bb9015,2110,2026-07-09T13:34:04.070000Z,1783604044070,130.02
session-1783603749411-du6syw,10:51:DB:0D:31:EA,b3bb9015,2111,2026-07-09T13:34:04.108000Z,1783604044108,129.78
session-1783603749411-du6syw,10:51:DB:0D:31:EA,b3bb9015,2112,2026-07-09T13:34:04.231000Z,1783604044231,37.5
session-1783603749411-du6syw,10:51:DB:0D:31:EA,b3bb9015,2113,2026-07-09T13:34:04.322000Z,1783604044322,129.18
session-1783603749411-du6syw,10:51:DB:0D:31:EA,b3bb9015,2114,2026-07-09T13:34:04.413000Z,1783604044413,128.57
session-1783603749411-du6syw,10:51:DB:0D:31:EA,b3bb9015,2115,2026-07-09T13:34:04.546000Z,1783604044546,136.79
session-1783603749411-du6syw,10:51:DB:0D:31:EA,b3bb9015,2116,2026-07-09T13:34:04.635000Z,1783604044635,124.21
session-1783603749411-du6syw,10:51:DB:0D:31:EA,b3bb9015,2117,2026-07-09T13:34:04.728000Z,1783604044728,129.53
session-1783603749411-du6syw,10:51:DB:0D:31:EA,b3bb9015,2118,2026-07-09T13:34:04.816000Z,1783604044816,129.64
session-1783603749411-du6syw,10:51:DB:0D:31:EA,b3bb9015,2119,2026-07-09T13:34:04.907000Z,1783604044907,128.96
session-1783603749411-du6syw,10:51:DB:0D:31:EA,b3bb9015,2120,2026-07-09T13:34:05.056000Z,1783604045056,128.89
session-1783603749411-du6syw,10:51:DB:0D:31:EA,b3bb9015,2121,2026-07-09T13:34:05.175000Z,1783604045175,36.91
session-1783603749411-du6syw,10:51:DB:0D:31:EA,b3bb9015,2122,2026-07-09T13:34:05.264000Z,1783604045264,137.21
session-1783603749411-du6syw,10:51:DB:0D:31:EA,b3bb9015,2123,2026-07-09T13:34:05.355000Z,1783604045355,128.96
session-1783603749411-du6syw,10:51:DB:0D:31:EA,b3bb9015,2124,2026-07-09T13:34:05.445000Z,1783604045445,135.46
session-1783603749411-du6syw,10:51:DB:0D:31:EA,b3bb9015,2125,2026-07-09T13:34:05.670000Z,1783604045670,36.89
session-1783603749411-du6syw,10:51:DB:0D:31:EA,b3bb9015,2126,2026-07-09T13:34:05.804000Z,1783604045804,135.46
session-1783603749411-du6syw,10:51:DB:0D:31:EA,b3bb9015,2127,2026-07-09T13:34:05.851000Z,1783604045851,135.73
session-1783603749411-du6syw,10:51:DB:0D:31:EA,b3bb9015,2128,2026-07-09T13:34:05.986000Z,1783604045986,136.35
session-1783603749411-du6syw,10:51:DB:0D:31:EA,b3bb9015,2129,2026-07-09T13:34:06.076000Z,1783604046076,124.16
session-1783603749411-du6syw,10:51:DB:0D:31:EA,b3bb9015,2130,2026-07-09T13:34:06.165000Z,1783604046165,129.41
session-1783603749411-du6syw,10:51:DB:0D:31:EA,b3bb9015,2131,2026-07-09T13:34:06.255000Z,1783604046255,134.16
session-1783603749411-du6syw,10:51:DB:0D:31:EA,b3bb9015,2132,2026-07-09T13:34:06.345000Z,1783604046345,129.41
session-1783603749411-du6syw,10:51:DB:0D:31:EA,b3bb9015,2133,2026-07-09T13:34:06.496000Z,1783604046496,135.32
session-1783603749411-du6syw,10:51:DB:0D:31:EA,b3bb9015,2134,2026-07-09T13:34:06.570000Z,1783604046570,36.66
session-1783603749411-du6syw,10:51:DB:0D:31:EA,b3bb9015,2135,2026-07-09T13:34:06.660000Z,1783604046660,135.9
session-1783603749411-du6syw,10:51:DB:0D:31:EA,b3bb9015,2136,2026-07-09T13:34:06.749000Z,1783604046749,135.06
session-1783603749411-du6syw,10:51:DB:0D:31:EA,b3bb9015,2137,2026-07-09T13:34:06.887000Z,1783604046887,134.63
session-1783603749411-du6syw,10:51:DB:0D:31:EA,b3bb9015,2138,2026-07-09T13:34:06.975000Z,1783604046975,134.84
session-1783603749411-du6syw,10:51:DB:0D:31:EA,b3bb9015,2139,2026-07-09T13:34:07.066000Z,1783604047066,134.42
session-1783603749411-du6syw,10:51:DB:0D:31:EA,b3bb9015,2140,2026-07-09T13:34:07.200000Z,1783604047200,134.84
session-1783603749411-du6syw,10:51:DB:0D:31:EA,b3bb9015,2141,2026-07-09T13:34:07.289000Z,1783604047289,134.61
session-1783603749411-du6syw,10:51:DB:0D:31:EA,b3bb9015,2142,2026-07-09T13:34:07.425000Z,1783604047425,134.61
session-1783603749411-du6syw,10:51:DB:0D:31:EA,b3bb9015,2143,2026-07-09T13:34:07.515000Z,1783604047515,123.72
session-1783603749411-du6syw,10:51:DB:0D:31:EA,b3bb9015,2144,2026-07-09T13:34:07.605000Z,1783604047605,136.77
session-1783603749411-du6syw,10:51:DB:0D:31:EA,b3bb9015,2145,2026-07-09T13:34:07.696000Z,1783604047696,129.03
session-1783603749411-du6syw,10:51:DB:0D:31:EA,b3bb9015,2146,2026-07-09T13:34:07.787000Z,1783604047787,129.58
session-1783603749411-du6syw,10:51:DB:0D:31:EA,b3bb9015,2147,2026-07-09T13:34:07.921000Z,1783604047921,128.9
session-1783603749411-du6syw,10:51:DB:0D:31:EA,b3bb9015,2148,2026-07-09T13:34:08.010000Z,1783604048010,36.02
session-1783603749411-du6syw,10:51:DB:0D:31:EA,b3bb9015,2149,2026-07-09T13:34:08.101000Z,1783604048101,129.64
session-1783603749411-du6syw,10:51:DB:0D:31:EA,b3bb9015,2150,2026-07-09T13:34:08.235000Z,1783604048235,134.85
session-1783603749411-du6syw,10:51:DB:0D:31:EA,b3bb9015,2151,2026-07-09T13:34:08.325000Z,1783604048325,128.59
session-1783603749411-du6syw,10:51:DB:0D:31:EA,b3bb9015,2152,2026-07-09T13:34:08.414000Z,1783604048414,123.3
session-1783603749411-du6syw,10:51:DB:0D:31:EA,b3bb9015,2153,2026-07-09T13:34:08.506000Z,1783604048506,135.01
session-1783603749411-du6syw,10:51:DB:0D:31:EA,b3bb9015,2154,2026-07-09T13:34:08.595000Z,1783604048595,135.01
session-1783603749411-du6syw,10:51:DB:0D:31:EA,b3bb9015,2155,2026-07-09T13:34:08.685000Z,1783604048685,134.61
session-1783603749411-du6syw,10:51:DB:0D:31:EA,b3bb9015,2156,2026-07-09T13:34:08.821000Z,1783604048821,129.58
session-1783603749411-du6syw,10:51:DB:0D:31:EA,b3bb9015,2157,2026-07-09T13:34:08.910000Z,1783604048910,129.36
session-1783603749411-du6syw,10:51:DB:0D:31:EA,b3bb9015,2158,2026-07-09T13:34:08.999000Z,1783604048999,129.11
session-1783603749411-du6syw,10:51:DB:0D:31:EA,b3bb9015,2159,2026-07-09T13:34:09.136000Z,1783604049136,128.96
session-1783603749411-du6syw,10:51:DB:0D:31:EA,b3bb9015,2160,2026-07-09T13:34:09.225000Z,1783604049225,129.37
session-1783603749411-du6syw,10:51:DB:0D:31:EA,b3bb9015,2161,2026-07-09T13:34:09.360000Z,1783604049360,136.37
session-1783603749411-du6syw,10:51:DB:0D:31:EA,b3bb9015,2162,2026-07-09T13:34:09.451000Z,1783604049451,35.42
session-1783603749411-du6syw,10:51:DB:0D:31:EA,b3bb9015,2163,2026-07-09T13:34:09.586000Z,1783604049586,134.61
session-1783603749411-du6syw,10:51:DB:0D:31:EA,b3bb9015,2164,2026-07-09T13:34:09.631000Z,1783604049631,128.94
session-1783603749411-du6syw,10:51:DB:0D:31:EA,b3bb9015,2165,2026-07-09T13:34:09.781000Z,1783604049781,134.0
session-1783603749411-du6syw,10:51:DB:0D:31:EA,b3bb9015,2166,2026-07-09T13:34:09.855000Z,1783604049855,122.9
session-1783603749411-du6syw,10:51:DB:0D:31:EA,b3bb9015,2167,2026-07-09T13:34:09.945000Z,1783604049945,134.16
session-1783603749411-du6syw,10:51:DB:0D:31:EA,b3bb9015,2168,2026-07-09T13:34:10.035000Z,1783604050035,134.61
session-1783603749411-du6syw,10:51:DB:0D:31:EA,b3bb9015,2169,2026-07-09T13:34:10.186000Z,1783604050186,133.58
session-1783603749411-du6syw,10:51:DB:0D:31:EA,b3bb9015,2170,2026-07-09T13:34:10.307000Z,1783604050307,134.47
session-1783603749411-du6syw,10:51:DB:0D:31:EA,b3bb9015,2171,2026-07-09T13:34:10.441000Z,1783604050441,134.19
session-1783603749411-du6syw,10:51:DB:0D:31:EA,b3bb9015,2172,2026-07-09T13:34:10.530000Z,1783604050530,134.61
session-1783603749411-du6syw,10:51:DB:0D:31:EA,b3bb9015,2173,2026-07-09T13:34:10.620000Z,1783604050620,129.58
session-1783603749411-du6syw,10:51:DB:0D:31:EA,b3bb9015,2174,2026-07-09T13:34:10.905000Z,1783604050905,127.86
session-1783603749411-du6syw,10:51:DB:0D:31:EA,b3bb9015,2175,2026-07-09T13:34:10.940000Z,1783604050940,134.14
session-1783603749411-du6syw,10:51:DB:0D:31:EA,b3bb9015,2176,2026-07-09T13:34:11.025000Z,1783604051025,134.43
session-1783603749411-du6syw,10:51:DB:0D:31:EA,b3bb9015,2177,2026-07-09T13:34:11.176000Z,1783604051176,133.93
session-1783603749411-du6syw,10:51:DB:0D:31:EA,b3bb9015,2178,2026-07-09T13:34:11.355000Z,1783604051355,35.0
session-1783603749411-du6syw,10:51:DB:0D:31:EA,b3bb9015,2179,2026-07-09T13:34:11.476000Z,1783604051476,134.57
session-1783603749411-du6syw,10:51:DB:0D:31:EA,b3bb9015,2180,2026-07-09T13:34:11.515000Z,1783604051515,134.42
session-1783603749411-du6syw,10:51:DB:0D:31:EA,b3bb9015,2181,2026-07-09T13:34:11.610000Z,1783604051610,134.0
session-1783603749411-du6syw,10:51:DB:0D:31:EA,b3bb9015,2182,2026-07-09T13:34:11.745000Z,1783604051745,134.61
session-1783603749411-du6syw,10:51:DB:0D:31:EA,b3bb9015,2183,2026-07-09T13:34:11.790000Z,1783604051790,34.8
session-1783603749411-du6syw,10:51:DB:0D:31:EA,b3bb9015,2184,2026-07-09T13:34:11.970000Z,1783604051970,129.58
session-1783603749411-du6syw,10:51:DB:0D:31:EA,b3bb9015,2185,2026-07-09T13:34:12.105000Z,1783604052105,135.76
session-1783603749411-du6syw,10:51:DB:0D:31:EA,b3bb9015,2186,2026-07-09T13:34:12.195000Z,1783604052195,122.43
session-1783603749411-du6syw,10:51:DB:0D:31:EA,b3bb9015,2187,2026-07-09T13:34:12.286000Z,1783604052286,128.73
session-1783603749411-du6syw,10:51:DB:0D:31:EA,b3bb9015,2188,2026-07-09T13:34:12.374000Z,1783604052374,136.79
session-1783603749411-du6syw,10:51:DB:0D:31:EA,b3bb9015,2189,2026-07-09T13:34:12.464000Z,1783604052464,128.96
session-1783603749411-du6syw,10:51:DB:0D:31:EA,b3bb9015,2190,2026-07-09T13:34:12.600000Z,1783604052600,134.61
session-1783603749411-du6syw,10:51:DB:0D:31:EA,b3bb9015,2191,2026-07-09T13:34:12.690000Z,1783604052690,35.34
session-1783603749411-du6syw,10:51:DB:0D:31:EA,b3bb9015,2192,2026-07-09T13:34:12.824000Z,1783604052824,128.33
session-1783603749411-du6syw,10:51:DB:0D:31:EA,b3bb9015,2193,2026-07-09T13:34:12.869000Z,1783604052869,134.61
session-1783603749411-du6syw,10:51:DB:0D:31:EA,b3bb9015,2194,2026-07-09T13:34:13.004000Z,1783604053004,134.63
session-1783603749411-du6syw,10:51:DB:0D:31:EA,b3bb9015,2195,2026-07-09T13:34:13.154000Z,1783604053154,122.38
session-1783603749411-du6syw,10:51:DB:0D:31:EA,b3bb9015,2196,2026-07-09T13:34:13.231000Z,1783604053231,134.16
session-1783603749411-du6syw,10:51:DB:0D:31:EA,b3bb9015,2197,2026-07-09T13:34:13.321000Z,1783604053321,134.61
session-1783603749411-du6syw,10:51:DB:0D:31:EA,b3bb9015,2198,2026-07-09T13:34:13.455000Z,1783604053455,134.17
session-1783603749411-du6syw,10:51:DB:0D:31:EA,b3bb9015,2199,2026-07-09T13:34:13.547000Z,1783604053547,121.96
session-1783603749411-du6syw,10:51:DB:0D:31:EA,b3bb9015,2200,2026-07-09T13:34:13.635000Z,1783604053635,134.23
session-1783603749411-du6syw,10:51:DB:0D:31:EA,b3bb9015,2201,2026-07-09T13:34:13.725000Z,1783604053725,134.19
session-1783603749411-du6syw,10:51:DB:0D:31:EA,b3bb9015,2202,2026-07-09T13:34:13.815000Z,1783604053815,128.5
session-1783603749411-du6syw,10:51:DB:0D:31:EA,b3bb9015,2203,2026-07-09T13:34:13.949000Z,1783604053949,128.89
session-1783603749411-du6syw,10:51:DB:0D:31:EA,b3bb9015,2204,2026-07-09T13:34:14.042000Z,1783604054042,34.97
session-1783603749411-du6syw,10:51:DB:0D:31:EA,b3bb9015,2205,2026-07-09T13:34:14.175000Z,1783604054175,127.65
session-1783603749411-du6syw,10:51:DB:0D:31:EA,b3bb9015,2206,2026-07-09T13:34:14.221000Z,1783604054221,128.92
session-1783603749411-du6syw,10:51:DB:0D:31:EA,b3bb9015,2207,2026-07-09T13:34:14.371000Z,1783604054371,128.75
session-1783603749411-du6syw,10:51:DB:0D:31:EA,b3bb9015,2208,2026-07-09T13:34:14.492000Z,1783604054492,121.98
session-1783603749411-du6syw,10:51:DB:0D:31:EA,b3bb9015,2209,2026-07-09T13:34:14.534000Z,1783604054534,134.57
session-1783603749411-du6syw,10:51:DB:0D:31:EA,b3bb9015,2210,2026-07-09T13:34:14.760000Z,1783604054760,128.9
session-1783603749411-du6syw,10:51:DB:0D:31:EA,b3bb9015,2211,2026-07-09T13:34:14.896000Z,1783604054896,129.37
session-1783603749411-du6syw,10:51:DB:0D:31:EA,b3bb9015,2212,2026-07-09T13:34:14.940000Z,1783604054940,34.52
session-1783603749411-du6syw,10:51:DB:0D:31:EA,b3bb9015,2213,2026-07-09T13:34:15.181000Z,1783604055181,128.76
session-1783603749411-du6syw,10:51:DB:0D:31:EA,b3bb9015,2214,2026-07-09T13:34:15.406000Z,1783604055406,134.61
session-1783603749411-du6syw,10:51:DB:0D:31:EA,b3bb9015,2215,2026-07-09T13:34:15.525000Z,1783604055525,134.59
session-1783603749411-du6syw,10:51:DB:0D:31:EA,b3bb9015,2216,2026-07-09T13:34:15.615000Z,1783604055615,121.7
session-1783603749411-du6syw,10:51:DB:0D:31:EA,b3bb9015,2217,2026-07-09T13:34:15.705000Z,1783604055705,134.43
session-1783603749411-du6syw,10:51:DB:0D:31:EA,b3bb9015,2218,2026-07-09T13:34:15.797000Z,1783604055797,128.8
session-1783603749411-du6syw,10:51:DB:0D:31:EA,b3bb9015,2219,2026-07-09T13:34:15.887000Z,1783604055887,129.86
session-1783603749411-du6syw,10:51:DB:0D:31:EA,b3bb9015,2220,2026-07-09T13:34:16.110000Z,1783604056110,34.04
session-1783603749411-du6syw,10:51:DB:0D:31:EA,b3bb9015,2221,2026-07-09T13:34:16.245000Z,1783604056245,134.61
session-1783603749411-du6syw,10:51:DB:0D:31:EA,b3bb9015,2222,2026-07-09T13:34:16.335000Z,1783604056335,129.58
session-1783603749411-du6syw,10:51:DB:0D:31:EA,b3bb9015,2223,2026-07-09T13:34:16.424000Z,1783604056424,130.25
session-1783603749411-du6syw,10:51:DB:0D:31:EA,b3bb9015,2224,2026-07-09T13:34:16.515000Z,1783604056515,129.37
session-1783603749411-du6syw,10:51:DB:0D:31:EA,b3bb9015,2225,2026-07-09T13:34:16.605000Z,1783604056605,135.29
session-1783603749411-du6syw,10:51:DB:0D:31:EA,b3bb9015,2226,2026-07-09T13:34:16.756000Z,1783604056756,135.46
session-1783603749411-du6syw,10:51:DB:0D:31:EA,b3bb9015,2227,2026-07-09T13:34:16.790000Z,1783604056790,134.61
session-1783603749411-du6syw,10:51:DB:0D:31:EA,b3bb9015,2228,2026-07-09T13:34:16.920000Z,1783604056920,134.61
session-1783603749411-du6syw,10:51:DB:0D:31:EA,b3bb9015,2229,2026-07-09T13:34:17.010000Z,1783604057010,34.24
session-1783603749411-du6syw,10:51:DB:0D:31:EA,b3bb9015,2230,2026-07-09T13:34:17.101000Z,1783604057101,128.96
session-1783603749411-du6syw,10:51:DB:0D:31:EA,b3bb9015,2231,2026-07-09T13:34:17.190000Z,1783604057190,129.2
session-1783603749411-du6syw,10:51:DB:0D:31:EA,b3bb9015,2232,2026-07-09T13:34:17.325000Z,1783604057325,134.17
session-1783603749411-du6syw,10:51:DB:0D:31:EA,b3bb9015,2233,2026-07-09T13:34:17.460000Z,1783604057460,121.56
session-1783603749411-du6syw,10:51:DB:0D:31:EA,b3bb9015,2234,2026-07-09T13:34:17.551000Z,1783604057551,134.64
session-1783603749411-du6syw,10:51:DB:0D:31:EA,b3bb9015,2235,2026-07-09T13:34:17.640000Z,1783604057640,134.43
session-1783603749411-du6syw,10:51:DB:0D:31:EA,b3bb9015,2236,2026-07-09T13:34:17.730000Z,1783604057730,129.57
session-1783603749411-du6syw,10:51:DB:0D:31:EA,b3bb9015,2237,2026-07-09T13:34:17.865000Z,1783604057865,134.14
session-1783603749411-du6syw,10:51:DB:0D:31:EA,b3bb9015,2238,2026-07-09T13:34:17.955000Z,1783604057955,121.09
session-1783603749411-du6syw,10:51:DB:0D:31:EA,b3bb9015,2239,2026-07-09T13:34:18.047000Z,1783604058047,128.94
session-1783603749411-du6syw,10:51:DB:0D:31:EA,b3bb9015,2240,2026-07-09T13:34:18.136000Z,1783604058136,134.43
session-1783603749411-du6syw,10:51:DB:0D:31:EA,b3bb9015,2241,2026-07-09T13:34:18.225000Z,1783604058225,128.31
session-1783603749411-du6syw,10:51:DB:0D:31:EA,b3bb9015,2242,2026-07-09T13:34:18.361000Z,1783604058361,129.22
session-1783603749411-du6syw,10:51:DB:0D:31:EA,b3bb9015,2243,2026-07-09T13:34:18.452000Z,1783604058452,33.38
session-1783603749411-du6syw,10:51:DB:0D:31:EA,b3bb9015,2244,2026-07-09T13:34:18.630000Z,1783604058630,129.46
session-1783603749411-du6syw,10:51:DB:0D:31:EA,b3bb9015,2245,2026-07-09T13:34:18.765000Z,1783604058765,129.36
session-1783603749411-du6syw,10:51:DB:0D:31:EA,b3bb9015,2246,2026-07-09T13:34:18.855000Z,1783604058855,120.82
session-1783603749411-du6syw,10:51:DB:0D:31:EA,b3bb9015,2247,2026-07-09T13:34:19.035000Z,1783604059035,134.61
session-1783603749411-du6syw,10:51:DB:0D:31:EA,b3bb9015,2248,2026-07-09T13:34:19.124000Z,1783604059124,129.6
session-1783603749411-du6syw,10:51:DB:0D:31:EA,b3bb9015,2249,2026-07-09T13:34:19.260000Z,1783604059260,129.81
session-1783603749411-du6syw,10:51:DB:0D:31:EA,b3bb9015,2250,2026-07-09T13:34:19.351000Z,1783604059351,33.8
session-1783603749411-du6syw,10:51:DB:0D:31:EA,b3bb9015,2251,2026-07-09T13:34:19.575000Z,1783604059575,128.92
session-1783603749411-du6syw,10:51:DB:0D:31:EA,b3bb9015,2252,2026-07-09T13:34:19.666000Z,1783604059666,134.14
session-1783603749411-du6syw,10:51:DB:0D:31:EA,b3bb9015,2253,2026-07-09T13:34:19.800000Z,1783604059800,134.59
session-1783603749411-du6syw,10:51:DB:0D:31:EA,b3bb9015,2254,2026-07-09T13:34:19.892000Z,1783604059892,32.93
session-1783603749411-du6syw,10:51:DB:0D:31:EA,b3bb9015,2255,2026-07-09T13:34:19.980000Z,1783604059980,134.61
session-1783603749411-du6syw,10:51:DB:0D:31:EA,b3bb9015,2256,2026-07-09T13:34:20.070000Z,1783604060070,134.16
session-1783603749411-du6syw,10:51:DB:0D:31:EA,b3bb9015,2257,2026-07-09T13:34:20.205000Z,1783604060205,134.59
session-1783603749411-du6syw,10:51:DB:0D:31:EA,b3bb9015,2258,2026-07-09T13:34:20.295000Z,1783604060295,120.23
session-1783603749411-du6syw,10:51:DB:0D:31:EA,b3bb9015,2259,2026-07-09T13:34:20.385000Z,1783604060385,134.61
session-1783603749411-du6syw,10:51:DB:0D:31:EA,b3bb9015,2260,2026-07-09T13:34:20.476000Z,1783604060476,128.89
session-1783603749411-du6syw,10:51:DB:0D:31:EA,b3bb9015,2261,2026-07-09T13:34:20.565000Z,1783604060565,134.61
session-1783603749411-du6syw,10:51:DB:0D:31:EA,b3bb9015,2262,2026-07-09T13:34:20.700000Z,1783604060700,134.16
session-1783603749411-du6syw,10:51:DB:0D:31:EA,b3bb9015,2263,2026-07-09T13:34:20.792000Z,1783604060792,32.77
session-1783603749411-du6syw,10:51:DB:0D:31:EA,b3bb9015,2264,2026-07-09T13:34:20.879000Z,1783604060879,134.57
session-1783603749411-du6syw,10:51:DB:0D:31:EA,b3bb9015,2265,2026-07-09T13:34:20.970000Z,1783604060970,129.39
session-1783603749411-du6syw,10:51:DB:0D:31:EA,b3bb9015,2266,2026-07-09T13:34:21.104000Z,1783604061104,128.59
session-1783603749411-du6syw,10:51:DB:0D:31:EA,b3bb9015,2267,2026-07-09T13:34:21.195000Z,1783604061195,120.49
session-1783603749411-du6syw,10:51:DB:0D:31:EA,b3bb9015,2268,2026-07-09T13:34:21.285000Z,1783604061285,129.39
session-1783603749411-du6syw,10:51:DB:0D:31:EA,b3bb9015,2269,2026-07-09T13:34:21.376000Z,1783604061376,128.99
session-1783603749411-du6syw,10:51:DB:0D:31:EA,b3bb9015,2270,2026-07-09T13:34:21.645000Z,1783604061645,128.47
session-1783603749411-du6syw,10:51:DB:0D:31:EA,b3bb9015,2271,2026-07-09T13:34:21.735000Z,1783604061735,119.99
session-1783603749411-du6syw,10:51:DB:0D:31:EA,b3bb9015,2272,2026-07-09T13:34:21.826000Z,1783604061826,129.22
session-1783603749411-du6syw,10:51:DB:0D:31:EA,b3bb9015,2273,2026-07-09T13:34:21.915000Z,1783604061915,128.96
session-1783603749411-du6syw,10:51:DB:0D:31:EA,b3bb9015,2274,2026-07-09T13:34:22.005000Z,1783604062005,128.47
session-1783603749411-du6syw,10:51:DB:0D:31:EA,b3bb9015,2275,2026-07-09T13:34:22.321000Z,1783604062321,128.94
session-1783603749411-du6syw,10:51:DB:0D:31:EA,b3bb9015,2276,2026-07-09T13:34:22.410000Z,1783604062410,129.15
session-1783603749411-du6syw,10:51:DB:0D:31:EA,b3bb9015,2277,2026-07-09T13:34:22.545000Z,1783604062545,128.96
session-1783603749411-du6syw,10:51:DB:0D:31:EA,b3bb9015,2278,2026-07-09T13:34:22.635000Z,1783604062635,122.38
session-1783603749411-du6syw,10:51:DB:0D:31:EA,b3bb9015,2279,2026-07-09T13:34:22.724000Z,1783604062724,136.62
session-1783603749411-du6syw,10:51:DB:0D:31:EA,b3bb9015,2280,2026-07-09T13:34:22.814000Z,1783604062814,129.58
session-1783603749411-du6syw,10:51:DB:0D:31:EA,b3bb9015,2281,2026-07-09T13:34:22.905000Z,1783604062905,128.76
session-1783603749411-du6syw,10:51:DB:0D:31:EA,b3bb9015,2282,2026-07-09T13:34:23.054000Z,1783604063054,134.59
session-1783603749411-du6syw,10:51:DB:0D:31:EA,b3bb9015,2283,2026-07-09T13:34:23.128000Z,1783604063128,32.09
session-1783603749411-du6syw,10:51:DB:0D:31:EA,b3bb9015,2284,2026-07-09T13:34:23.310000Z,1783604063310,129.22
session-1783603749411-du6syw,10:51:DB:0D:31:EA,b3bb9015,2285,2026-07-09T13:34:23.445000Z,1783604063445,128.75
session-1783603749411-du6syw,10:51:DB:0D:31:EA,b3bb9015,2286,2026-07-09T13:34:23.580000Z,1783604063580,119.83
session-1783603749411-du6syw,10:51:DB:0D:31:EA,b3bb9015,2287,2026-07-09T13:34:23.671000Z,1783604063671,29.91
session-1783603749411-du6syw,10:51:DB:0D:31:EA,b3bb9015,2288,2026-07-09T13:34:23.759000Z,1783604063759,128.99
session-1783603749411-du6syw,10:51:DB:0D:31:EA,b3bb9015,2289,2026-07-09T13:34:23.895000Z,1783604063895,129.04
session-1783603749411-du6syw,10:51:DB:0D:31:EA,b3bb9015,2290,2026-07-09T13:34:24.075000Z,1783604064075,134.17
session-1783603749411-du6syw,10:51:DB:0D:31:EA,b3bb9015,2291,2026-07-09T13:34:24.210000Z,1783604064210,128.94
session-1783603749411-du6syw,10:51:DB:0D:31:EA,b3bb9015,2292,2026-07-09T13:34:24.299000Z,1783604064299,32.06
session-1783603749411-du6syw,10:51:DB:0D:31:EA,b3bb9015,2293,2026-07-09T13:34:24.389000Z,1783604064389,134.61
session-1783603749411-du6syw,10:51:DB:0D:31:EA,b3bb9015,2294,2026-07-09T13:34:24.484000Z,1783604064484,134.85
session-1783603749411-du6syw,10:51:DB:0D:31:EA,b3bb9015,2295,2026-07-09T13:34:24.704000Z,1783604064704,119.08
session-1783603749411-du6syw,10:51:DB:0D:31:EA,b3bb9015,2296,2026-07-09T13:34:24.794000Z,1783604064794,129.36
session-1783603749411-du6syw,10:51:DB:0D:31:EA,b3bb9015,2297,2026-07-09T13:34:24.887000Z,1783604064887,134.59
session-1783603749411-du6syw,10:51:DB:0D:31:EA,b3bb9015,2298,2026-07-09T13:34:25.020000Z,1783604065020,134.59
session-1783603749411-du6syw,10:51:DB:0D:31:EA,b3bb9015,2299,2026-07-09T13:34:25.109000Z,1783604065109,128.76
session-1783603749411-du6syw,10:51:DB:0D:31:EA,b3bb9015,2300,2026-07-09T13:34:25.199000Z,1783604065199,31.69
session-1783603749411-du6syw,10:51:DB:0D:31:EA,b3bb9015,2301,2026-07-09T13:34:25.290000Z,1783604065290,128.76
session-1783603749411-du6syw,10:51:DB:0D:31:EA,b3bb9015,2302,2026-07-09T13:34:25.378000Z,1783604065378,134.59
session-1783603749411-du6syw,10:51:DB:0D:31:EA,b3bb9015,2303,2026-07-09T13:34:25.518000Z,1783604065518,129.16
session-1783603749411-du6syw,10:51:DB:0D:31:EA,b3bb9015,2304,2026-07-09T13:34:25.650000Z,1783604065650,119.39
session-1783603749411-du6syw,10:51:DB:0D:31:EA,b3bb9015,2305,2026-07-09T13:34:25.739000Z,1783604065739,30.96
session-1783603749411-du6syw,10:51:DB:0D:31:EA,b3bb9015,2306,2026-07-09T13:34:25.829000Z,1783604065829,128.54
session-1783603749411-du6syw,10:51:DB:0D:31:EA,b3bb9015,2307,2026-07-09T13:34:25.918000Z,1783604065918,134.45
session-1783603749411-du6syw,10:51:DB:0D:31:EA,b3bb9015,2308,2026-07-09T13:34:26.055000Z,1783604066055,128.78
session-1783603749411-du6syw,10:51:DB:0D:31:EA,b3bb9015,2309,2026-07-09T13:34:26.206000Z,1783604066206,119.36
session-1783603749411-du6syw,10:51:DB:0D:31:EA,b3bb9015,2310,2026-07-09T13:34:26.253000Z,1783604066253,134.43
session-1783603749411-du6syw,10:51:DB:0D:31:EA,b3bb9015,2311,2026-07-09T13:34:26.324000Z,1783604066324,128.47
session-1783603749411-du6syw,10:51:DB:0D:31:EA,b3bb9015,2312,2026-07-09T13:34:26.414000Z,1783604066414,134.43
session-1783603749411-du6syw,10:51:DB:0D:31:EA,b3bb9015,2313,2026-07-09T13:34:26.548000Z,1783604066548,129.18
session-1783603749411-du6syw,10:51:DB:0D:31:EA,b3bb9015,2314,2026-07-09T13:34:26.639000Z,1783604066639,128.5
session-1783603749411-du6syw,10:51:DB:0D:31:EA,b3bb9015,2315,2026-07-09T13:34:26.730000Z,1783604066730,135.87
session-1783603749411-du6syw,10:51:DB:0D:31:EA,b3bb9015,2316,2026-07-09T13:34:26.818000Z,1783604066818,135.9
session-1783603749411-du6syw,10:51:DB:0D:31:EA,b3bb9015,2317,2026-07-09T13:34:26.953000Z,1783604066953,136.76
session-1783603749411-du6syw,10:51:DB:0D:31:EA,b3bb9015,2318,2026-07-09T13:34:27.044000Z,1783604067044,118.52
session-1783603749411-du6syw,10:51:DB:0D:31:EA,b3bb9015,2319,2026-07-09T13:34:27.135000Z,1783604067135,128.97
session-1783603749411-du6syw,10:51:DB:0D:31:EA,b3bb9015,2320,2026-07-09T13:34:27.224000Z,1783604067224,129.57
session-1783603749411-du6syw,10:51:DB:0D:31:EA,b3bb9015,2321,2026-07-09T13:34:27.315000Z,1783604067315,135.01
session-1783603749411-du6syw,10:51:DB:0D:31:EA,b3bb9015,2322,2026-07-09T13:34:27.451000Z,1783604067451,129.81
session-1783603749411-du6syw,10:51:DB:0D:31:EA,b3bb9015,2323,2026-07-09T13:34:27.540000Z,1783604067540,30.83
session-1783603749411-du6syw,10:51:DB:0D:31:EA,b3bb9015,2324,2026-07-09T13:34:27.676000Z,1783604067676,129.39
session-1783603749411-du6syw,10:51:DB:0D:31:EA,b3bb9015,2325,2026-07-09T13:34:27.808000Z,1783604067808,128.73
session-1783603749411-du6syw,10:51:DB:0D:31:EA,b3bb9015,2326,2026-07-09T13:34:27.853000Z,1783604067853,129.41
session-1783603749411-du6syw,10:51:DB:0D:31:EA,b3bb9015,2327,2026-07-09T13:34:28.003000Z,1783604068003,129.13
session-1783603749411-du6syw,10:51:DB:0D:31:EA,b3bb9015,2328,2026-07-09T13:34:28.170000Z,1783604068170,134.68
session-1783603749411-du6syw,10:51:DB:0D:31:EA,b3bb9015,2329,2026-07-09T13:34:28.260000Z,1783604068260,129.16
session-1783603749411-du6syw,10:51:DB:0D:31:EA,b3bb9015,2330,2026-07-09T13:34:28.483000Z,1783604068483,118.03
session-1783603749411-du6syw,10:51:DB:0D:31:EA,b3bb9015,2331,2026-07-09T13:34:28.573000Z,1783604068573,134.16
session-1783603749411-du6syw,10:51:DB:0D:31:EA,b3bb9015,2332,2026-07-09T13:34:28.664000Z,1783604068664,134.61
session-1783603749411-du6syw,10:51:DB:0D:31:EA,b3bb9015,2333,2026-07-09T13:34:28.904000Z,1783604068904,134.59
session-1783603749411-du6syw,10:51:DB:0D:31:EA,b3bb9015,2334,2026-07-09T13:34:28.979000Z,1783604068979,30.35
session-1783603749411-du6syw,10:51:DB:0D:31:EA,b3bb9015,2335,2026-07-09T13:34:29.070000Z,1783604069070,134.24
session-1783603749411-du6syw,10:51:DB:0D:31:EA,b3bb9015,2336,2026-07-09T13:34:29.159000Z,1783604069159,128.69
session-1783603749411-du6syw,10:51:DB:0D:31:EA,b3bb9015,2337,2026-07-09T13:34:29.294000Z,1783604069294,134.23
session-1783603749411-du6syw,10:51:DB:0D:31:EA,b3bb9015,2338,2026-07-09T13:34:29.386000Z,1783604069386,118.28
session-1783603749411-du6syw,10:51:DB:0D:31:EA,b3bb9015,2339,2026-07-09T13:34:29.476000Z,1783604069476,128.54
session-1783603749411-du6syw,10:51:DB:0D:31:EA,b3bb9015,2340,2026-07-09T13:34:29.701000Z,1783604069701,128.97
session-1783603749411-du6syw,10:51:DB:0D:31:EA,b3bb9015,2341,2026-07-09T13:34:29.836000Z,1783604069836,135.1
session-1783603749411-du6syw,10:51:DB:0D:31:EA,b3bb9015,2342,2026-07-09T13:34:30.105000Z,1783604070105,129.62
session-1783603749411-du6syw,10:51:DB:0D:31:EA,b3bb9015,2343,2026-07-09T13:34:30.256000Z,1783604070256,129.64
session-1783603749411-du6syw,10:51:DB:0D:31:EA,b3bb9015,2344,2026-07-09T13:34:30.330000Z,1783604070330,128.5
session-1783603749411-du6syw,10:51:DB:0D:31:EA,b3bb9015,2345,2026-07-09T13:34:30.421000Z,1783604070421,129.01
session-1783603749411-du6syw,10:51:DB:0D:31:EA,b3bb9015,2346,2026-07-09T13:34:30.511000Z,1783604070511,129.15
session-1783603749411-du6syw,10:51:DB:0D:31:EA,b3bb9015,2347,2026-07-09T13:34:30.600000Z,1783604070600,129.2
session-1783603749411-du6syw,10:51:DB:0D:31:EA,b3bb9015,2348,2026-07-09T13:34:30.825000Z,1783604070825,128.52
session-1783603749411-du6syw,10:51:DB:0D:31:EA,b3bb9015,2349,2026-07-09T13:34:31.006000Z,1783604071006,135.03
session-1783603749411-du6syw,10:51:DB:0D:31:EA,b3bb9015,2350,2026-07-09T13:34:31.229000Z,1783604071229,29.7
session-1783603749411-du6syw,10:51:DB:0D:31:EA,b3bb9015,2351,2026-07-09T13:34:31.322000Z,1783604071322,128.69
session-1783603749411-du6syw,10:51:DB:0D:31:EA,b3bb9015,2352,2026-07-09T13:34:31.409000Z,1783604071409,129.57
session-1783603749411-du6syw,10:51:DB:0D:31:EA,b3bb9015,2353,2026-07-09T13:34:31.559000Z,1783604071559,134.45
session-1783603749411-du6syw,10:51:DB:0D:31:EA,b3bb9015,2354,2026-07-09T13:34:31.905000Z,1783604071905,128.92
session-1783603749411-du6syw,10:51:DB:0D:31:EA,b3bb9015,2355,2026-07-09T13:34:32.086000Z,1783604072086,129.15
session-1783603749411-du6syw,10:51:DB:0D:31:EA,b3bb9015,2356,2026-07-09T13:34:32.173000Z,1783604072173,128.5
session-1783603749411-du6syw,10:51:DB:0D:31:EA,b3bb9015,2357,2026-07-09T13:34:32.308000Z,1783604072308,129.16
session-1783603749411-du6syw,10:51:DB:0D:31:EA,b3bb9015,2358,2026-07-09T13:34:32.459000Z,1783604072459,29.49
session-1783603749411-du6syw,10:51:DB:0D:31:EA,b3bb9015,2359,2026-07-09T13:34:32.536000Z,1783604072536,134.45
session-1783603749411-du6syw,10:51:DB:0D:31:EA,b3bb9015,2360,2026-07-09T13:34:32.578000Z,1783604072578,129.04
session-1783603749411-du6syw,10:51:DB:0D:31:EA,b3bb9015,2361,2026-07-09T13:34:32.716000Z,1783604072716,133.98
session-1783603749411-du6syw,10:51:DB:0D:31:EA,b3bb9015,2362,2026-07-09T13:34:32.805000Z,1783604072805,117.16
session-1783603749411-du6syw,10:51:DB:0D:31:EA,b3bb9015,2363,2026-07-09T13:34:32.896000Z,1783604072896,129.6
session-1783603749411-du6syw,10:51:DB:0D:31:EA,b3bb9015,2364,2026-07-09T13:34:32.986000Z,1783604072986,129.16
session-1783603749411-du6syw,10:51:DB:0D:31:EA,b3bb9015,2365,2026-07-09T13:34:33.077000Z,1783604073077,129.18
session-1783603749411-du6syw,10:51:DB:0D:31:EA,b3bb9015,2366,2026-07-09T13:34:33.302000Z,1783604073302,29.23
session-1783603749411-du6syw,10:51:DB:0D:31:EA,b3bb9015,2367,2026-07-09T13:34:33.617000Z,1783604073617,136.44
session-1783603749411-du6syw,10:51:DB:0D:31:EA,b3bb9015,2368,2026-07-09T13:34:33.751000Z,1783604073751,116.51
session-1783603749411-du6syw,10:51:DB:0D:31:EA,b3bb9015,2369,2026-07-09T13:34:33.840000Z,1783604073840,128.92
session-1783603749411-du6syw,10:51:DB:0D:31:EA,b3bb9015,2370,2026-07-09T13:34:33.930000Z,1783604073930,129.57
session-1783603749411-du6syw,10:51:DB:0D:31:EA,b3bb9015,2371,2026-07-09T13:34:34.155000Z,1783604074155,128.33
session-1783603749411-du6syw,10:51:DB:0D:31:EA,b3bb9015,2372,2026-07-09T13:34:34.244000Z,1783604074244,116.27
session-1783603749411-du6syw,10:51:DB:0D:31:EA,b3bb9015,2373,2026-07-09T13:34:34.337000Z,1783604074337,129.41
session-1783603749411-du6syw,10:51:DB:0D:31:EA,b3bb9015,2374,2026-07-09T13:34:34.561000Z,1783604074561,129.16
session-1783603749411-du6syw,10:51:DB:0D:31:EA,b3bb9015,2375,2026-07-09T13:34:34.650000Z,1783604074650,128.12
session-1783603749411-du6syw,10:51:DB:0D:31:EA,b3bb9015,2376,2026-07-09T13:34:34.877000Z,1783604074877,116.71
session-1783603749411-du6syw,10:51:DB:0D:31:EA,b3bb9015,2377,2026-07-09T13:34:34.965000Z,1783604074965,136.34
session-1783603749411-du6syw,10:51:DB:0D:31:EA,b3bb9015,2378,2026-07-09T13:34:35.058000Z,1783604075058,135.88
session-1783603749411-du6syw,10:51:DB:0D:31:EA,b3bb9015,2379,2026-07-09T13:34:35.146000Z,1783604075146,133.79
session-1783603749411-du6syw,10:51:DB:0D:31:EA,b3bb9015,2380,2026-07-09T13:34:35.282000Z,1783604075282,134.87
session-1783603749411-du6syw,10:51:DB:0D:31:EA,b3bb9015,2381,2026-07-09T13:34:35.506000Z,1783604075506,129.15
session-1783603749411-du6syw,10:51:DB:0D:31:EA,b3bb9015,2382,2026-07-09T13:34:35.596000Z,1783604075596,128.54
session-1783603749411-du6syw,10:51:DB:0D:31:EA,b3bb9015,2383,2026-07-09T13:34:35.686000Z,1783604075686,128.75
session-1783603749411-du6syw,10:51:DB:0D:31:EA,b3bb9015,2384,2026-07-09T13:34:35.776000Z,1783604075776,119.24
session-1783603749411-du6syw,10:51:DB:0D:31:EA,b3bb9015,2385,2026-07-09T13:34:36.001000Z,1783604076001,128.33
session-1783603749411-du6syw,10:51:DB:0D:31:EA,b3bb9015,2386,2026-07-09T13:34:36.135000Z,1783604076135,129.39
session-1783603749411-du6syw,10:51:DB:0D:31:EA,b3bb9015,2387,2026-07-09T13:34:36.226000Z,1783604076226,115.83
session-1783603749411-du6syw,10:51:DB:0D:31:EA,b3bb9015,2388,2026-07-09T13:34:36.315000Z,1783604076315,128.57
session-1783603749411-du6syw,10:51:DB:0D:31:EA,b3bb9015,2389,2026-07-09T13:34:36.406000Z,1783604076406,128.97
session-1783603749411-du6syw,10:51:DB:0D:31:EA,b3bb9015,2390,2026-07-09T13:34:36.496000Z,1783604076496,129.15
session-1783603749411-du6syw,10:51:DB:0D:31:EA,b3bb9015,2391,2026-07-09T13:34:36.631000Z,1783604076631,128.94
session-1783603749411-du6syw,10:51:DB:0D:31:EA,b3bb9015,2392,2026-07-09T13:34:36.811000Z,1783604076811,128.48
session-1783603749411-du6syw,10:51:DB:0D:31:EA,b3bb9015,2393,2026-07-09T13:34:36.900000Z,1783604076900,128.73
session-1783603749411-du6syw,10:51:DB:0D:31:EA,b3bb9015,2394,2026-07-09T13:34:37.035000Z,1783604077035,128.94
session-1783603749411-du6syw,10:51:DB:0D:31:EA,b3bb9015,2395,2026-07-09T13:34:37.126000Z,1783604077126,116.71
session-1783603749411-du6syw,10:51:DB:0D:31:EA,b3bb9015,2396,2026-07-09T13:34:37.214000Z,1783604077214,128.94
session-1783603749411-du6syw,10:51:DB:0D:31:EA,b3bb9015,2397,2026-07-09T13:34:37.317000Z,1783604077317,128.99
session-1783603749411-du6syw,10:51:DB:0D:31:EA,b3bb9015,2398,2026-07-09T13:34:37.393000Z,1783604077393,136.77
session-1783603749411-du6syw,10:51:DB:0D:31:EA,b3bb9015,2399,2026-07-09T13:34:37.620000Z,1783604077620,28.18
session-1783603749411-du6syw,10:51:DB:0D:31:EA,b3bb9015,2400,2026-07-09T13:34:37.711000Z,1783604077711,133.98
session-1783603749411-du6syw,10:51:DB:0D:31:EA,b3bb9015,2401,2026-07-09T13:34:37.845000Z,1783604077845,134.05
session-1783603749411-du6syw,10:51:DB:0D:31:EA,b3bb9015,2402,2026-07-09T13:34:37.935000Z,1783604077935,136.35
session-1783603749411-du6syw,10:51:DB:0D:31:EA,b3bb9015,2403,2026-07-09T13:34:38.069000Z,1783604078069,129.41
session-1783603749411-du6syw,10:51:DB:0D:31:EA,b3bb9015,2404,2026-07-09T13:34:38.250000Z,1783604078250,136.35
session-1783603749411-du6syw,10:51:DB:0D:31:EA,b3bb9015,2405,2026-07-09T13:34:38.339000Z,1783604078339,129.11
session-1783603749411-du6syw,10:51:DB:0D:31:EA,b3bb9015,2406,2026-07-09T13:34:38.476000Z,1783604078476,128.96
session-1783603749411-du6syw,10:51:DB:0D:31:EA,b3bb9015,2407,2026-07-09T13:34:38.565000Z,1783604078565,115.41
session-1783603749411-du6syw,10:51:DB:0D:31:EA,b3bb9015,2408,2026-07-09T13:34:38.656000Z,1783604078656,136.35
session-1783603749411-du6syw,10:51:DB:0D:31:EA,b3bb9015,2409,2026-07-09T13:34:38.745000Z,1783604078745,134.59
session-1783603749411-du6syw,10:51:DB:0D:31:EA,b3bb9015,2410,2026-07-09T13:34:38.879000Z,1783604078879,133.77
session-1783603749411-du6syw,10:51:DB:0D:31:EA,b3bb9015,2411,2026-07-09T13:34:38.970000Z,1783604078970,133.74
session-1783603749411-du6syw,10:51:DB:0D:31:EA,b3bb9015,2412,2026-07-09T13:34:39.061000Z,1783604079061,28.01
session-1783603749411-du6syw,10:51:DB:0D:31:EA,b3bb9015,2413,2026-07-09T13:34:39.149000Z,1783604079149,133.6
session-1783603749411-du6syw,10:51:DB:0D:31:EA,b3bb9015,2414,2026-07-09T13:34:39.240000Z,1783604079240,133.75
session-1783603749411-du6syw,10:51:DB:0D:31:EA,b3bb9015,2415,2026-07-09T13:34:39.373000Z,1783604079373,134.61
session-1783603749411-du6syw,10:51:DB:0D:31:EA,b3bb9015,2416,2026-07-09T13:34:39.467000Z,1783604079467,117.46
session-1783603749411-du6syw,10:51:DB:0D:31:EA,b3bb9015,2417,2026-07-09T13:34:39.555000Z,1783604079555,134.21
session-1783603749411-du6syw,10:51:DB:0D:31:EA,b3bb9015,2418,2026-07-09T13:34:39.644000Z,1783604079644,135.06
session-1783603749411-du6syw,10:51:DB:0D:31:EA,b3bb9015,2419,2026-07-09T13:34:39.734000Z,1783604079734,134.66
session-1783603749411-du6syw,10:51:DB:0D:31:EA,b3bb9015,2420,2026-07-09T13:34:39.885000Z,1783604079885,135.92
session-1783603749411-du6syw,10:51:DB:0D:31:EA,b3bb9015,2421,2026-07-09T13:34:40.050000Z,1783604080050,27.54
session-1783603749411-du6syw,10:51:DB:0D:31:EA,b3bb9015,2422,2026-07-09T13:34:40.094000Z,1783604080094,128.54
session-1783603749411-du6syw,10:51:DB:0D:31:EA,b3bb9015,2423,2026-07-09T13:34:40.184000Z,1783604080184,136.62
session-1783603749411-du6syw,10:51:DB:0D:31:EA,b3bb9015,2424,2026-07-09T13:34:40.275000Z,1783604080275,129.15
session-1783603749411-du6syw,10:51:DB:0D:31:EA,b3bb9015,2425,2026-07-09T13:34:40.500000Z,1783604080500,26.89
session-1783603749411-du6syw,10:51:DB:0D:31:EA,b3bb9015,2426,2026-07-09T13:34:40.589000Z,1783604080589,133.98
session-1783603749411-du6syw,10:51:DB:0D:31:EA,b3bb9015,2427,2026-07-09T13:34:40.724000Z,1783604080724,134.17
session-1783603749411-du6syw,10:51:DB:0D:31:EA,b3bb9015,2428,2026-07-09T13:34:40.816000Z,1783604080816,134.16
session-1783603749411-du6syw,10:51:DB:0D:31:EA,b3bb9015,2429,2026-07-09T13:34:40.904000Z,1783604080904,114.37
session-1783603749411-du6syw,10:51:DB:0D:31:EA,b3bb9015,2430,2026-07-09T13:34:40.996000Z,1783604080996,129.36
session-1783603749411-du6syw,10:51:DB:0D:31:EA,b3bb9015,2431,2026-07-09T13:34:41.084000Z,1783604081084,133.49
session-1783603749411-du6syw,10:51:DB:0D:31:EA,b3bb9015,2432,2026-07-09T13:34:41.173000Z,1783604081173,136.32
session-1783603749411-du6syw,10:51:DB:0D:31:EA,b3bb9015,2433,2026-07-09T13:34:41.310000Z,1783604081310,129.55
session-1783603749411-du6syw,10:51:DB:0D:31:EA,b3bb9015,2434,2026-07-09T13:34:41.399000Z,1783604081399,27.48
session-1783603749411-du6syw,10:51:DB:0D:31:EA,b3bb9015,2435,2026-07-09T13:34:41.489000Z,1783604081489,133.98
session-1783603749411-du6syw,10:51:DB:0D:31:EA,b3bb9015,2436,2026-07-09T13:34:41.580000Z,1783604081580,133.98
session-1783603749411-du6syw,10:51:DB:0D:31:EA,b3bb9015,2437,2026-07-09T13:34:41.717000Z,1783604081717,127.86
session-1783603749411-du6syw,10:51:DB:0D:31:EA,b3bb9015,2438,2026-07-09T13:34:41.805000Z,1783604081805,114.33
session-1783603749411-du6syw,10:51:DB:0D:31:EA,b3bb9015,2439,2026-07-09T13:34:41.895000Z,1783604081895,128.52
session-1783603749411-du6syw,10:51:DB:0D:31:EA,b3bb9015,2440,2026-07-09T13:34:42.045000Z,1783604082045,127.47
session-1783603749411-du6syw,10:51:DB:0D:31:EA,b3bb9015,2441,2026-07-09T13:34:42.165000Z,1783604082165,133.98
session-1783603749411-du6syw,10:51:DB:0D:31:EA,b3bb9015,2442,2026-07-09T13:34:42.255000Z,1783604082255,113.76
session-1783603749411-du6syw,10:51:DB:0D:31:EA,b3bb9015,2443,2026-07-09T13:34:42.405000Z,1783604082405,134.43
session-1783603749411-du6syw,10:51:DB:0D:31:EA,b3bb9015,2444,2026-07-09T13:34:42.570000Z,1783604082570,128.94
session-1783603749411-du6syw,10:51:DB:0D:31:EA,b3bb9015,2445,2026-07-09T13:34:42.660000Z,1783604082660,133.6
session-1783603749411-du6syw,10:51:DB:0D:31:EA,b3bb9015,2446,2026-07-09T13:34:42.810000Z,1783604082810,128.73
session-1783603749411-du6syw,10:51:DB:0D:31:EA,b3bb9015,2447,2026-07-09T13:34:42.887000Z,1783604082887,134.12
session-1783603749411-du6syw,10:51:DB:0D:31:EA,b3bb9015,2448,2026-07-09T13:34:43.110000Z,1783604083110,128.52
session-1783603749411-du6syw,10:51:DB:0D:31:EA,b3bb9015,2449,2026-07-09T13:34:43.199000Z,1783604083199,128.89
session-1783603749411-du6syw,10:51:DB:0D:31:EA,b3bb9015,2450,2026-07-09T13:34:43.289000Z,1783604083289,134.14
session-1783603749411-du6syw,10:51:DB:0D:31:EA,b3bb9015,2451,2026-07-09T13:34:43.422000Z,1783604083422,128.9
session-1783603749411-du6syw,10:51:DB:0D:31:EA,b3bb9015,2452,2026-07-09T13:34:43.560000Z,1783604083560,116.5
session-1783603749411-du6syw,10:51:DB:0D:31:EA,b3bb9015,2453,2026-07-09T13:34:43.604000Z,1783604083604,134.61
session-1783603749411-du6syw,10:51:DB:0D:31:EA,b3bb9015,2454,2026-07-09T13:34:43.695000Z,1783604083695,128.92
session-1783603749411-du6syw,10:51:DB:0D:31:EA,b3bb9015,2455,2026-07-09T13:34:43.784000Z,1783604083784,134.59
session-1783603749411-du6syw,10:51:DB:0D:31:EA,b3bb9015,2456,2026-07-09T13:34:43.934000Z,1783604083934,128.73
session-1783603749411-du6syw,10:51:DB:0D:31:EA,b3bb9015,2457,2026-07-09T13:34:44.056000Z,1783604084056,25.97
session-1783603749411-du6syw,10:51:DB:0D:31:EA,b3bb9015,2458,2026-07-09T13:34:44.144000Z,1783604084144,136.35
session-1783603749411-du6syw,10:51:DB:0D:31:EA,b3bb9015,2459,2026-07-09T13:34:44.235000Z,1783604084235,129.16
session-1783603749411-du6syw,10:51:DB:0D:31:EA,b3bb9015,2460,2026-07-09T13:34:44.370000Z,1783604084370,129.86
session-1783603749411-du6syw,10:51:DB:0D:31:EA,b3bb9015,2461,2026-07-09T13:34:44.548000Z,1783604084548,134.17
session-1783603749411-du6syw,10:51:DB:0D:31:EA,b3bb9015,2462,2026-07-09T13:34:44.642000Z,1783604084642,129.37
session-1783603749411-du6syw,10:51:DB:0D:31:EA,b3bb9015,2463,2026-07-09T13:34:44.776000Z,1783604084776,133.18
session-1783603749411-du6syw,10:51:DB:0D:31:EA,b3bb9015,2464,2026-07-09T13:34:44.909000Z,1783604084909,114.37
session-1783603749411-du6syw,10:51:DB:0D:31:EA,b3bb9015,2465,2026-07-09T13:34:44.954000Z,1783604084954,133.95
session-1783603749411-du6syw,10:51:DB:0D:31:EA,b3bb9015,2466,2026-07-09T13:34:45.044000Z,1783604085044,129.57
session-1783603749411-du6syw,10:51:DB:0D:31:EA,b3bb9015,2467,2026-07-09T13:34:45.135000Z,1783604085135,134.17
session-1783603749411-du6syw,10:51:DB:0D:31:EA,b3bb9015,2468,2026-07-09T13:34:45.269000Z,1783604085269,134.02
session-1783603749411-du6syw,10:51:DB:0D:31:EA,b3bb9015,2469,2026-07-09T13:34:45.420000Z,1783604085420,25.74
session-1783603749411-du6syw,10:51:DB:0D:31:EA,b3bb9015,2470,2026-07-09T13:34:45.494000Z,1783604085494,134.63
session-1783603749411-du6syw,10:51:DB:0D:31:EA,b3bb9015,2471,2026-07-09T13:34:45.540000Z,1783604085540,129.37
session-1783603749411-du6syw,10:51:DB:0D:31:EA,b3bb9015,2472,2026-07-09T13:34:45.691000Z,1783604085691,128.69
session-1783603749411-du6syw,10:51:DB:0D:31:EA,b3bb9015,2473,2026-07-09T13:34:45.763000Z,1783604085763,134.17
session-1783603749411-du6syw,10:51:DB:0D:31:EA,b3bb9015,2474,2026-07-09T13:34:45.990000Z,1783604085990,133.98
session-1783603749411-du6syw,10:51:DB:0D:31:EA,b3bb9015,2475,2026-07-09T13:34:46.079000Z,1783604086079,134.61
session-1783603749411-du6syw,10:51:DB:0D:31:EA,b3bb9015,2476,2026-07-09T13:34:46.214000Z,1783604086214,128.76
session-1783603749411-du6syw,10:51:DB:0D:31:EA,b3bb9015,2477,2026-07-09T13:34:46.303000Z,1783604086303,113.2
session-1783603749411-du6syw,10:51:DB:0D:31:EA,b3bb9015,2478,2026-07-09T13:34:46.394000Z,1783604086394,128.5
session-1783603749411-du6syw,10:51:DB:0D:31:EA,b3bb9015,2479,2026-07-09T13:34:46.529000Z,1783604086529,134.05
session-1783603749411-du6syw,10:51:DB:0D:31:EA,b3bb9015,2480,2026-07-09T13:34:46.574000Z,1783604086574,129.13
session-1783603749411-du6syw,10:51:DB:0D:31:EA,b3bb9015,2481,2026-07-09T13:34:46.724000Z,1783604086724,129.37
session-1783603749411-du6syw,10:51:DB:0D:31:EA,b3bb9015,2482,2026-07-09T13:34:46.890000Z,1783604086890,134.14
session-1783603749411-du6syw,10:51:DB:0D:31:EA,b3bb9015,2483,2026-07-09T13:34:46.979000Z,1783604086979,133.96
session-1783603749411-du6syw,10:51:DB:0D:31:EA,b3bb9015,2484,2026-07-09T13:34:47.115000Z,1783604087115,134.17
session-1783603749411-du6syw,10:51:DB:0D:31:EA,b3bb9015,2485,2026-07-09T13:34:47.205000Z,1783604087205,113.23
session-1783603749411-du6syw,10:51:DB:0D:31:EA,b3bb9015,2486,2026-07-09T13:34:47.294000Z,1783604087294,127.44
session-1783603749411-du6syw,10:51:DB:0D:31:EA,b3bb9015,2487,2026-07-09T13:34:47.474000Z,1783604087474,134.14
session-1783603749411-du6syw,10:51:DB:0D:31:EA,b3bb9015,2488,2026-07-09T13:34:47.609000Z,1783604087609,134.0
session-1783603749411-du6syw,10:51:DB:0D:31:EA,b3bb9015,2489,2026-07-09T13:34:47.700000Z,1783604087700,25.39
session-1783603749411-du6syw,10:51:DB:0D:31:EA,b3bb9015,2490,2026-07-09T13:34:47.789000Z,1783604087789,135.48
session-1783603749411-du6syw,10:51:DB:0D:31:EA,b3bb9015,2491,2026-07-09T13:34:47.879000Z,1783604087879,129.6
session-1783603749411-du6syw,10:51:DB:0D:31:EA,b3bb9015,2492,2026-07-09T13:34:48.029000Z,1783604088029,135.94
session-1783603749411-du6syw,10:51:DB:0D:31:EA,b3bb9015,2493,2026-07-09T13:34:48.209000Z,1783604088209,113.34
session-1783603749411-du6syw,10:51:DB:0D:31:EA,b3bb9015,2494,2026-07-09T13:34:48.248000Z,1783604088248,129.43
session-1783603749411-du6syw,10:51:DB:0D:31:EA,b3bb9015,2495,2026-07-09T13:34:48.376000Z,1783604088376,128.94
session-1783603749411-du6syw,10:51:DB:0D:31:EA,b3bb9015,2496,2026-07-09T13:34:48.422000Z,1783604088422,134.07
session-1783603749411-du6syw,10:51:DB:0D:31:EA,b3bb9015,2497,2026-07-09T13:34:48.554000Z,1783604088554,134.45
session-1783603749411-du6syw,10:51:DB:0D:31:EA,b3bb9015,2498,2026-07-09T13:34:48.645000Z,1783604088645,112.54
session-1783603749411-du6syw,10:51:DB:0D:31:EA,b3bb9015,2499,2026-07-09T13:34:48.735000Z,1783604088735,135.03
session-1783603749411-du6syw,10:51:DB:0D:31:EA,b3bb9015,2500,2026-07-09T13:34:48.825000Z,1783604088825,129.58
session-1783603749411-du6syw,10:51:DB:0D:31:EA,b3bb9015,2501,2026-07-09T13:34:48.915000Z,1783604088915,134.19
session-1783603749411-du6syw,10:51:DB:0D:31:EA,b3bb9015,2502,2026-07-09T13:34:49.051000Z,1783604089051,134.03
session-1783603749411-du6syw,10:51:DB:0D:31:EA,b3bb9015,2503,2026-07-09T13:34:49.139000Z,1783604089139,25.08
session-1783603749411-du6syw,10:51:DB:0D:31:EA,b3bb9015,2504,2026-07-09T13:34:49.231000Z,1783604089231,133.61
session-1783603749411-du6syw,10:51:DB:0D:31:EA,b3bb9015,2505,2026-07-09T13:34:49.319000Z,1783604089319,134.16
session-1783603749411-du6syw,10:51:DB:0D:31:EA,b3bb9015,2506,2026-07-09T13:34:49.470000Z,1783604089470,133.75
session-1783603749411-du6syw,10:51:DB:0D:31:EA,b3bb9015,2507,2026-07-09T13:34:49.543000Z,1783604089543,134.14
session-1783603749411-du6syw,10:51:DB:0D:31:EA,b3bb9015,2508,2026-07-09T13:34:49.633000Z,1783604089633,134.61
session-1783603749411-du6syw,10:51:DB:0D:31:EA,b3bb9015,2509,2026-07-09T13:34:49.770000Z,1783604089770,134.23
session-1783603749411-du6syw,10:51:DB:0D:31:EA,b3bb9015,2510,2026-07-09T13:34:49.813000Z,1783604089813,133.61
session-1783603749411-du6syw,10:51:DB:0D:31:EA,b3bb9015,2511,2026-07-09T13:34:49.950000Z,1783604089950,134.14
session-1783603749411-du6syw,10:51:DB:0D:31:EA,b3bb9015,2512,2026-07-09T13:34:50.177000Z,1783604090177,134.16
session-1783603749411-du6syw,10:51:DB:0D:31:EA,b3bb9015,2513,2026-07-09T13:34:50.402000Z,1783604090402,128.05
session-1783603749411-du6syw,10:51:DB:0D:31:EA,b3bb9015,2514,2026-07-09T13:34:50.490000Z,1783604090490,133.74
session-1783603749411-du6syw,10:51:DB:0D:31:EA,b3bb9015,2515,2026-07-09T13:34:50.671000Z,1783604090671,133.81
session-1783603749411-du6syw,10:51:DB:0D:31:EA,b3bb9015,2516,2026-07-09T13:34:50.760000Z,1783604090760,134.61
session-1783603749411-du6syw,10:51:DB:0D:31:EA,b3bb9015,2517,2026-07-09T13:34:50.911000Z,1783604090911,134.82
session-1783603749411-du6syw,10:51:DB:0D:31:EA,b3bb9015,2518,2026-07-09T13:34:50.986000Z,1783604090986,111.7
session-1783603749411-du6syw,10:51:DB:0D:31:EA,b3bb9015,2519,2026-07-09T13:34:51.075000Z,1783604091075,134.17
session-1783603749411-du6syw,10:51:DB:0D:31:EA,b3bb9015,2520,2026-07-09T13:34:51.167000Z,1783604091167,134.61
session-1783603749411-du6syw,10:51:DB:0D:31:EA,b3bb9015,2521,2026-07-09T13:34:51.254000Z,1783604091254,133.98
session-1783603749411-du6syw,10:51:DB:0D:31:EA,b3bb9015,2522,2026-07-09T13:34:51.573000Z,1783604091573,133.95
session-1783603749411-du6syw,10:51:DB:0D:31:EA,b3bb9015,2523,2026-07-09T13:34:51.662000Z,1783604091662,134.14
session-1783603749411-du6syw,10:51:DB:0D:31:EA,b3bb9015,2524,2026-07-09T13:34:51.812000Z,1783604091812,134.87
session-1783603749411-du6syw,10:51:DB:0D:31:EA,b3bb9015,2525,2026-07-09T13:34:51.891000Z,1783604091891,112.13
session-1783603749411-du6syw,10:51:DB:0D:31:EA,b3bb9015,2526,2026-07-09T13:34:51.977000Z,1783604091977,129.15
session-1783603749411-du6syw,10:51:DB:0D:31:EA,b3bb9015,2527,2026-07-09T13:34:52.202000Z,1783604092202,129.83
session-1783603749411-du6syw,10:51:DB:0D:31:EA,b3bb9015,2528,2026-07-09T13:34:52.335000Z,1783604092335,128.94
session-1783603749411-du6syw,10:51:DB:0D:31:EA,b3bb9015,2529,2026-07-09T13:34:52.425000Z,1783604092425,111.33
session-1783603749411-du6syw,10:51:DB:0D:31:EA,b3bb9015,2530,2026-07-09T13:34:52.516000Z,1783604092516,136.18
session-1783603749411-du6syw,10:51:DB:0D:31:EA,b3bb9015,2531,2026-07-09T13:34:52.605000Z,1783604092605,136.39
session-1783603749411-du6syw,10:51:DB:0D:31:EA,b3bb9015,2532,2026-07-09T13:34:52.693000Z,1783604092693,136.32
session-1783603749411-du6syw,10:51:DB:0D:31:EA,b3bb9015,2533,2026-07-09T13:34:52.830000Z,1783604092830,136.35
session-1783603749411-du6syw,10:51:DB:0D:31:EA,b3bb9015,2534,2026-07-09T13:34:53.057000Z,1783604093057,111.71
session-1783603749411-du6syw,10:51:DB:0D:31:EA,b3bb9015,2535,2026-07-09T13:34:53.145000Z,1783604093145,128.71
session-1783603749411-du6syw,10:51:DB:0D:31:EA,b3bb9015,2536,2026-07-09T13:34:53.235000Z,1783604093235,128.33
session-1783603749411-du6syw,10:51:DB:0D:31:EA,b3bb9015,2537,2026-07-09T13:34:53.325000Z,1783604093325,134.61
session-1783603749411-du6syw,10:51:DB:0D:31:EA,b3bb9015,2538,2026-07-09T13:34:53.476000Z,1783604093476,136.35
session-1783603749411-du6syw,10:51:DB:0D:31:EA,b3bb9015,2539,2026-07-09T13:34:53.640000Z,1783604093640,128.78
session-1783603749411-du6syw,10:51:DB:0D:31:EA,b3bb9015,2540,2026-07-09T13:34:53.730000Z,1783604093730,134.59
session-1783603749411-du6syw,10:51:DB:0D:31:EA,b3bb9015,2541,2026-07-09T13:34:53.866000Z,1783604093866,128.52
session-1783603749411-du6syw,10:51:DB:0D:31:EA,b3bb9015,2542,2026-07-09T13:34:53.956000Z,1783604093956,111.26
session-1783603749411-du6syw,10:51:DB:0D:31:EA,b3bb9015,2543,2026-07-09T13:34:54.045000Z,1783604094045,128.5
session-1783603749411-du6syw,10:51:DB:0D:31:EA,b3bb9015,2544,2026-07-09T13:34:54.134000Z,1783604094134,134.16
session-1783603749411-du6syw,10:51:DB:0D:31:EA,b3bb9015,2545,2026-07-09T13:34:54.272000Z,1783604094272,128.47
session-1783603749411-du6syw,10:51:DB:0D:31:EA,b3bb9015,2546,2026-07-09T13:34:54.362000Z,1783604094362,127.87
session-1783603749411-du6syw,10:51:DB:0D:31:EA,b3bb9015,2547,2026-07-09T13:34:54.585000Z,1783604094585,128.01
session-1783603749411-du6syw,10:51:DB:0D:31:EA,b3bb9015,2548,2026-07-09T13:34:54.673000Z,1783604094673,128.48
session-1783603749411-du6syw,10:51:DB:0D:31:EA,b3bb9015,2549,2026-07-09T13:34:54.767000Z,1783604094767,134.61
session-1783603749411-du6syw,10:51:DB:0D:31:EA,b3bb9015,2550,2026-07-09T13:34:54.901000Z,1783604094901,128.07
session-1783603749411-du6syw,10:51:DB:0D:31:EA,b3bb9015,2551,2026-07-09T13:34:54.989000Z,1783604094989,135.69
session-1783603749411-du6syw,10:51:DB:0D:31:EA,b3bb9015,2552,2026-07-09T13:34:55.081000Z,1783604095081,136.35
session-1783603749411-du6syw,10:51:DB:0D:31:EA,b3bb9015,2553,2026-07-09T13:34:55.305000Z,1783604095305,134.85
session-1783603749411-du6syw,10:51:DB:0D:31:EA,b3bb9015,2554,2026-07-09T13:34:55.395000Z,1783604095395,110.86
session-1783603749411-du6syw,10:51:DB:0D:31:EA,b3bb9015,2555,2026-07-09T13:34:55.486000Z,1783604095486,128.34
session-1783603749411-du6syw,10:51:DB:0D:31:EA,b3bb9015,2556,2026-07-09T13:34:55.577000Z,1783604095577,134.0
session-1783603749411-du6syw,10:51:DB:0D:31:EA,b3bb9015,2557,2026-07-09T13:34:55.667000Z,1783604095667,128.33
session-1783603749411-du6syw,10:51:DB:0D:31:EA,b3bb9015,2558,2026-07-09T13:34:55.802000Z,1783604095802,128.47
session-1783603749411-du6syw,10:51:DB:0D:31:EA,b3bb9015,2559,2026-07-09T13:34:55.979000Z,1783604095979,135.73
session-1783603749411-du6syw,10:51:DB:0D:31:EA,b3bb9015,2560,2026-07-09T13:34:56.071000Z,1783604096071,135.9
session-1783603749411-du6syw,10:51:DB:0D:31:EA,b3bb9015,2561,2026-07-09T13:34:56.206000Z,1783604096206,128.75
session-1783603749411-du6syw,10:51:DB:0D:31:EA,b3bb9015,2562,2026-07-09T13:34:56.342000Z,1783604096342,110.46
session-1783603749411-du6syw,10:51:DB:0D:31:EA,b3bb9015,2563,2026-07-09T13:34:56.430000Z,1783604096430,39.93
session-1783603749411-du6syw,10:51:DB:0D:31:EA,b3bb9015,2564,2026-07-09T13:34:56.520000Z,1783604096520,128.96
session-1783603749411-du6syw,10:51:DB:0D:31:EA,b3bb9015,2565,2026-07-09T13:34:56.610000Z,1783604096610,135.73
session-1783603749411-du6syw,10:51:DB:0D:31:EA,b3bb9015,2566,2026-07-09T13:34:56.761000Z,1783604096761,135.05
session-1783603749411-du6syw,10:51:DB:0D:31:EA,b3bb9015,2567,2026-07-09T13:34:56.835000Z,1783604096835,110.39
session-1783603749411-du6syw,10:51:DB:0D:31:EA,b3bb9015,2568,2026-07-09T13:34:56.925000Z,1783604096925,128.54
session-1783603749411-du6syw,10:51:DB:0D:31:EA,b3bb9015,2569,2026-07-09T13:34:57.014000Z,1783604097014,134.17
session-1783603749411-du6syw,10:51:DB:0D:31:EA,b3bb9015,2570,2026-07-09T13:34:57.105000Z,1783604097105,133.98
session-1783603749411-du6syw,10:51:DB:0D:31:EA,b3bb9015,2571,2026-07-09T13:34:57.240000Z,1783604097240,134.4
session-1783603749411-du6syw,10:51:DB:0D:31:EA,b3bb9015,2572,2026-07-09T13:34:57.420000Z,1783604097420,135.45
session-1783603749411-du6syw,10:51:DB:0D:31:EA,b3bb9015,2573,2026-07-09T13:34:57.510000Z,1783604097510,128.48
session-1783603749411-du6syw,10:51:DB:0D:31:EA,b3bb9015,2574,2026-07-09T13:34:57.660000Z,1783604097660,133.98
session-1783603749411-du6syw,10:51:DB:0D:31:EA,b3bb9015,2575,2026-07-09T13:34:57.735000Z,1783604097735,110.2
session-1783603749411-du6syw,10:51:DB:0D:31:EA,b3bb9015,2576,2026-07-09T13:34:57.824000Z,1783604097824,128.76
session-1783603749411-du6syw,10:51:DB:0D:31:EA,b3bb9015,2577,2026-07-09T13:34:57.915000Z,1783604097915,133.95
session-1783603749411-du6syw,10:51:DB:0D:31:EA,b3bb9015,2578,2026-07-09T13:34:58.004000Z,1783604098004,128.33
session-1783603749411-du6syw,10:51:DB:0D:31:EA,b3bb9015,2579,2026-07-09T13:34:58.139000Z,1783604098139,134.17
session-1783603749411-du6syw,10:51:DB:0D:31:EA,b3bb9015,2580,2026-07-09T13:34:58.229000Z,1783604098229,25.58
session-1783603749411-du6syw,10:51:DB:0D:31:EA,b3bb9015,2581,2026-07-09T13:34:58.366000Z,1783604098366,134.16
session-1783603749411-du6syw,10:51:DB:0D:31:EA,b3bb9015,2582,2026-07-09T13:34:58.456000Z,1783604098456,134.17
session-1783603749411-du6syw,10:51:DB:0D:31:EA,b3bb9015,2583,2026-07-09T13:34:58.545000Z,1783604098545,134.61
session-1783603749411-du6syw,10:51:DB:0D:31:EA,b3bb9015,2584,2026-07-09T13:34:58.681000Z,1783604098681,134.16
session-1783603749411-du6syw,10:51:DB:0D:31:EA,b3bb9015,2585,2026-07-09T13:34:58.770000Z,1783604098770,25.44
session-1783603749411-du6syw,10:51:DB:0D:31:EA,b3bb9015,2586,2026-07-09T13:34:58.861000Z,1783604098861,128.92
session-1783603749411-du6syw,10:51:DB:0D:31:EA,b3bb9015,2587,2026-07-09T13:34:58.947000Z,1783604098947,129.36
session-1783603749411-du6syw,10:51:DB:0D:31:EA,b3bb9015,2588,2026-07-09T13:34:59.087000Z,1783604099087,134.0
session-1783603749411-du6syw,10:51:DB:0D:31:EA,b3bb9015,2589,2026-07-09T13:34:59.175000Z,1783604099175,109.85
session-1783603749411-du6syw,10:51:DB:0D:31:EA,b3bb9015,2590,2026-07-09T13:34:59.355000Z,1783604099355,133.98
session-1783603749411-du6syw,10:51:DB:0D:31:EA,b3bb9015,2591,2026-07-09T13:34:59.581000Z,1783604099581,134.14
session-1783603749411-du6syw,10:51:DB:0D:31:EA,b3bb9015,2592,2026-07-09T13:34:59.671000Z,1783604099671,25.11
session-1783603749411-du6syw,10:51:DB:0D:31:EA,b3bb9015,2593,2026-07-09T13:34:59.761000Z,1783604099761,133.96
session-1783603749411-du6syw,10:51:DB:0D:31:EA,b3bb9015,2594,2026-07-09T13:34:59.851000Z,1783604099851,134.14
session-1783603749411-du6syw,10:51:DB:0D:31:EA,b3bb9015,2595,2026-07-09T13:34:59.985000Z,1783604099985,134.0
session-1783603749411-du6syw,10:51:DB:0D:31:EA,b3bb9015,2596,2026-07-09T13:35:00.119000Z,1783604100119,109.97
session-1783603749411-du6syw,10:51:DB:0D:31:EA,b3bb9015,2597,2026-07-09T13:35:00.169000Z,1783604100169,134.14
session-1783603749411-du6syw,10:51:DB:0D:31:EA,b3bb9015,2598,2026-07-09T13:35:00.253000Z,1783604100253,134.85
session-1783603749411-du6syw,10:51:DB:0D:31:EA,b3bb9015,2599,2026-07-09T13:35:00.391000Z,1783604100391,128.96
session-1783603749411-du6syw,10:51:DB:0D:31:EA,b3bb9015,2600,2026-07-09T13:35:00.525000Z,1783604100525,130.02
session-1783603749411-du6syw,10:51:DB:0D:31:EA,b3bb9015,2601,2026-07-09T13:35:00.616000Z,1783604100616,109.31
session-1783603749411-du6syw,10:51:DB:0D:31:EA,b3bb9015,2602,2026-07-09T13:35:00.705000Z,1783604100705,128.97
session-1783603749411-du6syw,10:51:DB:0D:31:EA,b3bb9015,2603,2026-07-09T13:35:00.796000Z,1783604100796,134.45
session-1783603749411-du6syw,10:51:DB:0D:31:EA,b3bb9015,2604,2026-07-09T13:35:00.891000Z,1783604100891,128.47
session-1783603749411-du6syw,10:51:DB:0D:31:EA,b3bb9015,2605,2026-07-09T13:35:01.021000Z,1783604101021,134.17
session-1783603749411-du6syw,10:51:DB:0D:31:EA,b3bb9015,2606,2026-07-09T13:35:01.201000Z,1783604101201,134.16
session-1783603749411-du6syw,10:51:DB:0D:31:EA,b3bb9015,2607,2026-07-09T13:35:01.290000Z,1783604101290,133.98
session-1783603749411-du6syw,10:51:DB:0D:31:EA,b3bb9015,2608,2026-07-09T13:35:01.426000Z,1783604101426,133.96
session-1783603749411-du6syw,10:51:DB:0D:31:EA,b3bb9015,2609,2026-07-09T13:35:01.517000Z,1783604101517,109.13
session-1783603749411-du6syw,10:51:DB:0D:31:EA,b3bb9015,2610,2026-07-09T13:35:01.605000Z,1783604101605,134.17
session-1783603749411-du6syw,10:51:DB:0D:31:EA,b3bb9015,2611,2026-07-09T13:35:01.697000Z,1783604101697,134.17
session-1783603749411-du6syw,10:51:DB:0D:31:EA,b3bb9015,2612,2026-07-09T13:35:01.786000Z,1783604101786,134.61
session-1783603749411-du6syw,10:51:DB:0D:31:EA,b3bb9015,2613,2026-07-09T13:35:02.010000Z,1783604102010,134.16
session-1783603749411-du6syw,10:51:DB:0D:31:EA,b3bb9015,2614,2026-07-09T13:35:02.099000Z,1783604102099,133.96
session-1783603749411-du6syw,10:51:DB:0D:31:EA,b3bb9015,2615,2026-07-09T13:35:02.190000Z,1783604102190,127.44
session-1783603749411-du6syw,10:51:DB:0D:31:EA,b3bb9015,2616,2026-07-09T13:35:02.324000Z,1783604102324,127.86
session-1783603749411-du6syw,10:51:DB:0D:31:EA,b3bb9015,2617,2026-07-09T13:35:02.460000Z,1783604102460,109.13
session-1783603749411-du6syw,10:51:DB:0D:31:EA,b3bb9015,2618,2026-07-09T13:35:02.550000Z,1783604102550,128.33
session-1783603749411-du6syw,10:51:DB:0D:31:EA,b3bb9015,2619,2026-07-09T13:35:02.640000Z,1783604102640,128.05
session-1783603749411-du6syw,10:51:DB:0D:31:EA,b3bb9015,2620,2026-07-09T13:35:02.730000Z,1783604102730,134.16
session-1783603749411-du6syw,10:51:DB:0D:31:EA,b3bb9015,2621,2026-07-09T13:35:02.820000Z,1783604102820,128.47
session-1783603749411-du6syw,10:51:DB:0D:31:EA,b3bb9015,2622,2026-07-09T13:35:03.044000Z,1783604103044,133.72
session-1783603749411-du6syw,10:51:DB:0D:31:EA,b3bb9015,2623,2026-07-09T13:35:03.134000Z,1783604103134,134.17
session-1783603749411-du6syw,10:51:DB:0D:31:EA,b3bb9015,2624,2026-07-09T13:35:03.224000Z,1783604103224,129.39
session-1783603749411-du6syw,10:51:DB:0D:31:EA,b3bb9015,2625,2026-07-09T13:35:03.360000Z,1783604103360,133.98
session-1783603749411-du6syw,10:51:DB:0D:31:EA,b3bb9015,2626,2026-07-09T13:35:03.541000Z,1783604103541,134.16
session-1783603749411-du6syw,10:51:DB:0D:31:EA,b3bb9015,2627,2026-07-09T13:35:03.629000Z,1783604103629,134.17
session-1783603749411-du6syw,10:51:DB:0D:31:EA,b3bb9015,2628,2026-07-09T13:35:03.766000Z,1783604103766,134.16
session-1783603749411-du6syw,10:51:DB:0D:31:EA,b3bb9015,2629,2026-07-09T13:35:03.855000Z,1783604103855,108.85
session-1783603749411-du6syw,10:51:DB:0D:31:EA,b3bb9015,2630,2026-07-09T13:35:03.944000Z,1783604103944,134.17
session-1783603749411-du6syw,10:51:DB:0D:31:EA,b3bb9015,2631,2026-07-09T13:35:04.036000Z,1783604104036,134.14
session-1783603749411-du6syw,10:51:DB:0D:31:EA,b3bb9015,2632,2026-07-09T13:35:04.122000Z,1783604104122,128.29
session-1783603749411-du6syw,10:51:DB:0D:31:EA,b3bb9015,2633,2026-07-09T13:35:04.260000Z,1783604104260,129.22
session-1783603749411-du6syw,10:51:DB:0D:31:EA,b3bb9015,2634,2026-07-09T13:35:04.350000Z,1783604104350,135.05
session-1783603749411-du6syw,10:51:DB:0D:31:EA,b3bb9015,2635,2026-07-09T13:35:04.486000Z,1783604104486,128.54
session-1783603749411-du6syw,10:51:DB:0D:31:EA,b3bb9015,2636,2026-07-09T13:35:04.576000Z,1783604104576,135.73
session-1783603749411-du6syw,10:51:DB:0D:31:EA,b3bb9015,2637,2026-07-09T13:35:04.664000Z,1783604104664,135.88
session-1783603749411-du6syw,10:51:DB:0D:31:EA,b3bb9015,2638,2026-07-09T13:35:04.801000Z,1783604104801,135.74
session-1783603749411-du6syw,10:51:DB:0D:31:EA,b3bb9015,2639,2026-07-09T13:35:04.891000Z,1783604104891,135.01
session-1783603749411-du6syw,10:51:DB:0D:31:EA,b3bb9015,2640,2026-07-09T13:35:04.977000Z,1783604104977,134.45
session-1783603749411-du6syw,10:51:DB:0D:31:EA,b3bb9015,2641,2026-07-09T13:35:05.068000Z,1783604105068,127.59
session-1783603749411-du6syw,10:51:DB:0D:31:EA,b3bb9015,2642,2026-07-09T13:35:05.202000Z,1783604105202,134.17
session-1783603749411-du6syw,10:51:DB:0D:31:EA,b3bb9015,2643,2026-07-09T13:35:05.292000Z,1783604105292,108.5
session-1783603749411-du6syw,10:51:DB:0D:31:EA,b3bb9015,2644,2026-07-09T13:35:05.383000Z,1783604105383,128.75
session-1783603749411-du6syw,10:51:DB:0D:31:EA,b3bb9015,2645,2026-07-09T13:35:05.472000Z,1783604105472,133.98
session-1783603749411-du6syw,10:51:DB:0D:31:EA,b3bb9015,2646,2026-07-09T13:35:05.581000Z,1783604105581,134.17
session-1783603749411-du6syw,10:51:DB:0D:31:EA,b3bb9015,2647,2026-07-09T13:35:05.698000Z,1783604105698,134.17
session-1783603749411-du6syw,10:51:DB:0D:31:EA,b3bb9015,2648,2026-07-09T13:35:05.789000Z,1783604105789,129.37
session-1783603749411-du6syw,10:51:DB:0D:31:EA,b3bb9015,2649,2026-07-09T13:35:05.886000Z,1783604105886,128.05
session-1783603749411-du6syw,10:51:DB:0D:31:EA,b3bb9015,2650,2026-07-09T13:35:05.969000Z,1783604105969,134.85
session-1783603749411-du6syw,10:51:DB:0D:31:EA,b3bb9015,2651,2026-07-09T13:35:06.232000Z,1783604106232,108.85
session-1783603749411-du6syw,10:51:DB:0D:31:EA,b3bb9015,2652,2026-07-09T13:35:06.283000Z,1783604106283,129.36
session-1783603749411-du6syw,10:51:DB:0D:31:EA,b3bb9015,2653,2026-07-09T13:35:06.373000Z,1783604106373,134.59
session-1783603749411-du6syw,10:51:DB:0D:31:EA,b3bb9015,2654,2026-07-09T13:35:06.508000Z,1783604106508,128.94
session-1783603749411-du6syw,10:51:DB:0D:31:EA,b3bb9015,2655,2026-07-09T13:35:06.598000Z,1783604106598,128.29
session-1783603749411-du6syw,10:51:DB:0D:31:EA,b3bb9015,2656,2026-07-09T13:35:06.825000Z,1783604106825,133.98
session-1783603749411-du6syw,10:51:DB:0D:31:EA,b3bb9015,2657,2026-07-09T13:35:06.915000Z,1783604106915,134.42
session-1783603749411-du6syw,10:51:DB:0D:31:EA,b3bb9015,2658,2026-07-09T13:35:07.004000Z,1783604107004,134.61
session-1783603749411-du6syw,10:51:DB:0D:31:EA,b3bb9015,2659,2026-07-09T13:35:07.139000Z,1783604107139,134.14
session-1783603749411-du6syw,10:51:DB:0D:31:EA,b3bb9015,2660,2026-07-09T13:35:07.411000Z,1783604107411,134.0
session-1783603749411-du6syw,10:51:DB:0D:31:EA,b3bb9015,2661,2026-07-09T13:35:07.499000Z,1783604107499,134.43
session-1783603749411-du6syw,10:51:DB:0D:31:EA,b3bb9015,2662,2026-07-09T13:35:07.725000Z,1783604107725,134.0
session-1783603749411-du6syw,10:51:DB:0D:31:EA,b3bb9015,2663,2026-07-09T13:35:07.815000Z,1783604107815,133.95
session-1783603749411-du6syw,10:51:DB:0D:31:EA,b3bb9015,2664,2026-07-09T13:35:07.905000Z,1783604107905,134.14
session-1783603749411-du6syw,10:51:DB:0D:31:EA,b3bb9015,2665,2026-07-09T13:35:08.041000Z,1783604108041,133.98
session-1783603749411-du6syw,10:51:DB:0D:31:EA,b3bb9015,2666,2026-07-09T13:35:08.222000Z,1783604108222,134.43
session-1783603749411-du6syw,10:51:DB:0D:31:EA,b3bb9015,2667,2026-07-09T13:35:08.310000Z,1783604108310,127.94
session-1783603749411-du6syw,10:51:DB:0D:31:EA,b3bb9015,2668,2026-07-09T13:35:08.400000Z,1783604108400,134.85
session-1783603749411-du6syw,10:51:DB:0D:31:EA,b3bb9015,2669,2026-07-09T13:35:08.671000Z,1783604108671,134.85
session-1783603749411-du6syw,10:51:DB:0D:31:EA,b3bb9015,2670,2026-07-09T13:35:08.760000Z,1783604108760,129.2
session-1783603749411-du6syw,10:51:DB:0D:31:EA,b3bb9015,2671,2026-07-09T13:35:08.909000Z,1783604108909,128.96
session-1783603749411-du6syw,10:51:DB:0D:31:EA,b3bb9015,2672,2026-07-09T13:35:09.076000Z,1783604109076,136.35
session-1783603749411-du6syw,10:51:DB:0D:31:EA,b3bb9015,2673,2026-07-09T13:35:09.226000Z,1783604109226,134.84
session-1783603749411-du6syw,10:51:DB:0D:31:EA,b3bb9015,2674,2026-07-09T13:35:09.391000Z,1783604109391,134.16
session-1783603749411-du6syw,10:51:DB:0D:31:EA,b3bb9015,2675,2026-07-09T13:35:09.479000Z,1783604109479,134.19
session-1783603749411-du6syw,10:51:DB:0D:31:EA,b3bb9015,2676,2026-07-09T13:35:09.615000Z,1783604109615,128.76
session-1783603749411-du6syw,10:51:DB:0D:31:EA,b3bb9015,2677,2026-07-09T13:35:09.705000Z,1783604109705,107.51
session-1783603749411-du6syw,10:51:DB:0D:31:EA,b3bb9015,2678,2026-07-09T13:35:09.794000Z,1783604109794,128.5
session-1783603749411-du6syw,10:51:DB:0D:31:EA,b3bb9015,2679,2026-07-09T13:35:09.884000Z,1783604109884,127.86
session-1783603749411-du6syw,10:51:DB:0D:31:EA,b3bb9015,2680,2026-07-09T13:35:09.974000Z,1783604109974,127.14
session-1783603749411-du6syw,10:51:DB:0D:31:EA,b3bb9015,2681,2026-07-09T13:35:10.111000Z,1783604110111,133.93
session-1783603749411-du6syw,10:51:DB:0D:31:EA,b3bb9015,2682,2026-07-09T13:35:10.289000Z,1783604110289,128.1
session-1783603749411-du6syw,10:51:DB:0D:31:EA,b3bb9015,2683,2026-07-09T13:35:10.378000Z,1783604110378,128.03
session-1783603749411-du6syw,10:51:DB:0D:31:EA,b3bb9015,2684,2026-07-09T13:35:10.515000Z,1783604110515,127.87
session-1783603749411-du6syw,10:51:DB:0D:31:EA,b3bb9015,2685,2026-07-09T13:35:10.650000Z,1783604110650,107.18
session-1783603749411-du6syw,10:51:DB:0D:31:EA,b3bb9015,2686,2026-07-09T13:35:10.740000Z,1783604110740,128.01
session-1783603749411-du6syw,10:51:DB:0D:31:EA,b3bb9015,2687,2026-07-09T13:35:10.829000Z,1783604110829,128.89
session-1783603749411-du6syw,10:51:DB:0D:31:EA,b3bb9015,2688,2026-07-09T13:35:10.920000Z,1783604110920,128.94
session-1783603749411-du6syw,10:51:DB:0D:31:EA,b3bb9015,2689,2026-07-09T13:35:11.055000Z,1783604111055,134.61
session-1783603749411-du6syw,10:51:DB:0D:31:EA,b3bb9015,2690,2026-07-09T13:35:11.143000Z,1783604111143,107.18
session-1783603749411-du6syw,10:51:DB:0D:31:EA,b3bb9015,2691,2026-07-09T13:35:11.235000Z,1783604111235,127.19
session-1783603749411-du6syw,10:51:DB:0D:31:EA,b3bb9015,2692,2026-07-09T13:35:11.326000Z,1783604111326,127.82
session-1783603749411-du6syw,10:51:DB:0D:31:EA,b3bb9015,2693,2026-07-09T13:35:11.416000Z,1783604111416,127.05
session-1783603749411-du6syw,10:51:DB:0D:31:EA,b3bb9015,2694,2026-07-09T13:35:11.640000Z,1783604111640,128.31
session-1783603749411-du6syw,10:51:DB:0D:31:EA,b3bb9015,2695,2026-07-09T13:35:11.730000Z,1783604111730,127.63
session-1783603749411-du6syw,10:51:DB:0D:31:EA,b3bb9015,2696,2026-07-09T13:35:11.820000Z,1783604111820,128.31
session-1783603749411-du6syw,10:51:DB:0D:31:EA,b3bb9015,2697,2026-07-09T13:35:11.970000Z,1783604111970,128.05
session-1783603749411-du6syw,10:51:DB:0D:31:EA,b3bb9015,2698,2026-07-09T13:35:12.045000Z,1783604112045,106.88
session-1783603749411-du6syw,10:51:DB:0D:31:EA,b3bb9015,2699,2026-07-09T13:35:12.135000Z,1783604112135,128.05
session-1783603749411-du6syw,10:51:DB:0D:31:EA,b3bb9015,2700,2026-07-09T13:35:12.224000Z,1783604112224,128.75
session-1783603749411-du6syw,10:51:DB:0D:31:EA,b3bb9015,2701,2026-07-09T13:35:12.315000Z,1783604112315,128.03
session-1783603749411-du6syw,10:51:DB:0D:31:EA,b3bb9015,2702,2026-07-09T13:35:12.450000Z,1783604112450,128.48
session-1783603749411-du6syw,10:51:DB:0D:31:EA,b3bb9015,2703,2026-07-09T13:35:12.674000Z,1783604112674,133.98
session-1783603749411-du6syw,10:51:DB:0D:31:EA,b3bb9015,2704,2026-07-09T13:35:12.764000Z,1783604112764,134.14
session-1783603749411-du6syw,10:51:DB:0D:31:EA,b3bb9015,2705,2026-07-09T13:35:12.854000Z,1783604112854,128.33
session-1783603749411-du6syw,10:51:DB:0D:31:EA,b3bb9015,2706,2026-07-09T13:35:12.991000Z,1783604112991,134.16
session-1783603749411-du6syw,10:51:DB:0D:31:EA,b3bb9015,2707,2026-07-09T13:35:13.125000Z,1783604113125,134.17
session-1783603749411-du6syw,10:51:DB:0D:31:EA,b3bb9015,2708,2026-07-09T13:35:13.169000Z,1783604113169,128.05
session-1783603749411-du6syw,10:51:DB:0D:31:EA,b3bb9015,2709,2026-07-09T13:35:13.259000Z,1783604113259,134.0
session-1783603749411-du6syw,10:51:DB:0D:31:EA,b3bb9015,2710,2026-07-09T13:35:13.410000Z,1783604113410,133.98
session-1783603749411-du6syw,10:51:DB:0D:31:EA,b3bb9015,2711,2026-07-09T13:35:13.485000Z,1783604113485,106.69
session-1783603749411-du6syw,10:51:DB:0D:31:EA,b3bb9015,2712,2026-07-09T13:35:13.621000Z,1783604113621,134.45
session-1783603749411-du6syw,10:51:DB:0D:31:EA,b3bb9015,2713,2026-07-09T13:35:13.665000Z,1783604113665,129.18
session-1783603749411-du6syw,10:51:DB:0D:31:EA,b3bb9015,2714,2026-07-09T13:35:13.755000Z,1783604113755,128.47
session-1783603749411-du6syw,10:51:DB:0D:31:EA,b3bb9015,2715,2026-07-09T13:35:13.980000Z,1783604113980,128.27
session-1783603749411-du6syw,10:51:DB:0D:31:EA,b3bb9015,2716,2026-07-09T13:35:14.069000Z,1783604114069,128.31
session-1783603749411-du6syw,10:51:DB:0D:31:EA,b3bb9015,2717,2026-07-09T13:35:14.160000Z,1783604114160,128.92
session-1783603749411-du6syw,10:51:DB:0D:31:EA,b3bb9015,2718,2026-07-09T13:35:14.309000Z,1783604114309,128.48
session-1783603749411-du6syw,10:51:DB:0D:31:EA,b3bb9015,2719,2026-07-09T13:35:14.386000Z,1783604114386,106.44
session-1783603749411-du6syw,10:51:DB:0D:31:EA,b3bb9015,2720,2026-07-09T13:35:14.474000Z,1783604114474,133.74
session-1783603749411-du6syw,10:51:DB:0D:31:EA,b3bb9015,2721,2026-07-09T13:35:14.566000Z,1783604114566,128.29
session-1783603749411-du6syw,10:51:DB:0D:31:EA,b3bb9015,2722,2026-07-09T13:35:14.699000Z,1783604114699,127.86
session-1783603749411-du6syw,10:51:DB:0D:31:EA,b3bb9015,2723,2026-07-09T13:35:14.835000Z,1783604114835,127.68
session-1783603749411-du6syw,10:51:DB:0D:31:EA,b3bb9015,2724,2026-07-09T13:35:14.969000Z,1783604114969,106.29
session-1783603749411-du6syw,10:51:DB:0D:31:EA,b3bb9015,2725,2026-07-09T13:35:15.014000Z,1783604115014,128.12
session-1783603749411-du6syw,10:51:DB:0D:31:EA,b3bb9015,2726,2026-07-09T13:35:15.105000Z,1783604115105,128.29
session-1783603749411-du6syw,10:51:DB:0D:31:EA,b3bb9015,2727,2026-07-09T13:35:15.330000Z,1783604115330,127.84
session-1783603749411-du6syw,10:51:DB:0D:31:EA,b3bb9015,2728,2026-07-09T13:35:15.420000Z,1783604115420,128.05
session-1783603749411-du6syw,10:51:DB:0D:31:EA,b3bb9015,2729,2026-07-09T13:35:15.510000Z,1783604115510,133.98
session-1783603749411-du6syw,10:51:DB:0D:31:EA,b3bb9015,2730,2026-07-09T13:35:15.600000Z,1783604115600,128.76
session-1783603749411-du6syw,10:51:DB:0D:31:EA,b3bb9015,2731,2026-07-09T13:35:15.735000Z,1783604115735,133.95
session-1783603749411-du6syw,10:51:DB:0D:31:EA,b3bb9015,2732,2026-07-09T13:35:15.825000Z,1783604115825,105.85
session-1783603749411-du6syw,10:51:DB:0D:31:EA,b3bb9015,2733,2026-07-09T13:35:15.914000Z,1783604115914,128.78
session-1783603749411-du6syw,10:51:DB:0D:31:EA,b3bb9015,2734,2026-07-09T13:35:16.005000Z,1783604116005,127.84
session-1783603749411-du6syw,10:51:DB:0D:31:EA,b3bb9015,2735,2026-07-09T13:35:16.095000Z,1783604116095,127.63
session-1783603749411-du6syw,10:51:DB:0D:31:EA,b3bb9015,2736,2026-07-09T13:35:16.230000Z,1783604116230,128.47
session-1783603749411-du6syw,10:51:DB:0D:31:EA,b3bb9015,2737,2026-07-09T13:35:16.321000Z,1783604116321,127.82
session-1783603749411-du6syw,10:51:DB:0D:31:EA,b3bb9015,2738,2026-07-09T13:35:16.411000Z,1783604116411,127.91
session-1783603749411-du6syw,10:51:DB:0D:31:EA,b3bb9015,2739,2026-07-09T13:35:16.500000Z,1783604116500,128.5
session-1783603749411-du6syw,10:51:DB:0D:31:EA,b3bb9015,2740,2026-07-09T13:35:16.635000Z,1783604116635,134.14
session-1783603749411-du6syw,10:51:DB:0D:31:EA,b3bb9015,2741,2026-07-09T13:35:16.770000Z,1783604116770,108.5
session-1783603749411-du6syw,10:51:DB:0D:31:EA,b3bb9015,2742,2026-07-09T13:35:16.860000Z,1783604116860,133.98
session-1783603749411-du6syw,10:51:DB:0D:31:EA,b3bb9015,2743,2026-07-09T13:35:17.011000Z,1783604117011,129.16
session-1783603749411-du6syw,10:51:DB:0D:31:EA,b3bb9015,2744,2026-07-09T13:35:17.176000Z,1783604117176,128.08
session-1783603749411-du6syw,10:51:DB:0D:31:EA,b3bb9015,2745,2026-07-09T13:35:17.265000Z,1783604117265,128.47
session-1783603749411-du6syw,10:51:DB:0D:31:EA,b3bb9015,2746,2026-07-09T13:35:17.400000Z,1783604117400,127.86
session-1783603749411-du6syw,10:51:DB:0D:31:EA,b3bb9015,2747,2026-07-09T13:35:17.581000Z,1783604117581,127.91
session-1783603749411-du6syw,10:51:DB:0D:31:EA,b3bb9015,2748,2026-07-09T13:35:17.670000Z,1783604117670,128.5
session-1783603749411-du6syw,10:51:DB:0D:31:EA,b3bb9015,2749,2026-07-09T13:35:17.805000Z,1783604117805,128.75
session-1783603749411-du6syw,10:51:DB:0D:31:EA,b3bb9015,2750,2026-07-09T13:35:17.896000Z,1783604117896,106.03
session-1783603749411-du6syw,10:51:DB:0D:31:EA,b3bb9015,2751,2026-07-09T13:35:17.986000Z,1783604117986,128.76
session-1783603749411-du6syw,10:51:DB:0D:31:EA,b3bb9015,2752,2026-07-09T13:35:18.077000Z,1783604118077,128.75
session-1783603749411-du6syw,10:51:DB:0D:31:EA,b3bb9015,2753,2026-07-09T13:35:18.165000Z,1783604118165,128.48
session-1783603749411-du6syw,10:51:DB:0D:31:EA,b3bb9015,2754,2026-07-09T13:35:18.298000Z,1783604118298,127.91
session-1783603749411-du6syw,10:51:DB:0D:31:EA,b3bb9015,2755,2026-07-09T13:35:18.389000Z,1783604118389,127.86
session-1783603749411-du6syw,10:51:DB:0D:31:EA,b3bb9015,2756,2026-07-09T13:35:18.482000Z,1783604118482,127.47
session-1783603749411-du6syw,10:51:DB:0D:31:EA,b3bb9015,2757,2026-07-09T13:35:18.570000Z,1783604118570,128.27
session-1783603749411-du6syw,10:51:DB:0D:31:EA,b3bb9015,2758,2026-07-09T13:35:18.706000Z,1783604118706,128.31
session-1783603749411-du6syw,10:51:DB:0D:31:EA,b3bb9015,2759,2026-07-09T13:35:18.840000Z,1783604118840,106.04
session-1783603749411-du6syw,10:51:DB:0D:31:EA,b3bb9015,2760,2026-07-09T13:35:18.930000Z,1783604118930,128.78
session-1783603749411-du6syw,10:51:DB:0D:31:EA,b3bb9015,2761,2026-07-09T13:35:19.021000Z,1783604119021,128.47
session-1783603749411-du6syw,10:51:DB:0D:31:EA,b3bb9015,2762,2026-07-09T13:35:19.110000Z,1783604119110,128.33
session-1783603749411-du6syw,10:51:DB:0D:31:EA,b3bb9015,2763,2026-07-09T13:35:19.260000Z,1783604119260,128.61
session-1783603749411-du6syw,10:51:DB:0D:31:EA,b3bb9015,2764,2026-07-09T13:35:19.334000Z,1783604119334,105.01
session-1783603749411-du6syw,10:51:DB:0D:31:EA,b3bb9015,2765,2026-07-09T13:35:19.427000Z,1783604119427,134.14
session-1783603749411-du6syw,10:51:DB:0D:31:EA,b3bb9015,2766,2026-07-09T13:35:19.515000Z,1783604119515,128.29
session-1783603749411-du6syw,10:51:DB:0D:31:EA,b3bb9015,2767,2026-07-09T13:35:19.604000Z,1783604119604,128.47
session-1783603749411-du6syw,10:51:DB:0D:31:EA,b3bb9015,2768,2026-07-09T13:35:19.830000Z,1783604119830,134.42
session-1783603749411-du6syw,10:51:DB:0D:31:EA,b3bb9015,2769,2026-07-09T13:35:19.918000Z,1783604119918,128.34
session-1783603749411-du6syw,10:51:DB:0D:31:EA,b3bb9015,2770,2026-07-09T13:35:20.055000Z,1783604120055,134.16
session-1783603749411-du6syw,10:51:DB:0D:31:EA,b3bb9015,2771,2026-07-09T13:35:20.236000Z,1783604120236,128.05
session-1783603749411-du6syw,10:51:DB:0D:31:EA,b3bb9015,2772,2026-07-09T13:35:20.370000Z,1783604120370,134.14
session-1783603749411-du6syw,10:51:DB:0D:31:EA,b3bb9015,2773,2026-07-09T13:35:20.460000Z,1783604120460,128.03
session-1783603749411-du6syw,10:51:DB:0D:31:EA,b3bb9015,2774,2026-07-09T13:35:20.549000Z,1783604120549,128.05
session-1783603749411-du6syw,10:51:DB:0D:31:EA,b3bb9015,2775,2026-07-09T13:35:20.640000Z,1783604120640,133.98
session-1783603749411-du6syw,10:51:DB:0D:31:EA,b3bb9015,2776,2026-07-09T13:35:20.776000Z,1783604120776,133.96
session-1783603749411-du6syw,10:51:DB:0D:31:EA,b3bb9015,2777,2026-07-09T13:35:20.909000Z,1783604120909,104.94
session-1783603749411-du6syw,10:51:DB:0D:31:EA,b3bb9015,2778,2026-07-09T13:35:21Z,1783604121000,134.14
session-1783603749411-du6syw,10:51:DB:0D:31:EA,b3bb9015,2779,2026-07-09T13:35:21.089000Z,1783604121089,133.98
session-1783603749411-du6syw,10:51:DB:0D:31:EA,b3bb9015,2780,2026-07-09T13:35:21.181000Z,1783604121181,133.98
session-1783603749411-du6syw,10:51:DB:0D:31:EA,b3bb9015,2781,2026-07-09T13:35:21.314000Z,1783604121314,134.17
session-1783603749411-du6syw,10:51:DB:0D:31:EA,b3bb9015,2782,2026-07-09T13:35:21.404000Z,1783604121404,104.73
session-1783603749411-du6syw,10:51:DB:0D:31:EA,b3bb9015,2783,2026-07-09T13:35:21.495000Z,1783604121495,128.5
session-1783603749411-du6syw,10:51:DB:0D:31:EA,b3bb9015,2784,2026-07-09T13:35:21.586000Z,1783604121586,128.71
session-1783603749411-du6syw,10:51:DB:0D:31:EA,b3bb9015,2785,2026-07-09T13:35:21.674000Z,1783604121674,128.48
session-1783603749411-du6syw,10:51:DB:0D:31:EA,b3bb9015,2786,2026-07-09T13:35:21.810000Z,1783604121810,128.33
session-1783603749411-du6syw,10:51:DB:0D:31:EA,b3bb9015,2787,2026-07-09T13:35:21.900000Z,1783604121900,129.2
session-1783603749411-du6syw,10:51:DB:0D:31:EA,b3bb9015,2788,2026-07-09T13:35:21.990000Z,1783604121990,127.87
session-1783603749411-du6syw,10:51:DB:0D:31:EA,b3bb9015,2789,2026-07-09T13:35:22.080000Z,1783604122080,128.29
session-1783603749411-du6syw,10:51:DB:0D:31:EA,b3bb9015,2790,2026-07-09T13:35:22.214000Z,1783604122214,134.0
session-1783603749411-du6syw,10:51:DB:0D:31:EA,b3bb9015,2791,2026-07-09T13:35:22.305000Z,1783604122305,104.49
session-1783603749411-du6syw,10:51:DB:0D:31:EA,b3bb9015,2792,2026-07-09T13:35:22.394000Z,1783604122394,127.45
session-1783603749411-du6syw,10:51:DB:0D:31:EA,b3bb9015,2793,2026-07-09T13:35:22.486000Z,1783604122486,134.0
session-1783603749411-du6syw,10:51:DB:0D:31:EA,b3bb9015,2794,2026-07-09T13:35:22.575000Z,1783604122575,128.26
session-1783603749411-du6syw,10:51:DB:0D:31:EA,b3bb9015,2795,2026-07-09T13:35:22.710000Z,1783604122710,127.86
session-1783603749411-du6syw,10:51:DB:0D:31:EA,b3bb9015,2796,2026-07-09T13:35:22.799000Z,1783604122799,128.03
session-1783603749411-du6syw,10:51:DB:0D:31:EA,b3bb9015,2797,2026-07-09T13:35:22.935000Z,1783604122935,128.01
session-1783603749411-du6syw,10:51:DB:0D:31:EA,b3bb9015,2798,2026-07-09T13:35:23.024000Z,1783604123024,127.84
session-1783603749411-du6syw,10:51:DB:0D:31:EA,b3bb9015,2799,2026-07-09T13:35:23.115000Z,1783604123115,127.61
session-1783603749411-du6syw,10:51:DB:0D:31:EA,b3bb9015,2800,2026-07-09T13:35:23.251000Z,1783604123251,128.5
session-1783603749411-du6syw,10:51:DB:0D:31:EA,b3bb9015,2801,2026-07-09T13:35:23.341000Z,1783604123341,128.48
session-1783603749411-du6syw,10:51:DB:0D:31:EA,b3bb9015,2802,2026-07-09T13:35:23.431000Z,1783604123431,128.05
session-1783603749411-du6syw,10:51:DB:0D:31:EA,b3bb9015,2803,2026-07-09T13:35:23.521000Z,1783604123521,128.05
session-1783603749411-du6syw,10:51:DB:0D:31:EA,b3bb9015,2804,2026-07-09T13:35:23.655000Z,1783604123655,128.48
session-1783603749411-du6syw,10:51:DB:0D:31:EA,b3bb9015,2805,2026-07-09T13:35:23.744000Z,1783604123744,104.75
session-1783603749411-du6syw,10:51:DB:0D:31:EA,b3bb9015,2806,2026-07-09T13:35:23.835000Z,1783604123835,134.17
session-1783603749411-du6syw,10:51:DB:0D:31:EA,b3bb9015,2807,2026-07-09T13:35:23.925000Z,1783604123925,134.14
session-1783603749411-du6syw,10:51:DB:0D:31:EA,b3bb9015,2808,2026-07-09T13:35:24.015000Z,1783604124015,134.4
session-1783603749411-du6syw,10:51:DB:0D:31:EA,b3bb9015,2809,2026-07-09T13:35:24.151000Z,1783604124151,128.71
session-1783603749411-du6syw,10:51:DB:0D:31:EA,b3bb9015,2810,2026-07-09T13:35:24.241000Z,1783604124241,127.44
session-1783603749411-du6syw,10:51:DB:0D:31:EA,b3bb9015,2811,2026-07-09T13:35:24.330000Z,1783604124330,127.42
session-1783603749411-du6syw,10:51:DB:0D:31:EA,b3bb9015,2812,2026-07-09T13:35:24.421000Z,1783604124421,128.5
session-1783603749411-du6syw,10:51:DB:0D:31:EA,b3bb9015,2813,2026-07-09T13:35:24.554000Z,1783604124554,127.87
session-1783603749411-du6syw,10:51:DB:0D:31:EA,b3bb9015,2814,2026-07-09T13:35:24.646000Z,1783604124646,104.28
session-1783603749411-du6syw,10:51:DB:0D:31:EA,b3bb9015,2815,2026-07-09T13:35:24.735000Z,1783604124735,128.01
session-1783603749411-du6syw,10:51:DB:0D:31:EA,b3bb9015,2816,2026-07-09T13:35:24.823000Z,1783604124823,127.87
session-1783603749411-du6syw,10:51:DB:0D:31:EA,b3bb9015,2817,2026-07-09T13:35:24.961000Z,1783604124961,127.42
session-1783603749411-du6syw,10:51:DB:0D:31:EA,b3bb9015,2818,2026-07-09T13:35:25.112000Z,1783604125112,128.05
session-1783603749411-du6syw,10:51:DB:0D:31:EA,b3bb9015,2819,2026-07-09T13:35:25.185000Z,1783604125185,103.91
session-1783603749411-du6syw,10:51:DB:0D:31:EA,b3bb9015,2820,2026-07-09T13:35:25.275000Z,1783604125275,128.08
session-1783603749411-du6syw,10:51:DB:0D:31:EA,b3bb9015,2821,2026-07-09T13:35:25.366000Z,1783604125366,128.48
session-1783603749411-du6syw,10:51:DB:0D:31:EA,b3bb9015,2822,2026-07-09T13:35:25.454000Z,1783604125454,134.17
session-1783603749411-du6syw,10:51:DB:0D:31:EA,b3bb9015,2823,2026-07-09T13:35:25.590000Z,1783604125590,134.0
session-1783603749411-du6syw,10:51:DB:0D:31:EA,b3bb9015,2824,2026-07-09T13:35:25.679000Z,1783604125679,128.96
session-1783603749411-du6syw,10:51:DB:0D:31:EA,b3bb9015,2825,2026-07-09T13:35:25.770000Z,1783604125770,129.81
session-1783603749411-du6syw,10:51:DB:0D:31:EA,b3bb9015,2826,2026-07-09T13:35:25.859000Z,1783604125859,136.79
session-1783603749411-du6syw,10:51:DB:0D:31:EA,b3bb9015,2827,2026-07-09T13:35:26.009000Z,1783604126009,136.6
session-1783603749411-du6syw,10:51:DB:0D:31:EA,b3bb9015,2828,2026-07-09T13:35:26.084000Z,1783604126084,103.83
session-1783603749411-du6syw,10:51:DB:0D:31:EA,b3bb9015,2829,2026-07-09T13:35:26.355000Z,1783604126355,128.5
session-1783603749411-du6syw,10:51:DB:0D:31:EA,b3bb9015,2830,2026-07-09T13:35:26.491000Z,1783604126491,127.82
session-1783603749411-du6syw,10:51:DB:0D:31:EA,b3bb9015,2831,2026-07-09T13:35:26.669000Z,1783604126669,129.37
session-1783603749411-du6syw,10:51:DB:0D:31:EA,b3bb9015,2832,2026-07-09T13:35:26.760000Z,1783604126760,128.47
session-1783603749411-du6syw,10:51:DB:0D:31:EA,b3bb9015,2833,2026-07-09T13:35:26.913000Z,1783604126913,134.61
session-1783603749411-du6syw,10:51:DB:0D:31:EA,b3bb9015,2834,2026-07-09T13:35:27.030000Z,1783604127030,103.83
session-1783603749411-du6syw,10:51:DB:0D:31:EA,b3bb9015,2835,2026-07-09T13:35:27.120000Z,1783604127120,34.45
session-1783603749411-du6syw,10:51:DB:0D:31:EA,b3bb9015,2836,2026-07-09T13:35:27.209000Z,1783604127209,128.94
session-1783603749411-du6syw,10:51:DB:0D:31:EA,b3bb9015,2837,2026-07-09T13:35:27.298000Z,1783604127298,136.79
session-1783603749411-du6syw,10:51:DB:0D:31:EA,b3bb9015,2838,2026-07-09T13:35:27.435000Z,1783604127435,133.96
session-1783603749411-du6syw,10:51:DB:0D:31:EA,b3bb9015,2839,2026-07-09T13:35:27.660000Z,1783604127660,128.92
session-1783603749411-du6syw,10:51:DB:0D:31:EA,b3bb9015,2840,2026-07-09T13:35:27.750000Z,1783604127750,128.45
session-1783603749411-du6syw,10:51:DB:0D:31:EA,b3bb9015,2841,2026-07-09T13:35:27.838000Z,1783604127838,134.61
session-1783603749411-du6syw,10:51:DB:0D:31:EA,b3bb9015,2842,2026-07-09T13:35:27.929000Z,1783604127929,127.89
session-1783603749411-du6syw,10:51:DB:0D:31:EA,b3bb9015,2843,2026-07-09T13:35:28.065000Z,1783604128065,134.16
session-1783603749411-du6syw,10:51:DB:0D:31:EA,b3bb9015,2844,2026-07-09T13:35:28.155000Z,1783604128155,103.41
session-1783603749411-du6syw,10:51:DB:0D:31:EA,b3bb9015,2845,2026-07-09T13:35:28.245000Z,1783604128245,128.48
session-1783603749411-du6syw,10:51:DB:0D:31:EA,b3bb9015,2846,2026-07-09T13:35:28.336000Z,1783604128336,134.43
session-1783603749411-du6syw,10:51:DB:0D:31:EA,b3bb9015,2847,2026-07-09T13:35:28.425000Z,1783604128425,127.63
session-1783603749411-du6syw,10:51:DB:0D:31:EA,b3bb9015,2848,2026-07-09T13:35:28.560000Z,1783604128560,128.92
session-1783603749411-du6syw,10:51:DB:0D:31:EA,b3bb9015,2849,2026-07-09T13:35:28.649000Z,1783604128649,128.94
session-1783603749411-du6syw,10:51:DB:0D:31:EA,b3bb9015,2850,2026-07-09T13:35:28.739000Z,1783604128739,129.36
session-1783603749411-du6syw,10:51:DB:0D:31:EA,b3bb9015,2851,2026-07-09T13:35:28.829000Z,1783604128829,128.89
session-1783603749411-du6syw,10:51:DB:0D:31:EA,b3bb9015,2852,2026-07-09T13:35:28.965000Z,1783604128965,128.94
session-1783603749411-du6syw,10:51:DB:0D:31:EA,b3bb9015,2853,2026-07-09T13:35:29.101000Z,1783604129101,103.23
session-1783603749411-du6syw,10:51:DB:0D:31:EA,b3bb9015,2854,2026-07-09T13:35:29.190000Z,1783604129190,32.49
session-1783603749411-du6syw,10:51:DB:0D:31:EA,b3bb9015,2855,2026-07-09T13:35:29.280000Z,1783604129280,127.63
session-1783603749411-du6syw,10:51:DB:0D:31:EA,b3bb9015,2856,2026-07-09T13:35:29.371000Z,1783604129371,128.05
session-1783603749411-du6syw,10:51:DB:0D:31:EA,b3bb9015,2857,2026-07-09T13:35:29.504000Z,1783604129504,134.61
session-1783603749411-du6syw,10:51:DB:0D:31:EA,b3bb9015,2858,2026-07-09T13:35:29.594000Z,1783604129594,103.18
session-1783603749411-du6syw,10:51:DB:0D:31:EA,b3bb9015,2859,2026-07-09T13:35:29.684000Z,1783604129684,128.75
session-1783603749411-du6syw,10:51:DB:0D:31:EA,b3bb9015,2860,2026-07-09T13:35:29.774000Z,1783604129774,137.21
session-1783603749411-du6syw,10:51:DB:0D:31:EA,b3bb9015,2861,2026-07-09T13:35:29.864000Z,1783604129864,136.6
session-1783603749411-du6syw,10:51:DB:0D:31:EA,b3bb9015,2862,2026-07-09T13:35:30Z,1783604130000,128.68
session-1783603749411-du6syw,10:51:DB:0D:31:EA,b3bb9015,2863,2026-07-09T13:35:30.088000Z,1783604130088,136.77
session-1783603749411-du6syw,10:51:DB:0D:31:EA,b3bb9015,2864,2026-07-09T13:35:30.179000Z,1783604130179,128.59
session-1783603749411-du6syw,10:51:DB:0D:31:EA,b3bb9015,2865,2026-07-09T13:35:30.269000Z,1783604130269,129.04
session-1783603749411-du6syw,10:51:DB:0D:31:EA,b3bb9015,2866,2026-07-09T13:35:30.404000Z,1783604130404,129.03
session-1783603749411-du6syw,10:51:DB:0D:31:EA,b3bb9015,2867,2026-07-09T13:35:30.495000Z,1783604130495,102.82
session-1783603749411-du6syw,10:51:DB:0D:31:EA,b3bb9015,2868,2026-07-09T13:35:30.585000Z,1783604130585,134.57
session-1783603749411-du6syw,10:51:DB:0D:31:EA,b3bb9015,2869,2026-07-09T13:35:30.674000Z,1783604130674,128.05
session-1783603749411-du6syw,10:51:DB:0D:31:EA,b3bb9015,2870,2026-07-09T13:35:30.764000Z,1783604130764,128.92
session-1783603749411-du6syw,10:51:DB:0D:31:EA,b3bb9015,2871,2026-07-09T13:35:30.899000Z,1783604130899,128.48
session-1783603749411-du6syw,10:51:DB:0D:31:EA,b3bb9015,2872,2026-07-09T13:35:30.990000Z,1783604130990,134.59
session-1783603749411-du6syw,10:51:DB:0D:31:EA,b3bb9015,2873,2026-07-09T13:35:31.126000Z,1783604131126,129.18
session-1783603749411-du6syw,10:51:DB:0D:31:EA,b3bb9015,2874,2026-07-09T13:35:31.215000Z,1783604131215,128.75
session-1783603749411-du6syw,10:51:DB:0D:31:EA,b3bb9015,2875,2026-07-09T13:35:31.305000Z,1783604131305,128.99
session-1783603749411-du6syw,10:51:DB:0D:31:EA,b3bb9015,2876,2026-07-09T13:35:31.440000Z,1783604131440,128.75
session-1783603749411-du6syw,10:51:DB:0D:31:EA,b3bb9015,2877,2026-07-09T13:35:31.529000Z,1783604131529,134.57
session-1783603749411-du6syw,10:51:DB:0D:31:EA,b3bb9015,2878,2026-07-09T13:35:31.619000Z,1783604131619,134.59
session-1783603749411-du6syw,10:51:DB:0D:31:EA,b3bb9015,2879,2026-07-09T13:35:31.710000Z,1783604131710,133.98
session-1783603749411-du6syw,10:51:DB:0D:31:EA,b3bb9015,2880,2026-07-09T13:35:31.861000Z,1783604131861,129.2
session-1783603749411-du6syw,10:51:DB:0D:31:EA,b3bb9015,2881,2026-07-09T13:35:31.934000Z,1783604131934,102.4
session-1783603749411-du6syw,10:51:DB:0D:31:EA,b3bb9015,2882,2026-07-09T13:35:32.023000Z,1783604132023,127.44
session-1783603749411-du6syw,10:51:DB:0D:31:EA,b3bb9015,2883,2026-07-09T13:35:32.116000Z,1783604132116,134.4
session-1783603749411-du6syw,10:51:DB:0D:31:EA,b3bb9015,2884,2026-07-09T13:35:32.251000Z,1783604132251,127.86
session-1783603749411-du6syw,10:51:DB:0D:31:EA,b3bb9015,2885,2026-07-09T13:35:32.476000Z,1783604132476,128.08
session-1783603749411-du6syw,10:51:DB:0D:31:EA,b3bb9015,2886,2026-07-09T13:35:32.565000Z,1783604132565,102.17
session-1783603749411-du6syw,10:51:DB:0D:31:EA,b3bb9015,2887,2026-07-09T13:35:32.655000Z,1783604132655,128.29
session-1783603749411-du6syw,10:51:DB:0D:31:EA,b3bb9015,2888,2026-07-09T13:35:32.745000Z,1783604132745,128.92
session-1783603749411-du6syw,10:51:DB:0D:31:EA,b3bb9015,2889,2026-07-09T13:35:32.834000Z,1783604132834,128.48
session-1783603749411-du6syw,10:51:DB:0D:31:EA,b3bb9015,2890,2026-07-09T13:35:32.968000Z,1783604132968,128.29
session-1783603749411-du6syw,10:51:DB:0D:31:EA,b3bb9015,2891,2026-07-09T13:35:33.058000Z,1783604133058,128.61
session-1783603749411-du6syw,10:51:DB:0D:31:EA,b3bb9015,2892,2026-07-09T13:35:33.208000Z,1783604133208,129.83
session-1783603749411-du6syw,10:51:DB:0D:31:EA,b3bb9015,2893,2026-07-09T13:35:33.373000Z,1783604133373,134.17
session-1783603749411-du6syw,10:51:DB:0D:31:EA,b3bb9015,2894,2026-07-09T13:35:33.509000Z,1783604133509,128.31
session-1783603749411-du6syw,10:51:DB:0D:31:EA,b3bb9015,2895,2026-07-09T13:35:33.599000Z,1783604133599,128.94
session-1783603749411-du6syw,10:51:DB:0D:31:EA,b3bb9015,2896,2026-07-09T13:35:33.689000Z,1783604133689,128.92
session-1783603749411-du6syw,10:51:DB:0D:31:EA,b3bb9015,2897,2026-07-09T13:35:33.779000Z,1783604133779,128.61
session-1783603749411-du6syw,10:51:DB:0D:31:EA,b3bb9015,2898,2026-07-09T13:35:33.913000Z,1783604133913,129.16
session-1783603749411-du6syw,10:51:DB:0D:31:EA,b3bb9015,2899,2026-07-09T13:35:34.004000Z,1783604134004,101.87
session-1783603749411-du6syw,10:51:DB:0D:31:EA,b3bb9015,2900,2026-07-09T13:35:34.093000Z,1783604134093,128.71
session-1783603749411-du6syw,10:51:DB:0D:31:EA,b3bb9015,2901,2026-07-09T13:35:34.184000Z,1783604134184,129.55
session-1783603749411-du6syw,10:51:DB:0D:31:EA,b3bb9015,2902,2026-07-09T13:35:34.275000Z,1783604134275,129.15
session-1783603749411-du6syw,10:51:DB:0D:31:EA,b3bb9015,2903,2026-07-09T13:35:34.408000Z,1783604134408,129.39
session-1783603749411-du6syw,10:51:DB:0D:31:EA,b3bb9015,2904,2026-07-09T13:35:34.497000Z,1783604134497,128.27
session-1783603749411-du6syw,10:51:DB:0D:31:EA,b3bb9015,2905,2026-07-09T13:35:34.589000Z,1783604134589,134.0
session-1783603749411-du6syw,10:51:DB:0D:31:EA,b3bb9015,2906,2026-07-09T13:35:34.678000Z,1783604134678,128.29
session-1783603749411-du6syw,10:51:DB:0D:31:EA,b3bb9015,2907,2026-07-09T13:35:34.814000Z,1783604134814,128.33
session-1783603749411-du6syw,10:51:DB:0D:31:EA,b3bb9015,2908,2026-07-09T13:35:34.904000Z,1783604134904,101.66
session-1783603749411-du6syw,10:51:DB:0D:31:EA,b3bb9015,2909,2026-07-09T13:35:35.040000Z,1783604135040,128.5
session-1783603749411-du6syw,10:51:DB:0D:31:EA,b3bb9015,2910,2026-07-09T13:35:35.090000Z,1783604135090,129.13
session-1783603749411-du6syw,10:51:DB:0D:31:EA,b3bb9015,2911,2026-07-09T13:35:35.220000Z,1783604135220,128.92
session-1783603749411-du6syw,10:51:DB:0D:31:EA,b3bb9015,2912,2026-07-09T13:35:35.443000Z,1783604135443,101.31
session-1783603749411-du6syw,10:51:DB:0D:31:EA,b3bb9015,2913,2026-07-09T13:35:35.533000Z,1783604135533,130.04
session-1783603749411-du6syw,10:51:DB:0D:31:EA,b3bb9015,2914,2026-07-09T13:35:35.625000Z,1783604135625,134.61
session-1783603749411-du6syw,10:51:DB:0D:31:EA,b3bb9015,2915,2026-07-09T13:35:35.714000Z,1783604135714,129.81
session-1783603749411-du6syw,10:51:DB:0D:31:EA,b3bb9015,2916,2026-07-09T13:35:35.849000Z,1783604135849,133.96
session-1783603749411-du6syw,10:51:DB:0D:31:EA,b3bb9015,2917,2026-07-09T13:35:35.938000Z,1783604135938,134.17
session-1783603749411-du6syw,10:51:DB:0D:31:EA,b3bb9015,2918,2026-07-09T13:35:36.029000Z,1783604136029,134.17
session-1783603749411-du6syw,10:51:DB:0D:31:EA,b3bb9015,2919,2026-07-09T13:35:36.120000Z,1783604136120,134.17
session-1783603749411-du6syw,10:51:DB:0D:31:EA,b3bb9015,2920,2026-07-09T13:35:36.253000Z,1783604136253,128.92
session-1783603749411-du6syw,10:51:DB:0D:31:EA,b3bb9015,2921,2026-07-09T13:35:36.391000Z,1783604136391,101.3
session-1783603749411-du6syw,10:51:DB:0D:31:EA,b3bb9015,2922,2026-07-09T13:35:36.434000Z,1783604136434,133.96
session-1783603749411-du6syw,10:51:DB:0D:31:EA,b3bb9015,2923,2026-07-09T13:35:36.524000Z,1783604136524,134.61
session-1783603749411-du6syw,10:51:DB:0D:31:EA,b3bb9015,2924,2026-07-09T13:35:36.614000Z,1783604136614,134.17
session-1783603749411-du6syw,10:51:DB:0D:31:EA,b3bb9015,2925,2026-07-09T13:35:36.750000Z,1783604136750,134.59
session-1783603749411-du6syw,10:51:DB:0D:31:EA,b3bb9015,2926,2026-07-09T13:35:36.838000Z,1783604136838,134.59
session-1783603749411-du6syw,10:51:DB:0D:31:EA,b3bb9015,2927,2026-07-09T13:35:36.930000Z,1783604136930,134.59
session-1783603749411-du6syw,10:51:DB:0D:31:EA,b3bb9015,2928,2026-07-09T13:35:37.021000Z,1783604137021,134.47
session-1783603749411-du6syw,10:51:DB:0D:31:EA,b3bb9015,2929,2026-07-09T13:35:37.154000Z,1783604137154,129.03
session-1783603749411-du6syw,10:51:DB:0D:31:EA,b3bb9015,2930,2026-07-09T13:35:37.288000Z,1783604137288,101.3
session-1783603749411-du6syw,10:51:DB:0D:31:EA,b3bb9015,2931,2026-07-09T13:35:37.378000Z,1783604137378,129.2
session-1783603749411-du6syw,10:51:DB:0D:31:EA,b3bb9015,2932,2026-07-09T13:35:37.469000Z,1783604137469,128.59
session-1783603749411-du6syw,10:51:DB:0D:31:EA,b3bb9015,2933,2026-07-09T13:35:37.604000Z,1783604137604,128.75
session-1783603749411-du6syw,10:51:DB:0D:31:EA,b3bb9015,2934,2026-07-09T13:35:37.693000Z,1783604137693,101.02
session-1783603749411-du6syw,10:51:DB:0D:31:EA,b3bb9015,2935,2026-07-09T13:35:37.783000Z,1783604137783,129.22
session-1783603749411-du6syw,10:51:DB:0D:31:EA,b3bb9015,2936,2026-07-09T13:35:37.874000Z,1783604137874,128.94
session-1783603749411-du6syw,10:51:DB:0D:31:EA,b3bb9015,2937,2026-07-09T13:35:37.962000Z,1783604137962,129.04
session-1783603749411-du6syw,10:51:DB:0D:31:EA,b3bb9015,2938,2026-07-09T13:35:38.099000Z,1783604138099,128.59
session-1783603749411-du6syw,10:51:DB:0D:31:EA,b3bb9015,2939,2026-07-09T13:35:38.188000Z,1783604138188,129.15
session-1783603749411-du6syw,10:51:DB:0D:31:EA,b3bb9015,2940,2026-07-09T13:35:38.324000Z,1783604138324,129.16
session-1783603749411-du6syw,10:51:DB:0D:31:EA,b3bb9015,2941,2026-07-09T13:35:38.368000Z,1783604138368,128.52
session-1783603749411-du6syw,10:51:DB:0D:31:EA,b3bb9015,2942,2026-07-09T13:35:38.504000Z,1783604138504,128.29
session-1783603749411-du6syw,10:51:DB:0D:31:EA,b3bb9015,2943,2026-07-09T13:35:38.638000Z,1783604138638,100.84
session-1783603749411-du6syw,10:51:DB:0D:31:EA,b3bb9015,2944,2026-07-09T13:35:38.684000Z,1783604138684,129.2
session-1783603749411-du6syw,10:51:DB:0D:31:EA,b3bb9015,2945,2026-07-09T13:35:38.773000Z,1783604138773,127.47
session-1783603749411-du6syw,10:51:DB:0D:31:EA,b3bb9015,2946,2026-07-09T13:35:38.864000Z,1783604138864,128.75
session-1783603749411-du6syw,10:51:DB:0D:31:EA,b3bb9015,2947,2026-07-09T13:35:39Z,1783604139000,133.98
session-1783603749411-du6syw,10:51:DB:0D:31:EA,b3bb9015,2948,2026-07-09T13:35:39.088000Z,1783604139088,128.5
session-1783603749411-du6syw,10:51:DB:0D:31:EA,b3bb9015,2949,2026-07-09T13:35:39.181000Z,1783604139181,134.0
session-1783603749411-du6syw,10:51:DB:0D:31:EA,b3bb9015,2950,2026-07-09T13:35:39.314000Z,1783604139314,128.62
session-1783603749411-du6syw,10:51:DB:0D:31:EA,b3bb9015,2951,2026-07-09T13:35:39.404000Z,1783604139404,128.33
session-1783603749411-du6syw,10:51:DB:0D:31:EA,b3bb9015,2952,2026-07-09T13:35:39.540000Z,1783604139540,133.79
session-1783603749411-du6syw,10:51:DB:0D:31:EA,b3bb9015,2953,2026-07-09T13:35:39.630000Z,1783604139630,129.01
session-1783603749411-du6syw,10:51:DB:0D:31:EA,b3bb9015,2954,2026-07-09T13:35:39.720000Z,1783604139720,128.61
session-1783603749411-du6syw,10:51:DB:0D:31:EA,b3bb9015,2955,2026-07-09T13:35:39.808000Z,1783604139808,134.14
session-1783603749411-du6syw,10:51:DB:0D:31:EA,b3bb9015,2956,2026-07-09T13:35:39.959000Z,1783604139959,128.75
session-1783603749411-du6syw,10:51:DB:0D:31:EA,b3bb9015,2957,2026-07-09T13:35:40.032000Z,1783604140032,100.62
session-1783603749411-du6syw,10:51:DB:0D:31:EA,b3bb9015,2958,2026-07-09T13:35:40.122000Z,1783604140122,128.47
session-1783603749411-du6syw,10:51:DB:0D:31:EA,b3bb9015,2959,2026-07-09T13:35:40.213000Z,1783604140213,128.5
session-1783603749411-du6syw,10:51:DB:0D:31:EA,b3bb9015,2960,2026-07-09T13:35:40.303000Z,1783604140303,128.05
session-1783603749411-du6syw,10:51:DB:0D:31:EA,b3bb9015,2961,2026-07-09T13:35:40.439000Z,1783604140439,128.05
session-1783603749411-du6syw,10:51:DB:0D:31:EA,b3bb9015,2962,2026-07-09T13:35:40.530000Z,1783604140530,128.75
session-1783603749411-du6syw,10:51:DB:0D:31:EA,b3bb9015,2963,2026-07-09T13:35:40.619000Z,1783604140619,128.01
session-1783603749411-du6syw,10:51:DB:0D:31:EA,b3bb9015,2964,2026-07-09T13:35:40.708000Z,1783604140708,128.47
session-1783603749411-du6syw,10:51:DB:0D:31:EA,b3bb9015,2965,2026-07-09T13:35:40.859000Z,1783604140859,128.94
session-1783603749411-du6syw,10:51:DB:0D:31:EA,b3bb9015,2966,2026-07-09T13:35:40.978000Z,1783604140978,100.83
session-1783603749411-du6syw,10:51:DB:0D:31:EA,b3bb9015,2967,2026-07-09T13:35:41.022000Z,1783604141022,128.9
session-1783603749411-du6syw,10:51:DB:0D:31:EA,b3bb9015,2968,2026-07-09T13:35:41.113000Z,1783604141113,128.5
session-1783603749411-du6syw,10:51:DB:0D:31:EA,b3bb9015,2969,2026-07-09T13:35:41.202000Z,1783604141202,129.58
session-1783603749411-du6syw,10:51:DB:0D:31:EA,b3bb9015,2970,2026-07-09T13:35:41.353000Z,1783604141353,128.52
session-1783603749411-du6syw,10:51:DB:0D:31:EA,b3bb9015,2971,2026-07-09T13:35:41.473000Z,1783604141473,95.54
session-1783603749411-du6syw,10:51:DB:0D:31:EA,b3bb9015,2972,2026-07-09T13:35:41.566000Z,1783604141566,134.87
session-1783603749411-du6syw,10:51:DB:0D:31:EA,b3bb9015,2973,2026-07-09T13:35:41.655000Z,1783604141655,128.54
session-1783603749411-du6syw,10:51:DB:0D:31:EA,b3bb9015,2974,2026-07-09T13:35:41.744000Z,1783604141744,128.57
session-1783603749411-du6syw,10:51:DB:0D:31:EA,b3bb9015,2975,2026-07-09T13:35:41.880000Z,1783604141880,128.14
session-1783603749411-du6syw,10:51:DB:0D:31:EA,b3bb9015,2976,2026-07-09T13:35:41.969000Z,1783604141969,129.18
session-1783603749411-du6syw,10:51:DB:0D:31:EA,b3bb9015,2977,2026-07-09T13:35:42.060000Z,1783604142060,128.99
session-1783603749411-du6syw,10:51:DB:0D:31:EA,b3bb9015,2978,2026-07-09T13:35:42.150000Z,1783604142150,133.82
session-1783603749411-du6syw,10:51:DB:0D:31:EA,b3bb9015,2979,2026-07-09T13:35:42.285000Z,1783604142285,128.97
session-1783603749411-du6syw,10:51:DB:0D:31:EA,b3bb9015,2980,2026-07-09T13:35:42.375000Z,1783604142375,99.74
session-1783603749411-du6syw,10:51:DB:0D:31:EA,b3bb9015,2981,2026-07-09T13:35:42.512000Z,1783604142512,128.07
session-1783603749411-du6syw,10:51:DB:0D:31:EA,b3bb9015,2982,2026-07-09T13:35:42.554000Z,1783604142554,128.68
session-1783603749411-du6syw,10:51:DB:0D:31:EA,b3bb9015,2983,2026-07-09T13:35:42.645000Z,1783604142645,128.71
session-1783603749411-du6syw,10:51:DB:0D:31:EA,b3bb9015,2984,2026-07-09T13:35:42.780000Z,1783604142780,128.97
session-1783603749411-du6syw,10:51:DB:0D:31:EA,b3bb9015,2985,2026-07-09T13:35:42.871000Z,1783604142871,128.99
session-1783603749411-du6syw,10:51:DB:0D:31:EA,b3bb9015,2986,2026-07-09T13:35:42.958000Z,1783604142958,128.48
session-1783603749411-du6syw,10:51:DB:0D:31:EA,b3bb9015,2987,2026-07-09T13:35:43.050000Z,1783604143050,134.17
session-1783603749411-du6syw,10:51:DB:0D:31:EA,b3bb9015,2988,2026-07-09T13:35:43.185000Z,1783604143185,134.61
session-1783603749411-du6syw,10:51:DB:0D:31:EA,b3bb9015,2989,2026-07-09T13:35:43.274000Z,1783604143274,133.98
session-1783603749411-du6syw,10:51:DB:0D:31:EA,b3bb9015,2990,2026-07-09T13:35:43.410000Z,1783604143410,134.4
session-1783603749411-du6syw,10:51:DB:0D:31:EA,b3bb9015,2991,2026-07-09T13:35:43.500000Z,1783604143500,134.24
session-1783603749411-du6syw,10:51:DB:0D:31:EA,b3bb9015,2992,2026-07-09T13:35:43.588000Z,1783604143588,129.58
session-1783603749411-du6syw,10:51:DB:0D:31:EA,b3bb9015,2993,2026-07-09T13:35:43.725000Z,1783604143725,129.37
session-1783603749411-du6syw,10:51:DB:0D:31:EA,b3bb9015,2994,2026-07-09T13:35:43.815000Z,1783604143815,99.52
session-1783603749411-du6syw,10:51:DB:0D:31:EA,b3bb9015,2995,2026-07-09T13:35:43.906000Z,1783604143906,128.78
session-1783603749411-du6syw,10:51:DB:0D:31:EA,b3bb9015,2996,2026-07-09T13:35:43.994000Z,1783604143994,134.61
session-1783603749411-du6syw,10:51:DB:0D:31:EA,b3bb9015,2997,2026-07-09T13:35:44.086000Z,1783604144086,134.57
session-1783603749411-du6syw,10:51:DB:0D:31:EA,b3bb9015,2998,2026-07-09T13:35:44.220000Z,1783604144220,134.16
session-1783603749411-du6syw,10:51:DB:0D:31:EA,b3bb9015,2999,2026-07-09T13:35:44.310000Z,1783604144310,134.61
session-1783603749411-du6syw,10:51:DB:0D:31:EA,b3bb9015,3000,2026-07-09T13:35:44.400000Z,1783604144400,128.27
session-1783603749411-du6syw,10:51:DB:0D:31:EA,b3bb9015,3001,2026-07-09T13:35:44.550000Z,1783604144550,133.98
session-1783603749411-du6syw,10:51:DB:0D:31:EA,b3bb9015,3002,2026-07-09T13:35:44.595000Z,1783604144595,128.73
session-1783603749411-du6syw,10:51:DB:0D:31:EA,b3bb9015,3003,2026-07-09T13:35:44.714000Z,1783604144714,99.55
session-1783603749411-du6syw,10:51:DB:0D:31:EA,b3bb9015,3004,2026-07-09T13:35:44.850000Z,1783604144850,134.59
session-1783603749411-du6syw,10:51:DB:0D:31:EA,b3bb9015,3005,2026-07-09T13:35:45.075000Z,1783604145075,134.0
session-1783603749411-du6syw,10:51:DB:0D:31:EA,b3bb9015,3006,2026-07-09T13:35:45.165000Z,1783604145165,128.94
session-1783603749411-du6syw,10:51:DB:0D:31:EA,b3bb9015,3007,2026-07-09T13:35:45.390000Z,1783604145390,133.96
session-1783603749411-du6syw,10:51:DB:0D:31:EA,b3bb9015,3008,2026-07-09T13:35:45.525000Z,1783604145525,129.36
session-1783603749411-du6syw,10:51:DB:0D:31:EA,b3bb9015,3009,2026-07-09T13:35:45.659000Z,1783604145659,99.55
session-1783603749411-du6syw,10:51:DB:0D:31:EA,b3bb9015,3010,2026-07-09T13:35:45.704000Z,1783604145704,128.97
session-1783603749411-du6syw,10:51:DB:0D:31:EA,b3bb9015,3011,2026-07-09T13:35:45.794000Z,1783604145794,129.15
session-1783603749411-du6syw,10:51:DB:0D:31:EA,b3bb9015,3012,2026-07-09T13:35:45.929000Z,1783604145929,128.96
session-1783603749411-du6syw,10:51:DB:0D:31:EA,b3bb9015,3013,2026-07-09T13:35:46.019000Z,1783604146019,129.11
session-1783603749411-du6syw,10:51:DB:0D:31:EA,b3bb9015,3014,2026-07-09T13:35:46.112000Z,1783604146112,128.94
session-1783603749411-du6syw,10:51:DB:0D:31:EA,b3bb9015,3015,2026-07-09T13:35:46.199000Z,1783604146199,129.11
session-1783603749411-du6syw,10:51:DB:0D:31:EA,b3bb9015,3016,2026-07-09T13:35:46.289000Z,1783604146289,128.96
session-1783603749411-du6syw,10:51:DB:0D:31:EA,b3bb9015,3017,2026-07-09T13:35:46.425000Z,1783604146425,128.97
session-1783603749411-du6syw,10:51:DB:0D:31:EA,b3bb9015,3018,2026-07-09T13:35:46.514000Z,1783604146514,101.68
session-1783603749411-du6syw,10:51:DB:0D:31:EA,b3bb9015,3019,2026-07-09T13:35:46.606000Z,1783604146606,133.96
session-1783603749411-du6syw,10:51:DB:0D:31:EA,b3bb9015,3020,2026-07-09T13:35:46.694000Z,1783604146694,129.16
session-1783603749411-du6syw,10:51:DB:0D:31:EA,b3bb9015,3021,2026-07-09T13:35:46.829000Z,1783604146829,128.12
session-1783603749411-du6syw,10:51:DB:0D:31:EA,b3bb9015,3022,2026-07-09T13:35:46.919000Z,1783604146919,129.16
session-1783603749411-du6syw,10:51:DB:0D:31:EA,b3bb9015,3023,2026-07-09T13:35:47.011000Z,1783604147011,134.61
session-1783603749411-du6syw,10:51:DB:0D:31:EA,b3bb9015,3024,2026-07-09T13:35:47.100000Z,1783604147100,128.94
session-1783603749411-du6syw,10:51:DB:0D:31:EA,b3bb9015,3025,2026-07-09T13:35:47.189000Z,1783604147189,134.14
session-1783603749411-du6syw,10:51:DB:0D:31:EA,b3bb9015,3026,2026-07-09T13:35:47.324000Z,1783604147324,133.98
session-1783603749411-du6syw,10:51:DB:0D:31:EA,b3bb9015,3027,2026-07-09T13:35:47.459000Z,1783604147459,101.68
session-1783603749411-du6syw,10:51:DB:0D:31:EA,b3bb9015,3028,2026-07-09T13:35:47.549000Z,1783604147549,134.12
session-1783603749411-du6syw,10:51:DB:0D:31:EA,b3bb9015,3029,2026-07-09T13:35:47.686000Z,1783604147686,133.84
session-1783603749411-du6syw,10:51:DB:0D:31:EA,b3bb9015,3030,2026-07-09T13:35:47.728000Z,1783604147728,133.98
session-1783603749411-du6syw,10:51:DB:0D:31:EA,b3bb9015,3031,2026-07-09T13:35:47.865000Z,1783604147865,134.42
session-1783603749411-du6syw,10:51:DB:0D:31:EA,b3bb9015,3032,2026-07-09T13:35:47.955000Z,1783604147955,98.85
session-1783603749411-du6syw,10:51:DB:0D:31:EA,b3bb9015,3033,2026-07-09T13:35:48.045000Z,1783604148045,129.58
session-1783603749411-du6syw,10:51:DB:0D:31:EA,b3bb9015,3034,2026-07-09T13:35:48.135000Z,1783604148135,129.39
session-1783603749411-du6syw,10:51:DB:0D:31:EA,b3bb9015,3035,2026-07-09T13:35:48.225000Z,1783604148225,128.31
session-1783603749411-du6syw,10:51:DB:0D:31:EA,b3bb9015,3036,2026-07-09T13:35:48.359000Z,1783604148359,134.16
session-1783603749411-du6syw,10:51:DB:0D:31:EA,b3bb9015,3037,2026-07-09T13:35:48.450000Z,1783604148450,134.45
session-1783603749411-du6syw,10:51:DB:0D:31:EA,b3bb9015,3038,2026-07-09T13:35:48.539000Z,1783604148539,127.87
session-1783603749411-du6syw,10:51:DB:0D:31:EA,b3bb9015,3039,2026-07-09T13:35:48.629000Z,1783604148629,134.17
session-1783603749411-du6syw,10:51:DB:0D:31:EA,b3bb9015,3040,2026-07-09T13:35:48.765000Z,1783604148765,134.16
session-1783603749411-du6syw,10:51:DB:0D:31:EA,b3bb9015,3041,2026-07-09T13:35:48.855000Z,1783604148855,98.42
session-1783603749411-du6syw,10:51:DB:0D:31:EA,b3bb9015,3042,2026-07-09T13:35:48.943000Z,1783604148943,130.25
session-1783603749411-du6syw,10:51:DB:0D:31:EA,b3bb9015,3043,2026-07-09T13:35:49.034000Z,1783604149034,128.96
session-1783603749411-du6syw,10:51:DB:0D:31:EA,b3bb9015,3044,2026-07-09T13:35:49.124000Z,1783604149124,129.57
session-1783603749411-du6syw,10:51:DB:0D:31:EA,b3bb9015,3045,2026-07-09T13:35:49.261000Z,1783604149261,133.93
session-1783603749411-du6syw,10:51:DB:0D:31:EA,b3bb9015,3046,2026-07-09T13:35:49.349000Z,1783604149349,129.55
session-1783603749411-du6syw,10:51:DB:0D:31:EA,b3bb9015,3047,2026-07-09T13:35:49.485000Z,1783604149485,133.96
session-1783603749411-du6syw,10:51:DB:0D:31:EA,b3bb9015,3048,2026-07-09T13:35:49.576000Z,1783604149576,133.82
session-1783603749411-du6syw,10:51:DB:0D:31:EA,b3bb9015,3049,2026-07-09T13:35:49.666000Z,1783604149666,129.13
session-1783603749411-du6syw,10:51:DB:0D:31:EA,b3bb9015,3050,2026-07-09T13:35:49.799000Z,1783604149799,129.36
session-1783603749411-du6syw,10:51:DB:0D:31:EA,b3bb9015,3051,2026-07-09T13:35:49.891000Z,1783604149891,128.29
session-1783603749411-du6syw,10:51:DB:0D:31:EA,b3bb9015,3052,2026-07-09T13:35:49.982000Z,1783604149982,128.69
session-1783603749411-du6syw,10:51:DB:0D:31:EA,b3bb9015,3053,2026-07-09T13:35:50.069000Z,1783604150069,128.96
session-1783603749411-du6syw,10:51:DB:0D:31:EA,b3bb9015,3054,2026-07-09T13:35:50.205000Z,1783604150205,129.11
session-1783603749411-du6syw,10:51:DB:0D:31:EA,b3bb9015,3055,2026-07-09T13:35:50.294000Z,1783604150294,98.17
session-1783603749411-du6syw,10:51:DB:0D:31:EA,b3bb9015,3056,2026-07-09T13:35:50.387000Z,1783604150387,128.97
session-1783603749411-du6syw,10:51:DB:0D:31:EA,b3bb9015,3057,2026-07-09T13:35:50.474000Z,1783604150474,129.58
session-1783603749411-du6syw,10:51:DB:0D:31:EA,b3bb9015,3058,2026-07-09T13:35:50.564000Z,1783604150564,129.57
session-1783603749411-du6syw,10:51:DB:0D:31:EA,b3bb9015,3059,2026-07-09T13:35:50.699000Z,1783604150699,134.42
session-1783603749411-du6syw,10:51:DB:0D:31:EA,b3bb9015,3060,2026-07-09T13:35:50.789000Z,1783604150789,133.98
session-1783603749411-du6syw,10:51:DB:0D:31:EA,b3bb9015,3061,2026-07-09T13:35:50.880000Z,1783604150880,129.37
session-1783603749411-du6syw,10:51:DB:0D:31:EA,b3bb9015,3062,2026-07-09T13:35:50.971000Z,1783604150971,128.57
session-1783603749411-du6syw,10:51:DB:0D:31:EA,b3bb9015,3063,2026-07-09T13:35:51.105000Z,1783604151105,128.92
session-1783603749411-du6syw,10:51:DB:0D:31:EA,b3bb9015,3064,2026-07-09T13:35:51.330000Z,1783604151330,134.0
session-1783603749411-du6syw,10:51:DB:0D:31:EA,b3bb9015,3065,2026-07-09T13:35:51.419000Z,1783604151419,134.23
session-1783603749411-du6syw,10:51:DB:0D:31:EA,b3bb9015,3066,2026-07-09T13:35:51.687000Z,1783604151687,29.21
session-1783603749411-du6syw,10:51:DB:0D:31:EA,b3bb9015,3067,2026-07-09T13:35:51.780000Z,1783604151780,134.61
session-1783603749411-du6syw,10:51:DB:0D:31:EA,b3bb9015,3068,2026-07-09T13:35:51.869000Z,1783604151869,133.84
session-1783603749411-du6syw,10:51:DB:0D:31:EA,b3bb9015,3069,2026-07-09T13:35:52.003000Z,1783604152003,128.99
session-1783603749411-du6syw,10:51:DB:0D:31:EA,b3bb9015,3070,2026-07-09T13:35:52.140000Z,1783604152140,97.56
session-1783603749411-du6syw,10:51:DB:0D:31:EA,b3bb9015,3071,2026-07-09T13:35:52.184000Z,1783604152184,133.79
session-1783603749411-du6syw,10:51:DB:0D:31:EA,b3bb9015,3072,2026-07-09T13:35:52.275000Z,1783604152275,133.82
session-1783603749411-du6syw,10:51:DB:0D:31:EA,b3bb9015,3073,2026-07-09T13:35:52.365000Z,1783604152365,133.95
session-1783603749411-du6syw,10:51:DB:0D:31:EA,b3bb9015,3074,2026-07-09T13:35:52.501000Z,1783604152501,134.0
session-1783603749411-du6syw,10:51:DB:0D:31:EA,b3bb9015,3075,2026-07-09T13:35:52.589000Z,1783604152589,134.45
session-1783603749411-du6syw,10:51:DB:0D:31:EA,b3bb9015,3076,2026-07-09T13:35:52.681000Z,1783604152681,128.29
session-1783603749411-du6syw,10:51:DB:0D:31:EA,b3bb9015,3077,2026-07-09T13:35:52.771000Z,1783604152771,134.43
session-1783603749411-du6syw,10:51:DB:0D:31:EA,b3bb9015,3078,2026-07-09T13:35:52.906000Z,1783604152906,127.87
session-1783603749411-du6syw,10:51:DB:0D:31:EA,b3bb9015,3079,2026-07-09T13:35:52.994000Z,1783604152994,97.77
session-1783603749411-du6syw,10:51:DB:0D:31:EA,b3bb9015,3080,2026-07-09T13:35:53.086000Z,1783604153086,129.11
session-1783603749411-du6syw,10:51:DB:0D:31:EA,b3bb9015,3081,2026-07-09T13:35:53.175000Z,1783604153175,134.21
session-1783603749411-du6syw,10:51:DB:0D:31:EA,b3bb9015,3082,2026-07-09T13:35:53.263000Z,1783604153263,128.54
session-1783603749411-du6syw,10:51:DB:0D:31:EA,b3bb9015,3083,2026-07-09T13:35:53.413000Z,1783604153413,128.52
session-1783603749411-du6syw,10:51:DB:0D:31:EA,b3bb9015,3084,2026-07-09T13:35:53.491000Z,1783604153491,128.97
session-1783603749411-du6syw,10:51:DB:0D:31:EA,b3bb9015,3085,2026-07-09T13:35:53.623000Z,1783604153623,128.99
session-1783603749411-du6syw,10:51:DB:0D:31:EA,b3bb9015,3086,2026-07-09T13:35:53.712000Z,1783604153712,129.36
session-1783603749411-du6syw,10:51:DB:0D:31:EA,b3bb9015,3087,2026-07-09T13:35:53.804000Z,1783604153804,128.29
session-1783603749411-du6syw,10:51:DB:0D:31:EA,b3bb9015,3088,2026-07-09T13:35:53.938000Z,1783604153938,128.52
session-1783603749411-du6syw,10:51:DB:0D:31:EA,b3bb9015,3089,2026-07-09T13:35:54.029000Z,1783604154029,128.54
session-1783603749411-du6syw,10:51:DB:0D:31:EA,b3bb9015,3090,2026-07-09T13:35:54.118000Z,1783604154118,134.24
session-1783603749411-du6syw,10:51:DB:0D:31:EA,b3bb9015,3091,2026-07-09T13:35:54.359000Z,1783604154359,128.52
session-1783603749411-du6syw,10:51:DB:0D:31:EA,b3bb9015,3092,2026-07-09T13:35:54.433000Z,1783604154433,97.77
session-1783603749411-du6syw,10:51:DB:0D:31:EA,b3bb9015,3093,2026-07-09T13:35:54.523000Z,1783604154523,129.16
session-1783603749411-du6syw,10:51:DB:0D:31:EA,b3bb9015,3094,2026-07-09T13:35:54.614000Z,1783604154614,128.1
session-1783603749411-du6syw,10:51:DB:0D:31:EA,b3bb9015,3095,2026-07-09T13:35:54.705000Z,1783604154705,134.23
session-1783603749411-du6syw,10:51:DB:0D:31:EA,b3bb9015,3096,2026-07-09T13:35:54.839000Z,1783604154839,129.15
session-1783603749411-du6syw,10:51:DB:0D:31:EA,b3bb9015,3097,2026-07-09T13:35:54.927000Z,1783604154927,128.94
session-1783603749411-du6syw,10:51:DB:0D:31:EA,b3bb9015,3098,2026-07-09T13:35:55.155000Z,1783604155155,134.43
session-1783603749411-du6syw,10:51:DB:0D:31:EA,b3bb9015,3099,2026-07-09T13:35:55.244000Z,1783604155244,129.16
session-1783603749411-du6syw,10:51:DB:0D:31:EA,b3bb9015,3100,2026-07-09T13:35:55.334000Z,1783604155334,128.14
session-1783603749411-du6syw,10:51:DB:0D:31:EA,b3bb9015,3101,2026-07-09T13:35:55.470000Z,1783604155470,128.92
session-1783603749411-du6syw,10:51:DB:0D:31:EA,b3bb9015,3102,2026-07-09T13:35:55.559000Z,1783604155559,134.36
session-1783603749411-du6syw,10:51:DB:0D:31:EA,b3bb9015,3103,2026-07-09T13:35:55.710000Z,1783604155710,134.42
session-1783603749411-du6syw,10:51:DB:0D:31:EA,b3bb9015,3104,2026-07-09T13:35:55.784000Z,1783604155784,133.96
session-1783603749411-du6syw,10:51:DB:0D:31:EA,b3bb9015,3105,2026-07-09T13:35:55.875000Z,1783604155875,134.0
session-1783603749411-du6syw,10:51:DB:0D:31:EA,b3bb9015,3106,2026-07-09T13:35:56.010000Z,1783604156010,134.26
session-1783603749411-du6syw,10:51:DB:0D:31:EA,b3bb9015,3107,2026-07-09T13:35:56.101000Z,1783604156101,128.29
session-1783603749411-du6syw,10:51:DB:0D:31:EA,b3bb9015,3108,2026-07-09T13:35:56.188000Z,1783604156188,129.11
session-1783603749411-du6syw,10:51:DB:0D:31:EA,b3bb9015,3109,2026-07-09T13:35:56.325000Z,1783604156325,128.52
session-1783603749411-du6syw,10:51:DB:0D:31:EA,b3bb9015,3110,2026-07-09T13:35:56.414000Z,1783604156414,129.57
session-1783603749411-du6syw,10:51:DB:0D:31:EA,b3bb9015,3111,2026-07-09T13:35:56.503000Z,1783604156503,96.86
session-1783603749411-du6syw,10:51:DB:0D:31:EA,b3bb9015,3112,2026-07-09T13:35:56.596000Z,1783604156596,128.57
session-1783603749411-du6syw,10:51:DB:0D:31:EA,b3bb9015,3113,2026-07-09T13:35:56.686000Z,1783604156686,134.28
session-1783603749411-du6syw,10:51:DB:0D:31:EA,b3bb9015,3114,2026-07-09T13:35:56.774000Z,1783604156774,128.73
session-1783603749411-du6syw,10:51:DB:0D:31:EA,b3bb9015,3115,2026-07-09T13:35:56.910000Z,1783604156910,134.02
session-1783603749411-du6syw,10:51:DB:0D:31:EA,b3bb9015,3116,2026-07-09T13:35:57Z,1783604157000,128.54
session-1783603749411-du6syw,10:51:DB:0D:31:EA,b3bb9015,3117,2026-07-09T13:35:57.089000Z,1783604157089,134.24
session-1783603749411-du6syw,10:51:DB:0D:31:EA,b3bb9015,3118,2026-07-09T13:35:57.181000Z,1783604157181,128.48
session-1783603749411-du6syw,10:51:DB:0D:31:EA,b3bb9015,3119,2026-07-09T13:35:57.316000Z,1783604157316,128.96
session-1783603749411-du6syw,10:51:DB:0D:31:EA,b3bb9015,3120,2026-07-09T13:35:57.404000Z,1783604157404,96.48
session-1783603749411-du6syw,10:51:DB:0D:31:EA,b3bb9015,3121,2026-07-09T13:35:57.497000Z,1783604157497,128.96
session-1783603749411-du6syw,10:51:DB:0D:31:EA,b3bb9015,3122,2026-07-09T13:35:57.586000Z,1783604157586,128.83
session-1783603749411-du6syw,10:51:DB:0D:31:EA,b3bb9015,3123,2026-07-09T13:35:57.721000Z,1783604157721,128.71
session-1783603749411-du6syw,10:51:DB:0D:31:EA,b3bb9015,3124,2026-07-09T13:35:57.871000Z,1783604157871,128.5
session-1783603749411-du6syw,10:51:DB:0D:31:EA,b3bb9015,3125,2026-07-09T13:35:57.942000Z,1783604157942,96.45
session-1783603749411-du6syw,10:51:DB:0D:31:EA,b3bb9015,3126,2026-07-09T13:35:58.035000Z,1783604158035,128.26
session-1783603749411-du6syw,10:51:DB:0D:31:EA,b3bb9015,3127,2026-07-09T13:35:58.125000Z,1783604158125,134.23
session-1783603749411-du6syw,10:51:DB:0D:31:EA,b3bb9015,3128,2026-07-09T13:35:58.215000Z,1783604158215,128.99
session-1783603749411-du6syw,10:51:DB:0D:31:EA,b3bb9015,3129,2026-07-09T13:35:58.349000Z,1783604158349,128.52
session-1783603749411-du6syw,10:51:DB:0D:31:EA,b3bb9015,3130,2026-07-09T13:35:58.439000Z,1783604158439,129.13
session-1783603749411-du6syw,10:51:DB:0D:31:EA,b3bb9015,3131,2026-07-09T13:35:58.529000Z,1783604158529,128.96
session-1783603749411-du6syw,10:51:DB:0D:31:EA,b3bb9015,3132,2026-07-09T13:35:58.622000Z,1783604158622,136.46
session-1783603749411-du6syw,10:51:DB:0D:31:EA,b3bb9015,3133,2026-07-09T13:35:58.754000Z,1783604158754,128.69
session-1783603749411-du6syw,10:51:DB:0D:31:EA,b3bb9015,3134,2026-07-09T13:35:58.845000Z,1783604158845,96.38
session-1783603749411-du6syw,10:51:DB:0D:31:EA,b3bb9015,3135,2026-07-09T13:35:58.933000Z,1783604158933,128.12
session-1783603749411-du6syw,10:51:DB:0D:31:EA,b3bb9015,3136,2026-07-09T13:35:59.085000Z,1783604159085,134.36
session-1783603749411-du6syw,10:51:DB:0D:31:EA,b3bb9015,3137,2026-07-09T13:35:59.126000Z,1783604159126,134.66
session-1783603749411-du6syw,10:51:DB:0D:31:EA,b3bb9015,3138,2026-07-09T13:35:59.250000Z,1783604159250,128.12
session-1783603749411-du6syw,10:51:DB:0D:31:EA,b3bb9015,3139,2026-07-09T13:35:59.338000Z,1783604159338,134.23
session-1783603749411-du6syw,10:51:DB:0D:31:EA,b3bb9015,3140,2026-07-09T13:35:59.429000Z,1783604159429,134.23
session-1783603749411-du6syw,10:51:DB:0D:31:EA,b3bb9015,3141,2026-07-09T13:35:59.519000Z,1783604159519,128.52
session-1783603749411-du6syw,10:51:DB:0D:31:EA,b3bb9015,3142,2026-07-09T13:35:59.654000Z,1783604159654,128.99
session-1783603749411-du6syw,10:51:DB:0D:31:EA,b3bb9015,3143,2026-07-09T13:35:59.804000Z,1783604159804,95.82
session-1783603749411-du6syw,10:51:DB:0D:31:EA,b3bb9015,3144,2026-07-09T13:35:59.967000Z,1783604159967,26.17
session-1783603749411-du6syw,10:51:DB:0D:31:EA,b3bb9015,3145,2026-07-09T13:35:59.968000Z,1783604159968,128.94
session-1783603749411-du6syw,10:51:DB:0D:31:EA,b3bb9015,3146,2026-07-09T13:36:00.057000Z,1783604160057,134.38
session-1783603749411-du6syw,10:51:DB:0D:31:EA,b3bb9015,3147,2026-07-09T13:36:00.194000Z,1783604160194,128.57
session-1783603749411-du6syw,10:51:DB:0D:31:EA,b3bb9015,3148,2026-07-09T13:36:00.284000Z,1783604160284,134.45
session-1783603749411-du6syw,10:51:DB:0D:31:EA,b3bb9015,3149,2026-07-09T13:36:00.372000Z,1783604160372,128.57
session-1783603749411-du6syw,10:51:DB:0D:31:EA,b3bb9015,3150,2026-07-09T13:36:00.463000Z,1783604160463,128.73
session-1783603749411-du6syw,10:51:DB:0D:31:EA,b3bb9015,3151,2026-07-09T13:36:00.554000Z,1783604160554,134.28
session-1783603749411-du6syw,10:51:DB:0D:31:EA,b3bb9015,3152,2026-07-09T13:36:00.690000Z,1783604160690,128.14
session-1783603749411-du6syw,10:51:DB:0D:31:EA,b3bb9015,3153,2026-07-09T13:36:00.779000Z,1783604160779,129.16
session-1783603749411-du6syw,10:51:DB:0D:31:EA,b3bb9015,3154,2026-07-09T13:36:00.869000Z,1783604160869,127.87
session-1783603749411-du6syw,10:51:DB:0D:31:EA,b3bb9015,3155,2026-07-09T13:36:00.959000Z,1783604160959,129.16
session-1783603749411-du6syw,10:51:DB:0D:31:EA,b3bb9015,3156,2026-07-09T13:36:01.184000Z,1783604161184,128.99
session-1783603749411-du6syw,10:51:DB:0D:31:EA,b3bb9015,3157,2026-07-09T13:36:01.273000Z,1783604161273,128.29
session-1783603749411-du6syw,10:51:DB:0D:31:EA,b3bb9015,3158,2026-07-09T13:36:01.363000Z,1783604161363,128.96
session-1783603749411-du6syw,10:51:DB:0D:31:EA,b3bb9015,3159,2026-07-09T13:36:01.454000Z,1783604161454,128.69
session-1783603749411-du6syw,10:51:DB:0D:31:EA,b3bb9015,3160,2026-07-09T13:36:01.590000Z,1783604161590,128.69
session-1783603749411-du6syw,10:51:DB:0D:31:EA,b3bb9015,3161,2026-07-09T13:36:01.679000Z,1783604161679,136.6
session-1783603749411-du6syw,10:51:DB:0D:31:EA,b3bb9015,3162,2026-07-09T13:36:01.814000Z,1783604161814,128.55
session-1783603749411-du6syw,10:51:DB:0D:31:EA,b3bb9015,3163,2026-07-09T13:36:01.905000Z,1783604161905,129.57
session-1783603749411-du6syw,10:51:DB:0D:31:EA,b3bb9015,3164,2026-07-09T13:36:01.993000Z,1783604161993,128.97
session-1783603749411-du6syw,10:51:DB:0D:31:EA,b3bb9015,3165,2026-07-09T13:36:02.129000Z,1783604162129,133.84
session-1783603749411-du6syw,10:51:DB:0D:31:EA,b3bb9015,3166,2026-07-09T13:36:02.218000Z,1783604162218,129.55
session-1783603749411-du6syw,10:51:DB:0D:31:EA,b3bb9015,3167,2026-07-09T13:36:02.312000Z,1783604162312,129.16
session-1783603749411-du6syw,10:51:DB:0D:31:EA,b3bb9015,3168,2026-07-09T13:36:02.401000Z,1783604162401,134.45
session-1783603749411-du6syw,10:51:DB:0D:31:EA,b3bb9015,3169,2026-07-09T13:36:02.535000Z,1783604162535,129.41
session-1783603749411-du6syw,10:51:DB:0D:31:EA,b3bb9015,3170,2026-07-09T13:36:02.623000Z,1783604162623,97.84
session-1783603749411-du6syw,10:51:DB:0D:31:EA,b3bb9015,3171,2026-07-09T13:36:02.712000Z,1783604162712,128.48
session-1783603749411-du6syw,10:51:DB:0D:31:EA,b3bb9015,3172,2026-07-09T13:36:02.804000Z,1783604162804,134.38
session-1783603749411-du6syw,10:51:DB:0D:31:EA,b3bb9015,3173,2026-07-09T13:36:02.894000Z,1783604162894,129.11
session-1783603749411-du6syw,10:51:DB:0D:31:EA,b3bb9015,3174,2026-07-09T13:36:03.029000Z,1783604163029,134.19
session-1783603749411-du6syw,10:51:DB:0D:31:EA,b3bb9015,3175,2026-07-09T13:36:03.119000Z,1783604163119,128.71
session-1783603749411-du6syw,10:51:DB:0D:31:EA,b3bb9015,3176,2026-07-09T13:36:03.208000Z,1783604163208,133.98
session-1783603749411-du6syw,10:51:DB:0D:31:EA,b3bb9015,3177,2026-07-09T13:36:03.300000Z,1783604163300,129.11
session-1783603749411-du6syw,10:51:DB:0D:31:EA,b3bb9015,3178,2026-07-09T13:36:03.434000Z,1783604163434,128.96
session-1783603749411-du6syw,10:51:DB:0D:31:EA,b3bb9015,3179,2026-07-09T13:36:03.524000Z,1783604163524,94.68
session-1783603749411-du6syw,10:51:DB:0D:31:EA,b3bb9015,3180,2026-07-09T13:36:03.615000Z,1783604163615,128.89
session-1783603749411-du6syw,10:51:DB:0D:31:EA,b3bb9015,3181,2026-07-09T13:36:03.702000Z,1783604163702,134.17
session-1783603749411-du6syw,10:51:DB:0D:31:EA,b3bb9015,3182,2026-07-09T13:36:03.838000Z,1783604163838,133.96
session-1783603749411-du6syw,10:51:DB:0D:31:EA,b3bb9015,3183,2026-07-09T13:36:03.973000Z,1783604163973,134.0
session-1783603749411-du6syw,10:51:DB:0D:31:EA,b3bb9015,3184,2026-07-09T13:36:04.064000Z,1783604164064,95.1
session-1783603749411-du6syw,10:51:DB:0D:31:EA,b3bb9015,3185,2026-07-09T13:36:04.154000Z,1783604164154,134.14
session-1783603749411-du6syw,10:51:DB:0D:31:EA,b3bb9015,3186,2026-07-09T13:36:04.246000Z,1783604164246,134.0
session-1783603749411-du6syw,10:51:DB:0D:31:EA,b3bb9015,3187,2026-07-09T13:36:04.333000Z,1783604164333,128.99
session-1783603749411-du6syw,10:51:DB:0D:31:EA,b3bb9015,3188,2026-07-09T13:36:04.469000Z,1783604164469,128.71
session-1783603749411-du6syw,10:51:DB:0D:31:EA,b3bb9015,3189,2026-07-09T13:36:04.559000Z,1783604164559,134.17
session-1783603749411-du6syw,10:51:DB:0D:31:EA,b3bb9015,3190,2026-07-09T13:36:04.647000Z,1783604164647,134.19
session-1783603749411-du6syw,10:51:DB:0D:31:EA,b3bb9015,3191,2026-07-09T13:36:04.737000Z,1783604164737,134.17
session-1783603749411-du6syw,10:51:DB:0D:31:EA,b3bb9015,3192,2026-07-09T13:36:04.873000Z,1783604164873,128.52
session-1783603749411-du6syw,10:51:DB:0D:31:EA,b3bb9015,3193,2026-07-09T13:36:04.966000Z,1783604164966,94.67
session-1783603749411-du6syw,10:51:DB:0D:31:EA,b3bb9015,3194,2026-07-09T13:36:05.053000Z,1783604165053,128.71
session-1783603749411-du6syw,10:51:DB:0D:31:EA,b3bb9015,3195,2026-07-09T13:36:05.145000Z,1783604165145,128.54
session-1783603749411-du6syw,10:51:DB:0D:31:EA,b3bb9015,3196,2026-07-09T13:36:05.234000Z,1783604165234,128.97
session-1783603749411-du6syw,10:51:DB:0D:31:EA,b3bb9015,3197,2026-07-09T13:36:05.369000Z,1783604165369,128.54
session-1783603749411-du6syw,10:51:DB:0D:31:EA,b3bb9015,3198,2026-07-09T13:36:05.459000Z,1783604165459,133.84
session-1783603749411-du6syw,10:51:DB:0D:31:EA,b3bb9015,3199,2026-07-09T13:36:05.549000Z,1783604165549,128.94
session-1783603749411-du6syw,10:51:DB:0D:31:EA,b3bb9015,3200,2026-07-09T13:36:05.638000Z,1783604165638,129.13
session-1783603749411-du6syw,10:51:DB:0D:31:EA,b3bb9015,3201,2026-07-09T13:36:05.773000Z,1783604165773,129.36
session-1783603749411-du6syw,10:51:DB:0D:31:EA,b3bb9015,3202,2026-07-09T13:36:05.908000Z,1783604165908,94.88
session-1783603749411-du6syw,10:51:DB:0D:31:EA,b3bb9015,3203,2026-07-09T13:36:06Z,1783604166000,128.08
session-1783603749411-du6syw,10:51:DB:0D:31:EA,b3bb9015,3204,2026-07-09T13:36:06.089000Z,1783604166089,129.16
session-1783603749411-du6syw,10:51:DB:0D:31:EA,b3bb9015,3205,2026-07-09T13:36:06.180000Z,1783604166180,128.69
session-1783603749411-du6syw,10:51:DB:0D:31:EA,b3bb9015,3206,2026-07-09T13:36:06.314000Z,1783604166314,129.16
session-1783603749411-du6syw,10:51:DB:0D:31:EA,b3bb9015,3207,2026-07-09T13:36:06.402000Z,1783604166402,94.11
session-1783603749411-du6syw,10:51:DB:0D:31:EA,b3bb9015,3208,2026-07-09T13:36:06.494000Z,1783604166494,128.73
session-1783603749411-du6syw,10:51:DB:0D:31:EA,b3bb9015,3209,2026-07-09T13:36:06.584000Z,1783604166584,128.99
session-1783603749411-du6syw,10:51:DB:0D:31:EA,b3bb9015,3210,2026-07-09T13:36:06.674000Z,1783604166674,128.48
session-1783603749411-du6syw,10:51:DB:0D:31:EA,b3bb9015,3211,2026-07-09T13:36:06.808000Z,1783604166808,129.16
session-1783603749411-du6syw,10:51:DB:0D:31:EA,b3bb9015,3212,2026-07-09T13:36:06.899000Z,1783604166899,129.43
session-1783603749411-du6syw,10:51:DB:0D:31:EA,b3bb9015,3213,2026-07-09T13:36:06.988000Z,1783604166988,128.96
session-1783603749411-du6syw,10:51:DB:0D:31:EA,b3bb9015,3214,2026-07-09T13:36:07.079000Z,1783604167079,134.36
session-1783603749411-du6syw,10:51:DB:0D:31:EA,b3bb9015,3215,2026-07-09T13:36:07.214000Z,1783604167214,134.38
session-1783603749411-du6syw,10:51:DB:0D:31:EA,b3bb9015,3216,2026-07-09T13:36:07.306000Z,1783604167306,94.0
session-1783603749411-du6syw,10:51:DB:0D:31:EA,b3bb9015,3217,2026-07-09T13:36:07.394000Z,1783604167394,128.27
session-1783603749411-du6syw,10:51:DB:0D:31:EA,b3bb9015,3218,2026-07-09T13:36:07.485000Z,1783604167485,128.59
session-1783603749411-du6syw,10:51:DB:0D:31:EA,b3bb9015,3219,2026-07-09T13:36:07.574000Z,1783604167574,133.98
session-1783603749411-du6syw,10:51:DB:0D:31:EA,b3bb9015,3220,2026-07-09T13:36:07.710000Z,1783604167710,127.86
session-1783603749411-du6syw,10:51:DB:0D:31:EA,b3bb9015,3221,2026-07-09T13:36:07.802000Z,1783604167802,128.03
session-1783603749411-du6syw,10:51:DB:0D:31:EA,b3bb9015,3222,2026-07-09T13:36:07.934000Z,1783604167934,134.14
session-1783603749411-du6syw,10:51:DB:0D:31:EA,b3bb9015,3223,2026-07-09T13:36:08.026000Z,1783604168026,134.45
session-1783603749411-du6syw,10:51:DB:0D:31:EA,b3bb9015,3224,2026-07-09T13:36:08.114000Z,1783604168114,128.8
session-1783603749411-du6syw,10:51:DB:0D:31:EA,b3bb9015,3225,2026-07-09T13:36:08.251000Z,1783604168251,129.16
session-1783603749411-du6syw,10:51:DB:0D:31:EA,b3bb9015,3226,2026-07-09T13:36:08.337000Z,1783604168337,128.54
session-1783603749411-du6syw,10:51:DB:0D:31:EA,b3bb9015,3227,2026-07-09T13:36:08.431000Z,1783604168431,128.94
session-1783603749411-du6syw,10:51:DB:0D:31:EA,b3bb9015,3228,2026-07-09T13:36:08.518000Z,1783604168518,129.41
session-1783603749411-du6syw,10:51:DB:0D:31:EA,b3bb9015,3229,2026-07-09T13:36:08.654000Z,1783604168654,134.28
session-1783603749411-du6syw,10:51:DB:0D:31:EA,b3bb9015,3230,2026-07-09T13:36:08.745000Z,1783604168745,93.64
session-1783603749411-du6syw,10:51:DB:0D:31:EA,b3bb9015,3231,2026-07-09T13:36:08.879000Z,1783604168879,134.42
session-1783603749411-du6syw,10:51:DB:0D:31:EA,b3bb9015,3232,2026-07-09T13:36:08.927000Z,1783604168927,134.89
session-1783603749411-du6syw,10:51:DB:0D:31:EA,b3bb9015,3233,2026-07-09T13:36:09.014000Z,1783604169014,127.86
session-1783603749411-du6syw,10:51:DB:0D:31:EA,b3bb9015,3234,2026-07-09T13:36:09.150000Z,1783604169150,133.79
session-1783603749411-du6syw,10:51:DB:0D:31:EA,b3bb9015,3235,2026-07-09T13:36:09.239000Z,1783604169239,136.76
session-1783603749411-du6syw,10:51:DB:0D:31:EA,b3bb9015,3236,2026-07-09T13:36:09.329000Z,1783604169329,133.79
session-1783603749411-du6syw,10:51:DB:0D:31:EA,b3bb9015,3237,2026-07-09T13:36:09.421000Z,1783604169421,136.76
session-1783603749411-du6syw,10:51:DB:0D:31:EA,b3bb9015,3238,2026-07-09T13:36:09.554000Z,1783604169554,133.75
session-1783603749411-du6syw,10:51:DB:0D:31:EA,b3bb9015,3239,2026-07-09T13:36:09.644000Z,1783604169644,93.36
session-1783603749411-du6syw,10:51:DB:0D:31:EA,b3bb9015,3240,2026-07-09T13:36:09.736000Z,1783604169736,128.92
session-1783603749411-du6syw,10:51:DB:0D:31:EA,b3bb9015,3241,2026-07-09T13:36:09.827000Z,1783604169827,136.2
session-1783603749411-du6syw,10:51:DB:0D:31:EA,b3bb9015,3242,2026-07-09T13:36:09.977000Z,1783604169977,136.35
session-1783603749411-du6syw,10:51:DB:0D:31:EA,b3bb9015,3243,2026-07-09T13:36:10.094000Z,1783604170094,133.93
session-1783603749411-du6syw,10:51:DB:0D:31:EA,b3bb9015,3244,2026-07-09T13:36:10.184000Z,1783604170184,93.15
session-1783603749411-du6syw,10:51:DB:0D:31:EA,b3bb9015,3245,2026-07-09T13:36:10.319000Z,1783604170319,128.94
session-1783603749411-du6syw,10:51:DB:0D:31:EA,b3bb9015,3246,2026-07-09T13:36:10.498000Z,1783604170498,130.02
session-1783603749411-du6syw,10:51:DB:0D:31:EA,b3bb9015,3247,2026-07-09T13:36:10.633000Z,1783604170633,134.42
session-1783603749411-du6syw,10:51:DB:0D:31:EA,b3bb9015,3248,2026-07-09T13:36:10.815000Z,1783604170815,135.76
session-1783603749411-du6syw,10:51:DB:0D:31:EA,b3bb9015,3249,2026-07-09T13:36:10.948000Z,1783604170948,133.77
session-1783603749411-du6syw,10:51:DB:0D:31:EA,b3bb9015,3250,2026-07-09T13:36:11.039000Z,1783604171039,136.77
session-1783603749411-du6syw,10:51:DB:0D:31:EA,b3bb9015,3251,2026-07-09T13:36:11.129000Z,1783604171129,136.6
session-1783603749411-du6syw,10:51:DB:0D:31:EA,b3bb9015,3252,2026-07-09T13:36:11.219000Z,1783604171219,136.6
session-1783603749411-du6syw,10:51:DB:0D:31:EA,b3bb9015,3253,2026-07-09T13:36:11.354000Z,1783604171354,136.77
session-1783603749411-du6syw,10:51:DB:0D:31:EA,b3bb9015,3254,2026-07-09T13:36:11.445000Z,1783604171445,92.8
session-1783603749411-du6syw,10:51:DB:0D:31:EA,b3bb9015,3255,2026-07-09T13:36:11.534000Z,1783604171534,134.38
session-1783603749411-du6syw,10:51:DB:0D:31:EA,b3bb9015,3256,2026-07-09T13:36:11.624000Z,1783604171624,134.36
session-1783603749411-du6syw,10:51:DB:0D:31:EA,b3bb9015,3257,2026-07-09T13:36:11.715000Z,1783604171715,134.4
session-1783603749411-du6syw,10:51:DB:0D:31:EA,b3bb9015,3258,2026-07-09T13:36:11.850000Z,1783604171850,134.26
session-1783603749411-du6syw,10:51:DB:0D:31:EA,b3bb9015,3259,2026-07-09T13:36:11.985000Z,1783604171985,127.87
session-1783603749411-du6syw,10:51:DB:0D:31:EA,b3bb9015,3260,2026-07-09T13:36:12.074000Z,1783604172074,134.61
session-1783603749411-du6syw,10:51:DB:0D:31:EA,b3bb9015,3261,2026-07-09T13:36:12.163000Z,1783604172163,128.57
session-1783603749411-du6syw,10:51:DB:0D:31:EA,b3bb9015,3262,2026-07-09T13:36:12.255000Z,1783604172255,134.71
session-1783603749411-du6syw,10:51:DB:0D:31:EA,b3bb9015,3263,2026-07-09T13:36:12.389000Z,1783604172389,137.05
session-1783603749411-du6syw,10:51:DB:0D:31:EA,b3bb9015,3264,2026-07-09T13:36:12.479000Z,1783604172479,136.6
session-1783603749411-du6syw,10:51:DB:0D:31:EA,b3bb9015,3265,2026-07-09T13:36:12.570000Z,1783604172570,136.35
session-1783603749411-du6syw,10:51:DB:0D:31:EA,b3bb9015,3266,2026-07-09T13:36:12.660000Z,1783604172660,136.76
session-1783603749411-du6syw,10:51:DB:0D:31:EA,b3bb9015,3267,2026-07-09T13:36:12.812000Z,1783604172812,136.6
session-1783603749411-du6syw,10:51:DB:0D:31:EA,b3bb9015,3268,2026-07-09T13:36:12.885000Z,1783604172885,92.71
session-1783603749411-du6syw,10:51:DB:0D:31:EA,b3bb9015,3269,2026-07-09T13:36:12.974000Z,1783604172974,128.48
session-1783603749411-du6syw,10:51:DB:0D:31:EA,b3bb9015,3270,2026-07-09T13:36:13.063000Z,1783604173063,128.99
session-1783603749411-du6syw,10:51:DB:0D:31:EA,b3bb9015,3271,2026-07-09T13:36:13.198000Z,1783604173198,136.76
session-1783603749411-du6syw,10:51:DB:0D:31:EA,b3bb9015,3272,2026-07-09T13:36:13.289000Z,1783604173289,128.52
session-1783603749411-du6syw,10:51:DB:0D:31:EA,b3bb9015,3273,2026-07-09T13:36:13.379000Z,1783604173379,136.18
session-1783603749411-du6syw,10:51:DB:0D:31:EA,b3bb9015,3274,2026-07-09T13:36:13.471000Z,1783604173471,128.73
session-1783603749411-du6syw,10:51:DB:0D:31:EA,b3bb9015,3275,2026-07-09T13:36:13.559000Z,1783604173559,136.32
session-1783603749411-du6syw,10:51:DB:0D:31:EA,b3bb9015,3276,2026-07-09T13:36:13.710000Z,1783604173710,135.88
session-1783603749411-du6syw,10:51:DB:0D:31:EA,b3bb9015,3277,2026-07-09T13:36:13.785000Z,1783604173785,92.54
session-1783603749411-du6syw,10:51:DB:0D:31:EA,b3bb9015,3278,2026-07-09T13:36:13.874000Z,1783604173874,133.75
session-1783603749411-du6syw,10:51:DB:0D:31:EA,b3bb9015,3279,2026-07-09T13:36:14.025000Z,1783604174025,129.15
session-1783603749411-du6syw,10:51:DB:0D:31:EA,b3bb9015,3280,2026-07-09T13:36:14.099000Z,1783604174099,135.88
session-1783603749411-du6syw,10:51:DB:0D:31:EA,b3bb9015,3281,2026-07-09T13:36:14.234000Z,1783604174234,128.97
session-1783603749411-du6syw,10:51:DB:0D:31:EA,b3bb9015,3282,2026-07-09T13:36:14.326000Z,1783604174326,92.48
session-1783603749411-du6syw,10:51:DB:0D:31:EA,b3bb9015,3283,2026-07-09T13:36:14.416000Z,1783604174416,129.6
session-1783603749411-du6syw,10:51:DB:0D:31:EA,b3bb9015,3284,2026-07-09T13:36:14.504000Z,1783604174504,128.94
session-1783603749411-du6syw,10:51:DB:0D:31:EA,b3bb9015,3285,2026-07-09T13:36:14.594000Z,1783604174594,128.55
session-1783603749411-du6syw,10:51:DB:0D:31:EA,b3bb9015,3286,2026-07-09T13:36:14.729000Z,1783604174729,136.77
session-1783603749411-du6syw,10:51:DB:0D:31:EA,b3bb9015,3287,2026-07-09T13:36:14.820000Z,1783604174820,136.76
session-1783603749411-du6syw,10:51:DB:0D:31:EA,b3bb9015,3288,2026-07-09T13:36:14.910000Z,1783604174910,137.05
session-1783603749411-du6syw,10:51:DB:0D:31:EA,b3bb9015,3289,2026-07-09T13:36:15Z,1783604175000,136.01
session-1783603749411-du6syw,10:51:DB:0D:31:EA,b3bb9015,3290,2026-07-09T13:36:15.134000Z,1783604175134,136.6
session-1783603749411-du6syw,10:51:DB:0D:31:EA,b3bb9015,3291,2026-07-09T13:36:15.224000Z,1783604175224,92.07
session-1783603749411-du6syw,10:51:DB:0D:31:EA,b3bb9015,3292,2026-07-09T13:36:15.314000Z,1783604175314,128.5
session-1783603749411-du6syw,10:51:DB:0D:31:EA,b3bb9015,3293,2026-07-09T13:36:15.404000Z,1783604175404,136.79
session-1783603749411-du6syw,10:51:DB:0D:31:EA,b3bb9015,3294,2026-07-09T13:36:15.540000Z,1783604175540,136.6
session-1783603749411-du6syw,10:51:DB:0D:31:EA,b3bb9015,3295,2026-07-09T13:36:15.628000Z,1783604175628,137.19
session-1783603749411-du6syw,10:51:DB:0D:31:EA,b3bb9015,3296,2026-07-09T13:36:15.721000Z,1783604175721,136.6
session-1783603749411-du6syw,10:51:DB:0D:31:EA,b3bb9015,3297,2026-07-09T13:36:15.808000Z,1783604175808,134.38
session-1783603749411-du6syw,10:51:DB:0D:31:EA,b3bb9015,3298,2026-07-09T13:36:15.899000Z,1783604175899,134.38
session-1783603749411-du6syw,10:51:DB:0D:31:EA,b3bb9015,3299,2026-07-09T13:36:16.034000Z,1783604176034,128.99
session-1783603749411-du6syw,10:51:DB:0D:31:EA,b3bb9015,3300,2026-07-09T13:36:16.171000Z,1783604176171,134.43
session-1783603749411-du6syw,10:51:DB:0D:31:EA,b3bb9015,3301,2026-07-09T13:36:16.260000Z,1783604176260,128.31
session-1783603749411-du6syw,10:51:DB:0D:31:EA,b3bb9015,3302,2026-07-09T13:36:16.349000Z,1783604176349,134.84
session-1783603749411-du6syw,10:51:DB:0D:31:EA,b3bb9015,3303,2026-07-09T13:36:16.439000Z,1783604176439,135.53
session-1783603749411-du6syw,10:51:DB:0D:31:EA,b3bb9015,3304,2026-07-09T13:36:16.574000Z,1783604176574,128.92
session-1783603749411-du6syw,10:51:DB:0D:31:EA,b3bb9015,3305,2026-07-09T13:36:16.799000Z,1783604176799,136.77
session-1783603749411-du6syw,10:51:DB:0D:31:EA,b3bb9015,3306,2026-07-09T13:36:16.892000Z,1783604176892,136.6
session-1783603749411-du6syw,10:51:DB:0D:31:EA,b3bb9015,3307,2026-07-09T13:36:17.158000Z,1783604177158,136.18
session-1783603749411-du6syw,10:51:DB:0D:31:EA,b3bb9015,3308,2026-07-09T13:36:17.206000Z,1783604177206,128.69
session-1783603749411-du6syw,10:51:DB:0D:31:EA,b3bb9015,3309,2026-07-09T13:36:17.294000Z,1783604177294,129.13
session-1783603749411-du6syw,10:51:DB:0D:31:EA,b3bb9015,3310,2026-07-09T13:36:17.429000Z,1783604177429,128.94
session-1783603749411-du6syw,10:51:DB:0D:31:EA,b3bb9015,3311,2026-07-09T13:36:17.519000Z,1783604177519,129.43
session-1783603749411-du6syw,10:51:DB:0D:31:EA,b3bb9015,3312,2026-07-09T13:36:17.610000Z,1783604177610,129.85
session-1783603749411-du6syw,10:51:DB:0D:31:EA,b3bb9015,3313,2026-07-09T13:36:17.760000Z,1783604177760,128.92
session-1783603749411-du6syw,10:51:DB:0D:31:EA,b3bb9015,3314,2026-07-09T13:36:17.800000Z,1783604177800,136.21
session-1783603749411-du6syw,10:51:DB:0D:31:EA,b3bb9015,3315,2026-07-09T13:36:17.923000Z,1783604177923,91.61
session-1783603749411-du6syw,10:51:DB:0D:31:EA,b3bb9015,3316,2026-07-09T13:36:18.059000Z,1783604178059,136.37
session-1783603749411-du6syw,10:51:DB:0D:31:EA,b3bb9015,3317,2026-07-09T13:36:18.209000Z,1783604178209,136.6
session-1783603749411-du6syw,10:51:DB:0D:31:EA,b3bb9015,3318,2026-07-09T13:36:18.250000Z,1783604178250,136.44
session-1783603749411-du6syw,10:51:DB:0D:31:EA,b3bb9015,3319,2026-07-09T13:36:18.374000Z,1783604178374,134.42
session-1783603749411-du6syw,10:51:DB:0D:31:EA,b3bb9015,3320,2026-07-09T13:36:18.464000Z,1783604178464,128.5
session-1783603749411-du6syw,10:51:DB:0D:31:EA,b3bb9015,3321,2026-07-09T13:36:18.554000Z,1783604178554,129.41
session-1783603749411-du6syw,10:51:DB:0D:31:EA,b3bb9015,3322,2026-07-09T13:36:18.646000Z,1783604178646,129.41
session-1783603749411-du6syw,10:51:DB:0D:31:EA,b3bb9015,3323,2026-07-09T13:36:18.733000Z,1783604178733,128.54
session-1783603749411-du6syw,10:51:DB:0D:31:EA,b3bb9015,3324,2026-07-09T13:36:18.885000Z,1783604178885,128.94
session-1783603749411-du6syw,10:51:DB:0D:31:EA,b3bb9015,3325,2026-07-09T13:36:18.959000Z,1783604178959,129.13
session-1783603749411-du6syw,10:51:DB:0D:31:EA,b3bb9015,3326,2026-07-09T13:36:19.110000Z,1783604179110,128.94
session-1783603749411-du6syw,10:51:DB:0D:31:EA,b3bb9015,3327,2026-07-09T13:36:19.156000Z,1783604179156,134.66
session-1783603749411-du6syw,10:51:DB:0D:31:EA,b3bb9015,3328,2026-07-09T13:36:19.274000Z,1783604179274,134.36
session-1783603749411-du6syw,10:51:DB:0D:31:EA,b3bb9015,3329,2026-07-09T13:36:19.409000Z,1783604179409,90.83
session-1783603749411-du6syw,10:51:DB:0D:31:EA,b3bb9015,3330,2026-07-09T13:36:19.458000Z,1783604179458,128.48
session-1783603749411-du6syw,10:51:DB:0D:31:EA,b3bb9015,3331,2026-07-09T13:36:19.589000Z,1783604179589,134.35
session-1783603749411-du6syw,10:51:DB:0D:31:EA,b3bb9015,3332,2026-07-09T13:36:19.633000Z,1783604179633,134.23
session-1783603749411-du6syw,10:51:DB:0D:31:EA,b3bb9015,3333,2026-07-09T13:36:19.770000Z,1783604179770,134.82
session-1783603749411-du6syw,10:51:DB:0D:31:EA,b3bb9015,3334,2026-07-09T13:36:19.860000Z,1783604179860,129.15
session-1783603749411-du6syw,10:51:DB:0D:31:EA,b3bb9015,3335,2026-07-09T13:36:20.011000Z,1783604180011,127.84
session-1783603749411-du6syw,10:51:DB:0D:31:EA,b3bb9015,3336,2026-07-09T13:36:20.083000Z,1783604180083,128.73
session-1783603749411-du6syw,10:51:DB:0D:31:EA,b3bb9015,3337,2026-07-09T13:36:20.176000Z,1783604180176,134.28
session-1783603749411-du6syw,10:51:DB:0D:31:EA,b3bb9015,3338,2026-07-09T13:36:20.310000Z,1783604180310,128.76
session-1783603749411-du6syw,10:51:DB:0D:31:EA,b3bb9015,3339,2026-07-09T13:36:20.399000Z,1783604180399,128.29
session-1783603749411-du6syw,10:51:DB:0D:31:EA,b3bb9015,3340,2026-07-09T13:36:20.489000Z,1783604180489,134.26
session-1783603749411-du6syw,10:51:DB:0D:31:EA,b3bb9015,3341,2026-07-09T13:36:20.580000Z,1783604180580,128.31
session-1783603749411-du6syw,10:51:DB:0D:31:EA,b3bb9015,3342,2026-07-09T13:36:20.714000Z,1783604180714,129.37
session-1783603749411-du6syw,10:51:DB:0D:31:EA,b3bb9015,3343,2026-07-09T13:36:20.804000Z,1783604180804,90.57
session-1783603749411-du6syw,10:51:DB:0D:31:EA,b3bb9015,3344,2026-07-09T13:36:20.895000Z,1783604180895,128.92
session-1783603749411-du6syw,10:51:DB:0D:31:EA,b3bb9015,3345,2026-07-09T13:36:20.984000Z,1783604180984,136.62
session-1783603749411-du6syw,10:51:DB:0D:31:EA,b3bb9015,3346,2026-07-09T13:36:21.074000Z,1783604181074,134.78
session-1783603749411-du6syw,10:51:DB:0D:31:EA,b3bb9015,3347,2026-07-09T13:36:21.209000Z,1783604181209,135.08
session-1783603749411-du6syw,10:51:DB:0D:31:EA,b3bb9015,3348,2026-07-09T13:36:21.299000Z,1783604181299,134.21
session-1783603749411-du6syw,10:51:DB:0D:31:EA,b3bb9015,3349,2026-07-09T13:36:21.389000Z,1783604181389,128.55
session-1783603749411-du6syw,10:51:DB:0D:31:EA,b3bb9015,3350,2026-07-09T13:36:21.481000Z,1783604181481,134.42
session-1783603749411-du6syw,10:51:DB:0D:31:EA,b3bb9015,3351,2026-07-09T13:36:21.613000Z,1783604181613,128.52
session-1783603749411-du6syw,10:51:DB:0D:31:EA,b3bb9015,3352,2026-07-09T13:36:21.705000Z,1783604181705,90.43
session-1783603749411-du6syw,10:51:DB:0D:31:EA,b3bb9015,3353,2026-07-09T13:36:21.793000Z,1783604181793,135.08
session-1783603749411-du6syw,10:51:DB:0D:31:EA,b3bb9015,3354,2026-07-09T13:36:21.930000Z,1783604181930,129.41
session-1783603749411-du6syw,10:51:DB:0D:31:EA,b3bb9015,3355,2026-07-09T13:36:22.019000Z,1783604182019,136.44
session-1783603749411-du6syw,10:51:DB:0D:31:EA,b3bb9015,3356,2026-07-09T13:36:22.154000Z,1783604182154,136.62
session-1783603749411-du6syw,10:51:DB:0D:31:EA,b3bb9015,3357,2026-07-09T13:36:22.245000Z,1783604182245,136.6
session-1783603749411-du6syw,10:51:DB:0D:31:EA,b3bb9015,3358,2026-07-09T13:36:22.333000Z,1783604182333,128.52
session-1783603749411-du6syw,10:51:DB:0D:31:EA,b3bb9015,3359,2026-07-09T13:36:22.424000Z,1783604182424,134.33
session-1783603749411-du6syw,10:51:DB:0D:31:EA,b3bb9015,3360,2026-07-09T13:36:22.559000Z,1783604182559,128.71
session-1783603749411-du6syw,10:51:DB:0D:31:EA,b3bb9015,3361,2026-07-09T13:36:22.650000Z,1783604182650,133.81
session-1783603749411-du6syw,10:51:DB:0D:31:EA,b3bb9015,3362,2026-07-09T13:36:22.738000Z,1783604182738,128.54
session-1783603749411-du6syw,10:51:DB:0D:31:EA,b3bb9015,3363,2026-07-09T13:36:22.829000Z,1783604182829,134.26
session-1783603749411-du6syw,10:51:DB:0D:31:EA,b3bb9015,3364,2026-07-09T13:36:22.964000Z,1783604182964,127.87
session-1783603749411-du6syw,10:51:DB:0D:31:EA,b3bb9015,3365,2026-07-09T13:36:23.055000Z,1783604183055,90.77
session-1783603749411-du6syw,10:51:DB:0D:31:EA,b3bb9015,3366,2026-07-09T13:36:23.144000Z,1783604183144,128.55
session-1783603749411-du6syw,10:51:DB:0D:31:EA,b3bb9015,3367,2026-07-09T13:36:23.281000Z,1783604183281,128.92
session-1783603749411-du6syw,10:51:DB:0D:31:EA,b3bb9015,3368,2026-07-09T13:36:23.323000Z,1783604183323,128.97
session-1783603749411-du6syw,10:51:DB:0D:31:EA,b3bb9015,3369,2026-07-09T13:36:23.461000Z,1783604183461,130.0
session-1783603749411-du6syw,10:51:DB:0D:31:EA,b3bb9015,3370,2026-07-09T13:36:23.548000Z,1783604183548,134.23
session-1783603749411-du6syw,10:51:DB:0D:31:EA,b3bb9015,3371,2026-07-09T13:36:23.640000Z,1783604183640,129.41
session-1783603749411-du6syw,10:51:DB:0D:31:EA,b3bb9015,3372,2026-07-09T13:36:23.729000Z,1783604183729,134.26
session-1783603749411-du6syw,10:51:DB:0D:31:EA,b3bb9015,3373,2026-07-09T13:36:23.879000Z,1783604183879,127.87
session-1783603749411-du6syw,10:51:DB:0D:31:EA,b3bb9015,3374,2026-07-09T13:36:23.955000Z,1783604183955,90.13
session-1783603749411-du6syw,10:51:DB:0D:31:EA,b3bb9015,3375,2026-07-09T13:36:24.045000Z,1783604184045,128.78
session-1783603749411-du6syw,10:51:DB:0D:31:EA,b3bb9015,3376,2026-07-09T13:36:24.197000Z,1783604184197,134.02
session-1783603749411-du6syw,10:51:DB:0D:31:EA,b3bb9015,3377,2026-07-09T13:36:24.312000Z,1783604184312,134.02
session-1783603749411-du6syw,10:51:DB:0D:31:EA,b3bb9015,3378,2026-07-09T13:36:24.541000Z,1783604184541,128.97
session-1783603749411-du6syw,10:51:DB:0D:31:EA,b3bb9015,3379,2026-07-09T13:36:24.630000Z,1783604184630,128.57
session-1783603749411-du6syw,10:51:DB:0D:31:EA,b3bb9015,3380,2026-07-09T13:36:24.719000Z,1783604184719,134.43
session-1783603749411-du6syw,10:51:DB:0D:31:EA,b3bb9015,3381,2026-07-09T13:36:24.853000Z,1783604184853,133.93
session-1783603749411-du6syw,10:51:DB:0D:31:EA,b3bb9015,3382,2026-07-09T13:36:24.943000Z,1783604184943,129.55
session-1783603749411-du6syw,10:51:DB:0D:31:EA,b3bb9015,3383,2026-07-09T13:36:25.034000Z,1783604185034,89.88
session-1783603749411-du6syw,10:51:DB:0D:31:EA,b3bb9015,3384,2026-07-09T13:36:25.123000Z,1783604185123,128.94
session-1783603749411-du6syw,10:51:DB:0D:31:EA,b3bb9015,3385,2026-07-09T13:36:25.215000Z,1783604185215,134.36
session-1783603749411-du6syw,10:51:DB:0D:31:EA,b3bb9015,3386,2026-07-09T13:36:25.305000Z,1783604185305,134.17
session-1783603749411-du6syw,10:51:DB:0D:31:EA,b3bb9015,3387,2026-07-09T13:36:25.439000Z,1783604185439,133.93
session-1783603749411-du6syw,10:51:DB:0D:31:EA,b3bb9015,3388,2026-07-09T13:36:25.528000Z,1783604185528,134.21
session-1783603749411-du6syw,10:51:DB:0D:31:EA,b3bb9015,3389,2026-07-09T13:36:25.618000Z,1783604185618,134.35
session-1783603749411-du6syw,10:51:DB:0D:31:EA,b3bb9015,3390,2026-07-09T13:36:25.707000Z,1783604185707,134.21
session-1783603749411-du6syw,10:51:DB:0D:31:EA,b3bb9015,3391,2026-07-09T13:36:25.859000Z,1783604185859,129.57
session-1783603749411-du6syw,10:51:DB:0D:31:EA,b3bb9015,3392,2026-07-09T13:36:25.934000Z,1783604185934,89.43
session-1783603749411-du6syw,10:51:DB:0D:31:EA,b3bb9015,3393,2026-07-09T13:36:26.022000Z,1783604186022,129.57
session-1783603749411-du6syw,10:51:DB:0D:31:EA,b3bb9015,3394,2026-07-09T13:36:26.115000Z,1783604186115,129.15
session-1783603749411-du6syw,10:51:DB:0D:31:EA,b3bb9015,3395,2026-07-09T13:36:26.247000Z,1783604186247,128.94
session-1783603749411-du6syw,10:51:DB:0D:31:EA,b3bb9015,3396,2026-07-09T13:36:26.383000Z,1783604186383,129.15
session-1783603749411-du6syw,10:51:DB:0D:31:EA,b3bb9015,3397,2026-07-09T13:36:26.476000Z,1783604186476,89.47
session-1783603749411-du6syw,10:51:DB:0D:31:EA,b3bb9015,3398,2026-07-09T13:36:26.564000Z,1783604186564,128.29
session-1783603749411-du6syw,10:51:DB:0D:31:EA,b3bb9015,3399,2026-07-09T13:36:26.655000Z,1783604186655,134.42
session-1783603749411-du6syw,10:51:DB:0D:31:EA,b3bb9015,3400,2026-07-09T13:36:26.744000Z,1783604186744,128.12
session-1783603749411-du6syw,10:51:DB:0D:31:EA,b3bb9015,3401,2026-07-09T13:36:26.879000Z,1783604186879,128.17
session-1783603749411-du6syw,10:51:DB:0D:31:EA,b3bb9015,3402,2026-07-09T13:36:26.969000Z,1783604186969,128.36
session-1783603749411-du6syw,10:51:DB:0D:31:EA,b3bb9015,3403,2026-07-09T13:36:27.059000Z,1783604187059,128.31
session-1783603749411-du6syw,10:51:DB:0D:31:EA,b3bb9015,3404,2026-07-09T13:36:27.149000Z,1783604187149,128.94
session-1783603749411-du6syw,10:51:DB:0D:31:EA,b3bb9015,3405,2026-07-09T13:36:27.285000Z,1783604187285,128.15
session-1783603749411-du6syw,10:51:DB:0D:31:EA,b3bb9015,3406,2026-07-09T13:36:27.374000Z,1783604187374,89.24
session-1783603749411-du6syw,10:51:DB:0D:31:EA,b3bb9015,3407,2026-07-09T13:36:27.466000Z,1783604187466,128.97
session-1783603749411-du6syw,10:51:DB:0D:31:EA,b3bb9015,3408,2026-07-09T13:36:27.597000Z,1783604187597,134.38
session-1783603749411-du6syw,10:51:DB:0D:31:EA,b3bb9015,3409,2026-07-09T13:36:27.643000Z,1783604187643,133.79
session-1783603749411-du6syw,10:51:DB:0D:31:EA,b3bb9015,3410,2026-07-09T13:36:27.779000Z,1783604187779,133.81
session-1783603749411-du6syw,10:51:DB:0D:31:EA,b3bb9015,3411,2026-07-09T13:36:27.869000Z,1783604187869,128.99
session-1783603749411-du6syw,10:51:DB:0D:31:EA,b3bb9015,3412,2026-07-09T13:36:27.958000Z,1783604187958,133.95
session-1783603749411-du6syw,10:51:DB:0D:31:EA,b3bb9015,3413,2026-07-09T13:36:28.050000Z,1783604188050,133.98
session-1783603749411-du6syw,10:51:DB:0D:31:EA,b3bb9015,3414,2026-07-09T13:36:28.200000Z,1783604188200,127.89
session-1783603749411-du6syw,10:51:DB:0D:31:EA,b3bb9015,3415,2026-07-09T13:36:28.318000Z,1783604188318,88.82
session-1783603749411-du6syw,10:51:DB:0D:31:EA,b3bb9015,3416,2026-07-09T13:36:28.409000Z,1783604188409,128.34
session-1783603749411-du6syw,10:51:DB:0D:31:EA,b3bb9015,3417,2026-07-09T13:36:28.499000Z,1783604188499,133.84
session-1783603749411-du6syw,10:51:DB:0D:31:EA,b3bb9015,3418,2026-07-09T13:36:28.588000Z,1783604188588,133.93
session-1783603749411-du6syw,10:51:DB:0D:31:EA,b3bb9015,3419,2026-07-09T13:36:28.737000Z,1783604188737,128.27
session-1783603749411-du6syw,10:51:DB:0D:31:EA,b3bb9015,3420,2026-07-09T13:36:28.815000Z,1783604188815,88.45
session-1783603749411-du6syw,10:51:DB:0D:31:EA,b3bb9015,3421,2026-07-09T13:36:28.903000Z,1783604188903,128.55
session-1783603749411-du6syw,10:51:DB:0D:31:EA,b3bb9015,3422,2026-07-09T13:36:28.993000Z,1783604188993,134.23
session-1783603749411-du6syw,10:51:DB:0D:31:EA,b3bb9015,3423,2026-07-09T13:36:29.083000Z,1783604189083,134.35
session-1783603749411-du6syw,10:51:DB:0D:31:EA,b3bb9015,3424,2026-07-09T13:36:29.220000Z,1783604189220,129.39
session-1783603749411-du6syw,10:51:DB:0D:31:EA,b3bb9015,3425,2026-07-09T13:36:29.309000Z,1783604189309,134.23
session-1783603749411-du6syw,10:51:DB:0D:31:EA,b3bb9015,3426,2026-07-09T13:36:29.399000Z,1783604189399,134.35
session-1783603749411-du6syw,10:51:DB:0D:31:EA,b3bb9015,3427,2026-07-09T13:36:29.489000Z,1783604189489,129.86
session-1783603749411-du6syw,10:51:DB:0D:31:EA,b3bb9015,3428,2026-07-09T13:36:29.622000Z,1783604189622,128.97
session-1783603749411-du6syw,10:51:DB:0D:31:EA,b3bb9015,3429,2026-07-09T13:36:29.713000Z,1783604189713,88.56
session-1783603749411-du6syw,10:51:DB:0D:31:EA,b3bb9015,3430,2026-07-09T13:36:29.802000Z,1783604189802,134.21
session-1783603749411-du6syw,10:51:DB:0D:31:EA,b3bb9015,3431,2026-07-09T13:36:29.894000Z,1783604189894,129.11
session-1783603749411-du6syw,10:51:DB:0D:31:EA,b3bb9015,3432,2026-07-09T13:36:29.981000Z,1783604189981,134.38
session-1783603749411-du6syw,10:51:DB:0D:31:EA,b3bb9015,3433,2026-07-09T13:36:30.118000Z,1783604190118,128.5
session-1783603749411-du6syw,10:51:DB:0D:31:EA,b3bb9015,3434,2026-07-09T13:36:30.207000Z,1783604190207,134.19
session-1783603749411-du6syw,10:51:DB:0D:31:EA,b3bb9015,3435,2026-07-09T13:36:30.358000Z,1783604190358,134.36
session-1783603749411-du6syw,10:51:DB:0D:31:EA,b3bb9015,3436,2026-07-09T13:36:30.434000Z,1783604190434,129.57
session-1783603749411-du6syw,10:51:DB:0D:31:EA,b3bb9015,3437,2026-07-09T13:36:30.522000Z,1783604190522,128.97
session-1783603749411-du6syw,10:51:DB:0D:31:EA,b3bb9015,3438,2026-07-09T13:36:30.658000Z,1783604190658,128.27
session-1783603749411-du6syw,10:51:DB:0D:31:EA,b3bb9015,3439,2026-07-09T13:36:30.809000Z,1783604190809,127.87
session-1783603749411-du6syw,10:51:DB:0D:31:EA,b3bb9015,3440,2026-07-09T13:36:30.852000Z,1783604190852,128.75
session-1783603749411-du6syw,10:51:DB:0D:31:EA,b3bb9015,3441,2026-07-09T13:36:30.926000Z,1783604190926,127.86
session-1783603749411-du6syw,10:51:DB:0D:31:EA,b3bb9015,3442,2026-07-09T13:36:31.153000Z,1783604191153,90.65
session-1783603749411-du6syw,10:51:DB:0D:31:EA,b3bb9015,3443,2026-07-09T13:36:31.241000Z,1783604191241,128.78
session-1783603749411-du6syw,10:51:DB:0D:31:EA,b3bb9015,3444,2026-07-09T13:36:31.333000Z,1783604191333,128.14
session-1783603749411-du6syw,10:51:DB:0D:31:EA,b3bb9015,3445,2026-07-09T13:36:31.424000Z,1783604191424,127.72
session-1783603749411-du6syw,10:51:DB:0D:31:EA,b3bb9015,3446,2026-07-09T13:36:31.557000Z,1783604191557,128.52
session-1783603749411-du6syw,10:51:DB:0D:31:EA,b3bb9015,3447,2026-07-09T13:36:31.648000Z,1783604191648,128.27
session-1783603749411-du6syw,10:51:DB:0D:31:EA,b3bb9015,3448,2026-07-09T13:36:31.783000Z,1783604191783,127.72
session-1783603749411-du6syw,10:51:DB:0D:31:EA,b3bb9015,3449,2026-07-09T13:36:31.831000Z,1783604191831,128.12
session-1783603749411-du6syw,10:51:DB:0D:31:EA,b3bb9015,3450,2026-07-09T13:36:31.964000Z,1783604191964,128.29
session-1783603749411-du6syw,10:51:DB:0D:31:EA,b3bb9015,3451,2026-07-09T13:36:32.055000Z,1783604192055,87.91
session-1783603749411-du6syw,10:51:DB:0D:31:EA,b3bb9015,3452,2026-07-09T13:36:32.143000Z,1783604192143,133.82
session-1783603749411-du6syw,10:51:DB:0D:31:EA,b3bb9015,3453,2026-07-09T13:36:32.278000Z,1783604192278,133.96
session-1783603749411-du6syw,10:51:DB:0D:31:EA,b3bb9015,3454,2026-07-09T13:36:32.503000Z,1783604192503,128.15
session-1783603749411-du6syw,10:51:DB:0D:31:EA,b3bb9015,3455,2026-07-09T13:36:32.638000Z,1783604192638,134.4
session-1783603749411-du6syw,10:51:DB:0D:31:EA,b3bb9015,3456,2026-07-09T13:36:32.728000Z,1783604192728,129.11
session-1783603749411-du6syw,10:51:DB:0D:31:EA,b3bb9015,3457,2026-07-09T13:36:32.818000Z,1783604192818,128.52
session-1783603749411-du6syw,10:51:DB:0D:31:EA,b3bb9015,3458,2026-07-09T13:36:32.909000Z,1783604192909,134.19
session-1783603749411-du6syw,10:51:DB:0D:31:EA,b3bb9015,3459,2026-07-09T13:36:33.058000Z,1783604193058,129.11
session-1783603749411-du6syw,10:51:DB:0D:31:EA,b3bb9015,3460,2026-07-09T13:36:33.132000Z,1783604193132,128.5
session-1783603749411-du6syw,10:51:DB:0D:31:EA,b3bb9015,3461,2026-07-09T13:36:33.223000Z,1783604193223,128.27
session-1783603749411-du6syw,10:51:DB:0D:31:EA,b3bb9015,3462,2026-07-09T13:36:33.374000Z,1783604193374,127.66
session-1783603749411-du6syw,10:51:DB:0D:31:EA,b3bb9015,3463,2026-07-09T13:36:33.415000Z,1783604193415,133.93
session-1783603749411-du6syw,10:51:DB:0D:31:EA,b3bb9015,3464,2026-07-09T13:36:33.538000Z,1783604193538,129.57
session-1783603749411-du6syw,10:51:DB:0D:31:EA,b3bb9015,3465,2026-07-09T13:36:33.631000Z,1783604193631,134.19
session-1783603749411-du6syw,10:51:DB:0D:31:EA,b3bb9015,3466,2026-07-09T13:36:33.720000Z,1783604193720,134.35
session-1783603749411-du6syw,10:51:DB:0D:31:EA,b3bb9015,3467,2026-07-09T13:36:33.809000Z,1783604193809,134.36
session-1783603749411-du6syw,10:51:DB:0D:31:EA,b3bb9015,3468,2026-07-09T13:36:33.961000Z,1783604193961,134.19
session-1783603749411-du6syw,10:51:DB:0D:31:EA,b3bb9015,3469,2026-07-09T13:36:34.035000Z,1783604194035,87.34
session-1783603749411-du6syw,10:51:DB:0D:31:EA,b3bb9015,3470,2026-07-09T13:36:34.125000Z,1783604194125,128.97
session-1783603749411-du6syw,10:51:DB:0D:31:EA,b3bb9015,3471,2026-07-09T13:36:34.214000Z,1783604194214,134.36
session-1783603749411-du6syw,10:51:DB:0D:31:EA,b3bb9015,3472,2026-07-09T13:36:34.303000Z,1783604194303,134.19
session-1783603749411-du6syw,10:51:DB:0D:31:EA,b3bb9015,3473,2026-07-09T13:36:34.454000Z,1783604194454,129.11
session-1783603749411-du6syw,10:51:DB:0D:31:EA,b3bb9015,3474,2026-07-09T13:36:34.573000Z,1783604194573,107.25
session-1783603749411-du6syw,10:51:DB:0D:31:EA,b3bb9015,3475,2026-07-09T13:36:34.662000Z,1783604194662,128.73
session-1783603749411-du6syw,10:51:DB:0D:31:EA,b3bb9015,3476,2026-07-09T13:36:34.755000Z,1783604194755,134.21
session-1783603749411-du6syw,10:51:DB:0D:31:EA,b3bb9015,3477,2026-07-09T13:36:34.844000Z,1783604194844,128.52
session-1783603749411-du6syw,10:51:DB:0D:31:EA,b3bb9015,3478,2026-07-09T13:36:34.980000Z,1783604194980,129.83
session-1783603749411-du6syw,10:51:DB:0D:31:EA,b3bb9015,3479,2026-07-09T13:36:35.114000Z,1783604195114,128.5
session-1783603749411-du6syw,10:51:DB:0D:31:EA,b3bb9015,3480,2026-07-09T13:36:35.158000Z,1783604195158,127.82
session-1783603749411-du6syw,10:51:DB:0D:31:EA,b3bb9015,3481,2026-07-09T13:36:35.248000Z,1783604195248,128.08
session-1783603749411-du6syw,10:51:DB:0D:31:EA,b3bb9015,3482,2026-07-09T13:36:35.384000Z,1783604195384,128.69
session-1783603749411-du6syw,10:51:DB:0D:31:EA,b3bb9015,3483,2026-07-09T13:36:35.519000Z,1783604195519,128.24
session-1783603749411-du6syw,10:51:DB:0D:31:EA,b3bb9015,3484,2026-07-09T13:36:35.563000Z,1783604195563,127.68
session-1783603749411-du6syw,10:51:DB:0D:31:EA,b3bb9015,3485,2026-07-09T13:36:35.654000Z,1783604195654,128.52
session-1783603749411-du6syw,10:51:DB:0D:31:EA,b3bb9015,3486,2026-07-09T13:36:35.743000Z,1783604195743,128.52
session-1783603749411-du6syw,10:51:DB:0D:31:EA,b3bb9015,3487,2026-07-09T13:36:35.878000Z,1783604195878,128.96
session-1783603749411-du6syw,10:51:DB:0D:31:EA,b3bb9015,3488,2026-07-09T13:36:35.967000Z,1783604195967,128.69
session-1783603749411-du6syw,10:51:DB:0D:31:EA,b3bb9015,3489,2026-07-09T13:36:36.058000Z,1783604196058,128.69
session-1783603749411-du6syw,10:51:DB:0D:31:EA,b3bb9015,3490,2026-07-09T13:36:36.150000Z,1783604196150,134.33
session-1783603749411-du6syw,10:51:DB:0D:31:EA,b3bb9015,3491,2026-07-09T13:36:36.284000Z,1783604196284,128.66
session-1783603749411-du6syw,10:51:DB:0D:31:EA,b3bb9015,3492,2026-07-09T13:36:36.379000Z,1783604196379,87.04
session-1783603749411-du6syw,10:51:DB:0D:31:EA,b3bb9015,3493,2026-07-09T13:36:36.510000Z,1783604196510,128.08
session-1783603749411-du6syw,10:51:DB:0D:31:EA,b3bb9015,3494,2026-07-09T13:36:36.597000Z,1783604196597,133.91
session-1783603749411-du6syw,10:51:DB:0D:31:EA,b3bb9015,3495,2026-07-09T13:36:36.689000Z,1783604196689,128.69
session-1783603749411-du6syw,10:51:DB:0D:31:EA,b3bb9015,3496,2026-07-09T13:36:36.823000Z,1783604196823,128.48
session-1783603749411-du6syw,10:51:DB:0D:31:EA,b3bb9015,3497,2026-07-09T13:36:36.914000Z,1783604196914,134.35
session-1783603749411-du6syw,10:51:DB:0D:31:EA,b3bb9015,3498,2026-07-09T13:36:37.003000Z,1783604197003,133.95
session-1783603749411-du6syw,10:51:DB:0D:31:EA,b3bb9015,3499,2026-07-09T13:36:37.094000Z,1783604197094,129.41
session-1783603749411-du6syw,10:51:DB:0D:31:EA,b3bb9015,3500,2026-07-09T13:36:37.182000Z,1783604197182,128.96
session-1783603749411-du6syw,10:51:DB:0D:31:EA,b3bb9015,3501,2026-07-09T13:36:37.317000Z,1783604197317,134.33
session-1783603749411-du6syw,10:51:DB:0D:31:EA,b3bb9015,3502,2026-07-09T13:36:37.406000Z,1783604197406,134.21
session-1783603749411-du6syw,10:51:DB:0D:31:EA,b3bb9015,3503,2026-07-09T13:36:37.498000Z,1783604197498,133.77
session-1783603749411-du6syw,10:51:DB:0D:31:EA,b3bb9015,3504,2026-07-09T13:36:37.588000Z,1783604197588,134.38
session-1783603749411-du6syw,10:51:DB:0D:31:EA,b3bb9015,3505,2026-07-09T13:36:37.722000Z,1783604197722,129.13
session-1783603749411-du6syw,10:51:DB:0D:31:EA,b3bb9015,3506,2026-07-09T13:36:37.812000Z,1783604197812,86.46
session-1783603749411-du6syw,10:51:DB:0D:31:EA,b3bb9015,3507,2026-07-09T13:36:37.903000Z,1783604197903,128.5
session-1783603749411-du6syw,10:51:DB:0D:31:EA,b3bb9015,3508,2026-07-09T13:36:37.992000Z,1783604197992,128.66
session-1783603749411-du6syw,10:51:DB:0D:31:EA,b3bb9015,3509,2026-07-09T13:36:38.082000Z,1783604198082,133.93
session-1783603749411-du6syw,10:51:DB:0D:31:EA,b3bb9015,3510,2026-07-09T13:36:38.218000Z,1783604198218,128.12
session-1783603749411-du6syw,10:51:DB:0D:31:EA,b3bb9015,3511,2026-07-09T13:36:38.308000Z,1783604198308,134.23
session-1783603749411-du6syw,10:51:DB:0D:31:EA,b3bb9015,3512,2026-07-09T13:36:38.397000Z,1783604198397,128.55
session-1783603749411-du6syw,10:51:DB:0D:31:EA,b3bb9015,3513,2026-07-09T13:36:38.532000Z,1783604198532,134.21
session-1783603749411-du6syw,10:51:DB:0D:31:EA,b3bb9015,3514,2026-07-09T13:36:38.668000Z,1783604198668,128.08
session-1783603749411-du6syw,10:51:DB:0D:31:EA,b3bb9015,3515,2026-07-09T13:36:38.757000Z,1783604198757,134.4
session-1783603749411-du6syw,10:51:DB:0D:31:EA,b3bb9015,3516,2026-07-09T13:36:38.848000Z,1783604198848,128.48
session-1783603749411-du6syw,10:51:DB:0D:31:EA,b3bb9015,3517,2026-07-09T13:36:38.936000Z,1783604198936,133.91
session-1783603749411-du6syw,10:51:DB:0D:31:EA,b3bb9015,3518,2026-07-09T13:36:39.073000Z,1783604199073,134.19
session-1783603749411-du6syw,10:51:DB:0D:31:EA,b3bb9015,3519,2026-07-09T13:36:39.163000Z,1783604199163,86.38
session-1783603749411-du6syw,10:51:DB:0D:31:EA,b3bb9015,3520,2026-07-09T13:36:39.252000Z,1783604199252,134.42
session-1783603749411-du6syw,10:51:DB:0D:31:EA,b3bb9015,3521,2026-07-09T13:36:39.342000Z,1783604199342,134.23
session-1783603749411-du6syw,10:51:DB:0D:31:EA,b3bb9015,3522,2026-07-09T13:36:39.434000Z,1783604199434,134.23
session-1783603749411-du6syw,10:51:DB:0D:31:EA,b3bb9015,3523,2026-07-09T13:36:39.569000Z,1783604199569,133.96
session-1783603749411-du6syw,10:51:DB:0D:31:EA,b3bb9015,3524,2026-07-09T13:36:39.658000Z,1783604199658,134.42
session-1783603749411-du6syw,10:51:DB:0D:31:EA,b3bb9015,3525,2026-07-09T13:36:39.748000Z,1783604199748,134.23
session-1783603749411-du6syw,10:51:DB:0D:31:EA,b3bb9015,3526,2026-07-09T13:36:39.838000Z,1783604199838,133.77
session-1783603749411-du6syw,10:51:DB:0D:31:EA,b3bb9015,3527,2026-07-09T13:36:39.973000Z,1783604199973,134.23
session-1783603749411-du6syw,10:51:DB:0D:31:EA,b3bb9015,3528,2026-07-09T13:36:40.063000Z,1783604200063,85.77
session-1783603749411-du6syw,10:51:DB:0D:31:EA,b3bb9015,3529,2026-07-09T13:36:40.153000Z,1783604200153,133.96
session-1783603749411-du6syw,10:51:DB:0D:31:EA,b3bb9015,3530,2026-07-09T13:36:40.242000Z,1783604200242,133.79
session-1783603749411-du6syw,10:51:DB:0D:31:EA,b3bb9015,3531,2026-07-09T13:36:40.333000Z,1783604200333,134.4
session-1783603749411-du6syw,10:51:DB:0D:31:EA,b3bb9015,3532,2026-07-09T13:36:40.468000Z,1783604200468,134.23
session-1783603749411-du6syw,10:51:DB:0D:31:EA,b3bb9015,3533,2026-07-09T13:36:40.603000Z,1783604200603,133.98
session-1783603749411-du6syw,10:51:DB:0D:31:EA,b3bb9015,3534,2026-07-09T13:36:40.695000Z,1783604200695,133.84
session-1783603749411-du6syw,10:51:DB:0D:31:EA,b3bb9015,3535,2026-07-09T13:36:40.783000Z,1783604200783,129.37
session-1783603749411-du6syw,10:51:DB:0D:31:EA,b3bb9015,3536,2026-07-09T13:36:40.873000Z,1783604200873,128.14
session-1783603749411-du6syw,10:51:DB:0D:31:EA,b3bb9015,3537,2026-07-09T13:36:41.008000Z,1783604201008,128.94
session-1783603749411-du6syw,10:51:DB:0D:31:EA,b3bb9015,3538,2026-07-09T13:36:41.100000Z,1783604201100,128.4
session-1783603749411-du6syw,10:51:DB:0D:31:EA,b3bb9015,3539,2026-07-09T13:36:41.188000Z,1783604201188,128.96
session-1783603749411-du6syw,10:51:DB:0D:31:EA,b3bb9015,3540,2026-07-09T13:36:41.278000Z,1783604201278,129.39
session-1783603749411-du6syw,10:51:DB:0D:31:EA,b3bb9015,3541,2026-07-09T13:36:41.429000Z,1783604201429,129.13
session-1783603749411-du6syw,10:51:DB:0D:31:EA,b3bb9015,3542,2026-07-09T13:36:41.505000Z,1783604201505,85.75
session-1783603749411-du6syw,10:51:DB:0D:31:EA,b3bb9015,3543,2026-07-09T13:36:41.594000Z,1783604201594,128.48
session-1783603749411-du6syw,10:51:DB:0D:31:EA,b3bb9015,3544,2026-07-09T13:36:41.684000Z,1783604201684,128.54
session-1783603749411-du6syw,10:51:DB:0D:31:EA,b3bb9015,3545,2026-07-09T13:36:41.774000Z,1783604201774,129.41
session-1783603749411-du6syw,10:51:DB:0D:31:EA,b3bb9015,3546,2026-07-09T13:36:41.908000Z,1783604201908,128.57
session-1783603749411-du6syw,10:51:DB:0D:31:EA,b3bb9015,3547,2026-07-09T13:36:41.998000Z,1783604201998,127.35
session-1783603749411-du6syw,10:51:DB:0D:31:EA,b3bb9015,3548,2026-07-09T13:36:42.088000Z,1783604202088,128.15
session-1783603749411-du6syw,10:51:DB:0D:31:EA,b3bb9015,3549,2026-07-09T13:36:42.178000Z,1783604202178,134.42
session-1783603749411-du6syw,10:51:DB:0D:31:EA,b3bb9015,3550,2026-07-09T13:36:42.313000Z,1783604202313,129.16
session-1783603749411-du6syw,10:51:DB:0D:31:EA,b3bb9015,3551,2026-07-09T13:36:42.403000Z,1783604202403,85.4
session-1783603749411-du6syw,10:51:DB:0D:31:EA,b3bb9015,3552,2026-07-09T13:36:42.491000Z,1783604202491,129.16
session-1783603749411-du6syw,10:51:DB:0D:31:EA,b3bb9015,3553,2026-07-09T13:36:42.625000Z,1783604202625,127.68
session-1783603749411-du6syw,10:51:DB:0D:31:EA,b3bb9015,3554,2026-07-09T13:36:42.776000Z,1783604202776,127.87
session-1783603749411-du6syw,10:51:DB:0D:31:EA,b3bb9015,3555,2026-07-09T13:36:42.853000Z,1783604202853,85.1
session-1783603749411-du6syw,10:51:DB:0D:31:EA,b3bb9015,3556,2026-07-09T13:36:42.943000Z,1783604202943,128.57
session-1783603749411-du6syw,10:51:DB:0D:31:EA,b3bb9015,3557,2026-07-09T13:36:43.034000Z,1783604203034,129.18
session-1783603749411-du6syw,10:51:DB:0D:31:EA,b3bb9015,3558,2026-07-09T13:36:43.168000Z,1783604203168,127.73
session-1783603749411-du6syw,10:51:DB:0D:31:EA,b3bb9015,3559,2026-07-09T13:36:43.259000Z,1783604203259,129.16
session-1783603749411-du6syw,10:51:DB:0D:31:EA,b3bb9015,3560,2026-07-09T13:36:43.348000Z,1783604203348,126.41
session-1783603749411-du6syw,10:51:DB:0D:31:EA,b3bb9015,3561,2026-07-09T13:36:43.438000Z,1783604203438,128.48
session-1783603749411-du6syw,10:51:DB:0D:31:EA,b3bb9015,3562,2026-07-09T13:36:43.529000Z,1783604203529,134.38
session-1783603749411-du6syw,10:51:DB:0D:31:EA,b3bb9015,3563,2026-07-09T13:36:43.664000Z,1783604203664,127.91
session-1783603749411-du6syw,10:51:DB:0D:31:EA,b3bb9015,3564,2026-07-09T13:36:43.753000Z,1783604203753,128.36
session-1783603749411-du6syw,10:51:DB:0D:31:EA,b3bb9015,3565,2026-07-09T13:36:43.845000Z,1783604203845,128.34
session-1783603749411-du6syw,10:51:DB:0D:31:EA,b3bb9015,3566,2026-07-09T13:36:43.934000Z,1783604203934,127.7
session-1783603749411-du6syw,10:51:DB:0D:31:EA,b3bb9015,3567,2026-07-09T13:36:44.024000Z,1783604204024,127.72
session-1783603749411-du6syw,10:51:DB:0D:31:EA,b3bb9015,3568,2026-07-09T13:36:44.159000Z,1783604204159,128.15
session-1783603749411-du6syw,10:51:DB:0D:31:EA,b3bb9015,3569,2026-07-09T13:36:44.248000Z,1783604204248,128.17
session-1783603749411-du6syw,10:51:DB:0D:31:EA,b3bb9015,3570,2026-07-09T13:36:44.338000Z,1783604204338,134.4
session-1783603749411-du6syw,10:51:DB:0D:31:EA,b3bb9015,3571,2026-07-09T13:36:44.428000Z,1783604204428,129.57
session-1783603749411-du6syw,10:51:DB:0D:31:EA,b3bb9015,3572,2026-07-09T13:36:44.563000Z,1783604204563,128.75
session-1783603749411-du6syw,10:51:DB:0D:31:EA,b3bb9015,3573,2026-07-09T13:36:44.698000Z,1783604204698,85.09
session-1783603749411-du6syw,10:51:DB:0D:31:EA,b3bb9015,3574,2026-07-09T13:36:44.788000Z,1783604204788,125.9
session-1783603749411-du6syw,10:51:DB:0D:31:EA,b3bb9015,3575,2026-07-09T13:36:44.878000Z,1783604204878,128.15
session-1783603749411-du6syw,10:51:DB:0D:31:EA,b3bb9015,3576,2026-07-09T13:36:44.966000Z,1783604204966,128.17
session-1783603749411-du6syw,10:51:DB:0D:31:EA,b3bb9015,3577,2026-07-09T13:36:45.103000Z,1783604205103,129.13
session-1783603749411-du6syw,10:51:DB:0D:31:EA,b3bb9015,3578,2026-07-09T13:36:45.194000Z,1783604205194,84.93
session-1783603749411-du6syw,10:51:DB:0D:31:EA,b3bb9015,3579,2026-07-09T13:36:45.284000Z,1783604205284,136.77
session-1783603749411-du6syw,10:51:DB:0D:31:EA,b3bb9015,3580,2026-07-09T13:36:45.374000Z,1783604205374,136.6
session-1783603749411-du6syw,10:51:DB:0D:31:EA,b3bb9015,3581,2026-07-09T13:36:45.463000Z,1783604205463,136.62
session-1783603749411-du6syw,10:51:DB:0D:31:EA,b3bb9015,3582,2026-07-09T13:36:45.598000Z,1783604205598,129.13
session-1783603749411-du6syw,10:51:DB:0D:31:EA,b3bb9015,3583,2026-07-09T13:36:45.685000Z,1783604205685,128.38
session-1783603749411-du6syw,10:51:DB:0D:31:EA,b3bb9015,3584,2026-07-09T13:36:45.778000Z,1783604205778,136.6
session-1783603749411-du6syw,10:51:DB:0D:31:EA,b3bb9015,3585,2026-07-09T13:36:45.869000Z,1783604205869,137.05
session-1783603749411-du6syw,10:51:DB:0D:31:EA,b3bb9015,3586,2026-07-09T13:36:46.019000Z,1783604206019,129.16
session-1783603749411-du6syw,10:51:DB:0D:31:EA,b3bb9015,3587,2026-07-09T13:36:46.138000Z,1783604206138,128.5
session-1783603749411-du6syw,10:51:DB:0D:31:EA,b3bb9015,3588,2026-07-09T13:36:46.229000Z,1783604206229,137.03
session-1783603749411-du6syw,10:51:DB:0D:31:EA,b3bb9015,3589,2026-07-09T13:36:46.273000Z,1783604206273,136.63
session-1783603749411-du6syw,10:51:DB:0D:31:EA,b3bb9015,3590,2026-07-09T13:36:46.363000Z,1783604206363,137.02
session-1783603749411-du6syw,10:51:DB:0D:31:EA,b3bb9015,3591,2026-07-09T13:36:46.512000Z,1783604206512,136.77
session-1783603749411-du6syw,10:51:DB:0D:31:EA,b3bb9015,3592,2026-07-09T13:36:46.588000Z,1783604206588,136.6
session-1783603749411-du6syw,10:51:DB:0D:31:EA,b3bb9015,3593,2026-07-09T13:36:46.739000Z,1783604206739,136.6
session-1783603749411-du6syw,10:51:DB:0D:31:EA,b3bb9015,3594,2026-07-09T13:36:46.813000Z,1783604206813,136.79
session-1783603749411-du6syw,10:51:DB:0D:31:EA,b3bb9015,3595,2026-07-09T13:36:46.904000Z,1783604206904,128.27
session-1783603749411-du6syw,10:51:DB:0D:31:EA,b3bb9015,3596,2026-07-09T13:36:47.039000Z,1783604207039,128.29
session-1783603749411-du6syw,10:51:DB:0D:31:EA,b3bb9015,3597,2026-07-09T13:36:47.129000Z,1783604207129,127.7
session-1783603749411-du6syw,10:51:DB:0D:31:EA,b3bb9015,3598,2026-07-09T13:36:47.218000Z,1783604207218,127.87
session-1783603749411-du6syw,10:51:DB:0D:31:EA,b3bb9015,3599,2026-07-09T13:36:47.459000Z,1783604207459,128.54
session-1783603749411-du6syw,10:51:DB:0D:31:EA,b3bb9015,3600,2026-07-09T13:36:47.533000Z,1783604207533,134.24
session-1783603749411-du6syw,10:51:DB:0D:31:EA,b3bb9015,3601,2026-07-09T13:36:47.622000Z,1783604207622,128.57
session-1783603749411-du6syw,10:51:DB:0D:31:EA,b3bb9015,3602,2026-07-09T13:36:47.712000Z,1783604207712,133.81
session-1783603749411-du6syw,10:51:DB:0D:31:EA,b3bb9015,3603,2026-07-09T13:36:47.802000Z,1783604207802,128.59
session-1783603749411-du6syw,10:51:DB:0D:31:EA,b3bb9015,3604,2026-07-09T13:36:47.936000Z,1783604207936,136.16
session-1783603749411-du6syw,10:51:DB:0D:31:EA,b3bb9015,3605,2026-07-09T13:36:48.028000Z,1783604208028,133.96
session-1783603749411-du6syw,10:51:DB:0D:31:EA,b3bb9015,3606,2026-07-09T13:36:48.118000Z,1783604208118,128.92
session-1783603749411-du6syw,10:51:DB:0D:31:EA,b3bb9015,3607,2026-07-09T13:36:48.208000Z,1783604208208,134.66
session-1783603749411-du6syw,10:51:DB:0D:31:EA,b3bb9015,3608,2026-07-09T13:36:48.359000Z,1783604208359,133.77
session-1783603749411-du6syw,10:51:DB:0D:31:EA,b3bb9015,3609,2026-07-09T13:36:48.431000Z,1783604208431,84.2
session-1783603749411-du6syw,10:51:DB:0D:31:EA,b3bb9015,3610,2026-07-09T13:36:48.524000Z,1783604208524,137.19
session-1783603749411-du6syw,10:51:DB:0D:31:EA,b3bb9015,3611,2026-07-09T13:36:48.612000Z,1783604208612,136.79
session-1783603749411-du6syw,10:51:DB:0D:31:EA,b3bb9015,3612,2026-07-09T13:36:48.748000Z,1783604208748,136.77
session-1783603749411-du6syw,10:51:DB:0D:31:EA,b3bb9015,3613,2026-07-09T13:36:48.882000Z,1783604208882,134.64
session-1783603749411-du6syw,10:51:DB:0D:31:EA,b3bb9015,3614,2026-07-09T13:36:48.972000Z,1783604208972,84.04
session-1783603749411-du6syw,10:51:DB:0D:31:EA,b3bb9015,3615,2026-07-09T13:36:49.062000Z,1783604209062,134.38
session-1783603749411-du6syw,10:51:DB:0D:31:EA,b3bb9015,3616,2026-07-09T13:36:49.152000Z,1783604209152,134.59
session-1783603749411-du6syw,10:51:DB:0D:31:EA,b3bb9015,3617,2026-07-09T13:36:49.286000Z,1783604209286,137.05
session-1783603749411-du6syw,10:51:DB:0D:31:EA,b3bb9015,3618,2026-07-09T13:36:49.380000Z,1783604209380,137.19
session-1783603749411-du6syw,10:51:DB:0D:31:EA,b3bb9015,3619,2026-07-09T13:36:49.467000Z,1783604209467,133.77
session-1783603749411-du6syw,10:51:DB:0D:31:EA,b3bb9015,3620,2026-07-09T13:36:49.558000Z,1783604209558,133.77
session-1783603749411-du6syw,10:51:DB:0D:31:EA,b3bb9015,3621,2026-07-09T13:36:49.647000Z,1783604209647,136.62
session-1783603749411-du6syw,10:51:DB:0D:31:EA,b3bb9015,3622,2026-07-09T13:36:49.783000Z,1783604209783,136.81
session-1783603749411-du6syw,10:51:DB:0D:31:EA,b3bb9015,3623,2026-07-09T13:36:49.873000Z,1783604209873,83.85
session-1783603749411-du6syw,10:51:DB:0D:31:EA,b3bb9015,3624,2026-07-09T13:36:49.961000Z,1783604209961,128.73
session-1783603749411-du6syw,10:51:DB:0D:31:EA,b3bb9015,3625,2026-07-09T13:36:50.051000Z,1783604210051,128.55
session-1783603749411-du6syw,10:51:DB:0D:31:EA,b3bb9015,3626,2026-07-09T13:36:50.144000Z,1783604210144,134.71
session-1783603749411-du6syw,10:51:DB:0D:31:EA,b3bb9015,3627,2026-07-09T13:36:50.276000Z,1783604210276,128.73
session-1783603749411-du6syw,10:51:DB:0D:31:EA,b3bb9015,3628,2026-07-09T13:36:50.367000Z,1783604210367,128.71
session-1783603749411-du6syw,10:51:DB:0D:31:EA,b3bb9015,3629,2026-07-09T13:36:50.457000Z,1783604210457,128.29
session-1783603749411-du6syw,10:51:DB:0D:31:EA,b3bb9015,3630,2026-07-09T13:36:50.548000Z,1783604210548,128.99
session-1783603749411-du6syw,10:51:DB:0D:31:EA,b3bb9015,3631,2026-07-09T13:36:50.684000Z,1783604210684,128.12
session-1783603749411-du6syw,10:51:DB:0D:31:EA,b3bb9015,3632,2026-07-09T13:36:50.834000Z,1783604210834,83.79
session-1783603749411-du6syw,10:51:DB:0D:31:EA,b3bb9015,3633,2026-07-09T13:36:50.908000Z,1783604210908,128.34
session-1783603749411-du6syw,10:51:DB:0D:31:EA,b3bb9015,3634,2026-07-09T13:36:50.998000Z,1783604210998,134.43
session-1783603749411-du6syw,10:51:DB:0D:31:EA,b3bb9015,3635,2026-07-09T13:36:51.132000Z,1783604211132,128.01
session-1783603749411-du6syw,10:51:DB:0D:31:EA,b3bb9015,3636,2026-07-09T13:36:51.222000Z,1783604211222,134.59
session-1783603749411-du6syw,10:51:DB:0D:31:EA,b3bb9015,3637,2026-07-09T13:36:51.373000Z,1783604211373,128.5
session-1783603749411-du6syw,10:51:DB:0D:31:EA,b3bb9015,3638,2026-07-09T13:36:51.414000Z,1783604211414,134.0
session-1783603749411-du6syw,10:51:DB:0D:31:EA,b3bb9015,3639,2026-07-09T13:36:51.491000Z,1783604211491,134.43
session-1783603749411-du6syw,10:51:DB:0D:31:EA,b3bb9015,3640,2026-07-09T13:36:51.628000Z,1783604211628,126.97
session-1783603749411-du6syw,10:51:DB:0D:31:EA,b3bb9015,3641,2026-07-09T13:36:51.717000Z,1783604211717,128.03
session-1783603749411-du6syw,10:51:DB:0D:31:EA,b3bb9015,3642,2026-07-09T13:36:51.807000Z,1783604211807,128.29
session-1783603749411-du6syw,10:51:DB:0D:31:EA,b3bb9015,3643,2026-07-09T13:36:51.897000Z,1783604211897,128.48
session-1783603749411-du6syw,10:51:DB:0D:31:EA,b3bb9015,3644,2026-07-09T13:36:52.049000Z,1783604212049,128.47
session-1783603749411-du6syw,10:51:DB:0D:31:EA,b3bb9015,3645,2026-07-09T13:36:52.123000Z,1783604212123,83.36
session-1783603749411-du6syw,10:51:DB:0D:31:EA,b3bb9015,3646,2026-07-09T13:36:52.213000Z,1783604212213,127.86
session-1783603749411-du6syw,10:51:DB:0D:31:EA,b3bb9015,3647,2026-07-09T13:36:52.303000Z,1783604212303,127.45
session-1783603749411-du6syw,10:51:DB:0D:31:EA,b3bb9015,3648,2026-07-09T13:36:52.392000Z,1783604212392,127.84
session-1783603749411-du6syw,10:51:DB:0D:31:EA,b3bb9015,3649,2026-07-09T13:36:52.526000Z,1783604212526,127.59
session-1783603749411-du6syw,10:51:DB:0D:31:EA,b3bb9015,3650,2026-07-09T13:36:52.617000Z,1783604212617,134.84
session-1783603749411-du6syw,10:51:DB:0D:31:EA,b3bb9015,3651,2026-07-09T13:36:52.707000Z,1783604212707,127.86
session-1783603749411-du6syw,10:51:DB:0D:31:EA,b3bb9015,3652,2026-07-09T13:36:52.858000Z,1783604212858,128.03
session-1783603749411-du6syw,10:51:DB:0D:31:EA,b3bb9015,3653,2026-07-09T13:36:52.932000Z,1783604212932,128.76
session-1783603749411-du6syw,10:51:DB:0D:31:EA,b3bb9015,3654,2026-07-09T13:36:53.068000Z,1783604213068,128.33
session-1783603749411-du6syw,10:51:DB:0D:31:EA,b3bb9015,3655,2026-07-09T13:36:53.204000Z,1783604213204,134.66
session-1783603749411-du6syw,10:51:DB:0D:31:EA,b3bb9015,3656,2026-07-09T13:36:53.247000Z,1783604213247,128.03
session-1783603749411-du6syw,10:51:DB:0D:31:EA,b3bb9015,3657,2026-07-09T13:36:53.336000Z,1783604213336,128.75
session-1783603749411-du6syw,10:51:DB:0D:31:EA,b3bb9015,3658,2026-07-09T13:36:53.474000Z,1783604213474,128.34
session-1783603749411-du6syw,10:51:DB:0D:31:EA,b3bb9015,3659,2026-07-09T13:36:53.563000Z,1783604213563,82.89
session-1783603749411-du6syw,10:51:DB:0D:31:EA,b3bb9015,3660,2026-07-09T13:36:53.654000Z,1783604213654,128.57
session-1783603749411-du6syw,10:51:DB:0D:31:EA,b3bb9015,3661,2026-07-09T13:36:53.745000Z,1783604213745,136.77
session-1783603749411-du6syw,10:51:DB:0D:31:EA,b3bb9015,3662,2026-07-09T13:36:53.835000Z,1783604213835,136.74
session-1783603749411-du6syw,10:51:DB:0D:31:EA,b3bb9015,3663,2026-07-09T13:36:53.968000Z,1783604213968,128.96
session-1783603749411-du6syw,10:51:DB:0D:31:EA,b3bb9015,3664,2026-07-09T13:36:54.058000Z,1783604214058,137.19
session-1783603749411-du6syw,10:51:DB:0D:31:EA,b3bb9015,3665,2026-07-09T13:36:54.149000Z,1783604214149,128.17
session-1783603749411-du6syw,10:51:DB:0D:31:EA,b3bb9015,3666,2026-07-09T13:36:54.238000Z,1783604214238,128.29
session-1783603749411-du6syw,10:51:DB:0D:31:EA,b3bb9015,3667,2026-07-09T13:36:54.373000Z,1783604214373,128.33
session-1783603749411-du6syw,10:51:DB:0D:31:EA,b3bb9015,3668,2026-07-09T13:36:54.462000Z,1783604214462,82.89
session-1783603749411-du6syw,10:51:DB:0D:31:EA,b3bb9015,3669,2026-07-09T13:36:54.554000Z,1783604214554,127.86
session-1783603749411-du6syw,10:51:DB:0D:31:EA,b3bb9015,3670,2026-07-09T13:36:54.688000Z,1783604214688,127.59
session-1783603749411-du6syw,10:51:DB:0D:31:EA,b3bb9015,3671,2026-07-09T13:36:54.732000Z,1783604214732,128.92
session-1783603749411-du6syw,10:51:DB:0D:31:EA,b3bb9015,3672,2026-07-09T13:36:54.882000Z,1783604214882,134.43
session-1783603749411-du6syw,10:51:DB:0D:31:EA,b3bb9015,3673,2026-07-09T13:36:55.005000Z,1783604215005,99.03
session-1783603749411-du6syw,10:51:DB:0D:31:EA,b3bb9015,3674,2026-07-09T13:36:55.093000Z,1783604215093,127.86
session-1783603749411-du6syw,10:51:DB:0D:31:EA,b3bb9015,3675,2026-07-09T13:36:55.183000Z,1783604215183,127.63
session-1783603749411-du6syw,10:51:DB:0D:31:EA,b3bb9015,3676,2026-07-09T13:36:55.274000Z,1783604215274,128.5
session-1783603749411-du6syw,10:51:DB:0D:31:EA,b3bb9015,3677,2026-07-09T13:36:55.408000Z,1783604215408,128.29
session-1783603749411-du6syw,10:51:DB:0D:31:EA,b3bb9015,3678,2026-07-09T13:36:55.498000Z,1783604215498,127.84
session-1783603749411-du6syw,10:51:DB:0D:31:EA,b3bb9015,3679,2026-07-09T13:36:55.588000Z,1783604215588,127.63
session-1783603749411-du6syw,10:51:DB:0D:31:EA,b3bb9015,3680,2026-07-09T13:36:55.678000Z,1783604215678,128.9
session-1783603749411-du6syw,10:51:DB:0D:31:EA,b3bb9015,3681,2026-07-09T13:36:55.813000Z,1783604215813,128.05
session-1783603749411-du6syw,10:51:DB:0D:31:EA,b3bb9015,3682,2026-07-09T13:36:55.904000Z,1783604215904,82.29
session-1783603749411-du6syw,10:51:DB:0D:31:EA,b3bb9015,3683,2026-07-09T13:36:55.993000Z,1783604215993,127.63
session-1783603749411-du6syw,10:51:DB:0D:31:EA,b3bb9015,3684,2026-07-09T13:36:56.083000Z,1783604216083,128.76
session-1783603749411-du6syw,10:51:DB:0D:31:EA,b3bb9015,3685,2026-07-09T13:36:56.173000Z,1783604216173,133.95
session-1783603749411-du6syw,10:51:DB:0D:31:EA,b3bb9015,3686,2026-07-09T13:36:56.309000Z,1783604216309,128.75
session-1783603749411-du6syw,10:51:DB:0D:31:EA,b3bb9015,3687,2026-07-09T13:36:56.398000Z,1783604216398,133.96
session-1783603749411-du6syw,10:51:DB:0D:31:EA,b3bb9015,3688,2026-07-09T13:36:56.488000Z,1783604216488,128.57
session-1783603749411-du6syw,10:51:DB:0D:31:EA,b3bb9015,3689,2026-07-09T13:36:56.578000Z,1783604216578,133.79
session-1783603749411-du6syw,10:51:DB:0D:31:EA,b3bb9015,3690,2026-07-09T13:36:56.713000Z,1783604216713,134.38
session-1783603749411-du6syw,10:51:DB:0D:31:EA,b3bb9015,3691,2026-07-09T13:36:56.805000Z,1783604216805,82.08
session-1783603749411-du6syw,10:51:DB:0D:31:EA,b3bb9015,3692,2026-07-09T13:36:56.955000Z,1783604216955,128.59
session-1783603749411-du6syw,10:51:DB:0D:31:EA,b3bb9015,3693,2026-07-09T13:36:57.179000Z,1783604217179,133.77
session-1783603749411-du6syw,10:51:DB:0D:31:EA,b3bb9015,3694,2026-07-09T13:36:57.254000Z,1783604217254,134.26
session-1783603749411-du6syw,10:51:DB:0D:31:EA,b3bb9015,3695,2026-07-09T13:36:57.343000Z,1783604217343,82.29
session-1783603749411-du6syw,10:51:DB:0D:31:EA,b3bb9015,3696,2026-07-09T13:36:57.434000Z,1783604217434,128.29
session-1783603749411-du6syw,10:51:DB:0D:31:EA,b3bb9015,3697,2026-07-09T13:36:57.523000Z,1783604217523,128.96
session-1783603749411-du6syw,10:51:DB:0D:31:EA,b3bb9015,3698,2026-07-09T13:36:57.615000Z,1783604217615,128.94
session-1783603749411-du6syw,10:51:DB:0D:31:EA,b3bb9015,3699,2026-07-09T13:36:57.765000Z,1783604217765,134.35
session-1783603749411-du6syw,10:51:DB:0D:31:EA,b3bb9015,3700,2026-07-09T13:36:57.885000Z,1783604217885,133.95
session-1783603749411-du6syw,10:51:DB:0D:31:EA,b3bb9015,3701,2026-07-09T13:36:57.927000Z,1783604217927,133.91
session-1783603749411-du6syw,10:51:DB:0D:31:EA,b3bb9015,3702,2026-07-09T13:36:58.018000Z,1783604218018,128.96
session-1783603749411-du6syw,10:51:DB:0D:31:EA,b3bb9015,3703,2026-07-09T13:36:58.153000Z,1783604218153,128.69
session-1783603749411-du6syw,10:51:DB:0D:31:EA,b3bb9015,3704,2026-07-09T13:36:58.243000Z,1783604218243,82.05
session-1783603749411-du6syw,10:51:DB:0D:31:EA,b3bb9015,3705,2026-07-09T13:36:58.334000Z,1783604218334,134.42
session-1783603749411-du6syw,10:51:DB:0D:31:EA,b3bb9015,3706,2026-07-09T13:36:58.421000Z,1783604218421,128.97
session-1783603749411-du6syw,10:51:DB:0D:31:EA,b3bb9015,3707,2026-07-09T13:36:58.512000Z,1783604218512,128.05
session-1783603749411-du6syw,10:51:DB:0D:31:EA,b3bb9015,3708,2026-07-09T13:36:58.648000Z,1783604218648,128.48
session-1783603749411-du6syw,10:51:DB:0D:31:EA,b3bb9015,3709,2026-07-09T13:36:58.736000Z,1783604218736,128.5
session-1783603749411-du6syw,10:51:DB:0D:31:EA,b3bb9015,3710,2026-07-09T13:36:58.828000Z,1783604218828,128.5
session-1783603749411-du6syw,10:51:DB:0D:31:EA,b3bb9015,3711,2026-07-09T13:36:58.977000Z,1783604218977,134.38
session-1783603749411-du6syw,10:51:DB:0D:31:EA,b3bb9015,3712,2026-07-09T13:36:59.187000Z,1783604219187,130.02
session-1783603749411-du6syw,10:51:DB:0D:31:EA,b3bb9015,3713,2026-07-09T13:36:59.324000Z,1783604219324,134.16
session-1783603749411-du6syw,10:51:DB:0D:31:EA,b3bb9015,3714,2026-07-09T13:36:59.414000Z,1783604219414,81.6
session-1783603749411-du6syw,10:51:DB:0D:31:EA,b3bb9015,3715,2026-07-09T13:36:59.503000Z,1783604219503,133.79
session-1783603749411-du6syw,10:51:DB:0D:31:EA,b3bb9015,3716,2026-07-09T13:36:59.593000Z,1783604219593,129.16
session-1783603749411-du6syw,10:51:DB:0D:31:EA,b3bb9015,3717,2026-07-09T13:36:59.682000Z,1783604219682,134.0
session-1783603749411-du6syw,10:51:DB:0D:31:EA,b3bb9015,3718,2026-07-09T13:36:59.819000Z,1783604219819,128.07
session-1783603749411-du6syw,10:51:DB:0D:31:EA,b3bb9015,3719,2026-07-09T13:36:59.910000Z,1783604219910,134.0
session-1783603749411-du6syw,10:51:DB:0D:31:EA,b3bb9015,3720,2026-07-09T13:36:59.997000Z,1783604219997,128.05
session-1783603749411-du6syw,10:51:DB:0D:31:EA,b3bb9015,3721,2026-07-09T13:37:00.132000Z,1783604220132,128.31
session-1783603749411-du6syw,10:51:DB:0D:31:EA,b3bb9015,3722,2026-07-09T13:37:00.222000Z,1783604220222,133.96
session-1783603749411-du6syw,10:51:DB:0D:31:EA,b3bb9015,3723,2026-07-09T13:37:00.314000Z,1783604220314,81.65
session-1783603749411-du6syw,10:51:DB:0D:31:EA,b3bb9015,3724,2026-07-09T13:37:00.403000Z,1783604220403,134.4
session-1783603749411-du6syw,10:51:DB:0D:31:EA,b3bb9015,3725,2026-07-09T13:37:00.492000Z,1783604220492,128.52
session-1783603749411-du6syw,10:51:DB:0D:31:EA,b3bb9015,3726,2026-07-09T13:37:00.581000Z,1783604220581,134.36
session-1783603749411-du6syw,10:51:DB:0D:31:EA,b3bb9015,3727,2026-07-09T13:37:00.731000Z,1783604220731,128.29
session-1783603749411-du6syw,10:51:DB:0D:31:EA,b3bb9015,3728,2026-07-09T13:37:00.806000Z,1783604220806,128.55
session-1783603749411-du6syw,10:51:DB:0D:31:EA,b3bb9015,3729,2026-07-09T13:37:00.898000Z,1783604220898,134.68
session-1783603749411-du6syw,10:51:DB:0D:31:EA,b3bb9015,3730,2026-07-09T13:37:01.032000Z,1783604221032,133.79
session-1783603749411-du6syw,10:51:DB:0D:31:EA,b3bb9015,3731,2026-07-09T13:37:01.122000Z,1783604221122,134.38
session-1783603749411-du6syw,10:51:DB:0D:31:EA,b3bb9015,3732,2026-07-09T13:37:01.258000Z,1783604221258,128.97
session-1783603749411-du6syw,10:51:DB:0D:31:EA,b3bb9015,3733,2026-07-09T13:37:01.348000Z,1783604221348,134.82
session-1783603749411-du6syw,10:51:DB:0D:31:EA,b3bb9015,3734,2026-07-09T13:37:01.438000Z,1783604221438,128.94
session-1783603749411-du6syw,10:51:DB:0D:31:EA,b3bb9015,3735,2026-07-09T13:37:01.526000Z,1783604221526,129.99
session-1783603749411-du6syw,10:51:DB:0D:31:EA,b3bb9015,3736,2026-07-09T13:37:01.660000Z,1783604221660,128.94
session-1783603749411-du6syw,10:51:DB:0D:31:EA,b3bb9015,3737,2026-07-09T13:37:01.751000Z,1783604221751,81.42
session-1783603749411-du6syw,10:51:DB:0D:31:EA,b3bb9015,3738,2026-07-09T13:37:01.840000Z,1783604221840,137.05
session-1783603749411-du6syw,10:51:DB:0D:31:EA,b3bb9015,3739,2026-07-09T13:37:01.976000Z,1783604221976,137.05
session-1783603749411-du6syw,10:51:DB:0D:31:EA,b3bb9015,3740,2026-07-09T13:37:02.021000Z,1783604222021,136.6
session-1783603749411-du6syw,10:51:DB:0D:31:EA,b3bb9015,3741,2026-07-09T13:37:02.156000Z,1783604222156,128.55
session-1783603749411-du6syw,10:51:DB:0D:31:EA,b3bb9015,3742,2026-07-09T13:37:02.247000Z,1783604222247,134.63
session-1783603749411-du6syw,10:51:DB:0D:31:EA,b3bb9015,3743,2026-07-09T13:37:02.336000Z,1783604222336,128.26
session-1783603749411-du6syw,10:51:DB:0D:31:EA,b3bb9015,3744,2026-07-09T13:37:02.427000Z,1783604222427,127.87
session-1783603749411-du6syw,10:51:DB:0D:31:EA,b3bb9015,3745,2026-07-09T13:37:02.563000Z,1783604222563,134.43
session-1783603749411-du6syw,10:51:DB:0D:31:EA,b3bb9015,3746,2026-07-09T13:37:02.653000Z,1783604222653,81.13
session-1783603749411-du6syw,10:51:DB:0D:31:EA,b3bb9015,3747,2026-07-09T13:37:02.742000Z,1783604222742,134.23
session-1783603749411-du6syw,10:51:DB:0D:31:EA,b3bb9015,3748,2026-07-09T13:37:02.833000Z,1783604222833,128.55
session-1783603749411-du6syw,10:51:DB:0D:31:EA,b3bb9015,3749,2026-07-09T13:37:02.923000Z,1783604222923,134.26
session-1783603749411-du6syw,10:51:DB:0D:31:EA,b3bb9015,3750,2026-07-09T13:37:03.074000Z,1783604223074,128.73
session-1783603749411-du6syw,10:51:DB:0D:31:EA,b3bb9015,3751,2026-07-09T13:37:03.192000Z,1783604223192,79.64
session-1783603749411-du6syw,10:51:DB:0D:31:EA,b3bb9015,3752,2026-07-09T13:37:03.282000Z,1783604223282,134.42
session-1783603749411-du6syw,10:51:DB:0D:31:EA,b3bb9015,3753,2026-07-09T13:37:03.374000Z,1783604223374,134.21
session-1783603749411-du6syw,10:51:DB:0D:31:EA,b3bb9015,3754,2026-07-09T13:37:03.462000Z,1783604223462,133.77
session-1783603749411-du6syw,10:51:DB:0D:31:EA,b3bb9015,3755,2026-07-09T13:37:03.599000Z,1783604223599,134.36
session-1783603749411-du6syw,10:51:DB:0D:31:EA,b3bb9015,3756,2026-07-09T13:37:03.689000Z,1783604223689,133.95
session-1783603749411-du6syw,10:51:DB:0D:31:EA,b3bb9015,3757,2026-07-09T13:37:03.778000Z,1783604223778,129.39
session-1783603749411-du6syw,10:51:DB:0D:31:EA,b3bb9015,3758,2026-07-09T13:37:03.868000Z,1783604223868,133.96
session-1783603749411-du6syw,10:51:DB:0D:31:EA,b3bb9015,3759,2026-07-09T13:37:04.004000Z,1783604224004,134.43
session-1783603749411-du6syw,10:51:DB:0D:31:EA,b3bb9015,3760,2026-07-09T13:37:04.093000Z,1783604224093,80.55
session-1783603749411-du6syw,10:51:DB:0D:31:EA,b3bb9015,3761,2026-07-09T13:37:04.184000Z,1783604224184,134.24
session-1783603749411-du6syw,10:51:DB:0D:31:EA,b3bb9015,3762,2026-07-09T13:37:04.272000Z,1783604224272,134.26
session-1783603749411-du6syw,10:51:DB:0D:31:EA,b3bb9015,3763,2026-07-09T13:37:04.363000Z,1783604224363,127.87
session-1783603749411-du6syw,10:51:DB:0D:31:EA,b3bb9015,3764,2026-07-09T13:37:04.498000Z,1783604224498,129.36
session-1783603749411-du6syw,10:51:DB:0D:31:EA,b3bb9015,3765,2026-07-09T13:37:04.589000Z,1783604224589,128.08
session-1783603749411-du6syw,10:51:DB:0D:31:EA,b3bb9015,3766,2026-07-09T13:37:04.678000Z,1783604224678,134.42
session-1783603749411-du6syw,10:51:DB:0D:31:EA,b3bb9015,3767,2026-07-09T13:37:04.769000Z,1783604224769,128.94
session-1783603749411-du6syw,10:51:DB:0D:31:EA,b3bb9015,3768,2026-07-09T13:37:04.921000Z,1783604224921,128.97
session-1783603749411-du6syw,10:51:DB:0D:31:EA,b3bb9015,3769,2026-07-09T13:37:04.994000Z,1783604224994,80.1
session-1783603749411-du6syw,10:51:DB:0D:31:EA,b3bb9015,3770,2026-07-09T13:37:05.126000Z,1783604225126,128.76
session-1783603749411-du6syw,10:51:DB:0D:31:EA,b3bb9015,3771,2026-07-09T13:37:05.217000Z,1783604225217,128.75
session-1783603749411-du6syw,10:51:DB:0D:31:EA,b3bb9015,3772,2026-07-09T13:37:05.306000Z,1783604225306,134.23
session-1783603749411-du6syw,10:51:DB:0D:31:EA,b3bb9015,3773,2026-07-09T13:37:05.456000Z,1783604225456,133.91
session-1783603749411-du6syw,10:51:DB:0D:31:EA,b3bb9015,3774,2026-07-09T13:37:05.531000Z,1783604225531,134.23
session-1783603749411-du6syw,10:51:DB:0D:31:EA,b3bb9015,3775,2026-07-09T13:37:05.622000Z,1783604225622,134.19
session-1783603749411-du6syw,10:51:DB:0D:31:EA,b3bb9015,3776,2026-07-09T13:37:05.712000Z,1783604225712,134.36
session-1783603749411-du6syw,10:51:DB:0D:31:EA,b3bb9015,3777,2026-07-09T13:37:05.803000Z,1783604225803,129.13
session-1783603749411-du6syw,10:51:DB:0D:31:EA,b3bb9015,3778,2026-07-09T13:37:05.939000Z,1783604225939,128.94
session-1783603749411-du6syw,10:51:DB:0D:31:EA,b3bb9015,3779,2026-07-09T13:37:06.028000Z,1783604226028,134.21
session-1783603749411-du6syw,10:51:DB:0D:31:EA,b3bb9015,3780,2026-07-09T13:37:06.118000Z,1783604226118,134.19
session-1783603749411-du6syw,10:51:DB:0D:31:EA,b3bb9015,3781,2026-07-09T13:37:06.208000Z,1783604226208,129.99
session-1783603749411-du6syw,10:51:DB:0D:31:EA,b3bb9015,3782,2026-07-09T13:37:06.359000Z,1783604226359,128.5
session-1783603749411-du6syw,10:51:DB:0D:31:EA,b3bb9015,3783,2026-07-09T13:37:06.432000Z,1783604226432,133.77
session-1783603749411-du6syw,10:51:DB:0D:31:EA,b3bb9015,3784,2026-07-09T13:37:06.523000Z,1783604226523,133.96
session-1783603749411-du6syw,10:51:DB:0D:31:EA,b3bb9015,3785,2026-07-09T13:37:06.613000Z,1783604226613,128.55
session-1783603749411-du6syw,10:51:DB:0D:31:EA,b3bb9015,3786,2026-07-09T13:37:06.703000Z,1783604226703,128.12
session-1783603749411-du6syw,10:51:DB:0D:31:EA,b3bb9015,3787,2026-07-09T13:37:06.836000Z,1783604226836,133.93
session-1783603749411-du6syw,10:51:DB:0D:31:EA,b3bb9015,3788,2026-07-09T13:37:06.929000Z,1783604226929,134.4
session-1783603749411-du6syw,10:51:DB:0D:31:EA,b3bb9015,3789,2026-07-09T13:37:07.015000Z,1783604227015,133.93
session-1783603749411-du6syw,10:51:DB:0D:31:EA,b3bb9015,3790,2026-07-09T13:37:07.151000Z,1783604227151,128.14
session-1783603749411-du6syw,10:51:DB:0D:31:EA,b3bb9015,3791,2026-07-09T13:37:07.241000Z,1783604227241,133.98
session-1783603749411-du6syw,10:51:DB:0D:31:EA,b3bb9015,3792,2026-07-09T13:37:07.376000Z,1783604227376,134.26
session-1783603749411-du6syw,10:51:DB:0D:31:EA,b3bb9015,3793,2026-07-09T13:37:07.466000Z,1783604227466,128.94
session-1783603749411-du6syw,10:51:DB:0D:31:EA,b3bb9015,3794,2026-07-09T13:37:07.557000Z,1783604227557,133.91
session-1783603749411-du6syw,10:51:DB:0D:31:EA,b3bb9015,3795,2026-07-09T13:37:07.645000Z,1783604227645,128.92
session-1783603749411-du6syw,10:51:DB:0D:31:EA,b3bb9015,3796,2026-07-09T13:37:07.781000Z,1783604227781,133.95
session-1783603749411-du6syw,10:51:DB:0D:31:EA,b3bb9015,3797,2026-07-09T13:37:07.871000Z,1783604227871,79.68
session-1783603749411-du6syw,10:51:DB:0D:31:EA,b3bb9015,3798,2026-07-09T13:37:07.963000Z,1783604227963,128.54
session-1783603749411-du6syw,10:51:DB:0D:31:EA,b3bb9015,3799,2026-07-09T13:37:08.051000Z,1783604228051,128.97
session-1783603749411-du6syw,10:51:DB:0D:31:EA,b3bb9015,3800,2026-07-09T13:37:08.142000Z,1783604228142,134.26
session-1783603749411-du6syw,10:51:DB:0D:31:EA,b3bb9015,3801,2026-07-09T13:37:08.277000Z,1783604228277,128.29
session-1783603749411-du6syw,10:51:DB:0D:31:EA,b3bb9015,3802,2026-07-09T13:37:08.368000Z,1783604228368,128.57
session-1783603749411-du6syw,10:51:DB:0D:31:EA,b3bb9015,3803,2026-07-09T13:37:08.458000Z,1783604228458,133.79
session-1783603749411-du6syw,10:51:DB:0D:31:EA,b3bb9015,3804,2026-07-09T13:37:08.548000Z,1783604228548,133.77
session-1783603749411-du6syw,10:51:DB:0D:31:EA,b3bb9015,3805,2026-07-09T13:37:08.680000Z,1783604228680,128.71
session-1783603749411-du6syw,10:51:DB:0D:31:EA,b3bb9015,3806,2026-07-09T13:37:08.771000Z,1783604228771,128.68
session-1783603749411-du6syw,10:51:DB:0D:31:EA,b3bb9015,3807,2026-07-09T13:37:08.861000Z,1783604228861,128.69
session-1783603749411-du6syw,10:51:DB:0D:31:EA,b3bb9015,3808,2026-07-09T13:37:08.950000Z,1783604228950,134.35
session-1783603749411-du6syw,10:51:DB:0D:31:EA,b3bb9015,3809,2026-07-09T13:37:09.041000Z,1783604229041,129.57
session-1783603749411-du6syw,10:51:DB:0D:31:EA,b3bb9015,3810,2026-07-09T13:37:09.190000Z,1783604229190,134.36
session-1783603749411-du6syw,10:51:DB:0D:31:EA,b3bb9015,3811,2026-07-09T13:37:09.310000Z,1783604229310,129.37
session-1783603749411-du6syw,10:51:DB:0D:31:EA,b3bb9015,3812,2026-07-09T13:37:09.403000Z,1783604229403,127.86
session-1783603749411-du6syw,10:51:DB:0D:31:EA,b3bb9015,3813,2026-07-09T13:37:09.493000Z,1783604229493,128.71
session-1783603749411-du6syw,10:51:DB:0D:31:EA,b3bb9015,3814,2026-07-09T13:37:09.582000Z,1783604229582,134.16
session-1783603749411-du6syw,10:51:DB:0D:31:EA,b3bb9015,3815,2026-07-09T13:37:09.715000Z,1783604229715,134.4
session-1783603749411-du6syw,10:51:DB:0D:31:EA,b3bb9015,3816,2026-07-09T13:37:09.805000Z,1783604229805,128.73
session-1783603749411-du6syw,10:51:DB:0D:31:EA,b3bb9015,3817,2026-07-09T13:37:09.897000Z,1783604229897,128.94
session-1783603749411-du6syw,10:51:DB:0D:31:EA,b3bb9015,3818,2026-07-09T13:37:09.987000Z,1783604229987,129.11
session-1783603749411-du6syw,10:51:DB:0D:31:EA,b3bb9015,3819,2026-07-09T13:37:10.122000Z,1783604230122,128.48
session-1783603749411-du6syw,10:51:DB:0D:31:EA,b3bb9015,3820,2026-07-09T13:37:10.211000Z,1783604230211,134.35
session-1783603749411-du6syw,10:51:DB:0D:31:EA,b3bb9015,3821,2026-07-09T13:37:10.349000Z,1783604230349,129.41
session-1783603749411-du6syw,10:51:DB:0D:31:EA,b3bb9015,3822,2026-07-09T13:37:10.526000Z,1783604230526,134.4
session-1783603749411-du6syw,10:51:DB:0D:31:EA,b3bb9015,3823,2026-07-09T13:37:10.617000Z,1783604230617,134.16
session-1783603749411-du6syw,10:51:DB:0D:31:EA,b3bb9015,3824,2026-07-09T13:37:10.752000Z,1783604230752,133.95
session-1783603749411-du6syw,10:51:DB:0D:31:EA,b3bb9015,3825,2026-07-09T13:37:10.842000Z,1783604230842,78.96
session-1783603749411-du6syw,10:51:DB:0D:31:EA,b3bb9015,3826,2026-07-09T13:37:10.932000Z,1783604230932,128.33
session-1783603749411-du6syw,10:51:DB:0D:31:EA,b3bb9015,3827,2026-07-09T13:37:11.022000Z,1783604231022,133.93
session-1783603749411-du6syw,10:51:DB:0D:31:EA,b3bb9015,3828,2026-07-09T13:37:11.113000Z,1783604231113,128.69
session-1783603749411-du6syw,10:51:DB:0D:31:EA,b3bb9015,3829,2026-07-09T13:37:11.247000Z,1783604231247,134.36
session-1783603749411-du6syw,10:51:DB:0D:31:EA,b3bb9015,3830,2026-07-09T13:37:11.383000Z,1783604231383,29.89
session-1783603749411-du6syw,10:51:DB:0D:31:EA,b3bb9015,3831,2026-07-09T13:37:11.474000Z,1783604231474,128.94
session-1783603749411-du6syw,10:51:DB:0D:31:EA,b3bb9015,3832,2026-07-09T13:37:11.563000Z,1783604231563,134.36
session-1783603749411-du6syw,10:51:DB:0D:31:EA,b3bb9015,3833,2026-07-09T13:37:11.653000Z,1783604231653,133.77
session-1783603749411-du6syw,10:51:DB:0D:31:EA,b3bb9015,3834,2026-07-09T13:37:11.787000Z,1783604231787,133.96
session-1783603749411-du6syw,10:51:DB:0D:31:EA,b3bb9015,3835,2026-07-09T13:37:11.877000Z,1783604231877,133.79
session-1783603749411-du6syw,10:51:DB:0D:31:EA,b3bb9015,3836,2026-07-09T13:37:11.968000Z,1783604231968,133.96
session-1783603749411-du6syw,10:51:DB:0D:31:EA,b3bb9015,3837,2026-07-09T13:37:12.058000Z,1783604232058,134.21
session-1783603749411-du6syw,10:51:DB:0D:31:EA,b3bb9015,3838,2026-07-09T13:37:12.208000Z,1783604232208,134.4
session-1783603749411-du6syw,10:51:DB:0D:31:EA,b3bb9015,3839,2026-07-09T13:37:12.281000Z,1783604232281,78.75
session-1783603749411-du6syw,10:51:DB:0D:31:EA,b3bb9015,3840,2026-07-09T13:37:12.326000Z,1783604232326,127.87
session-1783603749411-du6syw,10:51:DB:0D:31:EA,b3bb9015,3841,2026-07-09T13:37:12.420000Z,1783604232420,128.15
session-1783603749411-du6syw,10:51:DB:0D:31:EA,b3bb9015,3842,2026-07-09T13:37:12.464000Z,1783604232464,134.42
session-1783603749411-du6syw,10:51:DB:0D:31:EA,b3bb9015,3843,2026-07-09T13:37:12.596000Z,1783604232596,128.14
session-1783603749411-du6syw,10:51:DB:0D:31:EA,b3bb9015,3844,2026-07-09T13:37:12.733000Z,1783604232733,128.31
session-1783603749411-du6syw,10:51:DB:0D:31:EA,b3bb9015,3845,2026-07-09T13:37:12.781000Z,1783604232781,128.5
session-1783603749411-du6syw,10:51:DB:0D:31:EA,b3bb9015,3846,2026-07-09T13:37:12.913000Z,1783604232913,128.31
session-1783603749411-du6syw,10:51:DB:0D:31:EA,b3bb9015,3847,2026-07-09T13:37:13.106000Z,1783604233106,128.12
session-1783603749411-du6syw,10:51:DB:0D:31:EA,b3bb9015,3848,2026-07-09T13:37:13.180000Z,1783604233180,78.4
session-1783603749411-du6syw,10:51:DB:0D:31:EA,b3bb9015,3849,2026-07-09T13:37:13.316000Z,1783604233316,129.16
session-1783603749411-du6syw,10:51:DB:0D:31:EA,b3bb9015,3850,2026-07-09T13:37:13.407000Z,1783604233407,128.26
session-1783603749411-du6syw,10:51:DB:0D:31:EA,b3bb9015,3851,2026-07-09T13:37:13.496000Z,1783604233496,127.86
session-1783603749411-du6syw,10:51:DB:0D:31:EA,b3bb9015,3852,2026-07-09T13:37:13.631000Z,1783604233631,128.71
session-1783603749411-du6syw,10:51:DB:0D:31:EA,b3bb9015,3853,2026-07-09T13:37:13.725000Z,1783604233725,78.37
session-1783603749411-du6syw,10:51:DB:0D:31:EA,b3bb9015,3854,2026-07-09T13:37:13.810000Z,1783604233810,134.4
session-1783603749411-du6syw,10:51:DB:0D:31:EA,b3bb9015,3855,2026-07-09T13:37:13.901000Z,1783604233901,128.52
session-1783603749411-du6syw,10:51:DB:0D:31:EA,b3bb9015,3856,2026-07-09T13:37:13.991000Z,1783604233991,134.35
session-1783603749411-du6syw,10:51:DB:0D:31:EA,b3bb9015,3857,2026-07-09T13:37:14.127000Z,1783604234127,128.55
session-1783603749411-du6syw,10:51:DB:0D:31:EA,b3bb9015,3858,2026-07-09T13:37:14.216000Z,1783604234216,128.68
session-1783603749411-du6syw,10:51:DB:0D:31:EA,b3bb9015,3859,2026-07-09T13:37:14.306000Z,1783604234306,128.54
session-1783603749411-du6syw,10:51:DB:0D:31:EA,b3bb9015,3860,2026-07-09T13:37:14.396000Z,1783604234396,129.83
session-1783603749411-du6syw,10:51:DB:0D:31:EA,b3bb9015,3861,2026-07-09T13:37:14.531000Z,1783604234531,128.1
session-1783603749411-du6syw,10:51:DB:0D:31:EA,b3bb9015,3862,2026-07-09T13:37:14.620000Z,1783604234620,133.95
session-1783603749411-du6syw,10:51:DB:0D:31:EA,b3bb9015,3863,2026-07-09T13:37:14.711000Z,1783604234711,134.23
session-1783603749411-du6syw,10:51:DB:0D:31:EA,b3bb9015,3864,2026-07-09T13:37:14.802000Z,1783604234802,133.95
session-1783603749411-du6syw,10:51:DB:0D:31:EA,b3bb9015,3865,2026-07-09T13:37:14.891000Z,1783604234891,133.77
session-1783603749411-du6syw,10:51:DB:0D:31:EA,b3bb9015,3866,2026-07-09T13:37:15.025000Z,1783604235025,128.31
session-1783603749411-du6syw,10:51:DB:0D:31:EA,b3bb9015,3867,2026-07-09T13:37:15.116000Z,1783604235116,127.26
session-1783603749411-du6syw,10:51:DB:0D:31:EA,b3bb9015,3868,2026-07-09T13:37:15.206000Z,1783604235206,134.38
session-1783603749411-du6syw,10:51:DB:0D:31:EA,b3bb9015,3869,2026-07-09T13:37:15.356000Z,1783604235356,134.35
session-1783603749411-du6syw,10:51:DB:0D:31:EA,b3bb9015,3870,2026-07-09T13:37:15.431000Z,1783604235431,134.4
session-1783603749411-du6syw,10:51:DB:0D:31:EA,b3bb9015,3871,2026-07-09T13:37:15.568000Z,1783604235568,134.21
session-1783603749411-du6syw,10:51:DB:0D:31:EA,b3bb9015,3872,2026-07-09T13:37:15.655000Z,1783604235655,134.38
session-1783603749411-du6syw,10:51:DB:0D:31:EA,b3bb9015,3873,2026-07-09T13:37:15.747000Z,1783604235747,128.27
session-1783603749411-du6syw,10:51:DB:0D:31:EA,b3bb9015,3874,2026-07-09T13:37:15.835000Z,1783604235835,128.14
session-1783603749411-du6syw,10:51:DB:0D:31:EA,b3bb9015,3875,2026-07-09T13:37:15.971000Z,1783604235971,133.91
session-1783603749411-du6syw,10:51:DB:0D:31:EA,b3bb9015,3876,2026-07-09T13:37:16.106000Z,1783604236106,134.24
session-1783603749411-du6syw,10:51:DB:0D:31:EA,b3bb9015,3877,2026-07-09T13:37:16.150000Z,1783604236150,134.36
session-1783603749411-du6syw,10:51:DB:0D:31:EA,b3bb9015,3878,2026-07-09T13:37:16.244000Z,1783604236244,133.79
session-1783603749411-du6syw,10:51:DB:0D:31:EA,b3bb9015,3879,2026-07-09T13:37:16.331000Z,1783604236331,134.38
session-1783603749411-du6syw,10:51:DB:0D:31:EA,b3bb9015,3880,2026-07-09T13:37:16.466000Z,1783604236466,134.21
session-1783603749411-du6syw,10:51:DB:0D:31:EA,b3bb9015,3881,2026-07-09T13:37:16.560000Z,1783604236560,134.19
session-1783603749411-du6syw,10:51:DB:0D:31:EA,b3bb9015,3882,2026-07-09T13:37:16.646000Z,1783604236646,134.36
session-1783603749411-du6syw,10:51:DB:0D:31:EA,b3bb9015,3883,2026-07-09T13:37:16.735000Z,1783604236735,134.36
session-1783603749411-du6syw,10:51:DB:0D:31:EA,b3bb9015,3884,2026-07-09T13:37:16.879000Z,1783604236879,129.01
session-1783603749411-du6syw,10:51:DB:0D:31:EA,b3bb9015,3885,2026-07-09T13:37:16.961000Z,1783604236961,128.69
session-1783603749411-du6syw,10:51:DB:0D:31:EA,b3bb9015,3886,2026-07-09T13:37:17.051000Z,1783604237051,134.36
session-1783603749411-du6syw,10:51:DB:0D:31:EA,b3bb9015,3887,2026-07-09T13:37:17.140000Z,1783604237140,134.24
session-1783603749411-du6syw,10:51:DB:0D:31:EA,b3bb9015,3888,2026-07-09T13:37:17.231000Z,1783604237231,128.96
session-1783603749411-du6syw,10:51:DB:0D:31:EA,b3bb9015,3889,2026-07-09T13:37:17.381000Z,1783604237381,129.16
session-1783603749411-du6syw,10:51:DB:0D:31:EA,b3bb9015,3890,2026-07-09T13:37:17.502000Z,1783604237502,27.52
session-1783603749411-du6syw,10:51:DB:0D:31:EA,b3bb9015,3891,2026-07-09T13:37:17.592000Z,1783604237592,134.38
session-1783603749411-du6syw,10:51:DB:0D:31:EA,b3bb9015,3892,2026-07-09T13:37:17.683000Z,1783604237683,134.23
session-1783603749411-du6syw,10:51:DB:0D:31:EA,b3bb9015,3893,2026-07-09T13:37:17.771000Z,1783604237771,134.23
session-1783603749411-du6syw,10:51:DB:0D:31:EA,b3bb9015,3894,2026-07-09T13:37:17.907000Z,1783604237907,128.71
session-1783603749411-du6syw,10:51:DB:0D:31:EA,b3bb9015,3895,2026-07-09T13:37:17.998000Z,1783604237998,134.35
session-1783603749411-du6syw,10:51:DB:0D:31:EA,b3bb9015,3896,2026-07-09T13:37:18.087000Z,1783604238087,128.57
session-1783603749411-du6syw,10:51:DB:0D:31:EA,b3bb9015,3897,2026-07-09T13:37:18.177000Z,1783604238177,134.63
session-1783603749411-du6syw,10:51:DB:0D:31:EA,b3bb9015,3898,2026-07-09T13:37:18.313000Z,1783604238313,127.68
session-1783603749411-du6syw,10:51:DB:0D:31:EA,b3bb9015,3899,2026-07-09T13:37:18.403000Z,1783604238403,77.25
session-1783603749411-du6syw,10:51:DB:0D:31:EA,b3bb9015,3900,2026-07-09T13:37:18.493000Z,1783604238493,134.4
session-1783603749411-du6syw,10:51:DB:0D:31:EA,b3bb9015,3901,2026-07-09T13:37:18.583000Z,1783604238583,134.43
session-1783603749411-du6syw,10:51:DB:0D:31:EA,b3bb9015,3902,2026-07-09T13:37:18.671000Z,1783604238671,134.17
session-1783603749411-du6syw,10:51:DB:0D:31:EA,b3bb9015,3903,2026-07-09T13:37:18.806000Z,1783604238806,134.42
session-1783603749411-du6syw,10:51:DB:0D:31:EA,b3bb9015,3904,2026-07-09T13:37:18.898000Z,1783604238898,134.38
session-1783603749411-du6syw,10:51:DB:0D:31:EA,b3bb9015,3905,2026-07-09T13:37:18.985000Z,1783604238985,134.19
session-1783603749411-du6syw,10:51:DB:0D:31:EA,b3bb9015,3906,2026-07-09T13:37:19.077000Z,1783604239077,128.29
session-1783603749411-du6syw,10:51:DB:0D:31:EA,b3bb9015,3907,2026-07-09T13:37:19.215000Z,1783604239215,133.98
session-1783603749411-du6syw,10:51:DB:0D:31:EA,b3bb9015,3908,2026-07-09T13:37:19.301000Z,1783604239301,129.13
session-1783603749411-du6syw,10:51:DB:0D:31:EA,b3bb9015,3909,2026-07-09T13:37:19.436000Z,1783604239436,128.94
session-1783603749411-du6syw,10:51:DB:0D:31:EA,b3bb9015,3910,2026-07-09T13:37:19.525000Z,1783604239525,133.96
session-1783603749411-du6syw,10:51:DB:0D:31:EA,b3bb9015,3911,2026-07-09T13:37:19.616000Z,1783604239616,129.11
session-1783603749411-du6syw,10:51:DB:0D:31:EA,b3bb9015,3912,2026-07-09T13:37:19.754000Z,1783604239754,133.82
session-1783603749411-du6syw,10:51:DB:0D:31:EA,b3bb9015,3913,2026-07-09T13:37:19.843000Z,1783604239843,76.83
session-1783603749411-du6syw,10:51:DB:0D:31:EA,b3bb9015,3914,2026-07-09T13:37:19.931000Z,1783604239931,134.38
session-1783603749411-du6syw,10:51:DB:0D:31:EA,b3bb9015,3915,2026-07-09T13:37:20.022000Z,1783604240022,133.96
session-1783603749411-du6syw,10:51:DB:0D:31:EA,b3bb9015,3916,2026-07-09T13:37:20.112000Z,1783604240112,134.36
session-1783603749411-du6syw,10:51:DB:0D:31:EA,b3bb9015,3917,2026-07-09T13:37:20.245000Z,1783604240245,134.4
session-1783603749411-du6syw,10:51:DB:0D:31:EA,b3bb9015,3918,2026-07-09T13:37:20.338000Z,1783604240338,134.17
session-1783603749411-du6syw,10:51:DB:0D:31:EA,b3bb9015,3919,2026-07-09T13:37:20.425000Z,1783604240425,128.54
session-1783603749411-du6syw,10:51:DB:0D:31:EA,b3bb9015,3920,2026-07-09T13:37:20.518000Z,1783604240518,134.19
session-1783603749411-du6syw,10:51:DB:0D:31:EA,b3bb9015,3921,2026-07-09T13:37:20.651000Z,1783604240651,134.36
session-1783603749411-du6syw,10:51:DB:0D:31:EA,b3bb9015,3922,2026-07-09T13:37:20.741000Z,1783604240741,76.41
session-1783603749411-du6syw,10:51:DB:0D:31:EA,b3bb9015,3923,2026-07-09T13:37:20.831000Z,1783604240831,134.35
session-1783603749411-du6syw,10:51:DB:0D:31:EA,b3bb9015,3924,2026-07-09T13:37:20.920000Z,1783604240920,134.84
session-1783603749411-du6syw,10:51:DB:0D:31:EA,b3bb9015,3925,2026-07-09T13:37:21.012000Z,1783604241012,134.66
session-1783603749411-du6syw,10:51:DB:0D:31:EA,b3bb9015,3926,2026-07-09T13:37:21.146000Z,1783604241146,127.7
session-1783603749411-du6syw,10:51:DB:0D:31:EA,b3bb9015,3927,2026-07-09T13:37:21.237000Z,1783604241237,134.38
session-1783603749411-du6syw,10:51:DB:0D:31:EA,b3bb9015,3928,2026-07-09T13:37:21.327000Z,1783604241327,135.27
session-1783603749411-du6syw,10:51:DB:0D:31:EA,b3bb9015,3929,2026-07-09T13:37:21.553000Z,1783604241553,130.28
session-1783603749411-du6syw,10:51:DB:0D:31:EA,b3bb9015,3930,2026-07-09T13:37:21.688000Z,1783604241688,128.69
session-1783603749411-du6syw,10:51:DB:0D:31:EA,b3bb9015,3931,2026-07-09T13:37:21.776000Z,1783604241776,134.24
session-1783603749411-du6syw,10:51:DB:0D:31:EA,b3bb9015,3932,2026-07-09T13:37:21.868000Z,1783604241868,134.17
session-1783603749411-du6syw,10:51:DB:0D:31:EA,b3bb9015,3933,2026-07-09T13:37:21.957000Z,1783604241957,134.36
session-1783603749411-du6syw,10:51:DB:0D:31:EA,b3bb9015,3934,2026-07-09T13:37:22.109000Z,1783604242109,134.21
session-1783603749411-du6syw,10:51:DB:0D:31:EA,b3bb9015,3935,2026-07-09T13:37:22.181000Z,1783604242181,134.24
session-1783603749411-du6syw,10:51:DB:0D:31:EA,b3bb9015,3936,2026-07-09T13:37:22.272000Z,1783604242272,128.26
session-1783603749411-du6syw,10:51:DB:0D:31:EA,b3bb9015,3937,2026-07-09T13:37:22.362000Z,1783604242362,127.87
session-1783603749411-du6syw,10:51:DB:0D:31:EA,b3bb9015,3938,2026-07-09T13:37:22.453000Z,1783604242453,128.5
session-1783603749411-du6syw,10:51:DB:0D:31:EA,b3bb9015,3939,2026-07-09T13:37:22.587000Z,1783604242587,135.12
session-1783603749411-du6syw,10:51:DB:0D:31:EA,b3bb9015,3940,2026-07-09T13:37:22.679000Z,1783604242679,135.22
session-1783603749411-du6syw,10:51:DB:0D:31:EA,b3bb9015,3941,2026-07-09T13:37:22.769000Z,1783604242769,128.94
session-1783603749411-du6syw,10:51:DB:0D:31:EA,b3bb9015,3942,2026-07-09T13:37:22.857000Z,1783604242857,134.78
session-1783603749411-du6syw,10:51:DB:0D:31:EA,b3bb9015,3943,2026-07-09T13:37:23.008000Z,1783604243008,134.66
session-1783603749411-du6syw,10:51:DB:0D:31:EA,b3bb9015,3944,2026-07-09T13:37:23.082000Z,1783604243082,76.1
session-1783603749411-du6syw,10:51:DB:0D:31:EA,b3bb9015,3945,2026-07-09T13:37:23.172000Z,1783604243172,134.4
session-1783603749411-du6syw,10:51:DB:0D:31:EA,b3bb9015,3946,2026-07-09T13:37:23.262000Z,1783604243262,134.19
session-1783603749411-du6syw,10:51:DB:0D:31:EA,b3bb9015,3947,2026-07-09T13:37:23.352000Z,1783604243352,134.4
session-1783603749411-du6syw,10:51:DB:0D:31:EA,b3bb9015,3948,2026-07-09T13:37:23.503000Z,1783604243503,128.76
session-1783603749411-du6syw,10:51:DB:0D:31:EA,b3bb9015,3949,2026-07-09T13:37:23.623000Z,1783604243623,74.25
session-1783603749411-du6syw,10:51:DB:0D:31:EA,b3bb9015,3950,2026-07-09T13:37:23.713000Z,1783604243713,128.08
session-1783603749411-du6syw,10:51:DB:0D:31:EA,b3bb9015,3951,2026-07-09T13:37:23.803000Z,1783604243803,134.8
session-1783603749411-du6syw,10:51:DB:0D:31:EA,b3bb9015,3952,2026-07-09T13:37:23.893000Z,1783604243893,128.1
session-1783603749411-du6syw,10:51:DB:0D:31:EA,b3bb9015,3953,2026-07-09T13:37:24.027000Z,1783604244027,128.27
session-1783603749411-du6syw,10:51:DB:0D:31:EA,b3bb9015,3954,2026-07-09T13:37:24.115000Z,1783604244115,127.44
session-1783603749411-du6syw,10:51:DB:0D:31:EA,b3bb9015,3955,2026-07-09T13:37:24.205000Z,1783604244205,127.25
session-1783603749411-du6syw,10:51:DB:0D:31:EA,b3bb9015,3956,2026-07-09T13:37:24.355000Z,1783604244355,128.69
session-1783603749411-du6syw,10:51:DB:0D:31:EA,b3bb9015,3957,2026-07-09T13:37:24.520000Z,1783604244520,127.66
session-1783603749411-du6syw,10:51:DB:0D:31:EA,b3bb9015,3958,2026-07-09T13:37:24.655000Z,1783604244655,127.68
session-1783603749411-du6syw,10:51:DB:0D:31:EA,b3bb9015,3959,2026-07-09T13:37:24.746000Z,1783604244746,127.26
session-1783603749411-du6syw,10:51:DB:0D:31:EA,b3bb9015,3960,2026-07-09T13:37:24.835000Z,1783604244835,127.7
session-1783603749411-du6syw,10:51:DB:0D:31:EA,b3bb9015,3961,2026-07-09T13:37:24.930000Z,1783604244930,127.68
session-1783603749411-du6syw,10:51:DB:0D:31:EA,b3bb9015,3962,2026-07-09T13:37:25.063000Z,1783604245063,128.29
session-1783603749411-du6syw,10:51:DB:0D:31:EA,b3bb9015,3963,2026-07-09T13:37:25.151000Z,1783604245151,75.73
session-1783603749411-du6syw,10:51:DB:0D:31:EA,b3bb9015,3964,2026-07-09T13:37:25.241000Z,1783604245241,128.55
session-1783603749411-du6syw,10:51:DB:0D:31:EA,b3bb9015,3965,2026-07-09T13:37:25.330000Z,1783604245330,128.71
session-1783603749411-du6syw,10:51:DB:0D:31:EA,b3bb9015,3966,2026-07-09T13:37:25.424000Z,1783604245424,134.21
session-1783603749411-du6syw,10:51:DB:0D:31:EA,b3bb9015,3967,2026-07-09T13:37:25.572000Z,1783604245572,128.71
session-1783603749411-du6syw,10:51:DB:0D:31:EA,b3bb9015,3968,2026-07-09T13:37:25.692000Z,1783604245692,92.05
session-1783603749411-du6syw,10:51:DB:0D:31:EA,b3bb9015,3969,2026-07-09T13:37:25.782000Z,1783604245782,134.33
session-1783603749411-du6syw,10:51:DB:0D:31:EA,b3bb9015,3970,2026-07-09T13:37:25.872000Z,1783604245872,129.62
session-1783603749411-du6syw,10:51:DB:0D:31:EA,b3bb9015,3971,2026-07-09T13:37:25.961000Z,1783604245961,128.69
session-1783603749411-du6syw,10:51:DB:0D:31:EA,b3bb9015,3972,2026-07-09T13:37:26.095000Z,1783604246095,128.57
session-1783603749411-du6syw,10:51:DB:0D:31:EA,b3bb9015,3973,2026-07-09T13:37:26.189000Z,1783604246189,129.39
session-1783603749411-du6syw,10:51:DB:0D:31:EA,b3bb9015,3974,2026-07-09T13:37:26.275000Z,1783604246275,128.55
session-1783603749411-du6syw,10:51:DB:0D:31:EA,b3bb9015,3975,2026-07-09T13:37:26.365000Z,1783604246365,134.19
session-1783603749411-du6syw,10:51:DB:0D:31:EA,b3bb9015,3976,2026-07-09T13:37:26.508000Z,1783604246508,130.0
session-1783603749411-du6syw,10:51:DB:0D:31:EA,b3bb9015,3977,2026-07-09T13:37:26.590000Z,1783604246590,129.6
session-1783603749411-du6syw,10:51:DB:0D:31:EA,b3bb9015,3978,2026-07-09T13:37:26.680000Z,1783604246680,128.48
session-1783603749411-du6syw,10:51:DB:0D:31:EA,b3bb9015,3979,2026-07-09T13:37:26.770000Z,1783604246770,134.82
session-1783603749411-du6syw,10:51:DB:0D:31:EA,b3bb9015,3980,2026-07-09T13:37:26.860000Z,1783604246860,134.21
session-1783603749411-du6syw,10:51:DB:0D:31:EA,b3bb9015,3981,2026-07-09T13:37:26.995000Z,1783604246995,134.38
session-1783603749411-du6syw,10:51:DB:0D:31:EA,b3bb9015,3982,2026-07-09T13:37:27.086000Z,1783604247086,134.23
session-1783603749411-du6syw,10:51:DB:0D:31:EA,b3bb9015,3983,2026-07-09T13:37:27.176000Z,1783604247176,134.36
session-1783603749411-du6syw,10:51:DB:0D:31:EA,b3bb9015,3984,2026-07-09T13:37:27.267000Z,1783604247267,134.19
session-1783603749411-du6syw,10:51:DB:0D:31:EA,b3bb9015,3985,2026-07-09T13:37:27.402000Z,1783604247402,134.23
session-1783603749411-du6syw,10:51:DB:0D:31:EA,b3bb9015,3986,2026-07-09T13:37:27.491000Z,1783604247491,75.03
session-1783603749411-du6syw,10:51:DB:0D:31:EA,b3bb9015,3987,2026-07-09T13:37:27.627000Z,1783604247627,134.36
session-1783603749411-du6syw,10:51:DB:0D:31:EA,b3bb9015,3988,2026-07-09T13:37:27.717000Z,1783604247717,134.42
session-1783603749411-du6syw,10:51:DB:0D:31:EA,b3bb9015,3989,2026-07-09T13:37:27.808000Z,1783604247808,134.21
session-1783603749411-du6syw,10:51:DB:0D:31:EA,b3bb9015,3990,2026-07-09T13:37:27.958000Z,1783604247958,134.38
session-1783603749411-du6syw,10:51:DB:0D:31:EA,b3bb9015,3991,2026-07-09T13:37:28.032000Z,1783604248032,74.65
session-1783603749411-du6syw,10:51:DB:0D:31:EA,b3bb9015,3992,2026-07-09T13:37:28.123000Z,1783604248123,129.37
session-1783603749411-du6syw,10:51:DB:0D:31:EA,b3bb9015,3993,2026-07-09T13:37:28.213000Z,1783604248213,128.71
session-1783603749411-du6syw,10:51:DB:0D:31:EA,b3bb9015,3994,2026-07-09T13:37:28.302000Z,1783604248302,134.17
session-1783603749411-du6syw,10:51:DB:0D:31:EA,b3bb9015,3995,2026-07-09T13:37:28.438000Z,1783604248438,134.43
session-1783603749411-du6syw,10:51:DB:0D:31:EA,b3bb9015,3996,2026-07-09T13:37:28.527000Z,1783604248527,128.97
session-1783603749411-du6syw,10:51:DB:0D:31:EA,b3bb9015,3997,2026-07-09T13:37:28.618000Z,1783604248618,128.15
session-1783603749411-du6syw,10:51:DB:0D:31:EA,b3bb9015,3998,2026-07-09T13:37:28.708000Z,1783604248708,134.35
session-1783603749411-du6syw,10:51:DB:0D:31:EA,b3bb9015,3999,2026-07-09T13:37:28.858000Z,1783604248858,134.24
session-1783603749411-du6syw,10:51:DB:0D:31:EA,b3bb9015,4000,2026-07-09T13:37:28.931000Z,1783604248931,74.67
session-1783603749411-du6syw,10:51:DB:0D:31:EA,b3bb9015,4001,2026-07-09T13:37:29.021000Z,1783604249021,134.36
session-1783603749411-du6syw,10:51:DB:0D:31:EA,b3bb9015,4002,2026-07-09T13:37:29.112000Z,1783604249112,134.24
session-1783603749411-du6syw,10:51:DB:0D:31:EA,b3bb9015,4003,2026-07-09T13:37:29.202000Z,1783604249202,129.11
session-1783603749411-du6syw,10:51:DB:0D:31:EA,b3bb9015,4004,2026-07-09T13:37:29.338000Z,1783604249338,128.52
session-1783603749411-du6syw,10:51:DB:0D:31:EA,b3bb9015,4005,2026-07-09T13:37:29.428000Z,1783604249428,128.54
session-1783603749411-du6syw,10:51:DB:0D:31:EA,b3bb9015,4006,2026-07-09T13:37:29.518000Z,1783604249518,134.38
session-1783603749411-du6syw,10:51:DB:0D:31:EA,b3bb9015,4007,2026-07-09T13:37:29.653000Z,1783604249653,133.91
session-1783603749411-du6syw,10:51:DB:0D:31:EA,b3bb9015,4008,2026-07-09T13:37:29.788000Z,1783604249788,133.96
session-1783603749411-du6syw,10:51:DB:0D:31:EA,b3bb9015,4009,2026-07-09T13:37:29.877000Z,1783604249877,134.16
session-1783603749411-du6syw,10:51:DB:0D:31:EA,b3bb9015,4010,2026-07-09T13:37:29.968000Z,1783604249968,133.98
session-1783603749411-du6syw,10:51:DB:0D:31:EA,b3bb9015,4011,2026-07-09T13:37:30.058000Z,1783604250058,128.57
session-1783603749411-du6syw,10:51:DB:0D:31:EA,b3bb9015,4012,2026-07-09T13:37:30.208000Z,1783604250208,133.96
session-1783603749411-du6syw,10:51:DB:0D:31:EA,b3bb9015,4013,2026-07-09T13:37:30.282000Z,1783604250282,74.37
session-1783603749411-du6syw,10:51:DB:0D:31:EA,b3bb9015,4014,2026-07-09T13:37:30.372000Z,1783604250372,127.87
session-1783603749411-du6syw,10:51:DB:0D:31:EA,b3bb9015,4015,2026-07-09T13:37:30.463000Z,1783604250463,128.34
session-1783603749411-du6syw,10:51:DB:0D:31:EA,b3bb9015,4016,2026-07-09T13:37:30.597000Z,1783604250597,127.73
session-1783603749411-du6syw,10:51:DB:0D:31:EA,b3bb9015,4017,2026-07-09T13:37:30.688000Z,1783604250688,127.7
session-1783603749411-du6syw,10:51:DB:0D:31:EA,b3bb9015,4018,2026-07-09T13:37:30.777000Z,1783604250777,128.29
session-1783603749411-du6syw,10:51:DB:0D:31:EA,b3bb9015,4019,2026-07-09T13:37:30.867000Z,1783604250867,128.57
session-1783603749411-du6syw,10:51:DB:0D:31:EA,b3bb9015,4020,2026-07-09T13:37:30.958000Z,1783604250958,133.79
session-1783603749411-du6syw,10:51:DB:0D:31:EA,b3bb9015,4021,2026-07-09T13:37:31.108000Z,1783604251108,134.26
session-1783603749411-du6syw,10:51:DB:0D:31:EA,b3bb9015,4022,2026-07-09T13:37:31.182000Z,1783604251182,133.77
session-1783603749411-du6syw,10:51:DB:0D:31:EA,b3bb9015,4023,2026-07-09T13:37:31.273000Z,1783604251273,133.95
session-1783603749411-du6syw,10:51:DB:0D:31:EA,b3bb9015,4024,2026-07-09T13:37:31.362000Z,1783604251362,134.23
session-1783603749411-du6syw,10:51:DB:0D:31:EA,b3bb9015,4025,2026-07-09T13:37:31.453000Z,1783604251453,134.42
session-1783603749411-du6syw,10:51:DB:0D:31:EA,b3bb9015,4026,2026-07-09T13:37:31.588000Z,1783604251588,134.3
session-1783603749411-du6syw,10:51:DB:0D:31:EA,b3bb9015,4027,2026-07-09T13:37:31.723000Z,1783604251723,134.21
session-1783603749411-du6syw,10:51:DB:0D:31:EA,b3bb9015,4028,2026-07-09T13:37:31.812000Z,1783604251812,134.03
session-1783603749411-du6syw,10:51:DB:0D:31:EA,b3bb9015,4029,2026-07-09T13:37:31.905000Z,1783604251905,133.98
session-1783603749411-du6syw,10:51:DB:0D:31:EA,b3bb9015,4030,2026-07-09T13:37:32.037000Z,1783604252037,133.98
session-1783603749411-du6syw,10:51:DB:0D:31:EA,b3bb9015,4031,2026-07-09T13:37:32.127000Z,1783604252127,127.87
session-1783603749411-du6syw,10:51:DB:0D:31:EA,b3bb9015,4032,2026-07-09T13:37:32.218000Z,1783604252218,134.02
session-1783603749411-du6syw,10:51:DB:0D:31:EA,b3bb9015,4033,2026-07-09T13:37:32.307000Z,1783604252307,127.72
session-1783603749411-du6syw,10:51:DB:0D:31:EA,b3bb9015,4034,2026-07-09T13:37:32.397000Z,1783604252397,128.17
session-1783603749411-du6syw,10:51:DB:0D:31:EA,b3bb9015,4035,2026-07-09T13:37:32.533000Z,1783604252533,128.31
session-1783603749411-du6syw,10:51:DB:0D:31:EA,b3bb9015,4036,2026-07-09T13:37:32.669000Z,1783604252669,134.3
session-1783603749411-du6syw,10:51:DB:0D:31:EA,b3bb9015,4037,2026-07-09T13:37:32.712000Z,1783604252712,127.86
session-1783603749411-du6syw,10:51:DB:0D:31:EA,b3bb9015,4038,2026-07-09T13:37:32.802000Z,1783604252802,127.91
session-1783603749411-du6syw,10:51:DB:0D:31:EA,b3bb9015,4039,2026-07-09T13:37:32.892000Z,1783604252892,133.98
session-1783603749411-du6syw,10:51:DB:0D:31:EA,b3bb9015,4040,2026-07-09T13:37:33.028000Z,1783604253028,128.15
session-1783603749411-du6syw,10:51:DB:0D:31:EA,b3bb9015,4041,2026-07-09T13:37:33.117000Z,1783604253117,128.14
session-1783603749411-du6syw,10:51:DB:0D:31:EA,b3bb9015,4042,2026-07-09T13:37:33.209000Z,1783604253209,134.05
session-1783603749411-du6syw,10:51:DB:0D:31:EA,b3bb9015,4043,2026-07-09T13:37:33.297000Z,1783604253297,128.12
session-1783603749411-du6syw,10:51:DB:0D:31:EA,b3bb9015,4044,2026-07-09T13:37:33.433000Z,1783604253433,129.15
session-1783603749411-du6syw,10:51:DB:0D:31:EA,b3bb9015,4045,2026-07-09T13:37:33.523000Z,1783604253523,73.53
session-1783603749411-du6syw,10:51:DB:0D:31:EA,b3bb9015,4046,2026-07-09T13:37:33.613000Z,1783604253613,134.38
session-1783603749411-du6syw,10:51:DB:0D:31:EA,b3bb9015,4047,2026-07-09T13:37:33.749000Z,1783604253749,133.88
session-1783603749411-du6syw,10:51:DB:0D:31:EA,b3bb9015,4048,2026-07-09T13:37:33.837000Z,1783604253837,133.98
session-1783603749411-du6syw,10:51:DB:0D:31:EA,b3bb9015,4049,2026-07-09T13:37:33.972000Z,1783604253972,129.01
session-1783603749411-du6syw,10:51:DB:0D:31:EA,b3bb9015,4050,2026-07-09T13:37:34.063000Z,1783604254063,73.8
session-1783603749411-du6syw,10:51:DB:0D:31:EA,b3bb9015,4051,2026-07-09T13:37:34.152000Z,1783604254152,134.0
session-1783603749411-du6syw,10:51:DB:0D:31:EA,b3bb9015,4052,2026-07-09T13:37:34.243000Z,1783604254243,128.05
session-1783603749411-du6syw,10:51:DB:0D:31:EA,b3bb9015,4053,2026-07-09T13:37:34.332000Z,1783604254332,134.45
session-1783603749411-du6syw,10:51:DB:0D:31:EA,b3bb9015,4054,2026-07-09T13:37:34.467000Z,1783604254467,128.05
session-1783603749411-du6syw,10:51:DB:0D:31:EA,b3bb9015,4055,2026-07-09T13:37:34.558000Z,1783604254558,129.18
session-1783603749411-du6syw,10:51:DB:0D:31:EA,b3bb9015,4056,2026-07-09T13:37:34.647000Z,1783604254647,134.17
session-1783603749411-du6syw,10:51:DB:0D:31:EA,b3bb9015,4057,2026-07-09T13:37:34.737000Z,1783604254737,134.14
session-1783603749411-du6syw,10:51:DB:0D:31:EA,b3bb9015,4058,2026-07-09T13:37:34.873000Z,1783604254873,134.02
session-1783603749411-du6syw,10:51:DB:0D:31:EA,b3bb9015,4059,2026-07-09T13:37:34.962000Z,1783604254962,73.15
session-1783603749411-du6syw,10:51:DB:0D:31:EA,b3bb9015,4060,2026-07-09T13:37:35.052000Z,1783604255052,134.14
session-1783603749411-du6syw,10:51:DB:0D:31:EA,b3bb9015,4061,2026-07-09T13:37:35.141000Z,1783604255141,134.17
session-1783603749411-du6syw,10:51:DB:0D:31:EA,b3bb9015,4062,2026-07-09T13:37:35.233000Z,1783604255233,128.27
session-1783603749411-du6syw,10:51:DB:0D:31:EA,b3bb9015,4063,2026-07-09T13:37:35.368000Z,1783604255368,134.02
session-1783603749411-du6syw,10:51:DB:0D:31:EA,b3bb9015,4064,2026-07-09T13:37:35.458000Z,1783604255458,127.86
session-1783603749411-du6syw,10:51:DB:0D:31:EA,b3bb9015,4065,2026-07-09T13:37:35.547000Z,1783604255547,127.91
session-1783603749411-du6syw,10:51:DB:0D:31:EA,b3bb9015,4066,2026-07-09T13:37:35.637000Z,1783604255637,128.05
session-1783603749411-du6syw,10:51:DB:0D:31:EA,b3bb9015,4067,2026-07-09T13:37:35.773000Z,1783604255773,134.19
session-1783603749411-du6syw,10:51:DB:0D:31:EA,b3bb9015,4068,2026-07-09T13:37:35.908000Z,1783604255908,134.17
session-1783603749411-du6syw,10:51:DB:0D:31:EA,b3bb9015,4069,2026-07-09T13:37:35.998000Z,1783604255998,134.02
session-1783603749411-du6syw,10:51:DB:0D:31:EA,b3bb9015,4070,2026-07-09T13:37:36.087000Z,1783604256087,133.98
session-1783603749411-du6syw,10:51:DB:0D:31:EA,b3bb9015,4071,2026-07-09T13:37:36.177000Z,1783604256177,127.87
session-1783603749411-du6syw,10:51:DB:0D:31:EA,b3bb9015,4072,2026-07-09T13:37:36.314000Z,1783604256314,127.89
session-1783603749411-du6syw,10:51:DB:0D:31:EA,b3bb9015,4073,2026-07-09T13:37:36.403000Z,1783604256403,72.89
session-1783603749411-du6syw,10:51:DB:0D:31:EA,b3bb9015,4074,2026-07-09T13:37:36.494000Z,1783604256494,134.17
session-1783603749411-du6syw,10:51:DB:0D:31:EA,b3bb9015,4075,2026-07-09T13:37:36.583000Z,1783604256583,128.52
session-1783603749411-du6syw,10:51:DB:0D:31:EA,b3bb9015,4076,2026-07-09T13:37:36.673000Z,1783604256673,128.03
session-1783603749411-du6syw,10:51:DB:0D:31:EA,b3bb9015,4077,2026-07-09T13:37:36.809000Z,1783604256809,128.34
session-1783603749411-du6syw,10:51:DB:0D:31:EA,b3bb9015,4078,2026-07-09T13:37:36.942000Z,1783604256942,128.05
session-1783603749411-du6syw,10:51:DB:0D:31:EA,b3bb9015,4079,2026-07-09T13:37:36.987000Z,1783604256987,128.07
session-1783603749411-du6syw,10:51:DB:0D:31:EA,b3bb9015,4080,2026-07-09T13:37:37.077000Z,1783604257077,127.86
session-1783603749411-du6syw,10:51:DB:0D:31:EA,b3bb9015,4081,2026-07-09T13:37:37.212000Z,1783604257212,127.87
session-1783603749411-du6syw,10:51:DB:0D:31:EA,b3bb9015,4082,2026-07-09T13:37:37.301000Z,1783604257301,127.87
session-1783603749411-du6syw,10:51:DB:0D:31:EA,b3bb9015,4083,2026-07-09T13:37:37.393000Z,1783604257393,134.17
session-1783603749411-du6syw,10:51:DB:0D:31:EA,b3bb9015,4084,2026-07-09T13:37:37.482000Z,1783604257482,134.19
session-1783603749411-du6syw,10:51:DB:0D:31:EA,b3bb9015,4085,2026-07-09T13:37:37.573000Z,1783604257573,134.61
session-1783603749411-du6syw,10:51:DB:0D:31:EA,b3bb9015,4086,2026-07-09T13:37:37.710000Z,1783604257710,134.02
session-1783603749411-du6syw,10:51:DB:0D:31:EA,b3bb9015,4087,2026-07-09T13:37:37.860000Z,1783604257860,128.54
session-1783603749411-du6syw,10:51:DB:0D:31:EA,b3bb9015,4088,2026-07-09T13:37:38.067000Z,1783604258067,134.14
session-1783603749411-du6syw,10:51:DB:0D:31:EA,b3bb9015,4089,2026-07-09T13:37:38.158000Z,1783604258158,134.02
session-1783603749411-du6syw,10:51:DB:0D:31:EA,b3bb9015,4090,2026-07-09T13:37:38.247000Z,1783604258247,127.84
session-1783603749411-du6syw,10:51:DB:0D:31:EA,b3bb9015,4091,2026-07-09T13:37:38.384000Z,1783604258384,128.34
session-1783603749411-du6syw,10:51:DB:0D:31:EA,b3bb9015,4092,2026-07-09T13:37:38.473000Z,1783604258473,128.94
session-1783603749411-du6syw,10:51:DB:0D:31:EA,b3bb9015,4093,2026-07-09T13:37:38.562000Z,1783604258562,128.48
session-1783603749411-du6syw,10:51:DB:0D:31:EA,b3bb9015,4094,2026-07-09T13:37:38.652000Z,1783604258652,134.17
session-1783603749411-du6syw,10:51:DB:0D:31:EA,b3bb9015,4095,2026-07-09T13:37:38.743000Z,1783604258743,128.73
session-1783603749411-du6syw,10:51:DB:0D:31:EA,b3bb9015,4096,2026-07-09T13:37:38.877000Z,1783604258877,128.34
session-1783603749411-du6syw,10:51:DB:0D:31:EA,b3bb9015,4097,2026-07-09T13:37:38.967000Z,1783604258967,128.92
session-1783603749411-du6syw,10:51:DB:0D:31:EA,b3bb9015,4098,2026-07-09T13:37:39.057000Z,1783604259057,134.19
session-1783603749411-du6syw,10:51:DB:0D:31:EA,b3bb9015,4099,2026-07-09T13:37:39.147000Z,1783604259147,128.47
session-1783603749411-du6syw,10:51:DB:0D:31:EA,b3bb9015,4100,2026-07-09T13:37:39.282000Z,1783604259282,128.73
session-1783603749411-du6syw,10:51:DB:0D:31:EA,b3bb9015,4101,2026-07-09T13:37:39.417000Z,1783604259417,72.26
session-1783603749411-du6syw,10:51:DB:0D:31:EA,b3bb9015,4102,2026-07-09T13:37:39.508000Z,1783604259508,134.16
session-1783603749411-du6syw,10:51:DB:0D:31:EA,b3bb9015,4103,2026-07-09T13:37:39.554000Z,1783604259554,128.34
session-1783603749411-du6syw,10:51:DB:0D:31:EA,b3bb9015,4104,2026-07-09T13:37:39.642000Z,1783604259642,128.9
session-1783603749411-du6syw,10:51:DB:0D:31:EA,b3bb9015,4105,2026-07-09T13:37:39.775000Z,1783604259775,134.19
session-1783603749411-du6syw,10:51:DB:0D:31:EA,b3bb9015,4106,2026-07-09T13:37:39.912000Z,1783604259912,128.05
session-1783603749411-du6syw,10:51:DB:0D:31:EA,b3bb9015,4107,2026-07-09T13:37:40.002000Z,1783604260002,128.52
session-1783603749411-du6syw,10:51:DB:0D:31:EA,b3bb9015,4108,2026-07-09T13:37:40.090000Z,1783604260090,134.16
session-1783603749411-du6syw,10:51:DB:0D:31:EA,b3bb9015,4109,2026-07-09T13:37:40.182000Z,1783604260182,134.64
session-1783603749411-du6syw,10:51:DB:0D:31:EA,b3bb9015,4110,2026-07-09T13:37:40.317000Z,1783604260317,134.59
session-1783603749411-du6syw,10:51:DB:0D:31:EA,b3bb9015,4111,2026-07-09T13:37:40.467000Z,1783604260467,128.52
session-1783603749411-du6syw,10:51:DB:0D:31:EA,b3bb9015,4112,2026-07-09T13:37:40.498000Z,1783604260498,128.92
session-1783603749411-du6syw,10:51:DB:0D:31:EA,b3bb9015,4113,2026-07-09T13:37:40.587000Z,1783604260587,128.52
session-1783603749411-du6syw,10:51:DB:0D:31:EA,b3bb9015,4114,2026-07-09T13:37:40.723000Z,1783604260723,129.36
session-1783603749411-du6syw,10:51:DB:0D:31:EA,b3bb9015,4115,2026-07-09T13:37:40.813000Z,1783604260813,71.86
session-1783603749411-du6syw,10:51:DB:0D:31:EA,b3bb9015,4116,2026-07-09T13:37:40.905000Z,1783604260905,128.47
session-1783603749411-du6syw,10:51:DB:0D:31:EA,b3bb9015,4117,2026-07-09T13:37:40.993000Z,1783604260993,128.31
session-1783603749411-du6syw,10:51:DB:0D:31:EA,b3bb9015,4118,2026-07-09T13:37:41.083000Z,1783604261083,128.33
session-1783603749411-du6syw,10:51:DB:0D:31:EA,b3bb9015,4119,2026-07-09T13:37:41.218000Z,1783604261218,134.66
session-1783603749411-du6syw,10:51:DB:0D:31:EA,b3bb9015,4120,2026-07-09T13:37:41.308000Z,1783604261308,128.5
session-1783603749411-du6syw,10:51:DB:0D:31:EA,b3bb9015,4121,2026-07-09T13:37:41.397000Z,1783604261397,134.47
session-1783603749411-du6syw,10:51:DB:0D:31:EA,b3bb9015,4122,2026-07-09T13:37:41.532000Z,1783604261532,127.89
session-1783603749411-du6syw,10:51:DB:0D:31:EA,b3bb9015,4123,2026-07-09T13:37:41.623000Z,1783604261623,134.47
session-1783603749411-du6syw,10:51:DB:0D:31:EA,b3bb9015,4124,2026-07-09T13:37:41.757000Z,1783604261757,71.44
session-1783603749411-du6syw,10:51:DB:0D:31:EA,b3bb9015,4125,2026-07-09T13:37:41.803000Z,1783604261803,134.43
session-1783603749411-du6syw,10:51:DB:0D:31:EA,b3bb9015,4126,2026-07-09T13:37:41.936000Z,1783604261936,134.43
session-1783603749411-du6syw,10:51:DB:0D:31:EA,b3bb9015,4127,2026-07-09T13:37:42.027000Z,1783604262027,134.43
session-1783603749411-du6syw,10:51:DB:0D:31:EA,b3bb9015,4128,2026-07-09T13:37:42.162000Z,1783604262162,128.9
session-1783603749411-du6syw,10:51:DB:0D:31:EA,b3bb9015,4129,2026-07-09T13:37:42.252000Z,1783604262252,71.56
session-1783603749411-du6syw,10:51:DB:0D:31:EA,b3bb9015,4130,2026-07-09T13:37:42.342000Z,1783604262342,134.16
session-1783603749411-du6syw,10:51:DB:0D:31:EA,b3bb9015,4131,2026-07-09T13:37:42.432000Z,1783604262432,134.61
session-1783603749411-du6syw,10:51:DB:0D:31:EA,b3bb9015,4132,2026-07-09T13:37:42.567000Z,1783604262567,134.16
session-1783603749411-du6syw,10:51:DB:0D:31:EA,b3bb9015,4133,2026-07-09T13:37:42.657000Z,1783604262657,128.48
session-1783603749411-du6syw,10:51:DB:0D:31:EA,b3bb9015,4134,2026-07-09T13:37:42.747000Z,1783604262747,128.71
session-1783603749411-du6syw,10:51:DB:0D:31:EA,b3bb9015,4135,2026-07-09T13:37:42.837000Z,1783604262837,128.75
session-1783603749411-du6syw,10:51:DB:0D:31:EA,b3bb9015,4136,2026-07-09T13:37:42.926000Z,1783604262926,134.16
session-1783603749411-du6syw,10:51:DB:0D:31:EA,b3bb9015,4137,2026-07-09T13:37:43.062000Z,1783604263062,129.18
session-1783603749411-du6syw,10:51:DB:0D:31:EA,b3bb9015,4138,2026-07-09T13:37:43.151000Z,1783604263151,71.35
session-1783603749411-du6syw,10:51:DB:0D:31:EA,b3bb9015,4139,2026-07-09T13:37:43.242000Z,1783604263242,134.14
session-1783603749411-du6syw,10:51:DB:0D:31:EA,b3bb9015,4140,2026-07-09T13:37:43.333000Z,1783604263333,134.02
session-1783603749411-du6syw,10:51:DB:0D:31:EA,b3bb9015,4141,2026-07-09T13:37:43.422000Z,1783604263422,133.96
session-1783603749411-du6syw,10:51:DB:0D:31:EA,b3bb9015,4142,2026-07-09T13:37:43.558000Z,1783604263558,134.14
session-1783603749411-du6syw,10:51:DB:0D:31:EA,b3bb9015,4143,2026-07-09T13:37:43.648000Z,1783604263648,128.75
session-1783603749411-du6syw,10:51:DB:0D:31:EA,b3bb9015,4144,2026-07-09T13:37:43.737000Z,1783604263737,134.0
session-1783603749411-du6syw,10:51:DB:0D:31:EA,b3bb9015,4145,2026-07-09T13:37:43.873000Z,1783604263873,129.16
session-1783603749411-du6syw,10:51:DB:0D:31:EA,b3bb9015,4146,2026-07-09T13:37:44.008000Z,1783604264008,127.47
session-1783603749411-du6syw,10:51:DB:0D:31:EA,b3bb9015,4147,2026-07-09T13:37:44.098000Z,1783604264098,134.14
session-1783603749411-du6syw,10:51:DB:0D:31:EA,b3bb9015,4148,2026-07-09T13:37:44.186000Z,1783604264186,128.54
session-1783603749411-du6syw,10:51:DB:0D:31:EA,b3bb9015,4149,2026-07-09T13:37:44.277000Z,1783604264277,134.16
session-1783603749411-du6syw,10:51:DB:0D:31:EA,b3bb9015,4150,2026-07-09T13:37:44.412000Z,1783604264412,133.84
session-1783603749411-du6syw,10:51:DB:0D:31:EA,b3bb9015,4151,2026-07-09T13:37:44.502000Z,1783604264502,70.95
session-1783603749411-du6syw,10:51:DB:0D:31:EA,b3bb9015,4152,2026-07-09T13:37:44.592000Z,1783604264592,134.0
session-1783603749411-du6syw,10:51:DB:0D:31:EA,b3bb9015,4153,2026-07-09T13:37:44.682000Z,1783604264682,128.36
session-1783603749411-du6syw,10:51:DB:0D:31:EA,b3bb9015,4154,2026-07-09T13:37:44.772000Z,1783604264772,134.14
session-1783603749411-du6syw,10:51:DB:0D:31:EA,b3bb9015,4155,2026-07-09T13:37:44.907000Z,1783604264907,128.48
session-1783603749411-du6syw,10:51:DB:0D:31:EA,b3bb9015,4156,2026-07-09T13:37:44.997000Z,1783604264997,128.07
session-1783603749411-du6syw,10:51:DB:0D:31:EA,b3bb9015,4157,2026-07-09T13:37:45.087000Z,1783604265087,133.86
session-1783603749411-du6syw,10:51:DB:0D:31:EA,b3bb9015,4158,2026-07-09T13:37:45.177000Z,1783604265177,128.92
session-1783603749411-du6syw,10:51:DB:0D:31:EA,b3bb9015,4159,2026-07-09T13:37:45.313000Z,1783604265313,128.94
session-1783603749411-du6syw,10:51:DB:0D:31:EA,b3bb9015,4160,2026-07-09T13:37:45.402000Z,1783604265402,128.92
session-1783603749411-du6syw,10:51:DB:0D:31:EA,b3bb9015,4161,2026-07-09T13:37:45.492000Z,1783604265492,133.84
session-1783603749411-du6syw,10:51:DB:0D:31:EA,b3bb9015,4162,2026-07-09T13:37:45.582000Z,1783604265582,127.89
session-1783603749411-du6syw,10:51:DB:0D:31:EA,b3bb9015,4163,2026-07-09T13:37:45.672000Z,1783604265672,129.2
session-1783603749411-du6syw,10:51:DB:0D:31:EA,b3bb9015,4164,2026-07-09T13:37:45.807000Z,1783604265807,127.45
session-1783603749411-du6syw,10:51:DB:0D:31:EA,b3bb9015,4165,2026-07-09T13:37:45.898000Z,1783604265898,128.12
session-1783603749411-du6syw,10:51:DB:0D:31:EA,b3bb9015,4166,2026-07-09T13:37:46.033000Z,1783604266033,128.33
session-1783603749411-du6syw,10:51:DB:0D:31:EA,b3bb9015,4167,2026-07-09T13:37:46.122000Z,1783604266122,128.34
session-1783603749411-du6syw,10:51:DB:0D:31:EA,b3bb9015,4168,2026-07-09T13:37:46.212000Z,1783604266212,133.84
session-1783603749411-du6syw,10:51:DB:0D:31:EA,b3bb9015,4169,2026-07-09T13:37:46.349000Z,1783604266349,128.47
session-1783603749411-du6syw,10:51:DB:0D:31:EA,b3bb9015,4170,2026-07-09T13:37:46.437000Z,1783604266437,134.64
session-1783603749411-du6syw,10:51:DB:0D:31:EA,b3bb9015,4171,2026-07-09T13:37:46.526000Z,1783604266526,128.76
session-1783603749411-du6syw,10:51:DB:0D:31:EA,b3bb9015,4172,2026-07-09T13:37:46.618000Z,1783604266618,134.02
session-1783603749411-du6syw,10:51:DB:0D:31:EA,b3bb9015,4173,2026-07-09T13:37:46.752000Z,1783604266752,128.26
session-1783603749411-du6syw,10:51:DB:0D:31:EA,b3bb9015,4174,2026-07-09T13:37:46.843000Z,1783604266843,128.33
session-1783603749411-du6syw,10:51:DB:0D:31:EA,b3bb9015,4175,2026-07-09T13:37:46.932000Z,1783604266932,128.73
session-1783603749411-du6syw,10:51:DB:0D:31:EA,b3bb9015,4176,2026-07-09T13:37:47.022000Z,1783604267022,134.02
session-1783603749411-du6syw,10:51:DB:0D:31:EA,b3bb9015,4177,2026-07-09T13:37:47.112000Z,1783604267112,134.02
session-1783603749411-du6syw,10:51:DB:0D:31:EA,b3bb9015,4178,2026-07-09T13:37:47.248000Z,1783604267248,128.31
session-1783603749411-du6syw,10:51:DB:0D:31:EA,b3bb9015,4179,2026-07-09T13:37:47.336000Z,1783604267336,133.82
session-1783603749411-du6syw,10:51:DB:0D:31:EA,b3bb9015,4180,2026-07-09T13:37:47.427000Z,1783604267427,133.84
session-1783603749411-du6syw,10:51:DB:0D:31:EA,b3bb9015,4181,2026-07-09T13:37:47.517000Z,1783604267517,128.73
session-1783603749411-du6syw,10:51:DB:0D:31:EA,b3bb9015,4182,2026-07-09T13:37:47.653000Z,1783604267653,128.31
session-1783603749411-du6syw,10:51:DB:0D:31:EA,b3bb9015,4183,2026-07-09T13:37:47.742000Z,1783604267742,133.84
session-1783603749411-du6syw,10:51:DB:0D:31:EA,b3bb9015,4184,2026-07-09T13:37:47.831000Z,1783604267831,127.84
session-1783603749411-du6syw,10:51:DB:0D:31:EA,b3bb9015,4185,2026-07-09T13:37:47.922000Z,1783604267922,128.05
session-1783603749411-du6syw,10:51:DB:0D:31:EA,b3bb9015,4186,2026-07-09T13:37:48.057000Z,1783604268057,128.33
session-1783603749411-du6syw,10:51:DB:0D:31:EA,b3bb9015,4187,2026-07-09T13:37:48.206000Z,1783604268206,127.89
session-1783603749411-du6syw,10:51:DB:0D:31:EA,b3bb9015,4188,2026-07-09T13:37:48.280000Z,1783604268280,70.06
session-1783603749411-du6syw,10:51:DB:0D:31:EA,b3bb9015,4189,2026-07-09T13:37:48.372000Z,1783604268372,128.31
session-1783603749411-du6syw,10:51:DB:0D:31:EA,b3bb9015,4190,2026-07-09T13:37:48.461000Z,1783604268461,128.17
session-1783603749411-du6syw,10:51:DB:0D:31:EA,b3bb9015,4191,2026-07-09T13:37:48.552000Z,1783604268552,133.93
session-1783603749411-du6syw,10:51:DB:0D:31:EA,b3bb9015,4192,2026-07-09T13:37:48.687000Z,1783604268687,128.15
session-1783603749411-du6syw,10:51:DB:0D:31:EA,b3bb9015,4193,2026-07-09T13:37:48.777000Z,1783604268777,128.47
session-1783603749411-du6syw,10:51:DB:0D:31:EA,b3bb9015,4194,2026-07-09T13:37:48.867000Z,1783604268867,128.8
session-1783603749411-du6syw,10:51:DB:0D:31:EA,b3bb9015,4195,2026-07-09T13:37:48.957000Z,1783604268957,128.75
session-1783603749411-du6syw,10:51:DB:0D:31:EA,b3bb9015,4196,2026-07-09T13:37:49.108000Z,1783604269108,128.34
session-1783603749411-du6syw,10:51:DB:0D:31:EA,b3bb9015,4197,2026-07-09T13:37:49.182000Z,1783604269182,70.06
session-1783603749411-du6syw,10:51:DB:0D:31:EA,b3bb9015,4198,2026-07-09T13:37:49.273000Z,1783604269273,127.47
session-1783603749411-du6syw,10:51:DB:0D:31:EA,b3bb9015,4199,2026-07-09T13:37:49.362000Z,1783604269362,128.17
session-1783603749411-du6syw,10:51:DB:0D:31:EA,b3bb9015,4200,2026-07-09T13:37:49.452000Z,1783604269452,127.7
session-1783603749411-du6syw,10:51:DB:0D:31:EA,b3bb9015,4201,2026-07-09T13:37:49.587000Z,1783604269587,127.45
session-1783603749411-du6syw,10:51:DB:0D:31:EA,b3bb9015,4202,2026-07-09T13:37:49.677000Z,1783604269677,128.1
session-1783603749411-du6syw,10:51:DB:0D:31:EA,b3bb9015,4203,2026-07-09T13:37:49.767000Z,1783604269767,128.15
session-1783603749411-du6syw,10:51:DB:0D:31:EA,b3bb9015,4204,2026-07-09T13:37:49.858000Z,1783604269858,134.24
session-1783603749411-du6syw,10:51:DB:0D:31:EA,b3bb9015,4205,2026-07-09T13:37:50.008000Z,1783604270008,128.17
session-1783603749411-du6syw,10:51:DB:0D:31:EA,b3bb9015,4206,2026-07-09T13:37:50.126000Z,1783604270126,134.38
session-1783603749411-du6syw,10:51:DB:0D:31:EA,b3bb9015,4207,2026-07-09T13:37:50.217000Z,1783604270217,134.23
session-1783603749411-du6syw,10:51:DB:0D:31:EA,b3bb9015,4208,2026-07-09T13:37:50.307000Z,1783604270307,128.29
session-1783603749411-du6syw,10:51:DB:0D:31:EA,b3bb9015,4209,2026-07-09T13:37:50.396000Z,1783604270396,128.59
session-1783603749411-du6syw,10:51:DB:0D:31:EA,b3bb9015,4210,2026-07-09T13:37:50.533000Z,1783604270533,127.93
session-1783603749411-du6syw,10:51:DB:0D:31:EA,b3bb9015,4211,2026-07-09T13:37:50.622000Z,1783604270622,69.61
session-1783603749411-du6syw,10:51:DB:0D:31:EA,b3bb9015,4212,2026-07-09T13:37:50.712000Z,1783604270712,127.65
session-1783603749411-du6syw,10:51:DB:0D:31:EA,b3bb9015,4213,2026-07-09T13:37:50.802000Z,1783604270802,134.43
session-1783603749411-du6syw,10:51:DB:0D:31:EA,b3bb9015,4214,2026-07-09T13:37:50.892000Z,1783604270892,128.27
session-1783603749411-du6syw,10:51:DB:0D:31:EA,b3bb9015,4215,2026-07-09T13:37:51.026000Z,1783604271026,134.24
session-1783603749411-du6syw,10:51:DB:0D:31:EA,b3bb9015,4216,2026-07-09T13:37:51.117000Z,1783604271117,134.24
session-1783603749411-du6syw,10:51:DB:0D:31:EA,b3bb9015,4217,2026-07-09T13:37:51.207000Z,1783604271207,134.28
session-1783603749411-du6syw,10:51:DB:0D:31:EA,b3bb9015,4218,2026-07-09T13:37:51.297000Z,1783604271297,134.23
session-1783603749411-du6syw,10:51:DB:0D:31:EA,b3bb9015,4219,2026-07-09T13:37:51.432000Z,1783604271432,134.0
session-1783603749411-du6syw,10:51:DB:0D:31:EA,b3bb9015,4220,2026-07-09T13:37:51.522000Z,1783604271522,134.4
session-1783603749411-du6syw,10:51:DB:0D:31:EA,b3bb9015,4221,2026-07-09T13:37:51.612000Z,1783604271612,134.38
session-1783603749411-du6syw,10:51:DB:0D:31:EA,b3bb9015,4222,2026-07-09T13:37:51.702000Z,1783604271702,134.23
session-1783603749411-du6syw,10:51:DB:0D:31:EA,b3bb9015,4223,2026-07-09T13:37:51.792000Z,1783604271792,134.23
session-1783603749411-du6syw,10:51:DB:0D:31:EA,b3bb9015,4224,2026-07-09T13:37:51.928000Z,1783604271928,134.28
session-1783603749411-du6syw,10:51:DB:0D:31:EA,b3bb9015,4225,2026-07-09T13:37:52.018000Z,1783604272018,128.99
session-1783603749411-du6syw,10:51:DB:0D:31:EA,b3bb9015,4226,2026-07-09T13:37:52.151000Z,1783604272151,128.07
session-1783603749411-du6syw,10:51:DB:0D:31:EA,b3bb9015,4227,2026-07-09T13:37:52.240000Z,1783604272240,134.4
session-1783603749411-du6syw,10:51:DB:0D:31:EA,b3bb9015,4228,2026-07-09T13:37:52.332000Z,1783604272332,128.14
session-1783603749411-du6syw,10:51:DB:0D:31:EA,b3bb9015,4229,2026-07-09T13:37:52.467000Z,1783604272467,134.38
session-1783603749411-du6syw,10:51:DB:0D:31:EA,b3bb9015,4230,2026-07-09T13:37:52.557000Z,1783604272557,134.42
session-1783603749411-du6syw,10:51:DB:0D:31:EA,b3bb9015,4231,2026-07-09T13:37:52.781000Z,1783604272781,134.42
session-1783603749411-du6syw,10:51:DB:0D:31:EA,b3bb9015,4232,2026-07-09T13:37:52.917000Z,1783604272917,128.08
session-1783603749411-du6syw,10:51:DB:0D:31:EA,b3bb9015,4233,2026-07-09T13:37:53.097000Z,1783604273097,134.38
session-1783603749411-du6syw,10:51:DB:0D:31:EA,b3bb9015,4234,2026-07-09T13:37:53.232000Z,1783604273232,128.99
session-1783603749411-du6syw,10:51:DB:0D:31:EA,b3bb9015,4235,2026-07-09T13:37:53.322000Z,1783604273322,134.24
session-1783603749411-du6syw,10:51:DB:0D:31:EA,b3bb9015,4236,2026-07-09T13:37:53.414000Z,1783604273414,127.66
session-1783603749411-du6syw,10:51:DB:0D:31:EA,b3bb9015,4237,2026-07-09T13:37:53.502000Z,1783604273502,128.34
session-1783603749411-du6syw,10:51:DB:0D:31:EA,b3bb9015,4238,2026-07-09T13:37:53.592000Z,1783604273592,133.98
session-1783603749411-du6syw,10:51:DB:0D:31:EA,b3bb9015,4239,2026-07-09T13:37:53.727000Z,1783604273727,134.23
session-1783603749411-du6syw,10:51:DB:0D:31:EA,b3bb9015,4240,2026-07-09T13:37:53.817000Z,1783604273817,127.73
session-1783603749411-du6syw,10:51:DB:0D:31:EA,b3bb9015,4241,2026-07-09T13:37:53.907000Z,1783604273907,128.1
session-1783603749411-du6syw,10:51:DB:0D:31:EA,b3bb9015,4242,2026-07-09T13:37:53.997000Z,1783604273997,133.93
session-1783603749411-du6syw,10:51:DB:0D:31:EA,b3bb9015,4243,2026-07-09T13:37:54.147000Z,1783604274147,134.42
session-1783603749411-du6syw,10:51:DB:0D:31:EA,b3bb9015,4244,2026-07-09T13:37:54.266000Z,1783604274266,134.42
session-1783603749411-du6syw,10:51:DB:0D:31:EA,b3bb9015,4245,2026-07-09T13:37:54.357000Z,1783604274357,134.42
session-1783603749411-du6syw,10:51:DB:0D:31:EA,b3bb9015,4246,2026-07-09T13:37:54.446000Z,1783604274446,134.24
session-1783603749411-du6syw,10:51:DB:0D:31:EA,b3bb9015,4247,2026-07-09T13:37:54.582000Z,1783604274582,134.38
session-1783603749411-du6syw,10:51:DB:0D:31:EA,b3bb9015,4248,2026-07-09T13:37:54.671000Z,1783604274671,134.35
session-1783603749411-du6syw,10:51:DB:0D:31:EA,b3bb9015,4249,2026-07-09T13:37:54.762000Z,1783604274762,68.37
session-1783603749411-du6syw,10:51:DB:0D:31:EA,b3bb9015,4250,2026-07-09T13:37:54.852000Z,1783604274852,134.78
session-1783603749411-du6syw,10:51:DB:0D:31:EA,b3bb9015,4251,2026-07-09T13:37:55.003000Z,1783604275003,135.08
session-1783603749411-du6syw,10:51:DB:0D:31:EA,b3bb9015,4252,2026-07-09T13:37:55.033000Z,1783604275033,135.22
session-1783603749411-du6syw,10:51:DB:0D:31:EA,b3bb9015,4253,2026-07-09T13:37:55.167000Z,1783604275167,134.24
session-1783603749411-du6syw,10:51:DB:0D:31:EA,b3bb9015,4254,2026-07-09T13:37:55.257000Z,1783604275257,134.63
session-1783603749411-du6syw,10:51:DB:0D:31:EA,b3bb9015,4255,2026-07-09T13:37:55.346000Z,1783604275346,133.84
session-1783603749411-du6syw,10:51:DB:0D:31:EA,b3bb9015,4256,2026-07-09T13:37:55.437000Z,1783604275437,134.24
session-1783603749411-du6syw,10:51:DB:0D:31:EA,b3bb9015,4257,2026-07-09T13:37:55.572000Z,1783604275572,134.21
session-1783603749411-du6syw,10:51:DB:0D:31:EA,b3bb9015,4258,2026-07-09T13:37:55.662000Z,1783604275662,68.3
session-1783603749411-du6syw,10:51:DB:0D:31:EA,b3bb9015,4259,2026-07-09T13:37:55.752000Z,1783604275752,134.0
session-1783603749411-du6syw,10:51:DB:0D:31:EA,b3bb9015,4260,2026-07-09T13:37:55.843000Z,1783604275843,128.97
session-1783603749411-du6syw,10:51:DB:0D:31:EA,b3bb9015,4261,2026-07-09T13:37:55.930000Z,1783604275930,133.79
session-1783603749411-du6syw,10:51:DB:0D:31:EA,b3bb9015,4262,2026-07-09T13:37:56.066000Z,1783604276066,134.43
session-1783603749411-du6syw,10:51:DB:0D:31:EA,b3bb9015,4263,2026-07-09T13:37:56.200000Z,1783604276200,134.24
session-1783603749411-du6syw,10:51:DB:0D:31:EA,b3bb9015,4264,2026-07-09T13:37:56.292000Z,1783604276292,134.26
session-1783603749411-du6syw,10:51:DB:0D:31:EA,b3bb9015,4265,2026-07-09T13:37:56.380000Z,1783604276380,134.36
session-1783603749411-du6syw,10:51:DB:0D:31:EA,b3bb9015,4266,2026-07-09T13:37:56.470000Z,1783604276470,128.33
session-1783603749411-du6syw,10:51:DB:0D:31:EA,b3bb9015,4267,2026-07-09T13:37:56.607000Z,1783604276607,134.19
session-1783603749411-du6syw,10:51:DB:0D:31:EA,b3bb9015,4268,2026-07-09T13:37:56.695000Z,1783604276695,127.89
session-1783603749411-du6syw,10:51:DB:0D:31:EA,b3bb9015,4269,2026-07-09T13:37:56.787000Z,1783604276787,134.0
session-1783603749411-du6syw,10:51:DB:0D:31:EA,b3bb9015,4270,2026-07-09T13:37:56.877000Z,1783604276877,127.68
session-1783603749411-du6syw,10:51:DB:0D:31:EA,b3bb9015,4271,2026-07-09T13:37:57.028000Z,1783604277028,128.14
session-1783603749411-du6syw,10:51:DB:0D:31:EA,b3bb9015,4272,2026-07-09T13:37:57.101000Z,1783604277101,128.12
session-1783603749411-du6syw,10:51:DB:0D:31:EA,b3bb9015,4273,2026-07-09T13:37:57.191000Z,1783604277191,134.23
session-1783603749411-du6syw,10:51:DB:0D:31:EA,b3bb9015,4274,2026-07-09T13:37:57.282000Z,1783604277282,134.21
session-1783603749411-du6syw,10:51:DB:0D:31:EA,b3bb9015,4275,2026-07-09T13:37:57.372000Z,1783604277372,134.42
session-1783603749411-du6syw,10:51:DB:0D:31:EA,b3bb9015,4276,2026-07-09T13:37:57.507000Z,1783604277507,133.82
session-1783603749411-du6syw,10:51:DB:0D:31:EA,b3bb9015,4277,2026-07-09T13:37:57.596000Z,1783604277596,127.87
session-1783603749411-du6syw,10:51:DB:0D:31:EA,b3bb9015,4278,2026-07-09T13:37:57.687000Z,1783604277687,133.96
session-1783603749411-du6syw,10:51:DB:0D:31:EA,b3bb9015,4279,2026-07-09T13:37:57.777000Z,1783604277777,133.91
session-1783603749411-du6syw,10:51:DB:0D:31:EA,b3bb9015,4280,2026-07-09T13:37:57.913000Z,1783604277913,134.24
session-1783603749411-du6syw,10:51:DB:0D:31:EA,b3bb9015,4281,2026-07-09T13:37:58.001000Z,1783604278001,134.21
session-1783603749411-du6syw,10:51:DB:0D:31:EA,b3bb9015,4282,2026-07-09T13:37:58.092000Z,1783604278092,133.91
session-1783603749411-du6syw,10:51:DB:0D:31:EA,b3bb9015,4283,2026-07-09T13:37:58.227000Z,1783604278227,134.23
session-1783603749411-du6syw,10:51:DB:0D:31:EA,b3bb9015,4284,2026-07-09T13:37:58.317000Z,1783604278317,134.36
session-1783603749411-du6syw,10:51:DB:0D:31:EA,b3bb9015,4285,2026-07-09T13:37:58.452000Z,1783604278452,128.14
session-1783603749411-du6syw,10:51:DB:0D:31:EA,b3bb9015,4286,2026-07-09T13:37:58.677000Z,1783604278677,134.45
session-1783603749411-du6syw,10:51:DB:0D:31:EA,b3bb9015,4287,2026-07-09T13:37:58.766000Z,1783604278766,129.39
session-1783603749411-du6syw,10:51:DB:0D:31:EA,b3bb9015,4288,2026-07-09T13:37:58.856000Z,1783604278856,128.07
session-1783603749411-du6syw,10:51:DB:0D:31:EA,b3bb9015,4289,2026-07-09T13:37:58.946000Z,1783604278946,134.4
session-1783603749411-du6syw,10:51:DB:0D:31:EA,b3bb9015,4290,2026-07-09T13:37:59.082000Z,1783604279082,134.38
session-1783603749411-du6syw,10:51:DB:0D:31:EA,b3bb9015,4291,2026-07-09T13:37:59.172000Z,1783604279172,67.29
session-1783603749411-du6syw,10:51:DB:0D:31:EA,b3bb9015,4292,2026-07-09T13:37:59.262000Z,1783604279262,134.38
session-1783603749411-du6syw,10:51:DB:0D:31:EA,b3bb9015,4293,2026-07-09T13:37:59.352000Z,1783604279352,134.43
session-1783603749411-du6syw,10:51:DB:0D:31:EA,b3bb9015,4294,2026-07-09T13:37:59.441000Z,1783604279441,134.23
session-1783603749411-du6syw,10:51:DB:0D:31:EA,b3bb9015,4295,2026-07-09T13:37:59.575000Z,1783604279575,134.38
session-1783603749411-du6syw,10:51:DB:0D:31:EA,b3bb9015,4296,2026-07-09T13:37:59.667000Z,1783604279667,134.36
session-1783603749411-du6syw,10:51:DB:0D:31:EA,b3bb9015,4297,2026-07-09T13:37:59.755000Z,1783604279755,134.24
session-1783603749411-du6syw,10:51:DB:0D:31:EA,b3bb9015,4298,2026-07-09T13:37:59.845000Z,1783604279845,134.21
session-1783603749411-du6syw,10:51:DB:0D:31:EA,b3bb9015,4299,2026-07-09T13:37:59.980000Z,1783604279980,134.4
session-1783603749411-du6syw,10:51:DB:0D:31:EA,b3bb9015,4300,2026-07-09T13:38:00.070000Z,1783604280070,67.43
session-1783603749411-du6syw,10:51:DB:0D:31:EA,b3bb9015,4301,2026-07-09T13:38:00.160000Z,1783604280160,134.23
session-1783603749411-du6syw,10:51:DB:0D:31:EA,b3bb9015,4302,2026-07-09T13:38:00.297000Z,1783604280297,134.38
session-1783603749411-du6syw,10:51:DB:0D:31:EA,b3bb9015,4303,2026-07-09T13:38:00.386000Z,1783604280386,134.38
session-1783603749411-du6syw,10:51:DB:0D:31:EA,b3bb9015,4304,2026-07-09T13:38:00.523000Z,1783604280523,134.24
session-1783603749411-du6syw,10:51:DB:0D:31:EA,b3bb9015,4305,2026-07-09T13:38:00.612000Z,1783604280612,67.36
session-1783603749411-du6syw,10:51:DB:0D:31:EA,b3bb9015,4306,2026-07-09T13:38:00.702000Z,1783604280702,134.21
session-1783603749411-du6syw,10:51:DB:0D:31:EA,b3bb9015,4307,2026-07-09T13:38:00.791000Z,1783604280791,134.24
session-1783603749411-du6syw,10:51:DB:0D:31:EA,b3bb9015,4308,2026-07-09T13:38:00.882000Z,1783604280882,134.36
session-1783603749411-du6syw,10:51:DB:0D:31:EA,b3bb9015,4309,2026-07-09T13:38:01.017000Z,1783604281017,133.95
session-1783603749411-du6syw,10:51:DB:0D:31:EA,b3bb9015,4310,2026-07-09T13:38:01.107000Z,1783604281107,134.19
session-1783603749411-du6syw,10:51:DB:0D:31:EA,b3bb9015,4311,2026-07-09T13:38:01.196000Z,1783604281196,134.36
session-1783603749411-du6syw,10:51:DB:0D:31:EA,b3bb9015,4312,2026-07-09T13:38:01.287000Z,1783604281287,134.21
session-1783603749411-du6syw,10:51:DB:0D:31:EA,b3bb9015,4313,2026-07-09T13:38:01.438000Z,1783604281438,134.38
session-1783603749411-du6syw,10:51:DB:0D:31:EA,b3bb9015,4314,2026-07-09T13:38:01.511000Z,1783604281511,133.77
session-1783603749411-du6syw,10:51:DB:0D:31:EA,b3bb9015,4315,2026-07-09T13:38:01.602000Z,1783604281602,134.38
session-1783603749411-du6syw,10:51:DB:0D:31:EA,b3bb9015,4316,2026-07-09T13:38:01.691000Z,1783604281691,134.42
session-1783603749411-du6syw,10:51:DB:0D:31:EA,b3bb9015,4317,2026-07-09T13:38:01.783000Z,1783604281783,134.38
session-1783603749411-du6syw,10:51:DB:0D:31:EA,b3bb9015,4318,2026-07-09T13:38:01.919000Z,1783604281919,127.73
session-1783603749411-du6syw,10:51:DB:0D:31:EA,b3bb9015,4319,2026-07-09T13:38:02.007000Z,1783604282007,134.23
session-1783603749411-du6syw,10:51:DB:0D:31:EA,b3bb9015,4320,2026-07-09T13:38:02.098000Z,1783604282098,128.15
session-1783603749411-du6syw,10:51:DB:0D:31:EA,b3bb9015,4321,2026-07-09T13:38:02.187000Z,1783604282187,134.19
session-1783603749411-du6syw,10:51:DB:0D:31:EA,b3bb9015,4322,2026-07-09T13:38:02.323000Z,1783604282323,134.36
session-1783603749411-du6syw,10:51:DB:0D:31:EA,b3bb9015,4323,2026-07-09T13:38:02.459000Z,1783604282459,128.33
session-1783603749411-du6syw,10:51:DB:0D:31:EA,b3bb9015,4324,2026-07-09T13:38:02.547000Z,1783604282547,134.38
session-1783603749411-du6syw,10:51:DB:0D:31:EA,b3bb9015,4325,2026-07-09T13:38:02.682000Z,1783604282682,128.78
session-1783603749411-du6syw,10:51:DB:0D:31:EA,b3bb9015,4326,2026-07-09T13:38:02.728000Z,1783604282728,128.57
session-1783603749411-du6syw,10:51:DB:0D:31:EA,b3bb9015,4327,2026-07-09T13:38:02.863000Z,1783604282863,128.73
session-1783603749411-du6syw,10:51:DB:0D:31:EA,b3bb9015,4328,2026-07-09T13:38:02.952000Z,1783604282952,66.57
session-1783603749411-du6syw,10:51:DB:0D:31:EA,b3bb9015,4329,2026-07-09T13:38:03.042000Z,1783604283042,134.4
session-1783603749411-du6syw,10:51:DB:0D:31:EA,b3bb9015,4330,2026-07-09T13:38:03.132000Z,1783604283132,128.96
session-1783603749411-du6syw,10:51:DB:0D:31:EA,b3bb9015,4331,2026-07-09T13:38:03.222000Z,1783604283222,128.76
session-1783603749411-du6syw,10:51:DB:0D:31:EA,b3bb9015,4332,2026-07-09T13:38:03.357000Z,1783604283357,128.73
session-1783603749411-du6syw,10:51:DB:0D:31:EA,b3bb9015,4333,2026-07-09T13:38:03.447000Z,1783604283447,128.31
session-1783603749411-du6syw,10:51:DB:0D:31:EA,b3bb9015,4334,2026-07-09T13:38:03.537000Z,1783604283537,128.33
session-1783603749411-du6syw,10:51:DB:0D:31:EA,b3bb9015,4335,2026-07-09T13:38:03.626000Z,1783604283626,128.75
session-1783603749411-du6syw,10:51:DB:0D:31:EA,b3bb9015,4336,2026-07-09T13:38:03.762000Z,1783604283762,128.17
session-1783603749411-du6syw,10:51:DB:0D:31:EA,b3bb9015,4337,2026-07-09T13:38:03.913000Z,1783604283913,66.55
session-1783603749411-du6syw,10:51:DB:0D:31:EA,b3bb9015,4338,2026-07-09T13:38:03.986000Z,1783604283986,128.61
session-1783603749411-du6syw,10:51:DB:0D:31:EA,b3bb9015,4339,2026-07-09T13:38:04.029000Z,1783604284029,128.34
session-1783603749411-du6syw,10:51:DB:0D:31:EA,b3bb9015,4340,2026-07-09T13:38:04.166000Z,1783604284166,128.99
session-1783603749411-du6syw,10:51:DB:0D:31:EA,b3bb9015,4341,2026-07-09T13:38:04.300000Z,1783604284300,134.45
session-1783603749411-du6syw,10:51:DB:0D:31:EA,b3bb9015,4342,2026-07-09T13:38:04.391000Z,1783604284391,134.17
session-1783603749411-du6syw,10:51:DB:0D:31:EA,b3bb9015,4343,2026-07-09T13:38:04.479000Z,1783604284479,134.43
session-1783603749411-du6syw,10:51:DB:0D:31:EA,b3bb9015,4344,2026-07-09T13:38:04.615000Z,1783604284615,134.21
session-1783603749411-du6syw,10:51:DB:0D:31:EA,b3bb9015,4345,2026-07-09T13:38:04.705000Z,1783604284705,133.81
session-1783603749411-du6syw,10:51:DB:0D:31:EA,b3bb9015,4346,2026-07-09T13:38:04.795000Z,1783604284795,133.95
session-1783603749411-du6syw,10:51:DB:0D:31:EA,b3bb9015,4347,2026-07-09T13:38:04.885000Z,1783604284885,133.79
session-1783603749411-du6syw,10:51:DB:0D:31:EA,b3bb9015,4348,2026-07-09T13:38:04.976000Z,1783604284976,133.95
session-1783603749411-du6syw,10:51:DB:0D:31:EA,b3bb9015,4349,2026-07-09T13:38:05.066000Z,1783604285066,133.79
session-1783603749411-du6syw,10:51:DB:0D:31:EA,b3bb9015,4350,2026-07-09T13:38:05.201000Z,1783604285201,134.36
session-1783603749411-du6syw,10:51:DB:0D:31:EA,b3bb9015,4351,2026-07-09T13:38:05.291000Z,1783604285291,66.78
session-1783603749411-du6syw,10:51:DB:0D:31:EA,b3bb9015,4352,2026-07-09T13:38:05.381000Z,1783604285381,133.91
session-1783603749411-du6syw,10:51:DB:0D:31:EA,b3bb9015,4353,2026-07-09T13:38:05.473000Z,1783604285473,134.21
session-1783603749411-du6syw,10:51:DB:0D:31:EA,b3bb9015,4354,2026-07-09T13:38:05.607000Z,1783604285607,133.77
session-1783603749411-du6syw,10:51:DB:0D:31:EA,b3bb9015,4355,2026-07-09T13:38:05.697000Z,1783604285697,133.96
session-1783603749411-du6syw,10:51:DB:0D:31:EA,b3bb9015,4356,2026-07-09T13:38:05.786000Z,1783604285786,133.77
session-1783603749411-du6syw,10:51:DB:0D:31:EA,b3bb9015,4357,2026-07-09T13:38:05.878000Z,1783604285878,133.95
session-1783603749411-du6syw,10:51:DB:0D:31:EA,b3bb9015,4358,2026-07-09T13:38:05.966000Z,1783604285966,133.75
session-1783603749411-du6syw,10:51:DB:0D:31:EA,b3bb9015,4359,2026-07-09T13:38:06.117000Z,1783604286117,133.81
session-1783603749411-du6syw,10:51:DB:0D:31:EA,b3bb9015,4360,2026-07-09T13:38:06.192000Z,1783604286192,65.91
session-1783603749411-du6syw,10:51:DB:0D:31:EA,b3bb9015,4361,2026-07-09T13:38:06.282000Z,1783604286282,133.77
session-1783603749411-du6syw,10:51:DB:0D:31:EA,b3bb9015,4362,2026-07-09T13:38:06.418000Z,1783604286418,133.95
session-1783603749411-du6syw,10:51:DB:0D:31:EA,b3bb9015,4363,2026-07-09T13:38:06.506000Z,1783604286506,133.75
session-1783603749411-du6syw,10:51:DB:0D:31:EA,b3bb9015,4364,2026-07-09T13:38:06.657000Z,1783604286657,129.01
session-1783603749411-du6syw,10:51:DB:0D:31:EA,b3bb9015,4365,2026-07-09T13:38:06.731000Z,1783604286731,65.51
session-1783603749411-du6syw,10:51:DB:0D:31:EA,b3bb9015,4366,2026-07-09T13:38:06.822000Z,1783604286822,134.19
session-1783603749411-du6syw,10:51:DB:0D:31:EA,b3bb9015,4367,2026-07-09T13:38:06.912000Z,1783604286912,134.23
session-1783603749411-du6syw,10:51:DB:0D:31:EA,b3bb9015,4368,2026-07-09T13:38:07.048000Z,1783604287048,134.36
session-1783603749411-du6syw,10:51:DB:0D:31:EA,b3bb9015,4369,2026-07-09T13:38:07.136000Z,1783604287136,134.24
session-1783603749411-du6syw,10:51:DB:0D:31:EA,b3bb9015,4370,2026-07-09T13:38:07.227000Z,1783604287227,134.66
session-1783603749411-du6syw,10:51:DB:0D:31:EA,b3bb9015,4371,2026-07-09T13:38:07.317000Z,1783604287317,134.0
session-1783603749411-du6syw,10:51:DB:0D:31:EA,b3bb9015,4372,2026-07-09T13:38:07.407000Z,1783604287407,134.42
session-1783603749411-du6syw,10:51:DB:0D:31:EA,b3bb9015,4373,2026-07-09T13:38:07.557000Z,1783604287557,134.21
session-1783603749411-du6syw,10:51:DB:0D:31:EA,b3bb9015,4374,2026-07-09T13:38:07.632000Z,1783604287632,133.98
session-1783603749411-du6syw,10:51:DB:0D:31:EA,b3bb9015,4375,2026-07-09T13:38:07.722000Z,1783604287722,134.0
session-1783603749411-du6syw,10:51:DB:0D:31:EA,b3bb9015,4376,2026-07-09T13:38:07.813000Z,1783604287813,134.03
session-1783603749411-du6syw,10:51:DB:0D:31:EA,b3bb9015,4377,2026-07-09T13:38:07.946000Z,1783604287946,128.71
session-1783603749411-du6syw,10:51:DB:0D:31:EA,b3bb9015,4378,2026-07-09T13:38:08.036000Z,1783604288036,134.23
session-1783603749411-du6syw,10:51:DB:0D:31:EA,b3bb9015,4379,2026-07-09T13:38:08.127000Z,1783604288127,133.81
session-1783603749411-du6syw,10:51:DB:0D:31:EA,b3bb9015,4380,2026-07-09T13:38:08.215000Z,1783604288215,133.84
session-1783603749411-du6syw,10:51:DB:0D:31:EA,b3bb9015,4381,2026-07-09T13:38:08.306000Z,1783604288306,133.81
session-1783603749411-du6syw,10:51:DB:0D:31:EA,b3bb9015,4382,2026-07-09T13:38:08.457000Z,1783604288457,128.57
session-1783603749411-du6syw,10:51:DB:0D:31:EA,b3bb9015,4383,2026-07-09T13:38:08.578000Z,1783604288578,133.98
session-1783603749411-du6syw,10:51:DB:0D:31:EA,b3bb9015,4384,2026-07-09T13:38:08.666000Z,1783604288666,134.43
session-1783603749411-du6syw,10:51:DB:0D:31:EA,b3bb9015,4385,2026-07-09T13:38:08.757000Z,1783604288757,134.02
session-1783603749411-du6syw,10:51:DB:0D:31:EA,b3bb9015,4386,2026-07-09T13:38:08.907000Z,1783604288907,134.24
session-1783603749411-du6syw,10:51:DB:0D:31:EA,b3bb9015,4387,2026-07-09T13:38:08.982000Z,1783604288982,134.24
session-1783603749411-du6syw,10:51:DB:0D:31:EA,b3bb9015,4388,2026-07-09T13:38:09.072000Z,1783604289072,133.84
session-1783603749411-du6syw,10:51:DB:0D:31:EA,b3bb9015,4389,2026-07-09T13:38:09.162000Z,1783604289162,128.15
session-1783603749411-du6syw,10:51:DB:0D:31:EA,b3bb9015,4390,2026-07-09T13:38:09.252000Z,1783604289252,134.4
session-1783603749411-du6syw,10:51:DB:0D:31:EA,b3bb9015,4391,2026-07-09T13:38:09.341000Z,1783604289341,134.36
session-1783603749411-du6syw,10:51:DB:0D:31:EA,b3bb9015,4392,2026-07-09T13:38:09.491000Z,1783604289491,128.59
session-1783603749411-du6syw,10:51:DB:0D:31:EA,b3bb9015,4393,2026-07-09T13:38:09.566000Z,1783604289566,128.29
session-1783603749411-du6syw,10:51:DB:0D:31:EA,b3bb9015,4394,2026-07-09T13:38:09.702000Z,1783604289702,134.23
session-1783603749411-du6syw,10:51:DB:0D:31:EA,b3bb9015,4395,2026-07-09T13:38:09.881000Z,1783604289881,134.43
session-1783603749411-du6syw,10:51:DB:0D:31:EA,b3bb9015,4396,2026-07-09T13:38:10.016000Z,1783604290016,134.61
session-1783603749411-du6syw,10:51:DB:0D:31:EA,b3bb9015,4397,2026-07-09T13:38:10.259000Z,1783604290259,134.84
session-1783603749411-du6syw,10:51:DB:0D:31:EA,b3bb9015,4398,2026-07-09T13:38:10.331000Z,1783604290331,65.09
session-1783603749411-du6syw,10:51:DB:0D:31:EA,b3bb9015,4399,2026-07-09T13:38:10.466000Z,1783604290466,134.21
session-1783603749411-du6syw,10:51:DB:0D:31:EA,b3bb9015,4400,2026-07-09T13:38:10.556000Z,1783604290556,134.84
session-1783603749411-du6syw,10:51:DB:0D:31:EA,b3bb9015,4401,2026-07-09T13:38:10.648000Z,1783604290648,135.08
session-1783603749411-du6syw,10:51:DB:0D:31:EA,b3bb9015,4402,2026-07-09T13:38:10.781000Z,1783604290781,135.12
session-1783603749411-du6syw,10:51:DB:0D:31:EA,b3bb9015,4403,2026-07-09T13:38:10.872000Z,1783604290872,65.04
session-1783603749411-du6syw,10:51:DB:0D:31:EA,b3bb9015,4404,2026-07-09T13:38:10.962000Z,1783604290962,135.66
session-1783603749411-du6syw,10:51:DB:0D:31:EA,b3bb9015,4405,2026-07-09T13:38:11.051000Z,1783604291051,136.13
session-1783603749411-du6syw,10:51:DB:0D:31:EA,b3bb9015,4406,2026-07-09T13:38:11.142000Z,1783604291142,135.95
session-1783603749411-du6syw,10:51:DB:0D:31:EA,b3bb9015,4407,2026-07-09T13:38:11.277000Z,1783604291277,128.5
session-1783603749411-du6syw,10:51:DB:0D:31:EA,b3bb9015,4408,2026-07-09T13:38:11.367000Z,1783604291367,129.39
session-1783603749411-du6syw,10:51:DB:0D:31:EA,b3bb9015,4409,2026-07-09T13:38:11.457000Z,1783604291457,128.33
session-1783603749411-du6syw,10:51:DB:0D:31:EA,b3bb9015,4410,2026-07-09T13:38:11.546000Z,1783604291546,128.94
session-1783603749411-du6syw,10:51:DB:0D:31:EA,b3bb9015,4411,2026-07-09T13:38:11.683000Z,1783604291683,135.97
session-1783603749411-du6syw,10:51:DB:0D:31:EA,b3bb9015,4412,2026-07-09T13:38:11.773000Z,1783604291773,64.67
session-1783603749411-du6syw,10:51:DB:0D:31:EA,b3bb9015,4413,2026-07-09T13:38:11.862000Z,1783604291862,127.84
session-1783603749411-du6syw,10:51:DB:0D:31:EA,b3bb9015,4414,2026-07-09T13:38:11.951000Z,1783604291951,128.34
session-1783603749411-du6syw,10:51:DB:0D:31:EA,b3bb9015,4415,2026-07-09T13:38:12.087000Z,1783604292087,128.5
session-1783603749411-du6syw,10:51:DB:0D:31:EA,b3bb9015,4416,2026-07-09T13:38:12.176000Z,1783604292176,128.75
session-1783603749411-du6syw,10:51:DB:0D:31:EA,b3bb9015,4417,2026-07-09T13:38:12.267000Z,1783604292267,128.73
session-1783603749411-du6syw,10:51:DB:0D:31:EA,b3bb9015,4418,2026-07-09T13:38:12.356000Z,1783604292356,129.41
session-1783603749411-du6syw,10:51:DB:0D:31:EA,b3bb9015,4419,2026-07-09T13:38:12.508000Z,1783604292508,128.75
session-1783603749411-du6syw,10:51:DB:0D:31:EA,b3bb9015,4420,2026-07-09T13:38:12.580000Z,1783604292580,129.62
session-1783603749411-du6syw,10:51:DB:0D:31:EA,b3bb9015,4421,2026-07-09T13:38:12.717000Z,1783604292717,128.52
session-1783603749411-du6syw,10:51:DB:0D:31:EA,b3bb9015,4422,2026-07-09T13:38:12.806000Z,1783604292806,134.82
session-1783603749411-du6syw,10:51:DB:0D:31:EA,b3bb9015,4423,2026-07-09T13:38:13.077000Z,1783604293077,129.25
session-1783603749411-du6syw,10:51:DB:0D:31:EA,b3bb9015,4424,2026-07-09T13:38:13.123000Z,1783604293123,127.87
session-1783603749411-du6syw,10:51:DB:0D:31:EA,b3bb9015,4425,2026-07-09T13:38:13.257000Z,1783604293257,134.42
session-1783603749411-du6syw,10:51:DB:0D:31:EA,b3bb9015,4426,2026-07-09T13:38:13.347000Z,1783604293347,134.42
session-1783603749411-du6syw,10:51:DB:0D:31:EA,b3bb9015,4427,2026-07-09T13:38:13.436000Z,1783604293436,134.64
session-1783603749411-du6syw,10:51:DB:0D:31:EA,b3bb9015,4428,2026-07-09T13:38:13.527000Z,1783604293527,133.91
session-1783603749411-du6syw,10:51:DB:0D:31:EA,b3bb9015,4429,2026-07-09T13:38:13.616000Z,1783604293616,134.23
session-1783603749411-du6syw,10:51:DB:0D:31:EA,b3bb9015,4430,2026-07-09T13:38:13.752000Z,1783604293752,134.19
session-1783603749411-du6syw,10:51:DB:0D:31:EA,b3bb9015,4431,2026-07-09T13:38:13.841000Z,1783604293841,64.56
session-1783603749411-du6syw,10:51:DB:0D:31:EA,b3bb9015,4432,2026-07-09T13:38:13.934000Z,1783604293934,134.19
session-1783603749411-du6syw,10:51:DB:0D:31:EA,b3bb9015,4433,2026-07-09T13:38:14.067000Z,1783604294067,134.23
session-1783603749411-du6syw,10:51:DB:0D:31:EA,b3bb9015,4434,2026-07-09T13:38:14.157000Z,1783604294157,134.8
session-1783603749411-du6syw,10:51:DB:0D:31:EA,b3bb9015,4435,2026-07-09T13:38:14.248000Z,1783604294248,134.24
session-1783603749411-du6syw,10:51:DB:0D:31:EA,b3bb9015,4436,2026-07-09T13:38:14.336000Z,1783604294336,135.08
session-1783603749411-du6syw,10:51:DB:0D:31:EA,b3bb9015,4437,2026-07-09T13:38:14.427000Z,1783604294427,134.8
session-1783603749411-du6syw,10:51:DB:0D:31:EA,b3bb9015,4438,2026-07-09T13:38:14.562000Z,1783604294562,135.08
session-1783603749411-du6syw,10:51:DB:0D:31:EA,b3bb9015,4439,2026-07-09T13:38:14.697000Z,1783604294697,134.8
session-1783603749411-du6syw,10:51:DB:0D:31:EA,b3bb9015,4440,2026-07-09T13:38:14.786000Z,1783604294786,134.8
session-1783603749411-du6syw,10:51:DB:0D:31:EA,b3bb9015,4441,2026-07-09T13:38:14.877000Z,1783604294877,128.94
session-1783603749411-du6syw,10:51:DB:0D:31:EA,b3bb9015,4442,2026-07-09T13:38:14.967000Z,1783604294967,135.67
session-1783603749411-du6syw,10:51:DB:0D:31:EA,b3bb9015,4443,2026-07-09T13:38:15.057000Z,1783604295057,135.24
session-1783603749411-du6syw,10:51:DB:0D:31:EA,b3bb9015,4444,2026-07-09T13:38:15.207000Z,1783604295207,128.73
session-1783603749411-du6syw,10:51:DB:0D:31:EA,b3bb9015,4445,2026-07-09T13:38:15.282000Z,1783604295282,63.99
session-1783603749411-du6syw,10:51:DB:0D:31:EA,b3bb9015,4446,2026-07-09T13:38:15.373000Z,1783604295373,135.27
session-1783603749411-du6syw,10:51:DB:0D:31:EA,b3bb9015,4447,2026-07-09T13:38:15.462000Z,1783604295462,135.71
session-1783603749411-du6syw,10:51:DB:0D:31:EA,b3bb9015,4448,2026-07-09T13:38:15.551000Z,1783604295551,134.66
session-1783603749411-du6syw,10:51:DB:0D:31:EA,b3bb9015,4449,2026-07-09T13:38:15.687000Z,1783604295687,128.5
session-1783603749411-du6syw,10:51:DB:0D:31:EA,b3bb9015,4450,2026-07-09T13:38:15.777000Z,1783604295777,134.45
session-1783603749411-du6syw,10:51:DB:0D:31:EA,b3bb9015,4451,2026-07-09T13:38:15.868000Z,1783604295868,134.28
session-1783603749411-du6syw,10:51:DB:0D:31:EA,b3bb9015,4452,2026-07-09T13:38:15.957000Z,1783604295957,133.82
session-1783603749411-du6syw,10:51:DB:0D:31:EA,b3bb9015,4453,2026-07-09T13:38:16.109000Z,1783604296109,134.26
session-1783603749411-du6syw,10:51:DB:0D:31:EA,b3bb9015,4454,2026-07-09T13:38:16.181000Z,1783604296181,63.71
session-1783603749411-du6syw,10:51:DB:0D:31:EA,b3bb9015,4455,2026-07-09T13:38:16.271000Z,1783604296271,127.87
session-1783603749411-du6syw,10:51:DB:0D:31:EA,b3bb9015,4456,2026-07-09T13:38:16.363000Z,1783604296363,134.0
session-1783603749411-du6syw,10:51:DB:0D:31:EA,b3bb9015,4457,2026-07-09T13:38:16.496000Z,1783604296496,133.98
session-1783603749411-du6syw,10:51:DB:0D:31:EA,b3bb9015,4458,2026-07-09T13:38:16.632000Z,1783604296632,133.79
session-1783603749411-du6syw,10:51:DB:0D:31:EA,b3bb9015,4459,2026-07-09T13:38:16.722000Z,1783604296722,81.4
session-1783603749411-du6syw,10:51:DB:0D:31:EA,b3bb9015,4460,2026-07-09T13:38:16.812000Z,1783604296812,134.4
session-1783603749411-du6syw,10:51:DB:0D:31:EA,b3bb9015,4461,2026-07-09T13:38:16.903000Z,1783604296903,128.29
session-1783603749411-du6syw,10:51:DB:0D:31:EA,b3bb9015,4462,2026-07-09T13:38:16.992000Z,1783604296992,126.81
session-1783603749411-du6syw,10:51:DB:0D:31:EA,b3bb9015,4463,2026-07-09T13:38:17.126000Z,1783604297126,127.89
session-1783603749411-du6syw,10:51:DB:0D:31:EA,b3bb9015,4464,2026-07-09T13:38:17.217000Z,1783604297217,127.87
session-1783603749411-du6syw,10:51:DB:0D:31:EA,b3bb9015,4465,2026-07-09T13:38:17.307000Z,1783604297307,128.34
session-1783603749411-du6syw,10:51:DB:0D:31:EA,b3bb9015,4466,2026-07-09T13:38:17.397000Z,1783604297397,127.45
session-1783603749411-du6syw,10:51:DB:0D:31:EA,b3bb9015,4467,2026-07-09T13:38:17.533000Z,1783604297533,128.15
session-1783603749411-du6syw,10:51:DB:0D:31:EA,b3bb9015,4468,2026-07-09T13:38:17.622000Z,1783604297622,127.26
session-1783603749411-du6syw,10:51:DB:0D:31:EA,b3bb9015,4469,2026-07-09T13:38:17.711000Z,1783604297711,128.26
session-1783603749411-du6syw,10:51:DB:0D:31:EA,b3bb9015,4470,2026-07-09T13:38:17.802000Z,1783604297802,127.32
session-1783603749411-du6syw,10:51:DB:0D:31:EA,b3bb9015,4471,2026-07-09T13:38:17.936000Z,1783604297936,133.79
session-1783603749411-du6syw,10:51:DB:0D:31:EA,b3bb9015,4472,2026-07-09T13:38:18.026000Z,1783604298026,133.82
session-1783603749411-du6syw,10:51:DB:0D:31:EA,b3bb9015,4473,2026-07-09T13:38:18.116000Z,1783604298116,134.38
session-1783603749411-du6syw,10:51:DB:0D:31:EA,b3bb9015,4474,2026-07-09T13:38:18.206000Z,1783604298206,134.4
session-1783603749411-du6syw,10:51:DB:0D:31:EA,b3bb9015,4475,2026-07-09T13:38:18.296000Z,1783604298296,134.4
session-1783603749411-du6syw,10:51:DB:0D:31:EA,b3bb9015,4476,2026-07-09T13:38:18.433000Z,1783604298433,134.26
session-1783603749411-du6syw,10:51:DB:0D:31:EA,b3bb9015,4477,2026-07-09T13:38:18.522000Z,1783604298522,128.97
session-1783603749411-du6syw,10:51:DB:0D:31:EA,b3bb9015,4478,2026-07-09T13:38:18.657000Z,1783604298657,128.01
session-1783603749411-du6syw,10:51:DB:0D:31:EA,b3bb9015,4479,2026-07-09T13:38:18.746000Z,1783604298746,134.42
session-1783603749411-du6syw,10:51:DB:0D:31:EA,b3bb9015,4480,2026-07-09T13:38:18.834000Z,1783604298834,128.76
session-1783603749411-du6syw,10:51:DB:0D:31:EA,b3bb9015,4481,2026-07-09T13:38:18.973000Z,1783604298973,134.4
session-1783603749411-du6syw,10:51:DB:0D:31:EA,b3bb9015,4482,2026-07-09T13:38:19.062000Z,1783604299062,134.36
session-1783603749411-du6syw,10:51:DB:0D:31:EA,b3bb9015,4483,2026-07-09T13:38:19.154000Z,1783604299154,129.58
session-1783603749411-du6syw,10:51:DB:0D:31:EA,b3bb9015,4484,2026-07-09T13:38:19.241000Z,1783604299241,129.25
session-1783603749411-du6syw,10:51:DB:0D:31:EA,b3bb9015,4485,2026-07-09T13:38:19.377000Z,1783604299377,134.42
session-1783603749411-du6syw,10:51:DB:0D:31:EA,b3bb9015,4486,2026-07-09T13:38:19.467000Z,1783604299467,134.24
session-1783603749411-du6syw,10:51:DB:0D:31:EA,b3bb9015,4487,2026-07-09T13:38:19.601000Z,1783604299601,134.36
session-1783603749411-du6syw,10:51:DB:0D:31:EA,b3bb9015,4488,2026-07-09T13:38:19.646000Z,1783604299646,134.43
session-1783603749411-du6syw,10:51:DB:0D:31:EA,b3bb9015,4489,2026-07-09T13:38:19.736000Z,1783604299736,133.79
session-1783603749411-du6syw,10:51:DB:0D:31:EA,b3bb9015,4490,2026-07-09T13:38:19.872000Z,1783604299872,134.0
session-1783603749411-du6syw,10:51:DB:0D:31:EA,b3bb9015,4491,2026-07-09T13:38:20.007000Z,1783604300007,133.95
session-1783603749411-du6syw,10:51:DB:0D:31:EA,b3bb9015,4492,2026-07-09T13:38:20.051000Z,1783604300051,133.93
session-1783603749411-du6syw,10:51:DB:0D:31:EA,b3bb9015,4493,2026-07-09T13:38:20.142000Z,1783604300142,133.79
session-1783603749411-du6syw,10:51:DB:0D:31:EA,b3bb9015,4494,2026-07-09T13:38:20.277000Z,1783604300277,133.91
session-1783603749411-du6syw,10:51:DB:0D:31:EA,b3bb9015,4495,2026-07-09T13:38:20.367000Z,1783604300367,133.79
session-1783603749411-du6syw,10:51:DB:0D:31:EA,b3bb9015,4496,2026-07-09T13:38:20.457000Z,1783604300457,133.77
session-1783603749411-du6syw,10:51:DB:0D:31:EA,b3bb9015,4497,2026-07-09T13:38:20.547000Z,1783604300547,133.98
session-1783603749411-du6syw,10:51:DB:0D:31:EA,b3bb9015,4498,2026-07-09T13:38:20.682000Z,1783604300682,133.77
session-1783603749411-du6syw,10:51:DB:0D:31:EA,b3bb9015,4499,2026-07-09T13:38:20.817000Z,1783604300817,128.8
session-1783603749411-du6syw,10:51:DB:0D:31:EA,b3bb9015,4500,2026-07-09T13:38:20.905000Z,1783604300905,133.95
session-1783603749411-du6syw,10:51:DB:0D:31:EA,b3bb9015,4501,2026-07-09T13:38:20.999000Z,1783604300999,133.95
session-1783603749411-du6syw,10:51:DB:0D:31:EA,b3bb9015,4502,2026-07-09T13:38:21.133000Z,1783604301133,133.79
session-1783603749411-du6syw,10:51:DB:0D:31:EA,b3bb9015,4503,2026-07-09T13:38:21.176000Z,1783604301176,133.79
session-1783603749411-du6syw,10:51:DB:0D:31:EA,b3bb9015,4504,2026-07-09T13:38:21.312000Z,1783604301312,134.38
session-1783603749411-du6syw,10:51:DB:0D:31:EA,b3bb9015,4505,2026-07-09T13:38:21.402000Z,1783604301402,62.65
session-1783603749411-du6syw,10:51:DB:0D:31:EA,b3bb9015,4506,2026-07-09T13:38:21.491000Z,1783604301491,134.23
session-1783603749411-du6syw,10:51:DB:0D:31:EA,b3bb9015,4507,2026-07-09T13:38:21.582000Z,1783604301582,133.95
session-1783603749411-du6syw,10:51:DB:0D:31:EA,b3bb9015,4508,2026-07-09T13:38:21.717000Z,1783604301717,128.15
session-1783603749411-du6syw,10:51:DB:0D:31:EA,b3bb9015,4509,2026-07-09T13:38:21.806000Z,1783604301806,133.98
session-1783603749411-du6syw,10:51:DB:0D:31:EA,b3bb9015,4510,2026-07-09T13:38:21.895000Z,1783604301895,134.19
session-1783603749411-du6syw,10:51:DB:0D:31:EA,b3bb9015,4511,2026-07-09T13:38:21.987000Z,1783604301987,133.95
session-1783603749411-du6syw,10:51:DB:0D:31:EA,b3bb9015,4512,2026-07-09T13:38:22.076000Z,1783604302076,133.77
session-1783603749411-du6syw,10:51:DB:0D:31:EA,b3bb9015,4513,2026-07-09T13:38:22.212000Z,1783604302212,133.82
session-1783603749411-du6syw,10:51:DB:0D:31:EA,b3bb9015,4514,2026-07-09T13:38:22.301000Z,1783604302301,62.4
session-1783603749411-du6syw,10:51:DB:0D:31:EA,b3bb9015,4515,2026-07-09T13:38:22.391000Z,1783604302391,133.79
session-1783603749411-du6syw,10:51:DB:0D:31:EA,b3bb9015,4516,2026-07-09T13:38:22.481000Z,1783604302481,133.81
session-1783603749411-du6syw,10:51:DB:0D:31:EA,b3bb9015,4517,2026-07-09T13:38:22.617000Z,1783604302617,133.91
session-1783603749411-du6syw,10:51:DB:0D:31:EA,b3bb9015,4518,2026-07-09T13:38:22.752000Z,1783604302752,133.79
session-1783603749411-du6syw,10:51:DB:0D:31:EA,b3bb9015,4519,2026-07-09T13:38:22.841000Z,1783604302841,59.68
session-1783603749411-du6syw,10:51:DB:0D:31:EA,b3bb9015,4520,2026-07-09T13:38:22.930000Z,1783604302930,128.71
session-1783603749411-du6syw,10:51:DB:0D:31:EA,b3bb9015,4521,2026-07-09T13:38:23.021000Z,1783604303021,133.81
session-1783603749411-du6syw,10:51:DB:0D:31:EA,b3bb9015,4522,2026-07-09T13:38:23.159000Z,1783604303159,134.21
session-1783603749411-du6syw,10:51:DB:0D:31:EA,b3bb9015,4523,2026-07-09T13:38:23.246000Z,1783604303246,133.96
session-1783603749411-du6syw,10:51:DB:0D:31:EA,b3bb9015,4524,2026-07-09T13:38:23.336000Z,1783604303336,133.75
session-1783603749411-du6syw,10:51:DB:0D:31:EA,b3bb9015,4525,2026-07-09T13:38:23.427000Z,1783604303427,128.96
session-1783603749411-du6syw,10:51:DB:0D:31:EA,b3bb9015,4526,2026-07-09T13:38:23.516000Z,1783604303516,133.95
session-1783603749411-du6syw,10:51:DB:0D:31:EA,b3bb9015,4527,2026-07-09T13:38:23.668000Z,1783604303668,128.5
session-1783603749411-du6syw,10:51:DB:0D:31:EA,b3bb9015,4528,2026-07-09T13:38:23.741000Z,1783604303741,61.96
session-1783603749411-du6syw,10:51:DB:0D:31:EA,b3bb9015,4529,2026-07-09T13:38:23.831000Z,1783604303831,128.94
session-1783603749411-du6syw,10:51:DB:0D:31:EA,b3bb9015,4530,2026-07-09T13:38:23.922000Z,1783604303922,128.48
session-1783603749411-du6syw,10:51:DB:0D:31:EA,b3bb9015,4531,2026-07-09T13:38:24.013000Z,1783604304013,128.94
session-1783603749411-du6syw,10:51:DB:0D:31:EA,b3bb9015,4532,2026-07-09T13:38:24.148000Z,1783604304148,128.76
session-1783603749411-du6syw,10:51:DB:0D:31:EA,b3bb9015,4533,2026-07-09T13:38:24.236000Z,1783604304236,128.59
session-1783603749411-du6syw,10:51:DB:0D:31:EA,b3bb9015,4534,2026-07-09T13:38:24.327000Z,1783604304327,133.95
session-1783603749411-du6syw,10:51:DB:0D:31:EA,b3bb9015,4535,2026-07-09T13:38:24.417000Z,1783604304417,128.17
session-1783603749411-du6syw,10:51:DB:0D:31:EA,b3bb9015,4536,2026-07-09T13:38:24.552000Z,1783604304552,133.96
session-1783603749411-du6syw,10:51:DB:0D:31:EA,b3bb9015,4537,2026-07-09T13:38:24.642000Z,1783604304642,61.93
session-1783603749411-du6syw,10:51:DB:0D:31:EA,b3bb9015,4538,2026-07-09T13:38:24.777000Z,1783604304777,133.91
session-1783603749411-du6syw,10:51:DB:0D:31:EA,b3bb9015,4539,2026-07-09T13:38:24.867000Z,1783604304867,128.29
session-1783603749411-du6syw,10:51:DB:0D:31:EA,b3bb9015,4540,2026-07-09T13:38:25.002000Z,1783604305002,133.91
session-1783603749411-du6syw,10:51:DB:0D:31:EA,b3bb9015,4541,2026-07-09T13:38:25.093000Z,1783604305093,61.98
session-1783603749411-du6syw,10:51:DB:0D:31:EA,b3bb9015,4542,2026-07-09T13:38:25.181000Z,1783604305181,128.33
session-1783603749411-du6syw,10:51:DB:0D:31:EA,b3bb9015,4543,2026-07-09T13:38:25.272000Z,1783604305272,133.96
session-1783603749411-du6syw,10:51:DB:0D:31:EA,b3bb9015,4544,2026-07-09T13:38:25.407000Z,1783604305407,133.91
session-1783603749411-du6syw,10:51:DB:0D:31:EA,b3bb9015,4545,2026-07-09T13:38:25.496000Z,1783604305496,133.79
session-1783603749411-du6syw,10:51:DB:0D:31:EA,b3bb9015,4546,2026-07-09T13:38:25.585000Z,1783604305585,133.93
session-1783603749411-du6syw,10:51:DB:0D:31:EA,b3bb9015,4547,2026-07-09T13:38:25.737000Z,1783604305737,133.79
session-1783603749411-du6syw,10:51:DB:0D:31:EA,b3bb9015,4548,2026-07-09T13:38:25.768000Z,1783604305768,133.93
session-1783603749411-du6syw,10:51:DB:0D:31:EA,b3bb9015,4549,2026-07-09T13:38:25.902000Z,1783604305902,133.93
session-1783603749411-du6syw,10:51:DB:0D:31:EA,b3bb9015,4550,2026-07-09T13:38:25.991000Z,1783604305991,61.41
session-1783603749411-du6syw,10:51:DB:0D:31:EA,b3bb9015,4551,2026-07-09T13:38:26.127000Z,1783604306127,133.91
session-1783603749411-du6syw,10:51:DB:0D:31:EA,b3bb9015,4552,2026-07-09T13:38:26.171000Z,1783604306171,128.34
session-1783603749411-du6syw,10:51:DB:0D:31:EA,b3bb9015,4553,2026-07-09T13:38:26.321000Z,1783604306321,133.95
session-1783603749411-du6syw,10:51:DB:0D:31:EA,b3bb9015,4554,2026-07-09T13:38:26.442000Z,1783604306442,129.04
session-1783603749411-du6syw,10:51:DB:0D:31:EA,b3bb9015,4555,2026-07-09T13:38:26.486000Z,1783604306486,134.24
session-1783603749411-du6syw,10:51:DB:0D:31:EA,b3bb9015,4556,2026-07-09T13:38:26.577000Z,1783604306577,129.2
session-1783603749411-du6syw,10:51:DB:0D:31:EA,b3bb9015,4557,2026-07-09T13:38:26.667000Z,1783604306667,127.84
session-1783603749411-du6syw,10:51:DB:0D:31:EA,b3bb9015,4558,2026-07-09T13:38:26.817000Z,1783604306817,128.07
session-1783603749411-du6syw,10:51:DB:0D:31:EA,b3bb9015,4559,2026-07-09T13:38:26.937000Z,1783604306937,129.22
session-1783603749411-du6syw,10:51:DB:0D:31:EA,b3bb9015,4560,2026-07-09T13:38:27.026000Z,1783604307026,128.52
session-1783603749411-du6syw,10:51:DB:0D:31:EA,b3bb9015,4561,2026-07-09T13:38:27.116000Z,1783604307116,128.9
session-1783603749411-du6syw,10:51:DB:0D:31:EA,b3bb9015,4562,2026-07-09T13:38:27.252000Z,1783604307252,134.45
session-1783603749411-du6syw,10:51:DB:0D:31:EA,b3bb9015,4563,2026-07-09T13:38:27.340000Z,1783604307340,128.94
session-1783603749411-du6syw,10:51:DB:0D:31:EA,b3bb9015,4564,2026-07-09T13:38:27.478000Z,1783604307478,128.92
session-1783603749411-du6syw,10:51:DB:0D:31:EA,b3bb9015,4565,2026-07-09T13:38:27.521000Z,1783604307521,134.38
session-1783603749411-du6syw,10:51:DB:0D:31:EA,b3bb9015,4566,2026-07-09T13:38:27.612000Z,1783604307612,128.52
session-1783603749411-du6syw,10:51:DB:0D:31:EA,b3bb9015,4567,2026-07-09T13:38:27.747000Z,1783604307747,133.96
session-1783603749411-du6syw,10:51:DB:0D:31:EA,b3bb9015,4568,2026-07-09T13:38:27.837000Z,1783604307837,128.76
session-1783603749411-du6syw,10:51:DB:0D:31:EA,b3bb9015,4569,2026-07-09T13:38:27.926000Z,1783604307926,134.21
session-1783603749411-du6syw,10:51:DB:0D:31:EA,b3bb9015,4570,2026-07-09T13:38:28.016000Z,1783604308016,134.24
session-1783603749411-du6syw,10:51:DB:0D:31:EA,b3bb9015,4571,2026-07-09T13:38:28.106000Z,1783604308106,133.91
session-1783603749411-du6syw,10:51:DB:0D:31:EA,b3bb9015,4572,2026-07-09T13:38:28.257000Z,1783604308257,134.23
session-1783603749411-du6syw,10:51:DB:0D:31:EA,b3bb9015,4573,2026-07-09T13:38:28.377000Z,1783604308377,134.19
session-1783603749411-du6syw,10:51:DB:0D:31:EA,b3bb9015,4574,2026-07-09T13:38:28.421000Z,1783604308421,134.36
session-1783603749411-du6syw,10:51:DB:0D:31:EA,b3bb9015,4575,2026-07-09T13:38:28.511000Z,1783604308511,134.21
session-1783603749411-du6syw,10:51:DB:0D:31:EA,b3bb9015,4576,2026-07-09T13:38:28.646000Z,1783604308646,133.91
session-1783603749411-du6syw,10:51:DB:0D:31:EA,b3bb9015,4577,2026-07-09T13:38:28.736000Z,1783604308736,134.21
session-1783603749411-du6syw,10:51:DB:0D:31:EA,b3bb9015,4578,2026-07-09T13:38:28.886000Z,1783604308886,134.36
session-1783603749411-du6syw,10:51:DB:0D:31:EA,b3bb9015,4579,2026-07-09T13:38:28.959000Z,1783604308959,134.19
session-1783603749411-du6syw,10:51:DB:0D:31:EA,b3bb9015,4580,2026-07-09T13:38:29.050000Z,1783604309050,134.42
session-1783603749411-du6syw,10:51:DB:0D:31:EA,b3bb9015,4581,2026-07-09T13:38:29.186000Z,1783604309186,128.15
session-1783603749411-du6syw,10:51:DB:0D:31:EA,b3bb9015,4582,2026-07-09T13:38:29.275000Z,1783604309275,134.36
session-1783603749411-du6syw,10:51:DB:0D:31:EA,b3bb9015,4583,2026-07-09T13:38:29.366000Z,1783604309366,134.4
session-1783603749411-du6syw,10:51:DB:0D:31:EA,b3bb9015,4584,2026-07-09T13:38:29.454000Z,1783604309454,134.23
session-1783603749411-du6syw,10:51:DB:0D:31:EA,b3bb9015,4585,2026-07-09T13:38:29.546000Z,1783604309546,134.23
session-1783603749411-du6syw,10:51:DB:0D:31:EA,b3bb9015,4586,2026-07-09T13:38:29.682000Z,1783604309682,134.36
session-1783603749411-du6syw,10:51:DB:0D:31:EA,b3bb9015,4587,2026-07-09T13:38:29.771000Z,1783604309771,60.67
session-1783603749411-du6syw,10:51:DB:0D:31:EA,b3bb9015,4588,2026-07-09T13:38:29.906000Z,1783604309906,134.19
session-1783603749411-du6syw,10:51:DB:0D:31:EA,b3bb9015,4589,2026-07-09T13:38:29.951000Z,1783604309951,134.23
session-1783603749411-du6syw,10:51:DB:0D:31:EA,b3bb9015,4590,2026-07-09T13:38:30.085000Z,1783604310085,134.35
session-1783603749411-du6syw,10:51:DB:0D:31:EA,b3bb9015,4591,2026-07-09T13:38:30.176000Z,1783604310176,128.59
session-1783603749411-du6syw,10:51:DB:0D:31:EA,b3bb9015,4592,2026-07-09T13:38:30.266000Z,1783604310266,129.01
session-1783603749411-du6syw,10:51:DB:0D:31:EA,b3bb9015,4593,2026-07-09T13:38:30.491000Z,1783604310491,135.69
session-1783603749411-du6syw,10:51:DB:0D:31:EA,b3bb9015,4594,2026-07-09T13:38:30.582000Z,1783604310582,129.18
session-1783603749411-du6syw,10:51:DB:0D:31:EA,b3bb9015,4595,2026-07-09T13:38:30.717000Z,1783604310717,127.87
session-1783603749411-du6syw,10:51:DB:0D:31:EA,b3bb9015,4596,2026-07-09T13:38:30.807000Z,1783604310807,128.96
session-1783603749411-du6syw,10:51:DB:0D:31:EA,b3bb9015,4597,2026-07-09T13:38:30.958000Z,1783604310958,135.53
session-1783603749411-du6syw,10:51:DB:0D:31:EA,b3bb9015,4598,2026-07-09T13:38:31.031000Z,1783604311031,128.76
session-1783603749411-du6syw,10:51:DB:0D:31:EA,b3bb9015,4599,2026-07-09T13:38:31.167000Z,1783604311167,135.5
session-1783603749411-du6syw,10:51:DB:0D:31:EA,b3bb9015,4600,2026-07-09T13:38:31.257000Z,1783604311257,128.5
session-1783603749411-du6syw,10:51:DB:0D:31:EA,b3bb9015,4601,2026-07-09T13:38:31.346000Z,1783604311346,128.5
session-1783603749411-du6syw,10:51:DB:0D:31:EA,b3bb9015,4602,2026-07-09T13:38:31.435000Z,1783604311435,128.92
session-1783603749411-du6syw,10:51:DB:0D:31:EA,b3bb9015,4603,2026-07-09T13:38:31.526000Z,1783604311526,128.5
session-1783603749411-du6syw,10:51:DB:0D:31:EA,b3bb9015,4604,2026-07-09T13:38:31.614000Z,1783604311614,128.31
session-1783603749411-du6syw,10:51:DB:0D:31:EA,b3bb9015,4605,2026-07-09T13:38:31.756000Z,1783604311756,129.22
session-1783603749411-du6syw,10:51:DB:0D:31:EA,b3bb9015,4606,2026-07-09T13:38:31.839000Z,1783604311839,60.03
session-1783603749411-du6syw,10:51:DB:0D:31:EA,b3bb9015,4607,2026-07-09T13:38:31.930000Z,1783604311930,136.16
session-1783603749411-du6syw,10:51:DB:0D:31:EA,b3bb9015,4608,2026-07-09T13:38:32.019000Z,1783604312019,129.22
session-1783603749411-du6syw,10:51:DB:0D:31:EA,b3bb9015,4609,2026-07-09T13:38:32.157000Z,1783604312157,128.94
session-1783603749411-du6syw,10:51:DB:0D:31:EA,b3bb9015,4610,2026-07-09T13:38:32.244000Z,1783604312244,128.8
session-1783603749411-du6syw,10:51:DB:0D:31:EA,b3bb9015,4611,2026-07-09T13:38:32.335000Z,1783604312335,128.31
session-1783603749411-du6syw,10:51:DB:0D:31:EA,b3bb9015,4612,2026-07-09T13:38:32.426000Z,1783604312426,128.94
session-1783603749411-du6syw,10:51:DB:0D:31:EA,b3bb9015,4613,2026-07-09T13:38:32.515000Z,1783604312515,128.48
session-1783603749411-du6syw,10:51:DB:0D:31:EA,b3bb9015,4614,2026-07-09T13:38:32.665000Z,1783604312665,135.69
session-1783603749411-du6syw,10:51:DB:0D:31:EA,b3bb9015,4615,2026-07-09T13:38:32.787000Z,1783604312787,59.99
session-1783603749411-du6syw,10:51:DB:0D:31:EA,b3bb9015,4616,2026-07-09T13:38:32.830000Z,1783604312830,128.47
session-1783603749411-du6syw,10:51:DB:0D:31:EA,b3bb9015,4617,2026-07-09T13:38:32.965000Z,1783604312965,128.78
session-1783603749411-du6syw,10:51:DB:0D:31:EA,b3bb9015,4618,2026-07-09T13:38:33.115000Z,1783604313115,129.22
session-1783603749411-du6syw,10:51:DB:0D:31:EA,b3bb9015,4619,2026-07-09T13:38:33.280000Z,1783604313280,59.43
session-1783603749411-du6syw,10:51:DB:0D:31:EA,b3bb9015,4620,2026-07-09T13:38:33.299000Z,1783604313299,128.47
session-1783603749411-du6syw,10:51:DB:0D:31:EA,b3bb9015,4621,2026-07-09T13:38:33.369000Z,1783604313369,128.75
session-1783603749411-du6syw,10:51:DB:0D:31:EA,b3bb9015,4622,2026-07-09T13:38:33.504000Z,1783604313504,136.16
session-1783603749411-du6syw,10:51:DB:0D:31:EA,b3bb9015,4623,2026-07-09T13:38:33.594000Z,1783604313594,135.71
session-1783603749411-du6syw,10:51:DB:0D:31:EA,b3bb9015,4624,2026-07-09T13:38:33.728000Z,1783604313728,128.9
session-1783603749411-du6syw,10:51:DB:0D:31:EA,b3bb9015,4625,2026-07-09T13:38:33.775000Z,1783604313775,136.13
session-1783603749411-du6syw,10:51:DB:0D:31:EA,b3bb9015,4626,2026-07-09T13:38:33.868000Z,1783604313868,128.33
session-1783603749411-du6syw,10:51:DB:0D:31:EA,b3bb9015,4627,2026-07-09T13:38:34Z,1783604314000,136.14
session-1783603749411-du6syw,10:51:DB:0D:31:EA,b3bb9015,4628,2026-07-09T13:38:34.090000Z,1783604314090,59.57
session-1783603749411-du6syw,10:51:DB:0D:31:EA,b3bb9015,4629,2026-07-09T13:38:34.179000Z,1783604314179,128.55
session-1783603749411-du6syw,10:51:DB:0D:31:EA,b3bb9015,4630,2026-07-09T13:38:34.270000Z,1783604314270,128.71
session-1783603749411-du6syw,10:51:DB:0D:31:EA,b3bb9015,4631,2026-07-09T13:38:34.409000Z,1783604314409,128.31
session-1783603749411-du6syw,10:51:DB:0D:31:EA,b3bb9015,4632,2026-07-09T13:38:34.495000Z,1783604314495,135.83
session-1783603749411-du6syw,10:51:DB:0D:31:EA,b3bb9015,4633,2026-07-09T13:38:34.587000Z,1783604314587,128.05
session-1783603749411-du6syw,10:51:DB:0D:31:EA,b3bb9015,4634,2026-07-09T13:38:34.723000Z,1783604314723,136.25
session-1783603749411-du6syw,10:51:DB:0D:31:EA,b3bb9015,4635,2026-07-09T13:38:34.855000Z,1783604314855,128.33
session-1783603749411-du6syw,10:51:DB:0D:31:EA,b3bb9015,4636,2026-07-09T13:38:34.902000Z,1783604314902,129.39
session-1783603749411-du6syw,10:51:DB:0D:31:EA,b3bb9015,4637,2026-07-09T13:38:35.038000Z,1783604315038,79.03
session-1783603749411-du6syw,10:51:DB:0D:31:EA,b3bb9015,4638,2026-07-09T13:38:35.124000Z,1783604315124,128.71
session-1783603749411-du6syw,10:51:DB:0D:31:EA,b3bb9015,4639,2026-07-09T13:38:35.214000Z,1783604315214,135.97
session-1783603749411-du6syw,10:51:DB:0D:31:EA,b3bb9015,4640,2026-07-09T13:38:35.305000Z,1783604315305,128.47
session-1783603749411-du6syw,10:51:DB:0D:31:EA,b3bb9015,4641,2026-07-09T13:38:35.456000Z,1783604315456,136.01
session-1783603749411-du6syw,10:51:DB:0D:31:EA,b3bb9015,4642,2026-07-09T13:38:35.529000Z,1783604315529,128.69
session-1783603749411-du6syw,10:51:DB:0D:31:EA,b3bb9015,4643,2026-07-09T13:38:35.619000Z,1783604315619,129.16
session-1783603749411-du6syw,10:51:DB:0D:31:EA,b3bb9015,4644,2026-07-09T13:38:35.714000Z,1783604315714,128.29
session-1783603749411-du6syw,10:51:DB:0D:31:EA,b3bb9015,4645,2026-07-09T13:38:35.845000Z,1783604315845,135.95
session-1783603749411-du6syw,10:51:DB:0D:31:EA,b3bb9015,4646,2026-07-09T13:38:35.934000Z,1783604315934,128.94
session-1783603749411-du6syw,10:51:DB:0D:31:EA,b3bb9015,4647,2026-07-09T13:38:36.028000Z,1783604316028,128.48
session-1783603749411-du6syw,10:51:DB:0D:31:EA,b3bb9015,4648,2026-07-09T13:38:36.114000Z,1783604316114,135.69
session-1783603749411-du6syw,10:51:DB:0D:31:EA,b3bb9015,4649,2026-07-09T13:38:36.204000Z,1783604316204,128.92
session-1783603749411-du6syw,10:51:DB:0D:31:EA,b3bb9015,4650,2026-07-09T13:38:36.355000Z,1783604316355,135.29
session-1783603749411-du6syw,10:51:DB:0D:31:EA,b3bb9015,4651,2026-07-09T13:38:36.429000Z,1783604316429,58.75
session-1783603749411-du6syw,10:51:DB:0D:31:EA,b3bb9015,4652,2026-07-09T13:38:36.520000Z,1783604316520,135.25
session-1783603749411-du6syw,10:51:DB:0D:31:EA,b3bb9015,4653,2026-07-09T13:38:36.609000Z,1783604316609,134.66
session-1783603749411-du6syw,10:51:DB:0D:31:EA,b3bb9015,4654,2026-07-09T13:38:36.745000Z,1783604316745,134.33
session-1783603749411-du6syw,10:51:DB:0D:31:EA,b3bb9015,4655,2026-07-09T13:38:36.835000Z,1783604316835,134.68
session-1783603749411-du6syw,10:51:DB:0D:31:EA,b3bb9015,4656,2026-07-09T13:38:36.925000Z,1783604316925,133.95
session-1783603749411-du6syw,10:51:DB:0D:31:EA,b3bb9015,4657,2026-07-09T13:38:37.077000Z,1783604317077,135.1
session-1783603749411-du6syw,10:51:DB:0D:31:EA,b3bb9015,4658,2026-07-09T13:38:37.149000Z,1783604317149,134.36
session-1783603749411-du6syw,10:51:DB:0D:31:EA,b3bb9015,4659,2026-07-09T13:38:37.300000Z,1783604317300,135.73
session-1783603749411-du6syw,10:51:DB:0D:31:EA,b3bb9015,4660,2026-07-09T13:38:37.374000Z,1783604317374,134.21
session-1783603749411-du6syw,10:51:DB:0D:31:EA,b3bb9015,4661,2026-07-09T13:38:37.464000Z,1783604317464,135.1
session-1783603749411-du6syw,10:51:DB:0D:31:EA,b3bb9015,4662,2026-07-09T13:38:37.607000Z,1783604317607,135.24
session-1783603749411-du6syw,10:51:DB:0D:31:EA,b3bb9015,4663,2026-07-09T13:38:37.645000Z,1783604317645,128.57
session-1783603749411-du6syw,10:51:DB:0D:31:EA,b3bb9015,4664,2026-07-09T13:38:37.779000Z,1783604317779,134.61
session-1783603749411-du6syw,10:51:DB:0D:31:EA,b3bb9015,4665,2026-07-09T13:38:37.869000Z,1783604317869,134.8
session-1783603749411-du6syw,10:51:DB:0D:31:EA,b3bb9015,4666,2026-07-09T13:38:37.959000Z,1783604317959,135.08
session-1783603749411-du6syw,10:51:DB:0D:31:EA,b3bb9015,4667,2026-07-09T13:38:38.051000Z,1783604318051,128.62
session-1783603749411-du6syw,10:51:DB:0D:31:EA,b3bb9015,4668,2026-07-09T13:38:38.184000Z,1783604318184,134.8
session-1783603749411-du6syw,10:51:DB:0D:31:EA,b3bb9015,4669,2026-07-09T13:38:38.274000Z,1783604318274,134.66
session-1783603749411-du6syw,10:51:DB:0D:31:EA,b3bb9015,4670,2026-07-09T13:38:38.364000Z,1783604318364,128.47
session-1783603749411-du6syw,10:51:DB:0D:31:EA,b3bb9015,4671,2026-07-09T13:38:38.454000Z,1783604318454,134.64
session-1783603749411-du6syw,10:51:DB:0D:31:EA,b3bb9015,4672,2026-07-09T13:38:38.604000Z,1783604318604,128.33
session-1783603749411-du6syw,10:51:DB:0D:31:EA,b3bb9015,4673,2026-07-09T13:38:38.635000Z,1783604318635,128.94
session-1783603749411-du6syw,10:51:DB:0D:31:EA,b3bb9015,4674,2026-07-09T13:38:38.769000Z,1783604318769,58.77
session-1783603749411-du6syw,10:51:DB:0D:31:EA,b3bb9015,4675,2026-07-09T13:38:38.862000Z,1783604318862,128.52
session-1783603749411-du6syw,10:51:DB:0D:31:EA,b3bb9015,4676,2026-07-09T13:38:38.950000Z,1783604318950,129.16
session-1783603749411-du6syw,10:51:DB:0D:31:EA,b3bb9015,4677,2026-07-09T13:38:39.084000Z,1783604319084,127.89
session-1783603749411-du6syw,10:51:DB:0D:31:EA,b3bb9015,4678,2026-07-09T13:38:39.220000Z,1783604319220,128.71
session-1783603749411-du6syw,10:51:DB:0D:31:EA,b3bb9015,4679,2026-07-09T13:38:39.445000Z,1783604319445,129.16
session-1783603749411-du6syw,10:51:DB:0D:31:EA,b3bb9015,4680,2026-07-09T13:38:39.533000Z,1783604319533,128.31
session-1783603749411-du6syw,10:51:DB:0D:31:EA,b3bb9015,4681,2026-07-09T13:38:39.625000Z,1783604319625,135.5
session-1783603749411-du6syw,10:51:DB:0D:31:EA,b3bb9015,4682,2026-07-09T13:38:39.714000Z,1783604319714,135.53
session-1783603749411-du6syw,10:51:DB:0D:31:EA,b3bb9015,4683,2026-07-09T13:38:39.849000Z,1783604319849,128.31
session-1783603749411-du6syw,10:51:DB:0D:31:EA,b3bb9015,4684,2026-07-09T13:38:39.984000Z,1783604319984,57.71
session-1783603749411-du6syw,10:51:DB:0D:31:EA,b3bb9015,4685,2026-07-09T13:38:40.029000Z,1783604320029,128.5
session-1783603749411-du6syw,10:51:DB:0D:31:EA,b3bb9015,4686,2026-07-09T13:38:40.120000Z,1783604320120,128.94
session-1783603749411-du6syw,10:51:DB:0D:31:EA,b3bb9015,4687,2026-07-09T13:38:40.258000Z,1783604320258,135.71
session-1783603749411-du6syw,10:51:DB:0D:31:EA,b3bb9015,4688,2026-07-09T13:38:40.343000Z,1783604320343,128.94
session-1783603749411-du6syw,10:51:DB:0D:31:EA,b3bb9015,4689,2026-07-09T13:38:40.437000Z,1783604320437,128.92
session-1783603749411-du6syw,10:51:DB:0D:31:EA,b3bb9015,4690,2026-07-09T13:38:40.524000Z,1783604320524,128.94
session-1783603749411-du6syw,10:51:DB:0D:31:EA,b3bb9015,4691,2026-07-09T13:38:40.614000Z,1783604320614,128.5
session-1783603749411-du6syw,10:51:DB:0D:31:EA,b3bb9015,4692,2026-07-09T13:38:40.772000Z,1783604320772,128.75
session-1783603749411-du6syw,10:51:DB:0D:31:EA,b3bb9015,4693,2026-07-09T13:38:40.886000Z,1783604320886,57.64
session-1783603749411-du6syw,10:51:DB:0D:31:EA,b3bb9015,4694,2026-07-09T13:38:40.929000Z,1783604320929,128.5
session-1783603749411-du6syw,10:51:DB:0D:31:EA,b3bb9015,4695,2026-07-09T13:38:41.020000Z,1783604321020,128.94
session-1783603749411-du6syw,10:51:DB:0D:31:EA,b3bb9015,4696,2026-07-09T13:38:41.155000Z,1783604321155,128.47
session-1783603749411-du6syw,10:51:DB:0D:31:EA,b3bb9015,4697,2026-07-09T13:38:41.305000Z,1783604321305,128.92
session-1783603749411-du6syw,10:51:DB:0D:31:EA,b3bb9015,4698,2026-07-09T13:38:41.380000Z,1783604321380,128.92
session-1783603749411-du6syw,10:51:DB:0D:31:EA,b3bb9015,4699,2026-07-09T13:38:41.471000Z,1783604321471,135.25
session-1783603749411-du6syw,10:51:DB:0D:31:EA,b3bb9015,4700,2026-07-09T13:38:41.561000Z,1783604321561,134.66
session-1783603749411-du6syw,10:51:DB:0D:31:EA,b3bb9015,4701,2026-07-09T13:38:41.696000Z,1783604321696,128.43
session-1783603749411-du6syw,10:51:DB:0D:31:EA,b3bb9015,4702,2026-07-09T13:38:41.786000Z,1783604321786,134.85
session-1783603749411-du6syw,10:51:DB:0D:31:EA,b3bb9015,4703,2026-07-09T13:38:41.875000Z,1783604321875,128.96
session-1783603749411-du6syw,10:51:DB:0D:31:EA,b3bb9015,4704,2026-07-09T13:38:42.010000Z,1783604322010,134.23
session-1783603749411-du6syw,10:51:DB:0D:31:EA,b3bb9015,4705,2026-07-09T13:38:42.056000Z,1783604322056,128.92
session-1783603749411-du6syw,10:51:DB:0D:31:EA,b3bb9015,4706,2026-07-09T13:38:42.206000Z,1783604322206,134.42
session-1783603749411-du6syw,10:51:DB:0D:31:EA,b3bb9015,4707,2026-07-09T13:38:42.279000Z,1783604322279,57.18
session-1783603749411-du6syw,10:51:DB:0D:31:EA,b3bb9015,4708,2026-07-09T13:38:42.369000Z,1783604322369,128.29
session-1783603749411-du6syw,10:51:DB:0D:31:EA,b3bb9015,4709,2026-07-09T13:38:42.461000Z,1783604322461,135.29
session-1783603749411-du6syw,10:51:DB:0D:31:EA,b3bb9015,4710,2026-07-09T13:38:42.596000Z,1783604322596,128.75
session-1783603749411-du6syw,10:51:DB:0D:31:EA,b3bb9015,4711,2026-07-09T13:38:42.686000Z,1783604322686,128.73
session-1783603749411-du6syw,10:51:DB:0D:31:EA,b3bb9015,4712,2026-07-09T13:38:42.776000Z,1783604322776,135.48
session-1783603749411-du6syw,10:51:DB:0D:31:EA,b3bb9015,4713,2026-07-09T13:38:42.865000Z,1783604322865,128.48
session-1783603749411-du6syw,10:51:DB:0D:31:EA,b3bb9015,4714,2026-07-09T13:38:42.956000Z,1783604322956,128.73
session-1783603749411-du6syw,10:51:DB:0D:31:EA,b3bb9015,4715,2026-07-09T13:38:43.106000Z,1783604323106,128.97
session-1783603749411-du6syw,10:51:DB:0D:31:EA,b3bb9015,4716,2026-07-09T13:38:43.226000Z,1783604323226,128.47
session-1783603749411-du6syw,10:51:DB:0D:31:EA,b3bb9015,4717,2026-07-09T13:38:43.317000Z,1783604323317,129.23
session-1783603749411-du6syw,10:51:DB:0D:31:EA,b3bb9015,4718,2026-07-09T13:38:43.406000Z,1783604323406,128.75
session-1783603749411-du6syw,10:51:DB:0D:31:EA,b3bb9015,4719,2026-07-09T13:38:43.496000Z,1783604323496,129.16
session-1783603749411-du6syw,10:51:DB:0D:31:EA,b3bb9015,4720,2026-07-09T13:38:43.631000Z,1783604323631,128.34
session-1783603749411-du6syw,10:51:DB:0D:31:EA,b3bb9015,4721,2026-07-09T13:38:43.721000Z,1783604323721,56.76
session-1783603749411-du6syw,10:51:DB:0D:31:EA,b3bb9015,4722,2026-07-09T13:38:43.811000Z,1783604323811,127.87
session-1783603749411-du6syw,10:51:DB:0D:31:EA,b3bb9015,4723,2026-07-09T13:38:43.901000Z,1783604323901,135.29
session-1783603749411-du6syw,10:51:DB:0D:31:EA,b3bb9015,4724,2026-07-09T13:38:44.036000Z,1783604324036,128.75
session-1783603749411-du6syw,10:51:DB:0D:31:EA,b3bb9015,4725,2026-07-09T13:38:44.171000Z,1783604324171,128.75
session-1783603749411-du6syw,10:51:DB:0D:31:EA,b3bb9015,4726,2026-07-09T13:38:44.215000Z,1783604324215,128.71
session-1783603749411-du6syw,10:51:DB:0D:31:EA,b3bb9015,4727,2026-07-09T13:38:44.307000Z,1783604324307,129.03
session-1783603749411-du6syw,10:51:DB:0D:31:EA,b3bb9015,4728,2026-07-09T13:38:44.395000Z,1783604324395,128.33
session-1783603749411-du6syw,10:51:DB:0D:31:EA,b3bb9015,4729,2026-07-09T13:38:44.532000Z,1783604324532,128.75
session-1783603749411-du6syw,10:51:DB:0D:31:EA,b3bb9015,4730,2026-07-09T13:38:44.621000Z,1783604324621,133.74
session-1783603749411-du6syw,10:51:DB:0D:31:EA,b3bb9015,4731,2026-07-09T13:38:44.712000Z,1783604324712,128.54
session-1783603749411-du6syw,10:51:DB:0D:31:EA,b3bb9015,4732,2026-07-09T13:38:44.802000Z,1783604324802,134.19
session-1783603749411-du6syw,10:51:DB:0D:31:EA,b3bb9015,4733,2026-07-09T13:38:44.936000Z,1783604324936,134.38
session-1783603749411-du6syw,10:51:DB:0D:31:EA,b3bb9015,4734,2026-07-09T13:38:45.026000Z,1783604325026,133.74
session-1783603749411-du6syw,10:51:DB:0D:31:EA,b3bb9015,4735,2026-07-09T13:38:45.116000Z,1783604325116,134.42
session-1783603749411-du6syw,10:51:DB:0D:31:EA,b3bb9015,4736,2026-07-09T13:38:45.251000Z,1783604325251,134.21
session-1783603749411-du6syw,10:51:DB:0D:31:EA,b3bb9015,4737,2026-07-09T13:38:45.341000Z,1783604325341,128.54
session-1783603749411-du6syw,10:51:DB:0D:31:EA,b3bb9015,4738,2026-07-09T13:38:45.478000Z,1783604325478,134.23
session-1783603749411-du6syw,10:51:DB:0D:31:EA,b3bb9015,4739,2026-07-09T13:38:45.564000Z,1783604325564,134.21
session-1783603749411-du6syw,10:51:DB:0D:31:EA,b3bb9015,4740,2026-07-09T13:38:45.657000Z,1783604325657,128.64
session-1783603749411-du6syw,10:51:DB:0D:31:EA,b3bb9015,4741,2026-07-09T13:38:45.745000Z,1783604325745,134.36
session-1783603749411-du6syw,10:51:DB:0D:31:EA,b3bb9015,4742,2026-07-09T13:38:45.836000Z,1783604325836,128.62
session-1783603749411-du6syw,10:51:DB:0D:31:EA,b3bb9015,4743,2026-07-09T13:38:45.970000Z,1783604325970,133.75
session-1783603749411-du6syw,10:51:DB:0D:31:EA,b3bb9015,4744,2026-07-09T13:38:46.061000Z,1783604326061,56.33
session-1783603749411-du6syw,10:51:DB:0D:31:EA,b3bb9015,4745,2026-07-09T13:38:46.150000Z,1783604326150,129.01
session-1783603749411-du6syw,10:51:DB:0D:31:EA,b3bb9015,4746,2026-07-09T13:38:46.240000Z,1783604326240,133.79
session-1783603749411-du6syw,10:51:DB:0D:31:EA,b3bb9015,4747,2026-07-09T13:38:46.376000Z,1783604326376,133.77
session-1783603749411-du6syw,10:51:DB:0D:31:EA,b3bb9015,4748,2026-07-09T13:38:46.464000Z,1783604326464,133.96
session-1783603749411-du6syw,10:51:DB:0D:31:EA,b3bb9015,4749,2026-07-09T13:38:46.556000Z,1783604326556,134.21
session-1783603749411-du6syw,10:51:DB:0D:31:EA,b3bb9015,4750,2026-07-09T13:38:46.645000Z,1783604326645,128.9
session-1783603749411-du6syw,10:51:DB:0D:31:EA,b3bb9015,4751,2026-07-09T13:38:46.781000Z,1783604326781,133.96
session-1783603749411-du6syw,10:51:DB:0D:31:EA,b3bb9015,4752,2026-07-09T13:38:46.870000Z,1783604326870,134.43
session-1783603749411-du6syw,10:51:DB:0D:31:EA,b3bb9015,4753,2026-07-09T13:38:46.960000Z,1783604326960,56.08
session-1783603749411-du6syw,10:51:DB:0D:31:EA,b3bb9015,4754,2026-07-09T13:38:47.051000Z,1783604327051,128.89
session-1783603749411-du6syw,10:51:DB:0D:31:EA,b3bb9015,4755,2026-07-09T13:38:47.141000Z,1783604327141,128.96
session-1783603749411-du6syw,10:51:DB:0D:31:EA,b3bb9015,4756,2026-07-09T13:38:47.276000Z,1783604327276,128.5
session-1783603749411-du6syw,10:51:DB:0D:31:EA,b3bb9015,4757,2026-07-09T13:38:47.413000Z,1783604327413,128.8
session-1783603749411-du6syw,10:51:DB:0D:31:EA,b3bb9015,4758,2026-07-09T13:38:47.501000Z,1783604327501,56.08
session-1783603749411-du6syw,10:51:DB:0D:31:EA,b3bb9015,4759,2026-07-09T13:38:47.590000Z,1783604327590,133.96
session-1783603749411-du6syw,10:51:DB:0D:31:EA,b3bb9015,4760,2026-07-09T13:38:47.680000Z,1783604327680,127.89
session-1783603749411-du6syw,10:51:DB:0D:31:EA,b3bb9015,4761,2026-07-09T13:38:47.817000Z,1783604327817,129.16
session-1783603749411-du6syw,10:51:DB:0D:31:EA,b3bb9015,4762,2026-07-09T13:38:47.906000Z,1783604327906,128.33
session-1783603749411-du6syw,10:51:DB:0D:31:EA,b3bb9015,4763,2026-07-09T13:38:47.997000Z,1783604327997,128.31
session-1783603749411-du6syw,10:51:DB:0D:31:EA,b3bb9015,4764,2026-07-09T13:38:48.086000Z,1783604328086,133.96
session-1783603749411-du6syw,10:51:DB:0D:31:EA,b3bb9015,4765,2026-07-09T13:38:48.176000Z,1783604328176,128.31
session-1783603749411-du6syw,10:51:DB:0D:31:EA,b3bb9015,4766,2026-07-09T13:38:48.313000Z,1783604328313,133.95
session-1783603749411-du6syw,10:51:DB:0D:31:EA,b3bb9015,4767,2026-07-09T13:38:48.401000Z,1783604328401,128.75
session-1783603749411-du6syw,10:51:DB:0D:31:EA,b3bb9015,4768,2026-07-09T13:38:48.492000Z,1783604328492,128.94
session-1783603749411-du6syw,10:51:DB:0D:31:EA,b3bb9015,4769,2026-07-09T13:38:48.582000Z,1783604328582,128.8
session-1783603749411-du6syw,10:51:DB:0D:31:EA,b3bb9015,4770,2026-07-09T13:38:48.716000Z,1783604328716,128.33
session-1783603749411-du6syw,10:51:DB:0D:31:EA,b3bb9015,4771,2026-07-09T13:38:48.805000Z,1783604328805,128.52
session-1783603749411-du6syw,10:51:DB:0D:31:EA,b3bb9015,4772,2026-07-09T13:38:48.896000Z,1783604328896,128.99
session-1783603749411-du6syw,10:51:DB:0D:31:EA,b3bb9015,4773,2026-07-09T13:38:48.986000Z,1783604328986,127.65
session-1783603749411-du6syw,10:51:DB:0D:31:EA,b3bb9015,4774,2026-07-09T13:38:49.076000Z,1783604329076,133.95
session-1783603749411-du6syw,10:51:DB:0D:31:EA,b3bb9015,4775,2026-07-09T13:38:49.227000Z,1783604329227,128.5
session-1783603749411-du6syw,10:51:DB:0D:31:EA,b3bb9015,4776,2026-07-09T13:38:49.406000Z,1783604329406,55.46
session-1783603749411-du6syw,10:51:DB:0D:31:EA,b3bb9015,4777,2026-07-09T13:38:49.438000Z,1783604329438,129.01
session-1783603749411-du6syw,10:51:DB:0D:31:EA,b3bb9015,4778,2026-07-09T13:38:49.525000Z,1783604329525,128.52
session-1783603749411-du6syw,10:51:DB:0D:31:EA,b3bb9015,4779,2026-07-09T13:38:49.615000Z,1783604329615,133.96
session-1783603749411-du6syw,10:51:DB:0D:31:EA,b3bb9015,4780,2026-07-09T13:38:49.751000Z,1783604329751,129.08
session-1783603749411-du6syw,10:51:DB:0D:31:EA,b3bb9015,4781,2026-07-09T13:38:49.841000Z,1783604329841,55.4
session-1783603749411-du6syw,10:51:DB:0D:31:EA,b3bb9015,4782,2026-07-09T13:38:49.930000Z,1783604329930,128.54
session-1783603749411-du6syw,10:51:DB:0D:31:EA,b3bb9015,4783,2026-07-09T13:38:50.021000Z,1783604330021,129.41
session-1783603749411-du6syw,10:51:DB:0D:31:EA,b3bb9015,4784,2026-07-09T13:38:50.157000Z,1783604330157,128.17
session-1783603749411-du6syw,10:51:DB:0D:31:EA,b3bb9015,4785,2026-07-09T13:38:50.246000Z,1783604330246,128.36
session-1783603749411-du6syw,10:51:DB:0D:31:EA,b3bb9015,4786,2026-07-09T13:38:50.336000Z,1783604330336,129.16
session-1783603749411-du6syw,10:51:DB:0D:31:EA,b3bb9015,4787,2026-07-09T13:38:50.426000Z,1783604330426,128.36
session-1783603749411-du6syw,10:51:DB:0D:31:EA,b3bb9015,4788,2026-07-09T13:38:50.516000Z,1783604330516,134.36
session-1783603749411-du6syw,10:51:DB:0D:31:EA,b3bb9015,4789,2026-07-09T13:38:50.653000Z,1783604330653,133.96
session-1783603749411-du6syw,10:51:DB:0D:31:EA,b3bb9015,4790,2026-07-09T13:38:50.741000Z,1783604330741,128.15
session-1783603749411-du6syw,10:51:DB:0D:31:EA,b3bb9015,4791,2026-07-09T13:38:50.831000Z,1783604330831,134.4
session-1783603749411-du6syw,10:51:DB:0D:31:EA,b3bb9015,4792,2026-07-09T13:38:50.920000Z,1783604330920,128.75
session-1783603749411-du6syw,10:51:DB:0D:31:EA,b3bb9015,4793,2026-07-09T13:38:51.056000Z,1783604331056,135.48
session-1783603749411-du6syw,10:51:DB:0D:31:EA,b3bb9015,4794,2026-07-09T13:38:51.145000Z,1783604331145,129.08
session-1783603749411-du6syw,10:51:DB:0D:31:EA,b3bb9015,4795,2026-07-09T13:38:51.236000Z,1783604331236,128.76
session-1783603749411-du6syw,10:51:DB:0D:31:EA,b3bb9015,4796,2026-07-09T13:38:51.371000Z,1783604331371,128.96
session-1783603749411-du6syw,10:51:DB:0D:31:EA,b3bb9015,4797,2026-07-09T13:38:51.461000Z,1783604331461,129.39
session-1783603749411-du6syw,10:51:DB:0D:31:EA,b3bb9015,4798,2026-07-09T13:38:51.596000Z,1783604331596,128.8
session-1783603749411-du6syw,10:51:DB:0D:31:EA,b3bb9015,4799,2026-07-09T13:38:51.684000Z,1783604331684,128.99
session-1783603749411-du6syw,10:51:DB:0D:31:EA,b3bb9015,4800,2026-07-09T13:38:51.776000Z,1783604331776,128.05
session-1783603749411-du6syw,10:51:DB:0D:31:EA,b3bb9015,4801,2026-07-09T13:38:51.866000Z,1783604331866,129.03
session-1783603749411-du6syw,10:51:DB:0D:31:EA,b3bb9015,4802,2026-07-09T13:38:51.956000Z,1783604331956,133.93
session-1783603749411-du6syw,10:51:DB:0D:31:EA,b3bb9015,4803,2026-07-09T13:38:52.107000Z,1783604332107,128.1
session-1783603749411-du6syw,10:51:DB:0D:31:EA,b3bb9015,4804,2026-07-09T13:38:52.181000Z,1783604332181,54.62
session-1783603749411-du6syw,10:51:DB:0D:31:EA,b3bb9015,4805,2026-07-09T13:38:52.272000Z,1783604332272,127.73
session-1783603749411-du6syw,10:51:DB:0D:31:EA,b3bb9015,4806,2026-07-09T13:38:52.361000Z,1783604332361,133.79
session-1783603749411-du6syw,10:51:DB:0D:31:EA,b3bb9015,4807,2026-07-09T13:38:52.496000Z,1783604332496,133.93
session-1783603749411-du6syw,10:51:DB:0D:31:EA,b3bb9015,4808,2026-07-09T13:38:52.586000Z,1783604332586,128.15
session-1783603749411-du6syw,10:51:DB:0D:31:EA,b3bb9015,4809,2026-07-09T13:38:52.676000Z,1783604332676,133.34
session-1783603749411-du6syw,10:51:DB:0D:31:EA,b3bb9015,4810,2026-07-09T13:38:52.766000Z,1783604332766,128.33
session-1783603749411-du6syw,10:51:DB:0D:31:EA,b3bb9015,4811,2026-07-09T13:38:52.857000Z,1783604332857,133.49
session-1783603749411-du6syw,10:51:DB:0D:31:EA,b3bb9015,4812,2026-07-09T13:38:53.006000Z,1783604333006,133.95
session-1783603749411-du6syw,10:51:DB:0D:31:EA,b3bb9015,4813,2026-07-09T13:38:53.082000Z,1783604333082,54.6
session-1783603749411-du6syw,10:51:DB:0D:31:EA,b3bb9015,4814,2026-07-09T13:38:53.169000Z,1783604333169,127.68
session-1783603749411-du6syw,10:51:DB:0D:31:EA,b3bb9015,4815,2026-07-09T13:38:53.307000Z,1783604333307,133.11
session-1783603749411-du6syw,10:51:DB:0D:31:EA,b3bb9015,4816,2026-07-09T13:38:53.397000Z,1783604333397,128.57
session-1783603749411-du6syw,10:51:DB:0D:31:EA,b3bb9015,4817,2026-07-09T13:38:53.533000Z,1783604333533,128.17
session-1783603749411-du6syw,10:51:DB:0D:31:EA,b3bb9015,4818,2026-07-09T13:38:53.621000Z,1783604333621,54.39
session-1783603749411-du6syw,10:51:DB:0D:31:EA,b3bb9015,4819,2026-07-09T13:38:53.711000Z,1783604333711,128.26
session-1783603749411-du6syw,10:51:DB:0D:31:EA,b3bb9015,4820,2026-07-09T13:38:53.847000Z,1783604333847,134.19
session-1783603749411-du6syw,10:51:DB:0D:31:EA,b3bb9015,4821,2026-07-09T13:38:53.935000Z,1783604333935,128.76
session-1783603749411-du6syw,10:51:DB:0D:31:EA,b3bb9015,4822,2026-07-09T13:38:54.025000Z,1783604334025,134.66
session-1783603749411-du6syw,10:51:DB:0D:31:EA,b3bb9015,4823,2026-07-09T13:38:54.116000Z,1783604334116,128.5
session-1783603749411-du6syw,10:51:DB:0D:31:EA,b3bb9015,4824,2026-07-09T13:38:54.205000Z,1783604334205,133.98
session-1783603749411-du6syw,10:51:DB:0D:31:EA,b3bb9015,4825,2026-07-09T13:38:54.296000Z,1783604334296,134.19
session-1783603749411-du6syw,10:51:DB:0D:31:EA,b3bb9015,4826,2026-07-09T13:38:54.433000Z,1783604334433,134.23
session-1783603749411-du6syw,10:51:DB:0D:31:EA,b3bb9015,4827,2026-07-09T13:38:54.521000Z,1783604334521,128.48
session-1783603749411-du6syw,10:51:DB:0D:31:EA,b3bb9015,4828,2026-07-09T13:38:54.611000Z,1783604334611,129.36
session-1783603749411-du6syw,10:51:DB:0D:31:EA,b3bb9015,4829,2026-07-09T13:38:54.702000Z,1783604334702,129.22
session-1783603749411-du6syw,10:51:DB:0D:31:EA,b3bb9015,4830,2026-07-09T13:38:54.834000Z,1783604334834,128.29
session-1783603749411-du6syw,10:51:DB:0D:31:EA,b3bb9015,4831,2026-07-09T13:38:54.926000Z,1783604334926,135.5
session-1783603749411-du6syw,10:51:DB:0D:31:EA,b3bb9015,4832,2026-07-09T13:38:55.016000Z,1783604335016,128.92
session-1783603749411-du6syw,10:51:DB:0D:31:EA,b3bb9015,4833,2026-07-09T13:38:55.106000Z,1783604335106,136.18
session-1783603749411-du6syw,10:51:DB:0D:31:EA,b3bb9015,4834,2026-07-09T13:38:55.197000Z,1783604335197,136.58
session-1783603749411-du6syw,10:51:DB:0D:31:EA,b3bb9015,4835,2026-07-09T13:38:55.330000Z,1783604335330,128.94
session-1783603749411-du6syw,10:51:DB:0D:31:EA,b3bb9015,4836,2026-07-09T13:38:55.466000Z,1783604335466,54.34
session-1783603749411-du6syw,10:51:DB:0D:31:EA,b3bb9015,4837,2026-07-09T13:38:55.556000Z,1783604335556,128.5
session-1783603749411-du6syw,10:51:DB:0D:31:EA,b3bb9015,4838,2026-07-09T13:38:55.780000Z,1783604335780,129.16
session-1783603749411-du6syw,10:51:DB:0D:31:EA,b3bb9015,4839,2026-07-09T13:38:55.872000Z,1783604335872,128.34
session-1783603749411-du6syw,10:51:DB:0D:31:EA,b3bb9015,4840,2026-07-09T13:38:56.023000Z,1783604336023,135.95
session-1783603749411-du6syw,10:51:DB:0D:31:EA,b3bb9015,4841,2026-07-09T13:38:56.095000Z,1783604336095,128.5
session-1783603749411-du6syw,10:51:DB:0D:31:EA,b3bb9015,4842,2026-07-09T13:38:56.186000Z,1783604336186,128.73
session-1783603749411-du6syw,10:51:DB:0D:31:EA,b3bb9015,4843,2026-07-09T13:38:56.277000Z,1783604336277,135.74
session-1783603749411-du6syw,10:51:DB:0D:31:EA,b3bb9015,4844,2026-07-09T13:38:56.367000Z,1783604336367,128.73
session-1783603749411-du6syw,10:51:DB:0D:31:EA,b3bb9015,4845,2026-07-09T13:38:56.501000Z,1783604336501,134.64
session-1783603749411-du6syw,10:51:DB:0D:31:EA,b3bb9015,4846,2026-07-09T13:38:56.592000Z,1783604336592,54.2
session-1783603749411-du6syw,10:51:DB:0D:31:EA,b3bb9015,4847,2026-07-09T13:38:56.681000Z,1783604336681,134.82
session-1783603749411-du6syw,10:51:DB:0D:31:EA,b3bb9015,4848,2026-07-09T13:38:56.772000Z,1783604336772,128.97
session-1783603749411-du6syw,10:51:DB:0D:31:EA,b3bb9015,4849,2026-07-09T13:38:56.907000Z,1783604336907,135.67
session-1783603749411-du6syw,10:51:DB:0D:31:EA,b3bb9015,4850,2026-07-09T13:38:56.996000Z,1783604336996,128.62
session-1783603749411-du6syw,10:51:DB:0D:31:EA,b3bb9015,4851,2026-07-09T13:38:57.085000Z,1783604337085,135.24
session-1783603749411-du6syw,10:51:DB:0D:31:EA,b3bb9015,4852,2026-07-09T13:38:57.175000Z,1783604337175,129.01
session-1783603749411-du6syw,10:51:DB:0D:31:EA,b3bb9015,4853,2026-07-09T13:38:57.265000Z,1783604337265,128.75
session-1783603749411-du6syw,10:51:DB:0D:31:EA,b3bb9015,4854,2026-07-09T13:38:57.400000Z,1783604337400,129.25
session-1783603749411-du6syw,10:51:DB:0D:31:EA,b3bb9015,4855,2026-07-09T13:38:57.536000Z,1783604337536,56.35
session-1783603749411-du6syw,10:51:DB:0D:31:EA,b3bb9015,4856,2026-07-09T13:38:57.626000Z,1783604337626,134.63
session-1783603749411-du6syw,10:51:DB:0D:31:EA,b3bb9015,4857,2026-07-09T13:38:57.716000Z,1783604337716,134.38
session-1783603749411-du6syw,10:51:DB:0D:31:EA,b3bb9015,4858,2026-07-09T13:38:57.806000Z,1783604337806,135.24
session-1783603749411-du6syw,10:51:DB:0D:31:EA,b3bb9015,4859,2026-07-09T13:38:57.958000Z,1783604337958,133.79
session-1783603749411-du6syw,10:51:DB:0D:31:EA,b3bb9015,4860,2026-07-09T13:38:58.030000Z,1783604338030,53.68
session-1783603749411-du6syw,10:51:DB:0D:31:EA,b3bb9015,4861,2026-07-09T13:38:58.120000Z,1783604338120,128.48
session-1783603749411-du6syw,10:51:DB:0D:31:EA,b3bb9015,4862,2026-07-09T13:38:58.210000Z,1783604338210,133.98
session-1783603749411-du6syw,10:51:DB:0D:31:EA,b3bb9015,4863,2026-07-09T13:38:58.345000Z,1783604338345,128.76
session-1783603749411-du6syw,10:51:DB:0D:31:EA,b3bb9015,4864,2026-07-09T13:38:58.435000Z,1783604338435,128.71
session-1783603749411-du6syw,10:51:DB:0D:31:EA,b3bb9015,4865,2026-07-09T13:38:58.526000Z,1783604338526,134.19
session-1783603749411-du6syw,10:51:DB:0D:31:EA,b3bb9015,4866,2026-07-09T13:38:58.616000Z,1783604338616,128.52
session-1783603749411-du6syw,10:51:DB:0D:31:EA,b3bb9015,4867,2026-07-09T13:38:58.705000Z,1783604338705,134.78
session-1783603749411-du6syw,10:51:DB:0D:31:EA,b3bb9015,4868,2026-07-09T13:38:58.856000Z,1783604338856,128.34
session-1783603749411-du6syw,10:51:DB:0D:31:EA,b3bb9015,4869,2026-07-09T13:38:58.930000Z,1783604338930,135.24
session-1783603749411-du6syw,10:51:DB:0D:31:EA,b3bb9015,4870,2026-07-09T13:38:59.021000Z,1783604339021,135.5
session-1783603749411-du6syw,10:51:DB:0D:31:EA,b3bb9015,4871,2026-07-09T13:38:59.111000Z,1783604339111,128.75
session-1783603749411-du6syw,10:51:DB:0D:31:EA,b3bb9015,4872,2026-07-09T13:38:59.246000Z,1783604339246,128.71
session-1783603749411-du6syw,10:51:DB:0D:31:EA,b3bb9015,4873,2026-07-09T13:38:59.336000Z,1783604339336,128.75
session-1783603749411-du6syw,10:51:DB:0D:31:EA,b3bb9015,4874,2026-07-09T13:38:59.426000Z,1783604339426,128.26
session-1783603749411-du6syw,10:51:DB:0D:31:EA,b3bb9015,4875,2026-07-09T13:38:59.561000Z,1783604339561,129.18
session-1783603749411-du6syw,10:51:DB:0D:31:EA,b3bb9015,4876,2026-07-09T13:38:59.651000Z,1783604339651,128.01
session-1783603749411-du6syw,10:51:DB:0D:31:EA,b3bb9015,4877,2026-07-09T13:38:59.786000Z,1783604339786,135.27
session-1783603749411-du6syw,10:51:DB:0D:31:EA,b3bb9015,4878,2026-07-09T13:38:59.875000Z,1783604339875,128.31
session-1783603749411-du6syw,10:51:DB:0D:31:EA,b3bb9015,4879,2026-07-09T13:38:59.965000Z,1783604339965,128.94
session-1783603749411-du6syw,10:51:DB:0D:31:EA,b3bb9015,4880,2026-07-09T13:39:00.056000Z,1783604340056,128.52
session-1783603749411-du6syw,10:51:DB:0D:31:EA,b3bb9015,4881,2026-07-09T13:39:00.146000Z,1783604340146,128.5
session-1783603749411-du6syw,10:51:DB:0D:31:EA,b3bb9015,4882,2026-07-09T13:39:00.282000Z,1783604340282,128.07
session-1783603749411-du6syw,10:51:DB:0D:31:EA,b3bb9015,4883,2026-07-09T13:39:00.371000Z,1783604340371,53.03
session-1783603749411-du6syw,10:51:DB:0D:31:EA,b3bb9015,4884,2026-07-09T13:39:00.461000Z,1783604340461,128.31
session-1783603749411-du6syw,10:51:DB:0D:31:EA,b3bb9015,4885,2026-07-09T13:39:00.551000Z,1783604340551,128.5
session-1783603749411-du6syw,10:51:DB:0D:31:EA,b3bb9015,4886,2026-07-09T13:39:00.686000Z,1783604340686,128.27
session-1783603749411-du6syw,10:51:DB:0D:31:EA,b3bb9015,4887,2026-07-09T13:39:00.777000Z,1783604340777,128.34
session-1783603749411-du6syw,10:51:DB:0D:31:EA,b3bb9015,4888,2026-07-09T13:39:00.866000Z,1783604340866,128.07
session-1783603749411-du6syw,10:51:DB:0D:31:EA,b3bb9015,4889,2026-07-09T13:39:00.957000Z,1783604340957,129.06
session-1783603749411-du6syw,10:51:DB:0D:31:EA,b3bb9015,4890,2026-07-09T13:39:01.046000Z,1783604341046,128.92
session-1783603749411-du6syw,10:51:DB:0D:31:EA,b3bb9015,4891,2026-07-09T13:39:01.182000Z,1783604341182,128.52
session-1783603749411-du6syw,10:51:DB:0D:31:EA,b3bb9015,4892,2026-07-09T13:39:01.271000Z,1783604341271,52.82
session-1783603749411-du6syw,10:51:DB:0D:31:EA,b3bb9015,4893,2026-07-09T13:39:01.361000Z,1783604341361,127.87
session-1783603749411-du6syw,10:51:DB:0D:31:EA,b3bb9015,4894,2026-07-09T13:39:01.451000Z,1783604341451,128.31
session-1783603749411-du6syw,10:51:DB:0D:31:EA,b3bb9015,4895,2026-07-09T13:39:01.586000Z,1783604341586,128.29
session-1783603749411-du6syw,10:51:DB:0D:31:EA,b3bb9015,4896,2026-07-09T13:39:01.721000Z,1783604341721,128.29
session-1783603749411-du6syw,10:51:DB:0D:31:EA,b3bb9015,4897,2026-07-09T13:39:01.813000Z,1783604341813,52.61
session-1783603749411-du6syw,10:51:DB:0D:31:EA,b3bb9015,4898,2026-07-09T13:39:01.901000Z,1783604341901,127.86
session-1783603749411-du6syw,10:51:DB:0D:31:EA,b3bb9015,4899,2026-07-09T13:39:01.991000Z,1783604341991,133.06
session-1783603749411-du6syw,10:51:DB:0D:31:EA,b3bb9015,4900,2026-07-09T13:39:02.126000Z,1783604342126,127.87
session-1783603749411-du6syw,10:51:DB:0D:31:EA,b3bb9015,4901,2026-07-09T13:39:02.217000Z,1783604342217,127.87
session-1783603749411-du6syw,10:51:DB:0D:31:EA,b3bb9015,4902,2026-07-09T13:39:02.306000Z,1783604342306,127.87
session-1783603749411-du6syw,10:51:DB:0D:31:EA,b3bb9015,4903,2026-07-09T13:39:02.397000Z,1783604342397,128.07
session-1783603749411-du6syw,10:51:DB:0D:31:EA,b3bb9015,4904,2026-07-09T13:39:02.486000Z,1783604342486,133.49
session-1783603749411-du6syw,10:51:DB:0D:31:EA,b3bb9015,4905,2026-07-09T13:39:02.621000Z,1783604342621,128.05
session-1783603749411-du6syw,10:51:DB:0D:31:EA,b3bb9015,4906,2026-07-09T13:39:02.711000Z,1783604342711,128.33
session-1783603749411-du6syw,10:51:DB:0D:31:EA,b3bb9015,4907,2026-07-09T13:39:02.801000Z,1783604342801,128.94
session-1783603749411-du6syw,10:51:DB:0D:31:EA,b3bb9015,4908,2026-07-09T13:39:02.894000Z,1783604342894,128.76
session-1783603749411-du6syw,10:51:DB:0D:31:EA,b3bb9015,4909,2026-07-09T13:39:03.028000Z,1783604343028,127.87
session-1783603749411-du6syw,10:51:DB:0D:31:EA,b3bb9015,4910,2026-07-09T13:39:03.117000Z,1783604343117,133.13
session-1783603749411-du6syw,10:51:DB:0D:31:EA,b3bb9015,4911,2026-07-09T13:39:03.205000Z,1783604343205,127.84
session-1783603749411-du6syw,10:51:DB:0D:31:EA,b3bb9015,4912,2026-07-09T13:39:03.296000Z,1783604343296,127.93
session-1783603749411-du6syw,10:51:DB:0D:31:EA,b3bb9015,4913,2026-07-09T13:39:03.386000Z,1783604343386,128.5
session-1783603749411-du6syw,10:51:DB:0D:31:EA,b3bb9015,4914,2026-07-09T13:39:03.522000Z,1783604343522,128.78
session-1783603749411-du6syw,10:51:DB:0D:31:EA,b3bb9015,4915,2026-07-09T13:39:03.672000Z,1783604343672,52.21
session-1783603749411-du6syw,10:51:DB:0D:31:EA,b3bb9015,4916,2026-07-09T13:39:03.744000Z,1783604343744,128.05
session-1783603749411-du6syw,10:51:DB:0D:31:EA,b3bb9015,4917,2026-07-09T13:39:03.835000Z,1783604343835,129.39
session-1783603749411-du6syw,10:51:DB:0D:31:EA,b3bb9015,4918,2026-07-09T13:39:03.926000Z,1783604343926,128.05
session-1783603749411-du6syw,10:51:DB:0D:31:EA,b3bb9015,4919,2026-07-09T13:39:04.061000Z,1783604344061,128.33
session-1783603749411-du6syw,10:51:DB:0D:31:EA,b3bb9015,4920,2026-07-09T13:39:04.151000Z,1783604344151,52.16
session-1783603749411-du6syw,10:51:DB:0D:31:EA,b3bb9015,4921,2026-07-09T13:39:04.241000Z,1783604344241,127.63
session-1783603749411-du6syw,10:51:DB:0D:31:EA,b3bb9015,4922,2026-07-09T13:39:04.331000Z,1783604344331,128.5
session-1783603749411-du6syw,10:51:DB:0D:31:EA,b3bb9015,4923,2026-07-09T13:39:04.466000Z,1783604344466,128.73
session-1783603749411-du6syw,10:51:DB:0D:31:EA,b3bb9015,4924,2026-07-09T13:39:04.556000Z,1783604344556,127.87
session-1783603749411-du6syw,10:51:DB:0D:31:EA,b3bb9015,4925,2026-07-09T13:39:04.646000Z,1783604344646,127.47
session-1783603749411-du6syw,10:51:DB:0D:31:EA,b3bb9015,4926,2026-07-09T13:39:04.736000Z,1783604344736,128.29
session-1783603749411-du6syw,10:51:DB:0D:31:EA,b3bb9015,4927,2026-07-09T13:39:04.826000Z,1783604344826,127.91
session-1783603749411-du6syw,10:51:DB:0D:31:EA,b3bb9015,4928,2026-07-09T13:39:04.961000Z,1783604344961,128.94
session-1783603749411-du6syw,10:51:DB:0D:31:EA,b3bb9015,4929,2026-07-09T13:39:05.052000Z,1783604345052,127.87
session-1783603749411-du6syw,10:51:DB:0D:31:EA,b3bb9015,4930,2026-07-09T13:39:05.141000Z,1783604345141,128.52
session-1783603749411-du6syw,10:51:DB:0D:31:EA,b3bb9015,4931,2026-07-09T13:39:05.366000Z,1783604345366,128.07
session-1783603749411-du6syw,10:51:DB:0D:31:EA,b3bb9015,4932,2026-07-09T13:39:05.456000Z,1783604345456,135.99
session-1783603749411-du6syw,10:51:DB:0D:31:EA,b3bb9015,4933,2026-07-09T13:39:05.545000Z,1783604345545,127.61
session-1783603749411-du6syw,10:51:DB:0D:31:EA,b3bb9015,4934,2026-07-09T13:39:05.681000Z,1783604345681,128.52
session-1783603749411-du6syw,10:51:DB:0D:31:EA,b3bb9015,4935,2026-07-09T13:39:05.770000Z,1783604345770,128.48
session-1783603749411-du6syw,10:51:DB:0D:31:EA,b3bb9015,4936,2026-07-09T13:39:05.906000Z,1783604345906,127.89
session-1783603749411-du6syw,10:51:DB:0D:31:EA,b3bb9015,4937,2026-07-09T13:39:05.996000Z,1783604345996,127.86
session-1783603749411-du6syw,10:51:DB:0D:31:EA,b3bb9015,4938,2026-07-09T13:39:06.086000Z,1783604346086,127.89
session-1783603749411-du6syw,10:51:DB:0D:31:EA,b3bb9015,4939,2026-07-09T13:39:06.176000Z,1783604346176,128.05
session-1783603749411-du6syw,10:51:DB:0D:31:EA,b3bb9015,4940,2026-07-09T13:39:06.266000Z,1783604346266,136.16
session-1783603749411-du6syw,10:51:DB:0D:31:EA,b3bb9015,4941,2026-07-09T13:39:06.400000Z,1783604346400,128.33
session-1783603749411-du6syw,10:51:DB:0D:31:EA,b3bb9015,4942,2026-07-09T13:39:06.490000Z,1783604346490,51.51
session-1783603749411-du6syw,10:51:DB:0D:31:EA,b3bb9015,4943,2026-07-09T13:39:06.582000Z,1783604346582,128.75
session-1783603749411-du6syw,10:51:DB:0D:31:EA,b3bb9015,4944,2026-07-09T13:39:06.671000Z,1783604346671,128.76
session-1783603749411-du6syw,10:51:DB:0D:31:EA,b3bb9015,4945,2026-07-09T13:39:06.821000Z,1783604346821,129.58
session-1783603749411-du6syw,10:51:DB:0D:31:EA,b3bb9015,4946,2026-07-09T13:39:06.987000Z,1783604346987,128.75
session-1783603749411-du6syw,10:51:DB:0D:31:EA,b3bb9015,4947,2026-07-09T13:39:06.988000Z,1783604346988,130.0
session-1783603749411-du6syw,10:51:DB:0D:31:EA,b3bb9015,4948,2026-07-09T13:39:07.122000Z,1783604347122,128.5
session-1783603749411-du6syw,10:51:DB:0D:31:EA,b3bb9015,4949,2026-07-09T13:39:07.256000Z,1783604347256,136.56
session-1783603749411-du6syw,10:51:DB:0D:31:EA,b3bb9015,4950,2026-07-09T13:39:07.346000Z,1783604347346,127.87
session-1783603749411-du6syw,10:51:DB:0D:31:EA,b3bb9015,4951,2026-07-09T13:39:07.390000Z,1783604347390,71.53
session-1783603749411-du6syw,10:51:DB:0D:31:EA,b3bb9015,4952,2026-07-09T13:39:07.540000Z,1783604347540,128.26
session-1783603749411-du6syw,10:51:DB:0D:31:EA,b3bb9015,4953,2026-07-09T13:39:07.570000Z,1783604347570,135.97
session-1783603749411-du6syw,10:51:DB:0D:31:EA,b3bb9015,4954,2026-07-09T13:39:07.721000Z,1783604347721,128.9
session-1783603749411-du6syw,10:51:DB:0D:31:EA,b3bb9015,4955,2026-07-09T13:39:07.797000Z,1783604347797,128.52
session-1783603749411-du6syw,10:51:DB:0D:31:EA,b3bb9015,4956,2026-07-09T13:39:07.947000Z,1783604347947,51.29
session-1783603749411-du6syw,10:51:DB:0D:31:EA,b3bb9015,4957,2026-07-09T13:39:08.020000Z,1783604348020,128.31
session-1783603749411-du6syw,10:51:DB:0D:31:EA,b3bb9015,4958,2026-07-09T13:39:08.111000Z,1783604348111,129.39
session-1783603749411-du6syw,10:51:DB:0D:31:EA,b3bb9015,4959,2026-07-09T13:39:08.246000Z,1783604348246,127.63
session-1783603749411-du6syw,10:51:DB:0D:31:EA,b3bb9015,4960,2026-07-09T13:39:08.337000Z,1783604348337,129.37
session-1783603749411-du6syw,10:51:DB:0D:31:EA,b3bb9015,4961,2026-07-09T13:39:08.425000Z,1783604348425,128.96
session-1783603749411-du6syw,10:51:DB:0D:31:EA,b3bb9015,4962,2026-07-09T13:39:08.516000Z,1783604348516,128.48
session-1783603749411-du6syw,10:51:DB:0D:31:EA,b3bb9015,4963,2026-07-09T13:39:08.607000Z,1783604348607,134.4
session-1783603749411-du6syw,10:51:DB:0D:31:EA,b3bb9015,4964,2026-07-09T13:39:08.758000Z,1783604348758,128.31
session-1783603749411-du6syw,10:51:DB:0D:31:EA,b3bb9015,4965,2026-07-09T13:39:08.830000Z,1783604348830,51.13
session-1783603749411-du6syw,10:51:DB:0D:31:EA,b3bb9015,4966,2026-07-09T13:39:08.920000Z,1783604348920,135.24
session-1783603749411-du6syw,10:51:DB:0D:31:EA,b3bb9015,4967,2026-07-09T13:39:09.057000Z,1783604349057,127.86
session-1783603749411-du6syw,10:51:DB:0D:31:EA,b3bb9015,4968,2026-07-09T13:39:09.235000Z,1783604349235,128.52
session-1783603749411-du6syw,10:51:DB:0D:31:EA,b3bb9015,4969,2026-07-09T13:39:09.372000Z,1783604349372,128.75
session-1783603749411-du6syw,10:51:DB:0D:31:EA,b3bb9015,4970,2026-07-09T13:39:09.523000Z,1783604349523,51.11
session-1783603749411-du6syw,10:51:DB:0D:31:EA,b3bb9015,4971,2026-07-09T13:39:09.595000Z,1783604349595,128.94
session-1783603749411-du6syw,10:51:DB:0D:31:EA,b3bb9015,4972,2026-07-09T13:39:09.820000Z,1783604349820,128.92
session-1783603749411-du6syw,10:51:DB:0D:31:EA,b3bb9015,4973,2026-07-09T13:39:09.911000Z,1783604349911,135.55
session-1783603749411-du6syw,10:51:DB:0D:31:EA,b3bb9015,4974,2026-07-09T13:39:10.061000Z,1783604350061,128.9
session-1783603749411-du6syw,10:51:DB:0D:31:EA,b3bb9015,4975,2026-07-09T13:39:10.183000Z,1783604350183,129.39
session-1783603749411-du6syw,10:51:DB:0D:31:EA,b3bb9015,4976,2026-07-09T13:39:10.225000Z,1783604350225,129.22
session-1783603749411-du6syw,10:51:DB:0D:31:EA,b3bb9015,4977,2026-07-09T13:39:10.315000Z,1783604350315,135.73
session-1783603749411-du6syw,10:51:DB:0D:31:EA,b3bb9015,4978,2026-07-09T13:39:10.406000Z,1783604350406,128.71
session-1783603749411-du6syw,10:51:DB:0D:31:EA,b3bb9015,4979,2026-07-09T13:39:10.557000Z,1783604350557,128.75
session-1783603749411-du6syw,10:51:DB:0D:31:EA,b3bb9015,4980,2026-07-09T13:39:10.675000Z,1783604350675,135.25
session-1783603749411-du6syw,10:51:DB:0D:31:EA,b3bb9015,4981,2026-07-09T13:39:10.720000Z,1783604350720,128.78
session-1783603749411-du6syw,10:51:DB:0D:31:EA,b3bb9015,4982,2026-07-09T13:39:10.811000Z,1783604350811,128.8
session-1783603749411-du6syw,10:51:DB:0D:31:EA,b3bb9015,4983,2026-07-09T13:39:10.945000Z,1783604350945,135.95
session-1783603749411-du6syw,10:51:DB:0D:31:EA,b3bb9015,4984,2026-07-09T13:39:11.036000Z,1783604351036,128.48
session-1783603749411-du6syw,10:51:DB:0D:31:EA,b3bb9015,4985,2026-07-09T13:39:11.171000Z,1783604351171,136.16
session-1783603749411-du6syw,10:51:DB:0D:31:EA,b3bb9015,4986,2026-07-09T13:39:11.215000Z,1783604351215,128.94
session-1783603749411-du6syw,10:51:DB:0D:31:EA,b3bb9015,4987,2026-07-09T13:39:11.306000Z,1783604351306,129.81
session-1783603749411-du6syw,10:51:DB:0D:31:EA,b3bb9015,4988,2026-07-09T13:39:11.456000Z,1783604351456,128.76
session-1783603749411-du6syw,10:51:DB:0D:31:EA,b3bb9015,4989,2026-07-09T13:39:11.530000Z,1783604351530,50.45
session-1783603749411-du6syw,10:51:DB:0D:31:EA,b3bb9015,4990,2026-07-09T13:39:11.621000Z,1783604351621,128.33
session-1783603749411-du6syw,10:51:DB:0D:31:EA,b3bb9015,4991,2026-07-09T13:39:11.757000Z,1783604351757,136.13
session-1783603749411-du6syw,10:51:DB:0D:31:EA,b3bb9015,4992,2026-07-09T13:39:11.846000Z,1783604351846,129.78
session-1783603749411-du6syw,10:51:DB:0D:31:EA,b3bb9015,4993,2026-07-09T13:39:11.983000Z,1783604351983,128.94
session-1783603749411-du6syw,10:51:DB:0D:31:EA,b3bb9015,4994,2026-07-09T13:39:12.071000Z,1783604352071,136.11
session-1783603749411-du6syw,10:51:DB:0D:31:EA,b3bb9015,4995,2026-07-09T13:39:12.205000Z,1783604352205,136.11
session-1783603749411-du6syw,10:51:DB:0D:31:EA,b3bb9015,4996,2026-07-09T13:39:12.250000Z,1783604352250,128.76
session-1783603749411-du6syw,10:51:DB:0D:31:EA,b3bb9015,4997,2026-07-09T13:39:12.387000Z,1783604352387,128.71
session-1783603749411-du6syw,10:51:DB:0D:31:EA,b3bb9015,4998,2026-07-09T13:39:12.477000Z,1783604352477,128.75
session-1783603749411-du6syw,10:51:DB:0D:31:EA,b3bb9015,4999,2026-07-09T13:39:12.566000Z,1783604352566,128.29
session-1783603749411-du6syw,10:51:DB:0D:31:EA,b3bb9015,5000,2026-07-09T13:39:12.657000Z,1783604352657,135.52
session-1783603749411-du6syw,10:51:DB:0D:31:EA,b3bb9015,5001,2026-07-09T13:39:12.746000Z,1783604352746,128.71
session-1783603749411-du6syw,10:51:DB:0D:31:EA,b3bb9015,5002,2026-07-09T13:39:12.881000Z,1783604352881,129.18
session-1783603749411-du6syw,10:51:DB:0D:31:EA,b3bb9015,5003,2026-07-09T13:39:12.971000Z,1783604352971,128.31
session-1783603749411-du6syw,10:51:DB:0D:31:EA,b3bb9015,5004,2026-07-09T13:39:13.061000Z,1783604353061,128.94
session-1783603749411-du6syw,10:51:DB:0D:31:EA,b3bb9015,5005,2026-07-09T13:39:13.151000Z,1783604353151,136.14
session-1783603749411-du6syw,10:51:DB:0D:31:EA,b3bb9015,5006,2026-07-09T13:39:13.285000Z,1783604353285,128.47
session-1783603749411-du6syw,10:51:DB:0D:31:EA,b3bb9015,5007,2026-07-09T13:39:13.377000Z,1783604353377,128.08
session-1783603749411-du6syw,10:51:DB:0D:31:EA,b3bb9015,5008,2026-07-09T13:39:13.466000Z,1783604353466,136.11
session-1783603749411-du6syw,10:51:DB:0D:31:EA,b3bb9015,5009,2026-07-09T13:39:13.554000Z,1783604353554,127.93
session-1783603749411-du6syw,10:51:DB:0D:31:EA,b3bb9015,5010,2026-07-09T13:39:13.645000Z,1783604353645,128.92
session-1783603749411-du6syw,10:51:DB:0D:31:EA,b3bb9015,5011,2026-07-09T13:39:13.795000Z,1783604353795,128.94
session-1783603749411-du6syw,10:51:DB:0D:31:EA,b3bb9015,5012,2026-07-09T13:39:13.916000Z,1783604353916,84.04
session-1783603749411-du6syw,10:51:DB:0D:31:EA,b3bb9015,5013,2026-07-09T13:39:14.006000Z,1783604354006,129.2
session-1783603749411-du6syw,10:51:DB:0D:31:EA,b3bb9015,5014,2026-07-09T13:39:14.156000Z,1783604354156,128.31
session-1783603749411-du6syw,10:51:DB:0D:31:EA,b3bb9015,5015,2026-07-09T13:39:14.232000Z,1783604354232,128.75
session-1783603749411-du6syw,10:51:DB:0D:31:EA,b3bb9015,5016,2026-07-09T13:39:14.321000Z,1783604354321,128.38
session-1783603749411-du6syw,10:51:DB:0D:31:EA,b3bb9015,5017,2026-07-09T13:39:14.456000Z,1783604354456,49.75
session-1783603749411-du6syw,10:51:DB:0D:31:EA,b3bb9015,5018,2026-07-09T13:39:14.500000Z,1783604354500,128.05
session-1783603749411-du6syw,10:51:DB:0D:31:EA,b3bb9015,5019,2026-07-09T13:39:14.592000Z,1783604354592,128.83
session-1783603749411-du6syw,10:51:DB:0D:31:EA,b3bb9015,5020,2026-07-09T13:39:14.726000Z,1783604354726,128.27
session-1783603749411-du6syw,10:51:DB:0D:31:EA,b3bb9015,5021,2026-07-09T13:39:14.816000Z,1783604354816,129.2
session-1783603749411-du6syw,10:51:DB:0D:31:EA,b3bb9015,5022,2026-07-09T13:39:14.910000Z,1783604354910,128.33
session-1783603749411-du6syw,10:51:DB:0D:31:EA,b3bb9015,5023,2026-07-09T13:39:15.058000Z,1783604355058,129.39
session-1783603749411-du6syw,10:51:DB:0D:31:EA,b3bb9015,5024,2026-07-09T13:39:15.090000Z,1783604355090,129.34
session-1783603749411-du6syw,10:51:DB:0D:31:EA,b3bb9015,5025,2026-07-09T13:39:15.221000Z,1783604355221,128.34
session-1783603749411-du6syw,10:51:DB:0D:31:EA,b3bb9015,5026,2026-07-09T13:39:15.310000Z,1783604355310,49.37
session-1783603749411-du6syw,10:51:DB:0D:31:EA,b3bb9015,5027,2026-07-09T13:39:15.400000Z,1783604355400,128.52
session-1783603749411-du6syw,10:51:DB:0D:31:EA,b3bb9015,5028,2026-07-09T13:39:15.490000Z,1783604355490,135.99
session-1783603749411-du6syw,10:51:DB:0D:31:EA,b3bb9015,5029,2026-07-09T13:39:15.626000Z,1783604355626,128.55
session-1783603749411-du6syw,10:51:DB:0D:31:EA,b3bb9015,5030,2026-07-09T13:39:15.760000Z,1783604355760,135.78
session-1783603749411-du6syw,10:51:DB:0D:31:EA,b3bb9015,5031,2026-07-09T13:39:15.851000Z,1783604355851,128.76
session-1783603749411-du6syw,10:51:DB:0D:31:EA,b3bb9015,5032,2026-07-09T13:39:15.940000Z,1783604355940,135.03
session-1783603749411-du6syw,10:51:DB:0D:31:EA,b3bb9015,5033,2026-07-09T13:39:16.091000Z,1783604356091,128.92
session-1783603749411-du6syw,10:51:DB:0D:31:EA,b3bb9015,5034,2026-07-09T13:39:16.165000Z,1783604356165,128.36
session-1783603749411-du6syw,10:51:DB:0D:31:EA,b3bb9015,5035,2026-07-09T13:39:16.256000Z,1783604356256,136.56
session-1783603749411-du6syw,10:51:DB:0D:31:EA,b3bb9015,5036,2026-07-09T13:39:16.346000Z,1783604356346,127.96
session-1783603749411-du6syw,10:51:DB:0D:31:EA,b3bb9015,5037,2026-07-09T13:39:16.481000Z,1783604356481,136.41
session-1783603749411-du6syw,10:51:DB:0D:31:EA,b3bb9015,5038,2026-07-09T13:39:16.570000Z,1783604356570,136.42
session-1783603749411-du6syw,10:51:DB:0D:31:EA,b3bb9015,5039,2026-07-09T13:39:16.661000Z,1783604356661,128.48
session-1783603749411-du6syw,10:51:DB:0D:31:EA,b3bb9015,5040,2026-07-09T13:39:16.811000Z,1783604356811,128.71
session-1783603749411-du6syw,10:51:DB:0D:31:EA,b3bb9015,5041,2026-07-09T13:39:16.930000Z,1783604356930,128.75
session-1783603749411-du6syw,10:51:DB:0D:31:EA,b3bb9015,5042,2026-07-09T13:39:16.931000Z,1783604356931,128.26
session-1783603749411-du6syw,10:51:DB:0D:31:EA,b3bb9015,5043,2026-07-09T13:39:17.066000Z,1783604357066,129.18
session-1783603749411-du6syw,10:51:DB:0D:31:EA,b3bb9015,5044,2026-07-09T13:39:17.156000Z,1783604357156,127.89
session-1783603749411-du6syw,10:51:DB:0D:31:EA,b3bb9015,5045,2026-07-09T13:39:17.245000Z,1783604357245,128.96
session-1783603749411-du6syw,10:51:DB:0D:31:EA,b3bb9015,5046,2026-07-09T13:39:17.335000Z,1783604357335,128.9
session-1783603749411-du6syw,10:51:DB:0D:31:EA,b3bb9015,5047,2026-07-09T13:39:17.486000Z,1783604357486,128.94
session-1783603749411-du6syw,10:51:DB:0D:31:EA,b3bb9015,5048,2026-07-09T13:39:17.559000Z,1783604357559,48.7
session-1783603749411-du6syw,10:51:DB:0D:31:EA,b3bb9015,5049,2026-07-09T13:39:17.651000Z,1783604357651,128.08
session-1783603749411-du6syw,10:51:DB:0D:31:EA,b3bb9015,5050,2026-07-09T13:39:17.740000Z,1783604357740,134.02
session-1783603749411-du6syw,10:51:DB:0D:31:EA,b3bb9015,5051,2026-07-09T13:39:17.890000Z,1783604357890,128.33
session-1783603749411-du6syw,10:51:DB:0D:31:EA,b3bb9015,5052,2026-07-09T13:39:18.146000Z,1783604358146,128.52
session-1783603749411-du6syw,10:51:DB:0D:31:EA,b3bb9015,5053,2026-07-09T13:39:18.281000Z,1783604358281,128.99
session-1783603749411-du6syw,10:51:DB:0D:31:EA,b3bb9015,5054,2026-07-09T13:39:18.324000Z,1783604358324,128.92
session-1783603749411-du6syw,10:51:DB:0D:31:EA,b3bb9015,5055,2026-07-09T13:39:18.415000Z,1783604358415,128.4
session-1783603749411-du6syw,10:51:DB:0D:31:EA,b3bb9015,5056,2026-07-09T13:39:18.505000Z,1783604358505,129.18
session-1783603749411-du6syw,10:51:DB:0D:31:EA,b3bb9015,5057,2026-07-09T13:39:18.656000Z,1783604358656,128.38
session-1783603749411-du6syw,10:51:DB:0D:31:EA,b3bb9015,5058,2026-07-09T13:39:18.730000Z,1783604358730,48.27
session-1783603749411-du6syw,10:51:DB:0D:31:EA,b3bb9015,5059,2026-07-09T13:39:18.821000Z,1783604358821,128.4
session-1783603749411-du6syw,10:51:DB:0D:31:EA,b3bb9015,5060,2026-07-09T13:39:18.910000Z,1783604358910,134.21
session-1783603749411-du6syw,10:51:DB:0D:31:EA,b3bb9015,5061,2026-07-09T13:39:19.061000Z,1783604359061,128.54
session-1783603749411-du6syw,10:51:DB:0D:31:EA,b3bb9015,5062,2026-07-09T13:39:19.135000Z,1783604359135,128.85
session-1783603749411-du6syw,10:51:DB:0D:31:EA,b3bb9015,5063,2026-07-09T13:39:19.226000Z,1783604359226,134.16
session-1783603749411-du6syw,10:51:DB:0D:31:EA,b3bb9015,5064,2026-07-09T13:39:19.363000Z,1783604359363,128.8
session-1783603749411-du6syw,10:51:DB:0D:31:EA,b3bb9015,5065,2026-07-09T13:39:19.406000Z,1783604359406,128.54
session-1783603749411-du6syw,10:51:DB:0D:31:EA,b3bb9015,5066,2026-07-09T13:39:19.556000Z,1783604359556,134.66
session-1783603749411-du6syw,10:51:DB:0D:31:EA,b3bb9015,5067,2026-07-09T13:39:19.630000Z,1783604359630,48.42
session-1783603749411-du6syw,10:51:DB:0D:31:EA,b3bb9015,5068,2026-07-09T13:39:19.720000Z,1783604359720,129.01
session-1783603749411-du6syw,10:51:DB:0D:31:EA,b3bb9015,5069,2026-07-09T13:39:19.856000Z,1783604359856,128.27
session-1783603749411-du6syw,10:51:DB:0D:31:EA,b3bb9015,5070,2026-07-09T13:39:19.944000Z,1783604359944,127.65
session-1783603749411-du6syw,10:51:DB:0D:31:EA,b3bb9015,5071,2026-07-09T13:39:20.082000Z,1783604360082,128.85
session-1783603749411-du6syw,10:51:DB:0D:31:EA,b3bb9015,5072,2026-07-09T13:39:20.170000Z,1783604360170,48.2
session-1783603749411-du6syw,10:51:DB:0D:31:EA,b3bb9015,5073,2026-07-09T13:39:20.396000Z,1783604360396,128.15
session-1783603749411-du6syw,10:51:DB:0D:31:EA,b3bb9015,5074,2026-07-09T13:39:20.485000Z,1783604360485,128.94
session-1783603749411-du6syw,10:51:DB:0D:31:EA,b3bb9015,5075,2026-07-09T13:39:20.576000Z,1783604360576,134.47
session-1783603749411-du6syw,10:51:DB:0D:31:EA,b3bb9015,5076,2026-07-09T13:39:20.711000Z,1783604360711,127.94
session-1783603749411-du6syw,10:51:DB:0D:31:EA,b3bb9015,5077,2026-07-09T13:39:20.800000Z,1783604360800,47.85
session-1783603749411-du6syw,10:51:DB:0D:31:EA,b3bb9015,5078,2026-07-09T13:39:20.890000Z,1783604360890,128.94
session-1783603749411-du6syw,10:51:DB:0D:31:EA,b3bb9015,5079,2026-07-09T13:39:20.980000Z,1783604360980,129.23
session-1783603749411-du6syw,10:51:DB:0D:31:EA,b3bb9015,5080,2026-07-09T13:39:21.115000Z,1783604361115,128.54
session-1783603749411-du6syw,10:51:DB:0D:31:EA,b3bb9015,5081,2026-07-09T13:39:21.205000Z,1783604361205,128.8
session-1783603749411-du6syw,10:51:DB:0D:31:EA,b3bb9015,5082,2026-07-09T13:39:21.296000Z,1783604361296,128.76
session-1783603749411-du6syw,10:51:DB:0D:31:EA,b3bb9015,5083,2026-07-09T13:39:21.386000Z,1783604361386,128.78
session-1783603749411-du6syw,10:51:DB:0D:31:EA,b3bb9015,5084,2026-07-09T13:39:21.476000Z,1783604361476,129.37
session-1783603749411-du6syw,10:51:DB:0D:31:EA,b3bb9015,5085,2026-07-09T13:39:21.611000Z,1783604361611,128.08
session-1783603749411-du6syw,10:51:DB:0D:31:EA,b3bb9015,5086,2026-07-09T13:39:21.700000Z,1783604361700,128.55
session-1783603749411-du6syw,10:51:DB:0D:31:EA,b3bb9015,5087,2026-07-09T13:39:21.790000Z,1783604361790,129.39
session-1783603749411-du6syw,10:51:DB:0D:31:EA,b3bb9015,5088,2026-07-09T13:39:21.880000Z,1783604361880,128.78
session-1783603749411-du6syw,10:51:DB:0D:31:EA,b3bb9015,5089,2026-07-09T13:39:22.017000Z,1783604362017,134.0
session-1783603749411-du6syw,10:51:DB:0D:31:EA,b3bb9015,5090,2026-07-09T13:39:22.167000Z,1783604362167,134.23
session-1783603749411-du6syw,10:51:DB:0D:31:EA,b3bb9015,5091,2026-07-09T13:39:22.239000Z,1783604362239,47.57
session-1783603749411-du6syw,10:51:DB:0D:31:EA,b3bb9015,5092,2026-07-09T13:39:22.330000Z,1783604362330,129.16
session-1783603749411-du6syw,10:51:DB:0D:31:EA,b3bb9015,5093,2026-07-09T13:39:22.420000Z,1783604362420,128.12
session-1783603749411-du6syw,10:51:DB:0D:31:EA,b3bb9015,5094,2026-07-09T13:39:22.556000Z,1783604362556,134.49
session-1783603749411-du6syw,10:51:DB:0D:31:EA,b3bb9015,5095,2026-07-09T13:39:22.645000Z,1783604362645,128.29
session-1783603749411-du6syw,10:51:DB:0D:31:EA,b3bb9015,5096,2026-07-09T13:39:22.781000Z,1783604362781,128.54
session-1783603749411-du6syw,10:51:DB:0D:31:EA,b3bb9015,5097,2026-07-09T13:39:22.825000Z,1783604362825,128.99
session-1783603749411-du6syw,10:51:DB:0D:31:EA,b3bb9015,5098,2026-07-09T13:39:22.916000Z,1783604362916,128.36
session-1783603749411-du6syw,10:51:DB:0D:31:EA,b3bb9015,5099,2026-07-09T13:39:23.050000Z,1783604363050,134.23
session-1783603749411-du6syw,10:51:DB:0D:31:EA,b3bb9015,5100,2026-07-09T13:39:23.141000Z,1783604363141,128.12
session-1783603749411-du6syw,10:51:DB:0D:31:EA,b3bb9015,5101,2026-07-09T13:39:23.230000Z,1783604363230,134.05
session-1783603749411-du6syw,10:51:DB:0D:31:EA,b3bb9015,5102,2026-07-09T13:39:23.321000Z,1783604363321,129.27
session-1783603749411-du6syw,10:51:DB:0D:31:EA,b3bb9015,5103,2026-07-09T13:39:23.456000Z,1783604363456,129.39
session-1783603749411-du6syw,10:51:DB:0D:31:EA,b3bb9015,5104,2026-07-09T13:39:23.545000Z,1783604363545,134.8
session-1783603749411-du6syw,10:51:DB:0D:31:EA,b3bb9015,5105,2026-07-09T13:39:23.634000Z,1783604363634,128.8
session-1783603749411-du6syw,10:51:DB:0D:31:EA,b3bb9015,5106,2026-07-09T13:39:23.725000Z,1783604363725,135.29
session-1783603749411-du6syw,10:51:DB:0D:31:EA,b3bb9015,5107,2026-07-09T13:39:23.815000Z,1783604363815,128.76
session-1783603749411-du6syw,10:51:DB:0D:31:EA,b3bb9015,5108,2026-07-09T13:39:23.950000Z,1783604363950,128.59
session-1783603749411-du6syw,10:51:DB:0D:31:EA,b3bb9015,5109,2026-07-09T13:39:24.100000Z,1783604364100,136.37
session-1783603749411-du6syw,10:51:DB:0D:31:EA,b3bb9015,5110,2026-07-09T13:39:24.175000Z,1783604364175,136.81
session-1783603749411-du6syw,10:51:DB:0D:31:EA,b3bb9015,5111,2026-07-09T13:39:24.265000Z,1783604364265,128.96
session-1783603749411-du6syw,10:51:DB:0D:31:EA,b3bb9015,5112,2026-07-09T13:39:24.356000Z,1783604364356,136.39
session-1783603749411-du6syw,10:51:DB:0D:31:EA,b3bb9015,5113,2026-07-09T13:39:24.506000Z,1783604364506,128.94
session-1783603749411-du6syw,10:51:DB:0D:31:EA,b3bb9015,5114,2026-07-09T13:39:24.626000Z,1783604364626,47.11
session-1783603749411-du6syw,10:51:DB:0D:31:EA,b3bb9015,5115,2026-07-09T13:39:24.670000Z,1783604364670,128.94
session-1783603749411-du6syw,10:51:DB:0D:31:EA,b3bb9015,5116,2026-07-09T13:39:24.760000Z,1783604364760,129.22
session-1783603749411-du6syw,10:51:DB:0D:31:EA,b3bb9015,5117,2026-07-09T13:39:24.910000Z,1783604364910,128.97
session-1783603749411-du6syw,10:51:DB:0D:31:EA,b3bb9015,5118,2026-07-09T13:39:24.985000Z,1783604364985,128.76
session-1783603749411-du6syw,10:51:DB:0D:31:EA,b3bb9015,5119,2026-07-09T13:39:25.075000Z,1783604365075,128.73
session-1783603749411-du6syw,10:51:DB:0D:31:EA,b3bb9015,5120,2026-07-09T13:39:25.165000Z,1783604365165,128.94
session-1783603749411-du6syw,10:51:DB:0D:31:EA,b3bb9015,5121,2026-07-09T13:39:25.255000Z,1783604365255,128.48
session-1783603749411-du6syw,10:51:DB:0D:31:EA,b3bb9015,5122,2026-07-09T13:39:25.406000Z,1783604365406,128.97
session-1783603749411-du6syw,10:51:DB:0D:31:EA,b3bb9015,5123,2026-07-09T13:39:25.479000Z,1783604365479,46.73
session-1783603749411-du6syw,10:51:DB:0D:31:EA,b3bb9015,5124,2026-07-09T13:39:25.571000Z,1783604365571,128.97
session-1783603749411-du6syw,10:51:DB:0D:31:EA,b3bb9015,5125,2026-07-09T13:39:25.705000Z,1783604365705,129.83
session-1783603749411-du6syw,10:51:DB:0D:31:EA,b3bb9015,5126,2026-07-09T13:39:25.856000Z,1783604365856,128.12
session-1783603749411-du6syw,10:51:DB:0D:31:EA,b3bb9015,5127,2026-07-09T13:39:25.887000Z,1783604365887,128.97
session-1783603749411-du6syw,10:51:DB:0D:31:EA,b3bb9015,5128,2026-07-09T13:39:25.978000Z,1783604365978,128.78
session-1783603749411-du6syw,10:51:DB:0D:31:EA,b3bb9015,5129,2026-07-09T13:39:26.128000Z,1783604366128,128.97
session-1783603749411-du6syw,10:51:DB:0D:31:EA,b3bb9015,5130,2026-07-09T13:39:26.305000Z,1783604366305,128.76
session-1783603749411-du6syw,10:51:DB:0D:31:EA,b3bb9015,5131,2026-07-09T13:39:26.337000Z,1783604366337,128.99
session-1783603749411-du6syw,10:51:DB:0D:31:EA,b3bb9015,5132,2026-07-09T13:39:26.426000Z,1783604366426,129.39
session-1783603749411-du6syw,10:51:DB:0D:31:EA,b3bb9015,5133,2026-07-09T13:39:26.516000Z,1783604366516,130.26
session-1783603749411-du6syw,10:51:DB:0D:31:EA,b3bb9015,5134,2026-07-09T13:39:26.606000Z,1783604366606,128.54
session-1783603749411-du6syw,10:51:DB:0D:31:EA,b3bb9015,5135,2026-07-09T13:39:26.757000Z,1783604366757,129.25
session-1783603749411-du6syw,10:51:DB:0D:31:EA,b3bb9015,5136,2026-07-09T13:39:26.830000Z,1783604366830,46.47
session-1783603749411-du6syw,10:51:DB:0D:31:EA,b3bb9015,5137,2026-07-09T13:39:26.921000Z,1783604366921,130.05
session-1783603749411-du6syw,10:51:DB:0D:31:EA,b3bb9015,5138,2026-07-09T13:39:27.010000Z,1783604367010,128.08
session-1783603749411-du6syw,10:51:DB:0D:31:EA,b3bb9015,5139,2026-07-09T13:39:27.161000Z,1783604367161,129.23
session-1783603749411-du6syw,10:51:DB:0D:31:EA,b3bb9015,5140,2026-07-09T13:39:27.235000Z,1783604367235,128.85
session-1783603749411-du6syw,10:51:DB:0D:31:EA,b3bb9015,5141,2026-07-09T13:39:27.325000Z,1783604367325,129.18
session-1783603749411-du6syw,10:51:DB:0D:31:EA,b3bb9015,5142,2026-07-09T13:39:27.416000Z,1783604367416,128.59
session-1783603749411-du6syw,10:51:DB:0D:31:EA,b3bb9015,5143,2026-07-09T13:39:27.505000Z,1783604367505,128.82
session-1783603749411-du6syw,10:51:DB:0D:31:EA,b3bb9015,5144,2026-07-09T13:39:27.656000Z,1783604367656,134.68
session-1783603749411-du6syw,10:51:DB:0D:31:EA,b3bb9015,5145,2026-07-09T13:39:27.730000Z,1783604367730,129.36
session-1783603749411-du6syw,10:51:DB:0D:31:EA,b3bb9015,5146,2026-07-09T13:39:27.820000Z,1783604367820,128.12
session-1783603749411-du6syw,10:51:DB:0D:31:EA,b3bb9015,5147,2026-07-09T13:39:27.910000Z,1783604367910,134.09
session-1783603749411-du6syw,10:51:DB:0D:31:EA,b3bb9015,5148,2026-07-09T13:39:28.045000Z,1783604368045,134.23
session-1783603749411-du6syw,10:51:DB:0D:31:EA,b3bb9015,5149,2026-07-09T13:39:28.181000Z,1783604368181,129.85
session-1783603749411-du6syw,10:51:DB:0D:31:EA,b3bb9015,5150,2026-07-09T13:39:28.271000Z,1783604368271,44.15
session-1783603749411-du6syw,10:51:DB:0D:31:EA,b3bb9015,5151,2026-07-09T13:39:28.360000Z,1783604368360,134.66
session-1783603749411-du6syw,10:51:DB:0D:31:EA,b3bb9015,5152,2026-07-09T13:39:28.450000Z,1783604368450,129.01
session-1783603749411-du6syw,10:51:DB:0D:31:EA,b3bb9015,5153,2026-07-09T13:39:28.586000Z,1783604368586,129.79
session-1783603749411-du6syw,10:51:DB:0D:31:EA,b3bb9015,5154,2026-07-09T13:39:28.677000Z,1783604368677,128.52
session-1783603749411-du6syw,10:51:DB:0D:31:EA,b3bb9015,5155,2026-07-09T13:39:28.765000Z,1783604368765,129.37
session-1783603749411-du6syw,10:51:DB:0D:31:EA,b3bb9015,5156,2026-07-09T13:39:28.856000Z,1783604368856,128.97
session-1783603749411-du6syw,10:51:DB:0D:31:EA,b3bb9015,5157,2026-07-09T13:39:28.945000Z,1783604368945,128.9
session-1783603749411-du6syw,10:51:DB:0D:31:EA,b3bb9015,5158,2026-07-09T13:39:29.081000Z,1783604369081,129.67
session-1783603749411-du6syw,10:51:DB:0D:31:EA,b3bb9015,5159,2026-07-09T13:39:29.171000Z,1783604369171,46.45
session-1783603749411-du6syw,10:51:DB:0D:31:EA,b3bb9015,5160,2026-07-09T13:39:29.260000Z,1783604369260,129.18
session-1783603749411-du6syw,10:51:DB:0D:31:EA,b3bb9015,5161,2026-07-09T13:39:29.351000Z,1783604369351,128.36
session-1783603749411-du6syw,10:51:DB:0D:31:EA,b3bb9015,5162,2026-07-09T13:39:29.486000Z,1783604369486,128.55
session-1783603749411-du6syw,10:51:DB:0D:31:EA,b3bb9015,5163,2026-07-09T13:39:29.575000Z,1783604369575,129.69
session-1783603749411-du6syw,10:51:DB:0D:31:EA,b3bb9015,5164,2026-07-09T13:39:29.727000Z,1783604369727,127.82
session-1783603749411-du6syw,10:51:DB:0D:31:EA,b3bb9015,5165,2026-07-09T13:39:29.755000Z,1783604369755,130.09
session-1783603749411-du6syw,10:51:DB:0D:31:EA,b3bb9015,5166,2026-07-09T13:39:29.913000Z,1783604369913,128.66
session-1783603749411-du6syw,10:51:DB:0D:31:EA,b3bb9015,5167,2026-07-09T13:39:29.979000Z,1783604369979,128.54
session-1783603749411-du6syw,10:51:DB:0D:31:EA,b3bb9015,5168,2026-07-09T13:39:30.071000Z,1783604370071,134.21
session-1783603749411-du6syw,10:51:DB:0D:31:EA,b3bb9015,5169,2026-07-09T13:39:30.205000Z,1783604370205,128.08
session-1783603749411-du6syw,10:51:DB:0D:31:EA,b3bb9015,5170,2026-07-09T13:39:30.475000Z,1783604370475,128.08
session-1783603749411-du6syw,10:51:DB:0D:31:EA,b3bb9015,5171,2026-07-09T13:39:30.565000Z,1783604370565,134.68
session-1783603749411-du6syw,10:51:DB:0D:31:EA,b3bb9015,5172,2026-07-09T13:39:30.656000Z,1783604370656,128.68
session-1783603749411-du6syw,10:51:DB:0D:31:EA,b3bb9015,5173,2026-07-09T13:39:30.746000Z,1783604370746,129.6
session-1783603749411-du6syw,10:51:DB:0D:31:EA,b3bb9015,5174,2026-07-09T13:39:30.836000Z,1783604370836,129.13
session-1783603749411-du6syw,10:51:DB:0D:31:EA,b3bb9015,5175,2026-07-09T13:39:30.925000Z,1783604370925,128.1
session-1783603749411-du6syw,10:51:DB:0D:31:EA,b3bb9015,5176,2026-07-09T13:39:31.016000Z,1783604371016,129.13
session-1783603749411-du6syw,10:51:DB:0D:31:EA,b3bb9015,5177,2026-07-09T13:39:31.150000Z,1783604371150,128.54
session-1783603749411-du6syw,10:51:DB:0D:31:EA,b3bb9015,5178,2026-07-09T13:39:31.240000Z,1783604371240,45.4
session-1783603749411-du6syw,10:51:DB:0D:31:EA,b3bb9015,5179,2026-07-09T13:39:31.330000Z,1783604371330,134.38
session-1783603749411-du6syw,10:51:DB:0D:31:EA,b3bb9015,5180,2026-07-09T13:39:31.420000Z,1783604371420,128.75
session-1783603749411-du6syw,10:51:DB:0D:31:EA,b3bb9015,5181,2026-07-09T13:39:31.572000Z,1783604371572,134.36
session-1783603749411-du6syw,10:51:DB:0D:31:EA,b3bb9015,5182,2026-07-09T13:39:31.738000Z,1783604371738,128.12
session-1783603749411-du6syw,10:51:DB:0D:31:EA,b3bb9015,5183,2026-07-09T13:39:31.738000Z,1783604371738,128.69
session-1783603749411-du6syw,10:51:DB:0D:31:EA,b3bb9015,5184,2026-07-09T13:39:31.889000Z,1783604371889,134.4
session-1783603749411-du6syw,10:51:DB:0D:31:EA,b3bb9015,5185,2026-07-09T13:39:31.916000Z,1783604371916,128.24
session-1783603749411-du6syw,10:51:DB:0D:31:EA,b3bb9015,5186,2026-07-09T13:39:32.066000Z,1783604372066,128.29
session-1783603749411-du6syw,10:51:DB:0D:31:EA,b3bb9015,5187,2026-07-09T13:39:32.187000Z,1783604372187,45.0
session-1783603749411-du6syw,10:51:DB:0D:31:EA,b3bb9015,5188,2026-07-09T13:39:32.275000Z,1783604372275,128.73
session-1783603749411-du6syw,10:51:DB:0D:31:EA,b3bb9015,5189,2026-07-09T13:39:32.425000Z,1783604372425,128.1
session-1783603749411-du6syw,10:51:DB:0D:31:EA,b3bb9015,5190,2026-07-09T13:39:32.455000Z,1783604372455,128.96
session-1783603749411-du6syw,10:51:DB:0D:31:EA,b3bb9015,5191,2026-07-09T13:39:32.606000Z,1783604372606,128.55
session-1783603749411-du6syw,10:51:DB:0D:31:EA,b3bb9015,5192,2026-07-09T13:39:32.726000Z,1783604372726,128.54
session-1783603749411-du6syw,10:51:DB:0D:31:EA,b3bb9015,5193,2026-07-09T13:39:32.769000Z,1783604372769,128.96
session-1783603749411-du6syw,10:51:DB:0D:31:EA,b3bb9015,5194,2026-07-09T13:39:32.919000Z,1783604372919,128.73
session-1783603749411-du6syw,10:51:DB:0D:31:EA,b3bb9015,5195,2026-07-09T13:39:33.040000Z,1783604373040,135.08
session-1783603749411-du6syw,10:51:DB:0D:31:EA,b3bb9015,5196,2026-07-09T13:39:33.235000Z,1783604373235,129.16
session-1783603749411-du6syw,10:51:DB:0D:31:EA,b3bb9015,5197,2026-07-09T13:39:33.357000Z,1783604373357,128.1
session-1783603749411-du6syw,10:51:DB:0D:31:EA,b3bb9015,5198,2026-07-09T13:39:33.399000Z,1783604373399,134.8
session-1783603749411-du6syw,10:51:DB:0D:31:EA,b3bb9015,5199,2026-07-09T13:39:33.490000Z,1783604373490,128.73
session-1783603749411-du6syw,10:51:DB:0D:31:EA,b3bb9015,5200,2026-07-09T13:39:33.625000Z,1783604373625,134.78
session-1783603749411-du6syw,10:51:DB:0D:31:EA,b3bb9015,5201,2026-07-09T13:39:33.762000Z,1783604373762,132.08
session-1783603749411-du6syw,10:51:DB:0D:31:EA,b3bb9015,5202,2026-07-09T13:39:33.849000Z,1783604373849,130.02
session-1783603749411-du6syw,10:51:DB:0D:31:EA,b3bb9015,5203,2026-07-09T13:39:33.895000Z,1783604373895,134.66
session-1783603749411-du6syw,10:51:DB:0D:31:EA,b3bb9015,5204,2026-07-09T13:39:33.985000Z,1783604373985,128.69
session-1783603749411-du6syw,10:51:DB:0D:31:EA,b3bb9015,5205,2026-07-09T13:39:34.136000Z,1783604374136,134.38
session-1783603749411-du6syw,10:51:DB:0D:31:EA,b3bb9015,5206,2026-07-09T13:39:34.211000Z,1783604374211,134.19
session-1783603749411-du6syw,10:51:DB:0D:31:EA,b3bb9015,5207,2026-07-09T13:39:34.362000Z,1783604374362,134.21
session-1783603749411-du6syw,10:51:DB:0D:31:EA,b3bb9015,5208,2026-07-09T13:39:34.751000Z,1783604374751,129.85
session-1783603749411-du6syw,10:51:DB:0D:31:EA,b3bb9015,5209,2026-07-09T13:39:34.760000Z,1783604374760,134.36
session-1783603749411-du6syw,10:51:DB:0D:31:EA,b3bb9015,5210,2026-07-09T13:39:34.766000Z,1783604374766,128.97
session-1783603749411-du6syw,10:51:DB:0D:31:EA,b3bb9015,5211,2026-07-09T13:39:34.902000Z,1783604374902,134.33
session-1783603749411-du6syw,10:51:DB:0D:31:EA,b3bb9015,5212,2026-07-09T13:39:34.975000Z,1783604374975,134.19
session-1783603749411-du6syw,10:51:DB:0D:31:EA,b3bb9015,5213,2026-07-09T13:39:35.111000Z,1783604375111,130.96
session-1783603749411-du6syw,10:51:DB:0D:31:EA,b3bb9015,5214,2026-07-09T13:39:35.351000Z,1783604375351,134.42
session-1783603749411-du6syw,10:51:DB:0D:31:EA,b3bb9015,5215,2026-07-09T13:39:35.561000Z,1783604375561,134.36
session-1783603749411-du6syw,10:51:DB:0D:31:EA,b3bb9015,5216,2026-07-09T13:39:35.562000Z,1783604375562,134.42
session-1783603749411-du6syw,10:51:DB:0D:31:EA,b3bb9015,5217,2026-07-09T13:39:35.564000Z,1783604375564,44.74
session-1783603749411-du6syw,10:51:DB:0D:31:EA,b3bb9015,5218,2026-07-09T13:39:35.650000Z,1783604375650,134.36
session-1783603749411-du6syw,10:51:DB:0D:31:EA,b3bb9015,5219,2026-07-09T13:39:35.740000Z,1783604375740,134.36
session-1783603749411-du6syw,10:51:DB:0D:31:EA,b3bb9015,5220,2026-07-09T13:39:35.891000Z,1783604375891,134.4
session-1783603749411-du6syw,10:51:DB:0D:31:EA,b3bb9015,5221,2026-07-09T13:39:36.057000Z,1783604376057,134.23
session-1783603749411-du6syw,10:51:DB:0D:31:EA,b3bb9015,5222,2026-07-09T13:39:36.058000Z,1783604376058,129.39
session-1783603749411-du6syw,10:51:DB:0D:31:EA,b3bb9015,5223,2026-07-09T13:39:36.209000Z,1783604376209,134.36
session-1783603749411-du6syw,10:51:DB:0D:31:EA,b3bb9015,5224,2026-07-09T13:39:36.370000Z,1783604376370,134.33
session-1783603749411-du6syw,10:51:DB:0D:31:EA,b3bb9015,5225,2026-07-09T13:39:36.412000Z,1783604376412,129.86
session-1783603749411-du6syw,10:51:DB:0D:31:EA,b3bb9015,5226,2026-07-09T13:39:36.506000Z,1783604376506,126.76
session-1783603749411-du6syw,10:51:DB:0D:31:EA,b3bb9015,5227,2026-07-09T13:39:36.596000Z,1783604376596,134.84
session-1783603749411-du6syw,10:51:DB:0D:31:EA,b3bb9015,5228,2026-07-09T13:39:36.685000Z,1783604376685,133.91
session-1783603749411-du6syw,10:51:DB:0D:31:EA,b3bb9015,5229,2026-07-09T13:39:36.776000Z,1783604376776,129.39
session-1783603749411-du6syw,10:51:DB:0D:31:EA,b3bb9015,5230,2026-07-09T13:39:36.926000Z,1783604376926,128.71
session-1783603749411-du6syw,10:51:DB:0D:31:EA,b3bb9015,5231,2026-07-09T13:39:37Z,1783604377000,44.5
session-1783603749411-du6syw,10:51:DB:0D:31:EA,b3bb9015,5232,2026-07-09T13:39:37.090000Z,1783604377090,129.36
session-1783603749411-du6syw,10:51:DB:0D:31:EA,b3bb9015,5233,2026-07-09T13:39:37.226000Z,1783604377226,128.73
session-1783603749411-du6syw,10:51:DB:0D:31:EA,b3bb9015,5234,2026-07-09T13:39:37.377000Z,1783604377377,129.99
session-1783603749411-du6syw,10:51:DB:0D:31:EA,b3bb9015,5235,2026-07-09T13:39:37.407000Z,1783604377407,128.52
session-1783603749411-du6syw,10:51:DB:0D:31:EA,b3bb9015,5236,2026-07-09T13:39:37.559000Z,1783604377559,134.03
session-1783603749411-du6syw,10:51:DB:0D:31:EA,b3bb9015,5237,2026-07-09T13:39:37.722000Z,1783604377722,129.58
session-1783603749411-du6syw,10:51:DB:0D:31:EA,b3bb9015,5238,2026-07-09T13:39:37.729000Z,1783604377729,134.21
session-1783603749411-du6syw,10:51:DB:0D:31:EA,b3bb9015,5239,2026-07-09T13:39:37.855000Z,1783604377855,128.97
session-1783603749411-du6syw,10:51:DB:0D:31:EA,b3bb9015,5240,2026-07-09T13:39:37.944000Z,1783604377944,128.97
session-1783603749411-du6syw,10:51:DB:0D:31:EA,b3bb9015,5241,2026-07-09T13:39:38.095000Z,1783604378095,133.6
session-1783603749411-du6syw,10:51:DB:0D:31:EA,b3bb9015,5242,2026-07-09T13:39:38.128000Z,1783604378128,134.84
session-1783603749411-du6syw,10:51:DB:0D:31:EA,b3bb9015,5243,2026-07-09T13:39:38.216000Z,1783604378216,133.79
session-1783603749411-du6syw,10:51:DB:0D:31:EA,b3bb9015,5244,2026-07-09T13:39:38.367000Z,1783604378367,128.73
session-1783603749411-du6syw,10:51:DB:0D:31:EA,b3bb9015,5245,2026-07-09T13:39:38.439000Z,1783604378439,134.35
session-1783603749411-du6syw,10:51:DB:0D:31:EA,b3bb9015,5246,2026-07-09T13:39:38.590000Z,1783604378590,129.03
session-1783603749411-du6syw,10:51:DB:0D:31:EA,b3bb9015,5247,2026-07-09T13:39:38.756000Z,1783604378756,134.19
session-1783603749411-du6syw,10:51:DB:0D:31:EA,b3bb9015,5248,2026-07-09T13:39:38.845000Z,1783604378845,134.4
session-1783603749411-du6syw,10:51:DB:0D:31:EA,b3bb9015,5249,2026-07-09T13:39:38.995000Z,1783604378995,134.43
session-1783603749411-du6syw,10:51:DB:0D:31:EA,b3bb9015,5250,2026-07-09T13:39:39.070000Z,1783604379070,43.69
session-1783603749411-du6syw,10:51:DB:0D:31:EA,b3bb9015,5251,2026-07-09T13:39:39.160000Z,1783604379160,129.58
session-1783603749411-du6syw,10:51:DB:0D:31:EA,b3bb9015,5252,2026-07-09T13:39:39.250000Z,1783604379250,134.17
session-1783603749411-du6syw,10:51:DB:0D:31:EA,b3bb9015,5253,2026-07-09T13:39:39.385000Z,1783604379385,134.21
session-1783603749411-du6syw,10:51:DB:0D:31:EA,b3bb9015,5254,2026-07-09T13:39:39.476000Z,1783604379476,128.97
session-1783603749411-du6syw,10:51:DB:0D:31:EA,b3bb9015,5255,2026-07-09T13:39:39.566000Z,1783604379566,128.52
session-1783603749411-du6syw,10:51:DB:0D:31:EA,b3bb9015,5256,2026-07-09T13:39:39.655000Z,1783604379655,134.09
session-1783603749411-du6syw,10:51:DB:0D:31:EA,b3bb9015,5257,2026-07-09T13:39:39.745000Z,1783604379745,134.19
session-1783603749411-du6syw,10:51:DB:0D:31:EA,b3bb9015,5258,2026-07-09T13:39:39.881000Z,1783604379881,134.24
session-1783603749411-du6syw,10:51:DB:0D:31:EA,b3bb9015,5259,2026-07-09T13:39:39.971000Z,1783604379971,43.62
session-1783603749411-du6syw,10:51:DB:0D:31:EA,b3bb9015,5260,2026-07-09T13:39:40.062000Z,1783604380062,134.19
session-1783603749411-du6syw,10:51:DB:0D:31:EA,b3bb9015,5261,2026-07-09T13:39:40.150000Z,1783604380150,134.26
session-1783603749411-du6syw,10:51:DB:0D:31:EA,b3bb9015,5262,2026-07-09T13:39:40.286000Z,1783604380286,134.36
session-1783603749411-du6syw,10:51:DB:0D:31:EA,b3bb9015,5263,2026-07-09T13:39:40.376000Z,1783604380376,129.85
session-1783603749411-du6syw,10:51:DB:0D:31:EA,b3bb9015,5264,2026-07-09T13:39:40.526000Z,1783604380526,134.35
session-1783603749411-du6syw,10:51:DB:0D:31:EA,b3bb9015,5265,2026-07-09T13:39:40.689000Z,1783604380689,134.21
session-1783603749411-du6syw,10:51:DB:0D:31:EA,b3bb9015,5266,2026-07-09T13:39:40.824000Z,1783604380824,129.2
session-1783603749411-du6syw,10:51:DB:0D:31:EA,b3bb9015,5267,2026-07-09T13:39:40.960000Z,1783604380960,128.52
session-1783603749411-du6syw,10:51:DB:0D:31:EA,b3bb9015,5268,2026-07-09T13:39:41.005000Z,1783604381005,133.61
session-1783603749411-du6syw,10:51:DB:0D:31:EA,b3bb9015,5269,2026-07-09T13:39:41.095000Z,1783604381095,134.42
session-1783603749411-du6syw,10:51:DB:0D:31:EA,b3bb9015,5270,2026-07-09T13:39:41.184000Z,1783604381184,128.92
session-1783603749411-du6syw,10:51:DB:0D:31:EA,b3bb9015,5271,2026-07-09T13:39:41.320000Z,1783604381320,134.24
session-1783603749411-du6syw,10:51:DB:0D:31:EA,b3bb9015,5272,2026-07-09T13:39:41.410000Z,1783604381410,128.68
session-1783603749411-du6syw,10:51:DB:0D:31:EA,b3bb9015,5273,2026-07-09T13:39:41.503000Z,1783604381503,134.36
session-1783603749411-du6syw,10:51:DB:0D:31:EA,b3bb9015,5274,2026-07-09T13:39:41.589000Z,1783604381589,129.15
session-1783603749411-du6syw,10:51:DB:0D:31:EA,b3bb9015,5275,2026-07-09T13:39:41.726000Z,1783604381726,134.17
session-1783603749411-du6syw,10:51:DB:0D:31:EA,b3bb9015,5276,2026-07-09T13:39:41.816000Z,1783604381816,128.29
session-1783603749411-du6syw,10:51:DB:0D:31:EA,b3bb9015,5277,2026-07-09T13:39:41.907000Z,1783604381907,134.23
session-1783603749411-du6syw,10:51:DB:0D:31:EA,b3bb9015,5278,2026-07-09T13:39:41.995000Z,1783604381995,134.24
session-1783603749411-du6syw,10:51:DB:0D:31:EA,b3bb9015,5279,2026-07-09T13:39:42.085000Z,1783604382085,134.35
session-1783603749411-du6syw,10:51:DB:0D:31:EA,b3bb9015,5280,2026-07-09T13:39:42.221000Z,1783604382221,134.21
session-1783603749411-du6syw,10:51:DB:0D:31:EA,b3bb9015,5281,2026-07-09T13:39:42.310000Z,1783604382310,43.4
session-1783603749411-du6syw,10:51:DB:0D:31:EA,b3bb9015,5282,2026-07-09T13:39:42.401000Z,1783604382401,134.36
session-1783603749411-du6syw,10:51:DB:0D:31:EA,b3bb9015,5283,2026-07-09T13:39:42.535000Z,1783604382535,129.43
session-1783603749411-du6syw,10:51:DB:0D:31:EA,b3bb9015,5284,2026-07-09T13:39:42.671000Z,1783604382671,134.19
session-1783603749411-du6syw,10:51:DB:0D:31:EA,b3bb9015,5285,2026-07-09T13:39:42.760000Z,1783604382760,42.79
session-1783603749411-du6syw,10:51:DB:0D:31:EA,b3bb9015,5286,2026-07-09T13:39:42.850000Z,1783604382850,134.21
session-1783603749411-du6syw,10:51:DB:0D:31:EA,b3bb9015,5287,2026-07-09T13:39:42.941000Z,1783604382941,134.66
session-1783603749411-du6syw,10:51:DB:0D:31:EA,b3bb9015,5288,2026-07-09T13:39:43.078000Z,1783604383078,128.71
session-1783603749411-du6syw,10:51:DB:0D:31:EA,b3bb9015,5289,2026-07-09T13:39:43.166000Z,1783604383166,130.07
session-1783603749411-du6syw,10:51:DB:0D:31:EA,b3bb9015,5290,2026-07-09T13:39:43.301000Z,1783604383301,134.36
session-1783603749411-du6syw,10:51:DB:0D:31:EA,b3bb9015,5291,2026-07-09T13:39:43.345000Z,1783604383345,134.4
session-1783603749411-du6syw,10:51:DB:0D:31:EA,b3bb9015,5292,2026-07-09T13:39:43.434000Z,1783604383434,134.36
session-1783603749411-du6syw,10:51:DB:0D:31:EA,b3bb9015,5293,2026-07-09T13:39:43.571000Z,1783604383571,134.23
session-1783603749411-du6syw,10:51:DB:0D:31:EA,b3bb9015,5294,2026-07-09T13:39:43.661000Z,1783604383661,42.4
session-1783603749411-du6syw,10:51:DB:0D:31:EA,b3bb9015,5295,2026-07-09T13:39:43.750000Z,1783604383750,134.38
session-1783603749411-du6syw,10:51:DB:0D:31:EA,b3bb9015,5296,2026-07-09T13:39:43.842000Z,1783604383842,128.99
session-1783603749411-du6syw,10:51:DB:0D:31:EA,b3bb9015,5297,2026-07-09T13:39:43.973000Z,1783604383973,134.36
session-1783603749411-du6syw,10:51:DB:0D:31:EA,b3bb9015,5298,2026-07-09T13:39:44.067000Z,1783604384067,129.83
session-1783603749411-du6syw,10:51:DB:0D:31:EA,b3bb9015,5299,2026-07-09T13:39:44.194000Z,1783604384194,129.16
session-1783603749411-du6syw,10:51:DB:0D:31:EA,b3bb9015,5300,2026-07-09T13:39:44.242000Z,1783604384242,128.94
session-1783603749411-du6syw,10:51:DB:0D:31:EA,b3bb9015,5301,2026-07-09T13:39:44.332000Z,1783604384332,129.57
session-1783603749411-du6syw,10:51:DB:0D:31:EA,b3bb9015,5302,2026-07-09T13:39:44.468000Z,1783604384468,134.7
session-1783603749411-du6syw,10:51:DB:0D:31:EA,b3bb9015,5303,2026-07-09T13:39:44.618000Z,1783604384618,135.06
session-1783603749411-du6syw,10:51:DB:0D:31:EA,b3bb9015,5304,2026-07-09T13:39:44.783000Z,1783604384783,129.44
session-1783603749411-du6syw,10:51:DB:0D:31:EA,b3bb9015,5305,2026-07-09T13:39:44.872000Z,1783604384872,129.44
session-1783603749411-du6syw,10:51:DB:0D:31:EA,b3bb9015,5306,2026-07-09T13:39:45.010000Z,1783604385010,128.92
session-1783603749411-du6syw,10:51:DB:0D:31:EA,b3bb9015,5307,2026-07-09T13:39:45.098000Z,1783604385098,42.56
session-1783603749411-du6syw,10:51:DB:0D:31:EA,b3bb9015,5308,2026-07-09T13:39:45.189000Z,1783604385189,128.5
session-1783603749411-du6syw,10:51:DB:0D:31:EA,b3bb9015,5309,2026-07-09T13:39:45.279000Z,1783604385279,136.55
session-1783603749411-du6syw,10:51:DB:0D:31:EA,b3bb9015,5310,2026-07-09T13:39:45.414000Z,1783604385414,128.99
session-1783603749411-du6syw,10:51:DB:0D:31:EA,b3bb9015,5311,2026-07-09T13:39:45.504000Z,1783604385504,129.41
session-1783603749411-du6syw,10:51:DB:0D:31:EA,b3bb9015,5312,2026-07-09T13:39:45.596000Z,1783604385596,136.83
session-1783603749411-du6syw,10:51:DB:0D:31:EA,b3bb9015,5313,2026-07-09T13:39:45.684000Z,1783604385684,136.83
session-1783603749411-du6syw,10:51:DB:0D:31:EA,b3bb9015,5314,2026-07-09T13:39:45.775000Z,1783604385775,136.98
session-1783603749411-du6syw,10:51:DB:0D:31:EA,b3bb9015,5315,2026-07-09T13:39:45.910000Z,1783604385910,128.34
session-1783603749411-du6syw,10:51:DB:0D:31:EA,b3bb9015,5316,2026-07-09T13:39:46.001000Z,1783604386001,41.93
session-1783603749411-du6syw,10:51:DB:0D:31:EA,b3bb9015,5317,2026-07-09T13:39:46.089000Z,1783604386089,130.46
session-1783603749411-du6syw,10:51:DB:0D:31:EA,b3bb9015,5318,2026-07-09T13:39:46.226000Z,1783604386226,129.41
session-1783603749411-du6syw,10:51:DB:0D:31:EA,b3bb9015,5319,2026-07-09T13:39:46.315000Z,1783604386315,136.77
session-1783603749411-du6syw,10:51:DB:0D:31:EA,b3bb9015,5320,2026-07-09T13:39:46.405000Z,1783604386405,129.41
session-1783603749411-du6syw,10:51:DB:0D:31:EA,b3bb9015,5321,2026-07-09T13:39:46.495000Z,1783604386495,130.04
session-1783603749411-du6syw,10:51:DB:0D:31:EA,b3bb9015,5322,2026-07-09T13:39:46.629000Z,1783604386629,130.25
session-1783603749411-du6syw,10:51:DB:0D:31:EA,b3bb9015,5323,2026-07-09T13:39:46.718000Z,1783604386718,136.83
session-1783603749411-du6syw,10:51:DB:0D:31:EA,b3bb9015,5324,2026-07-09T13:39:46.853000Z,1783604386853,136.58
session-1783603749411-du6syw,10:51:DB:0D:31:EA,b3bb9015,5325,2026-07-09T13:39:46.943000Z,1783604386943,129.37
session-1783603749411-du6syw,10:51:DB:0D:31:EA,b3bb9015,5326,2026-07-09T13:39:47.033000Z,1783604387033,136.56
session-1783603749411-du6syw,10:51:DB:0D:31:EA,b3bb9015,5327,2026-07-09T13:39:47.169000Z,1783604387169,137.0
session-1783603749411-du6syw,10:51:DB:0D:31:EA,b3bb9015,5328,2026-07-09T13:39:47.350000Z,1783604387350,133.32
session-1783603749411-du6syw,10:51:DB:0D:31:EA,b3bb9015,5329,2026-07-09T13:39:47.486000Z,1783604387486,129.85
session-1783603749411-du6syw,10:51:DB:0D:31:EA,b3bb9015,5330,2026-07-09T13:39:47.620000Z,1783604387620,129.15
session-1783603749411-du6syw,10:51:DB:0D:31:EA,b3bb9015,5331,2026-07-09T13:39:47.769000Z,1783604387769,128.92
session-1783603749411-du6syw,10:51:DB:0D:31:EA,b3bb9015,5332,2026-07-09T13:39:47.799000Z,1783604387799,137.0
session-1783603749411-du6syw,10:51:DB:0D:31:EA,b3bb9015,5333,2026-07-09T13:39:47.844000Z,1783604387844,133.56
session-1783603749411-du6syw,10:51:DB:0D:31:EA,b3bb9015,5334,2026-07-09T13:39:47.979000Z,1783604387979,129.6
session-1783603749411-du6syw,10:51:DB:0D:31:EA,b3bb9015,5335,2026-07-09T13:39:48.115000Z,1783604388115,42.12
session-1783603749411-du6syw,10:51:DB:0D:31:EA,b3bb9015,5336,2026-07-09T13:39:48.205000Z,1783604388205,129.16
session-1783603749411-du6syw,10:51:DB:0D:31:EA,b3bb9015,5337,2026-07-09T13:39:48.249000Z,1783604388249,128.99
session-1783603749411-du6syw,10:51:DB:0D:31:EA,b3bb9015,5338,2026-07-09T13:39:48.385000Z,1783604388385,136.53
session-1783603749411-du6syw,10:51:DB:0D:31:EA,b3bb9015,5339,2026-07-09T13:39:48.475000Z,1783604388475,130.04
session-1783603749411-du6syw,10:51:DB:0D:31:EA,b3bb9015,5340,2026-07-09T13:39:48.564000Z,1783604388564,136.39
session-1783603749411-du6syw,10:51:DB:0D:31:EA,b3bb9015,5341,2026-07-09T13:39:48.701000Z,1783604388701,138.13
session-1783603749411-du6syw,10:51:DB:0D:31:EA,b3bb9015,5342,2026-07-09T13:39:48.789000Z,1783604388789,129.64
session-1783603749411-du6syw,10:51:DB:0D:31:EA,b3bb9015,5343,2026-07-09T13:39:48.924000Z,1783604388924,129.65
session-1783603749411-du6syw,10:51:DB:0D:31:EA,b3bb9015,5344,2026-07-09T13:39:49.014000Z,1783604389014,128.76
session-1783603749411-du6syw,10:51:DB:0D:31:EA,b3bb9015,5345,2026-07-09T13:39:49.106000Z,1783604389106,136.55
session-1783603749411-du6syw,10:51:DB:0D:31:EA,b3bb9015,5346,2026-07-09T13:39:49.195000Z,1783604389195,129.85
session-1783603749411-du6syw,10:51:DB:0D:31:EA,b3bb9015,5347,2026-07-09T13:39:49.283000Z,1783604389283,128.97
session-1783603749411-du6syw,10:51:DB:0D:31:EA,b3bb9015,5348,2026-07-09T13:39:49.421000Z,1783604389421,136.6
session-1783603749411-du6syw,10:51:DB:0D:31:EA,b3bb9015,5349,2026-07-09T13:39:49.554000Z,1783604389554,41.32
session-1783603749411-du6syw,10:51:DB:0D:31:EA,b3bb9015,5350,2026-07-09T13:39:49.599000Z,1783604389599,129.36
session-1783603749411-du6syw,10:51:DB:0D:31:EA,b3bb9015,5351,2026-07-09T13:39:49.689000Z,1783604389689,136.86
session-1783603749411-du6syw,10:51:DB:0D:31:EA,b3bb9015,5352,2026-07-09T13:39:49.823000Z,1783604389823,128.78
session-1783603749411-du6syw,10:51:DB:0D:31:EA,b3bb9015,5353,2026-07-09T13:39:49.914000Z,1783604389914,128.34
session-1783603749411-du6syw,10:51:DB:0D:31:EA,b3bb9015,5354,2026-07-09T13:39:50.003000Z,1783604390003,129.37
session-1783603749411-du6syw,10:51:DB:0D:31:EA,b3bb9015,5355,2026-07-09T13:39:50.094000Z,1783604390094,128.52
session-1783603749411-du6syw,10:51:DB:0D:31:EA,b3bb9015,5356,2026-07-09T13:39:50.183000Z,1783604390183,128.94
session-1783603749411-du6syw,10:51:DB:0D:31:EA,b3bb9015,5357,2026-07-09T13:39:50.319000Z,1783604390319,128.8
session-1783603749411-du6syw,10:51:DB:0D:31:EA,b3bb9015,5358,2026-07-09T13:39:50.409000Z,1783604390409,41.29
session-1783603749411-du6syw,10:51:DB:0D:31:EA,b3bb9015,5359,2026-07-09T13:39:50.500000Z,1783604390500,129.25
session-1783603749411-du6syw,10:51:DB:0D:31:EA,b3bb9015,5360,2026-07-09T13:39:50.589000Z,1783604390589,128.99
session-1783603749411-du6syw,10:51:DB:0D:31:EA,b3bb9015,5361,2026-07-09T13:39:50.726000Z,1783604390726,136.55
session-1783603749411-du6syw,10:51:DB:0D:31:EA,b3bb9015,5362,2026-07-09T13:39:50.858000Z,1783604390858,129.23
session-1783603749411-du6syw,10:51:DB:0D:31:EA,b3bb9015,5363,2026-07-09T13:39:50.949000Z,1783604390949,128.92
session-1783603749411-du6syw,10:51:DB:0D:31:EA,b3bb9015,5364,2026-07-09T13:39:51.039000Z,1783604391039,136.41
session-1783603749411-du6syw,10:51:DB:0D:31:EA,b3bb9015,5365,2026-07-09T13:39:51.130000Z,1783604391130,128.99
session-1783603749411-du6syw,10:51:DB:0D:31:EA,b3bb9015,5366,2026-07-09T13:39:51.265000Z,1783604391265,136.41
session-1783603749411-du6syw,10:51:DB:0D:31:EA,b3bb9015,5367,2026-07-09T13:39:51.355000Z,1783604391355,128.29
session-1783603749411-du6syw,10:51:DB:0D:31:EA,b3bb9015,5368,2026-07-09T13:39:51.444000Z,1783604391444,128.94
session-1783603749411-du6syw,10:51:DB:0D:31:EA,b3bb9015,5369,2026-07-09T13:39:51.534000Z,1783604391534,129.44
session-1783603749411-du6syw,10:51:DB:0D:31:EA,b3bb9015,5370,2026-07-09T13:39:51.624000Z,1783604391624,134.94
session-1783603749411-du6syw,10:51:DB:0D:31:EA,b3bb9015,5371,2026-07-09T13:39:51.760000Z,1783604391760,129.15
session-1783603749411-du6syw,10:51:DB:0D:31:EA,b3bb9015,5372,2026-07-09T13:39:51.848000Z,1783604391848,129.81
session-1783603749411-du6syw,10:51:DB:0D:31:EA,b3bb9015,5373,2026-07-09T13:39:51.939000Z,1783604391939,135.24
session-1783603749411-du6syw,10:51:DB:0D:31:EA,b3bb9015,5374,2026-07-09T13:39:52.029000Z,1783604392029,128.94
session-1783603749411-du6syw,10:51:DB:0D:31:EA,b3bb9015,5375,2026-07-09T13:39:52.164000Z,1783604392164,135.5
session-1783603749411-du6syw,10:51:DB:0D:31:EA,b3bb9015,5376,2026-07-09T13:39:52.255000Z,1783604392255,127.89
session-1783603749411-du6syw,10:51:DB:0D:31:EA,b3bb9015,5377,2026-07-09T13:39:52.344000Z,1783604392344,137.45
session-1783603749411-du6syw,10:51:DB:0D:31:EA,b3bb9015,5378,2026-07-09T13:39:52.479000Z,1783604392479,129.9
session-1783603749411-du6syw,10:51:DB:0D:31:EA,b3bb9015,5379,2026-07-09T13:39:52.523000Z,1783604392523,128.52
session-1783603749411-du6syw,10:51:DB:0D:31:EA,b3bb9015,5380,2026-07-09T13:39:52.657000Z,1783604392657,135.95
session-1783603749411-du6syw,10:51:DB:0D:31:EA,b3bb9015,5381,2026-07-09T13:39:52.793000Z,1783604392793,40.41
session-1783603749411-du6syw,10:51:DB:0D:31:EA,b3bb9015,5382,2026-07-09T13:39:52.929000Z,1783604392929,128.92
session-1783603749411-du6syw,10:51:DB:0D:31:EA,b3bb9015,5383,2026-07-09T13:39:53.032000Z,1783604393032,129.86
session-1783603749411-du6syw,10:51:DB:0D:31:EA,b3bb9015,5384,2026-07-09T13:39:53.062000Z,1783604393062,128.69
session-1783603749411-du6syw,10:51:DB:0D:31:EA,b3bb9015,5385,2026-07-09T13:39:53.212000Z,1783604393212,128.99
session-1783603749411-du6syw,10:51:DB:0D:31:EA,b3bb9015,5386,2026-07-09T13:39:53.287000Z,1783604393287,40.4
session-1783603749411-du6syw,10:51:DB:0D:31:EA,b3bb9015,5387,2026-07-09T13:39:53.423000Z,1783604393423,128.92
session-1783603749411-du6syw,10:51:DB:0D:31:EA,b3bb9015,5388,2026-07-09T13:39:53.512000Z,1783604393512,135.25
session-1783603749411-du6syw,10:51:DB:0D:31:EA,b3bb9015,5389,2026-07-09T13:39:53.663000Z,1783604393663,128.92
session-1783603749411-du6syw,10:51:DB:0D:31:EA,b3bb9015,5390,2026-07-09T13:39:53.917000Z,1783604393917,129.01
session-1783603749411-du6syw,10:51:DB:0D:31:EA,b3bb9015,5391,2026-07-09T13:39:53.924000Z,1783604393924,135.25
session-1783603749411-du6syw,10:51:DB:0D:31:EA,b3bb9015,5392,2026-07-09T13:39:53.925000Z,1783604393925,128.96
session-1783603749411-du6syw,10:51:DB:0D:31:EA,b3bb9015,5393,2026-07-09T13:39:54.007000Z,1783604394007,129.11
session-1783603749411-du6syw,10:51:DB:0D:31:EA,b3bb9015,5394,2026-07-09T13:39:54.142000Z,1783604394142,134.87
session-1783603749411-du6syw,10:51:DB:0D:31:EA,b3bb9015,5395,2026-07-09T13:39:54.232000Z,1783604394232,39.94
session-1783603749411-du6syw,10:51:DB:0D:31:EA,b3bb9015,5396,2026-07-09T13:39:54.277000Z,1783604394277,129.36
session-1783603749411-du6syw,10:51:DB:0D:31:EA,b3bb9015,5397,2026-07-09T13:39:54.367000Z,1783604394367,128.71
session-1783603749411-du6syw,10:51:DB:0D:31:EA,b3bb9015,5398,2026-07-09T13:39:54.504000Z,1783604394504,128.69
session-1783603749411-du6syw,10:51:DB:0D:31:EA,b3bb9015,5399,2026-07-09T13:39:54.594000Z,1783604394594,129.13
session-1783603749411-du6syw,10:51:DB:0D:31:EA,b3bb9015,5400,2026-07-09T13:39:54.685000Z,1783604394685,129.16
session-1783603749411-du6syw,10:51:DB:0D:31:EA,b3bb9015,5401,2026-07-09T13:39:54.835000Z,1783604394835,128.57
session-1783603749411-du6syw,10:51:DB:0D:31:EA,b3bb9015,5402,2026-07-09T13:39:55.267000Z,1783604395267,129.58
session-1783603749411-du6syw,10:51:DB:0D:31:EA,b3bb9015,5403,2026-07-09T13:39:55.268000Z,1783604395268,134.4
session-1783603749411-du6syw,10:51:DB:0D:31:EA,b3bb9015,5404,2026-07-09T13:39:55.360000Z,1783604395360,128.94
session-1783603749411-du6syw,10:51:DB:0D:31:EA,b3bb9015,5405,2026-07-09T13:39:55.360000Z,1783604395360,134.36
session-1783603749411-du6syw,10:51:DB:0D:31:EA,b3bb9015,5406,2026-07-09T13:39:55.510000Z,1783604395510,134.35
session-1783603749411-du6syw,10:51:DB:0D:31:EA,b3bb9015,5407,2026-07-09T13:39:55.543000Z,1783604395543,134.23
session-1783603749411-du6syw,10:51:DB:0D:31:EA,b3bb9015,5408,2026-07-09T13:39:55.678000Z,1783604395678,134.21
session-1783603749411-du6syw,10:51:DB:0D:31:EA,b3bb9015,5409,2026-07-09T13:39:55.721000Z,1783604395721,39.49
session-1783603749411-du6syw,10:51:DB:0D:31:EA,b3bb9015,5410,2026-07-09T13:39:55.812000Z,1783604395812,127.73
session-1783603749411-du6syw,10:51:DB:0D:31:EA,b3bb9015,5411,2026-07-09T13:39:55.948000Z,1783604395948,128.57
session-1783603749411-du6syw,10:51:DB:0D:31:EA,b3bb9015,5412,2026-07-09T13:39:56.036000Z,1783604396036,128.55
session-1783603749411-du6syw,10:51:DB:0D:31:EA,b3bb9015,5413,2026-07-09T13:39:56.129000Z,1783604396129,129.04
session-1783603749411-du6syw,10:51:DB:0D:31:EA,b3bb9015,5414,2026-07-09T13:39:56.218000Z,1783604396218,134.21
session-1783603749411-du6syw,10:51:DB:0D:31:EA,b3bb9015,5415,2026-07-09T13:39:56.306000Z,1783604396306,134.36
session-1783603749411-du6syw,10:51:DB:0D:31:EA,b3bb9015,5416,2026-07-09T13:39:56.394000Z,1783604396394,129.6
session-1783603749411-du6syw,10:51:DB:0D:31:EA,b3bb9015,5417,2026-07-09T13:39:56.532000Z,1783604396532,134.24
session-1783603749411-du6syw,10:51:DB:0D:31:EA,b3bb9015,5418,2026-07-09T13:39:56.620000Z,1783604396620,39.12
session-1783603749411-du6syw,10:51:DB:0D:31:EA,b3bb9015,5419,2026-07-09T13:39:56.713000Z,1783604396713,128.14
session-1783603749411-du6syw,10:51:DB:0D:31:EA,b3bb9015,5420,2026-07-09T13:39:56.848000Z,1783604396848,134.66
session-1783603749411-du6syw,10:51:DB:0D:31:EA,b3bb9015,5421,2026-07-09T13:39:56.938000Z,1783604396938,127.89
session-1783603749411-du6syw,10:51:DB:0D:31:EA,b3bb9015,5422,2026-07-09T13:39:57.088000Z,1783604397088,134.24
session-1783603749411-du6syw,10:51:DB:0D:31:EA,b3bb9015,5423,2026-07-09T13:39:57.160000Z,1783604397160,128.75
session-1783603749411-du6syw,10:51:DB:0D:31:EA,b3bb9015,5424,2026-07-09T13:39:57.252000Z,1783604397252,134.42
session-1783603749411-du6syw,10:51:DB:0D:31:EA,b3bb9015,5425,2026-07-09T13:39:57.340000Z,1783604397340,134.64
session-1783603749411-du6syw,10:51:DB:0D:31:EA,b3bb9015,5426,2026-07-09T13:39:57.478000Z,1783604397478,133.75
session-1783603749411-du6syw,10:51:DB:0D:31:EA,b3bb9015,5427,2026-07-09T13:39:57.568000Z,1783604397568,126.6
session-1783603749411-du6syw,10:51:DB:0D:31:EA,b3bb9015,5428,2026-07-09T13:39:57.659000Z,1783604397659,134.19
session-1783603749411-du6syw,10:51:DB:0D:31:EA,b3bb9015,5429,2026-07-09T13:39:57.748000Z,1783604397748,128.78
session-1783603749411-du6syw,10:51:DB:0D:31:EA,b3bb9015,5430,2026-07-09T13:39:57.837000Z,1783604397837,128.75
session-1783603749411-du6syw,10:51:DB:0D:31:EA,b3bb9015,5431,2026-07-09T13:39:57.972000Z,1783604397972,129.41
session-1783603749411-du6syw,10:51:DB:0D:31:EA,b3bb9015,5432,2026-07-09T13:39:58.194000Z,1783604398194,126.13
session-1783603749411-du6syw,10:51:DB:0D:31:EA,b3bb9015,5433,2026-07-09T13:39:58.331000Z,1783604398331,128.76
session-1783603749411-du6syw,10:51:DB:0D:31:EA,b3bb9015,5434,2026-07-09T13:39:58.374000Z,1783604398374,134.21
session-1783603749411-du6syw,10:51:DB:0D:31:EA,b3bb9015,5435,2026-07-09T13:39:58.467000Z,1783604398467,134.36
session-1783603749411-du6syw,10:51:DB:0D:31:EA,b3bb9015,5436,2026-07-09T13:39:58.600000Z,1783604398600,128.36
session-1783603749411-du6syw,10:51:DB:0D:31:EA,b3bb9015,5437,2026-07-09T13:39:58.692000Z,1783604398692,38.84
session-1783603749411-du6syw,10:51:DB:0D:31:EA,b3bb9015,5438,2026-07-09T13:39:58.783000Z,1783604398783,129.5
session-1783603749411-du6syw,10:51:DB:0D:31:EA,b3bb9015,5439,2026-07-09T13:39:58.959000Z,1783604398959,135.29
session-1783603749411-du6syw,10:51:DB:0D:31:EA,b3bb9015,5440,2026-07-09T13:39:59.013000Z,1783604399013,135.67
session-1783603749411-du6syw,10:51:DB:0D:31:EA,b3bb9015,5441,2026-07-09T13:39:59.143000Z,1783604399143,128.8
session-1783603749411-du6syw,10:51:DB:0D:31:EA,b3bb9015,5442,2026-07-09T13:39:59.232000Z,1783604399232,135.22
session-1783603749411-du6syw,10:51:DB:0D:31:EA,b3bb9015,5443,2026-07-09T13:39:59.323000Z,1783604399323,129.16
session-1783603749411-du6syw,10:51:DB:0D:31:EA,b3bb9015,5444,2026-07-09T13:39:59.413000Z,1783604399413,129.22
session-1783603749411-du6syw,10:51:DB:0D:31:EA,b3bb9015,5445,2026-07-09T13:39:59.548000Z,1783604399548,128.92
session-1783603749411-du6syw,10:51:DB:0D:31:EA,b3bb9015,5446,2026-07-09T13:39:59.636000Z,1783604399636,125.95
session-1783603749411-du6syw,10:51:DB:0D:31:EA,b3bb9015,5447,2026-07-09T13:39:59.727000Z,1783604399727,128.52
session-1783603749411-du6syw,10:51:DB:0D:31:EA,b3bb9015,5448,2026-07-09T13:39:59.814000Z,1783604399814,135.53
session-1783603749411-du6syw,10:51:DB:0D:31:EA,b3bb9015,5449,2026-07-09T13:39:59.906000Z,1783604399906,135.5
session-1783603749411-du6syw,10:51:DB:0D:31:EA,b3bb9015,5450,2026-07-09T13:40:00.041000Z,1783604400041,129.08
session-1783603749411-du6syw,10:51:DB:0D:31:EA,b3bb9015,5451,2026-07-09T13:40:00.132000Z,1783604400132,38.65
session-1783603749411-du6syw,10:51:DB:0D:31:EA,b3bb9015,5452,2026-07-09T13:40:00.248000Z,1783604400248,129.2
session-1783603749411-du6syw,10:51:DB:0D:31:EA,b3bb9015,5453,2026-07-09T13:40:00.312000Z,1783604400312,128.96
session-1783603749411-du6syw,10:51:DB:0D:31:EA,b3bb9015,5454,2026-07-09T13:40:00.446000Z,1783604400446,136.55
session-1783603749411-du6syw,10:51:DB:0D:31:EA,b3bb9015,5455,2026-07-09T13:40:00.537000Z,1783604400537,125.9
session-1783603749411-du6syw,10:51:DB:0D:31:EA,b3bb9015,5456,2026-07-09T13:40:00.628000Z,1783604400628,135.95
session-1783603749411-du6syw,10:51:DB:0D:31:EA,b3bb9015,5457,2026-07-09T13:40:00.717000Z,1783604400717,128.21
session-1783603749411-du6syw,10:51:DB:0D:31:EA,b3bb9015,5458,2026-07-09T13:40:00.808000Z,1783604400808,135.03
session-1783603749411-du6syw,10:51:DB:0D:31:EA,b3bb9015,5459,2026-07-09T13:40:00.958000Z,1783604400958,128.34
session-1783603749411-du6syw,10:51:DB:0D:31:EA,b3bb9015,5460,2026-07-09T13:40:01.079000Z,1783604401079,122.81
session-1783603749411-du6syw,10:51:DB:0D:31:EA,b3bb9015,5461,2026-07-09T13:40:01.166000Z,1783604401166,135.24
session-1783603749411-du6syw,10:51:DB:0D:31:EA,b3bb9015,5462,2026-07-09T13:40:01.257000Z,1783604401257,134.7
session-1783603749411-du6syw,10:51:DB:0D:31:EA,b3bb9015,5463,2026-07-09T13:40:01.392000Z,1783604401392,134.78
session-1783603749411-du6syw,10:51:DB:0D:31:EA,b3bb9015,5464,2026-07-09T13:40:01.481000Z,1783604401481,135.1
session-1783603749411-du6syw,10:51:DB:0D:31:EA,b3bb9015,5465,2026-07-09T13:40:01.708000Z,1783604401708,125.47
session-1783603749411-du6syw,10:51:DB:0D:31:EA,b3bb9015,5466,2026-07-09T13:40:01.843000Z,1783604401843,135.5
session-1783603749411-du6syw,10:51:DB:0D:31:EA,b3bb9015,5467,2026-07-09T13:40:01.888000Z,1783604401888,134.66
session-1783603749411-du6syw,10:51:DB:0D:31:EA,b3bb9015,5468,2026-07-09T13:40:01.978000Z,1783604401978,128.29
session-1783603749411-du6syw,10:51:DB:0D:31:EA,b3bb9015,5469,2026-07-09T13:40:02.112000Z,1783604402112,134.66
session-1783603749411-du6syw,10:51:DB:0D:31:EA,b3bb9015,5470,2026-07-09T13:40:02.201000Z,1783604402201,38.01
session-1783603749411-du6syw,10:51:DB:0D:31:EA,b3bb9015,5471,2026-07-09T13:40:02.294000Z,1783604402294,135.25
session-1783603749411-du6syw,10:51:DB:0D:31:EA,b3bb9015,5472,2026-07-09T13:40:02.383000Z,1783604402383,129.44
session-1783603749411-du6syw,10:51:DB:0D:31:EA,b3bb9015,5473,2026-07-09T13:40:02.515000Z,1783604402515,134.63
session-1783603749411-du6syw,10:51:DB:0D:31:EA,b3bb9015,5474,2026-07-09T13:40:02.607000Z,1783604402607,125.29
session-1783603749411-du6syw,10:51:DB:0D:31:EA,b3bb9015,5475,2026-07-09T13:40:02.697000Z,1783604402697,135.24
session-1783603749411-du6syw,10:51:DB:0D:31:EA,b3bb9015,5476,2026-07-09T13:40:02.789000Z,1783604402789,135.06
session-1783603749411-du6syw,10:51:DB:0D:31:EA,b3bb9015,5477,2026-07-09T13:40:02.879000Z,1783604402879,129.65
session-1783603749411-du6syw,10:51:DB:0D:31:EA,b3bb9015,5478,2026-07-09T13:40:03.029000Z,1783604403029,134.82
session-1783603749411-du6syw,10:51:DB:0D:31:EA,b3bb9015,5479,2026-07-09T13:40:03.146000Z,1783604403146,129.64
session-1783603749411-du6syw,10:51:DB:0D:31:EA,b3bb9015,5480,2026-07-09T13:40:03.239000Z,1783604403239,135.5
session-1783603749411-du6syw,10:51:DB:0D:31:EA,b3bb9015,5481,2026-07-09T13:40:03.372000Z,1783604403372,129.67
session-1783603749411-du6syw,10:51:DB:0D:31:EA,b3bb9015,5482,2026-07-09T13:40:03.415000Z,1783604403415,135.69
session-1783603749411-du6syw,10:51:DB:0D:31:EA,b3bb9015,5483,2026-07-09T13:40:03.551000Z,1783604403551,135.66
session-1783603749411-du6syw,10:51:DB:0D:31:EA,b3bb9015,5484,2026-07-09T13:40:03.643000Z,1783604403643,38.22
session-1783603749411-du6syw,10:51:DB:0D:31:EA,b3bb9015,5485,2026-07-09T13:40:03.734000Z,1783604403734,135.25
session-1783603749411-du6syw,10:51:DB:0D:31:EA,b3bb9015,5486,2026-07-09T13:40:03.823000Z,1783604403823,129.18
session-1783603749411-du6syw,10:51:DB:0D:31:EA,b3bb9015,5487,2026-07-09T13:40:03.957000Z,1783604403957,128.75
session-1783603749411-du6syw,10:51:DB:0D:31:EA,b3bb9015,5488,2026-07-09T13:40:04.047000Z,1783604404047,125.76
session-1783603749411-du6syw,10:51:DB:0D:31:EA,b3bb9015,5489,2026-07-09T13:40:04.137000Z,1783604404137,128.47
session-1783603749411-du6syw,10:51:DB:0D:31:EA,b3bb9015,5490,2026-07-09T13:40:04.226000Z,1783604404226,134.84
session-1783603749411-du6syw,10:51:DB:0D:31:EA,b3bb9015,5491,2026-07-09T13:40:04.315000Z,1783604404315,129.39
session-1783603749411-du6syw,10:51:DB:0D:31:EA,b3bb9015,5492,2026-07-09T13:40:04.452000Z,1783604404452,134.38
session-1783603749411-du6syw,10:51:DB:0D:31:EA,b3bb9015,5493,2026-07-09T13:40:04.542000Z,1783604404542,37.59
session-1783603749411-du6syw,10:51:DB:0D:31:EA,b3bb9015,5494,2026-07-09T13:40:04.629000Z,1783604404629,134.82
session-1783603749411-du6syw,10:51:DB:0D:31:EA,b3bb9015,5495,2026-07-09T13:40:04.722000Z,1783604404722,134.82
session-1783603749411-du6syw,10:51:DB:0D:31:EA,b3bb9015,5496,2026-07-09T13:40:04.854000Z,1783604404854,128.99
session-1783603749411-du6syw,10:51:DB:0D:31:EA,b3bb9015,5497,2026-07-09T13:40:04.948000Z,1783604404948,124.84
session-1783603749411-du6syw,10:51:DB:0D:31:EA,b3bb9015,5498,2026-07-09T13:40:05.083000Z,1783604405083,134.38
session-1783603749411-du6syw,10:51:DB:0D:31:EA,b3bb9015,5499,2026-07-09T13:40:05.172000Z,1783604405172,128.78
session-1783603749411-du6syw,10:51:DB:0D:31:EA,b3bb9015,5500,2026-07-09T13:40:05.263000Z,1783604405263,134.42
session-1783603749411-du6syw,10:51:DB:0D:31:EA,b3bb9015,5501,2026-07-09T13:40:05.413000Z,1783604405413,128.57
session-1783603749411-du6syw,10:51:DB:0D:31:EA,b3bb9015,5502,2026-07-09T13:40:05.486000Z,1783604405486,124.78
session-1783603749411-du6syw,10:51:DB:0D:31:EA,b3bb9015,5503,2026-07-09T13:40:05.578000Z,1783604405578,128.27
session-1783603749411-du6syw,10:51:DB:0D:31:EA,b3bb9015,5504,2026-07-09T13:40:05.668000Z,1783604405668,134.21
session-1783603749411-du6syw,10:51:DB:0D:31:EA,b3bb9015,5505,2026-07-09T13:40:05.756000Z,1783604405756,129.2
session-1783603749411-du6syw,10:51:DB:0D:31:EA,b3bb9015,5506,2026-07-09T13:40:05.907000Z,1783604405907,134.43
session-1783603749411-du6syw,10:51:DB:0D:31:EA,b3bb9015,5507,2026-07-09T13:40:05.982000Z,1783604405982,129.58
session-1783603749411-du6syw,10:51:DB:0D:31:EA,b3bb9015,5508,2026-07-09T13:40:06.073000Z,1783604406073,129.18
session-1783603749411-du6syw,10:51:DB:0D:31:EA,b3bb9015,5509,2026-07-09T13:40:06.164000Z,1783604406164,127.87
session-1783603749411-du6syw,10:51:DB:0D:31:EA,b3bb9015,5510,2026-07-09T13:40:06.312000Z,1783604406312,128.92
session-1783603749411-du6syw,10:51:DB:0D:31:EA,b3bb9015,5511,2026-07-09T13:40:06.388000Z,1783604406388,124.82
session-1783603749411-du6syw,10:51:DB:0D:31:EA,b3bb9015,5512,2026-07-09T13:40:06.478000Z,1783604406478,134.42
session-1783603749411-du6syw,10:51:DB:0D:31:EA,b3bb9015,5513,2026-07-09T13:40:06.568000Z,1783604406568,128.97
session-1783603749411-du6syw,10:51:DB:0D:31:EA,b3bb9015,5514,2026-07-09T13:40:06.656000Z,1783604406656,134.78
session-1783603749411-du6syw,10:51:DB:0D:31:EA,b3bb9015,5515,2026-07-09T13:40:06.793000Z,1783604406793,128.76
session-1783603749411-du6syw,10:51:DB:0D:31:EA,b3bb9015,5516,2026-07-09T13:40:06.884000Z,1783604406884,37.33
session-1783603749411-du6syw,10:51:DB:0D:31:EA,b3bb9015,5517,2026-07-09T13:40:06.971000Z,1783604406971,135.08
session-1783603749411-du6syw,10:51:DB:0D:31:EA,b3bb9015,5518,2026-07-09T13:40:07.109000Z,1783604407109,135.24
session-1783603749411-du6syw,10:51:DB:0D:31:EA,b3bb9015,5519,2026-07-09T13:40:07.198000Z,1783604407198,134.63
session-1783603749411-du6syw,10:51:DB:0D:31:EA,b3bb9015,5520,2026-07-09T13:40:07.331000Z,1783604407331,129.85
session-1783603749411-du6syw,10:51:DB:0D:31:EA,b3bb9015,5521,2026-07-09T13:40:07.423000Z,1783604407423,134.78
session-1783603749411-du6syw,10:51:DB:0D:31:EA,b3bb9015,5522,2026-07-09T13:40:07.512000Z,1783604407512,134.66
session-1783603749411-du6syw,10:51:DB:0D:31:EA,b3bb9015,5523,2026-07-09T13:40:07.604000Z,1783604407604,134.43
session-1783603749411-du6syw,10:51:DB:0D:31:EA,b3bb9015,5524,2026-07-09T13:40:07.737000Z,1783604407737,135.08
session-1783603749411-du6syw,10:51:DB:0D:31:EA,b3bb9015,5525,2026-07-09T13:40:07.829000Z,1783604407829,124.78
session-1783603749411-du6syw,10:51:DB:0D:31:EA,b3bb9015,5526,2026-07-09T13:40:07.917000Z,1783604407917,135.25
session-1783603749411-du6syw,10:51:DB:0D:31:EA,b3bb9015,5527,2026-07-09T13:40:08.007000Z,1783604408007,129.6
session-1783603749411-du6syw,10:51:DB:0D:31:EA,b3bb9015,5528,2026-07-09T13:40:08.099000Z,1783604408099,135.05
session-1783603749411-du6syw,10:51:DB:0D:31:EA,b3bb9015,5529,2026-07-09T13:40:08.234000Z,1783604408234,128.08
session-1783603749411-du6syw,10:51:DB:0D:31:EA,b3bb9015,5530,2026-07-09T13:40:08.321000Z,1783604408321,134.84
session-1783603749411-du6syw,10:51:DB:0D:31:EA,b3bb9015,5531,2026-07-09T13:40:08.413000Z,1783604408413,128.29
session-1783603749411-du6syw,10:51:DB:0D:31:EA,b3bb9015,5532,2026-07-09T13:40:08.503000Z,1783604408503,134.7
session-1783603749411-du6syw,10:51:DB:0D:31:EA,b3bb9015,5533,2026-07-09T13:40:08.637000Z,1783604408637,128.31
session-1783603749411-du6syw,10:51:DB:0D:31:EA,b3bb9015,5534,2026-07-09T13:40:08.727000Z,1783604408727,124.35
session-1783603749411-du6syw,10:51:DB:0D:31:EA,b3bb9015,5535,2026-07-09T13:40:08.816000Z,1783604408816,129.6
session-1783603749411-du6syw,10:51:DB:0D:31:EA,b3bb9015,5536,2026-07-09T13:40:08.907000Z,1783604408907,135.06
session-1783603749411-du6syw,10:51:DB:0D:31:EA,b3bb9015,5537,2026-07-09T13:40:08.997000Z,1783604408997,128.5
session-1783603749411-du6syw,10:51:DB:0D:31:EA,b3bb9015,5538,2026-07-09T13:40:09.148000Z,1783604409148,129.62
session-1783603749411-du6syw,10:51:DB:0D:31:EA,b3bb9015,5539,2026-07-09T13:40:09.311000Z,1783604409311,121.71
session-1783603749411-du6syw,10:51:DB:0D:31:EA,b3bb9015,5540,2026-07-09T13:40:09.356000Z,1783604409356,134.24
session-1783603749411-du6syw,10:51:DB:0D:31:EA,b3bb9015,5541,2026-07-09T13:40:09.448000Z,1783604409448,129.44
session-1783603749411-du6syw,10:51:DB:0D:31:EA,b3bb9015,5542,2026-07-09T13:40:09.539000Z,1783604409539,129.04
session-1783603749411-du6syw,10:51:DB:0D:31:EA,b3bb9015,5543,2026-07-09T13:40:09.672000Z,1783604409672,129.46
session-1783603749411-du6syw,10:51:DB:0D:31:EA,b3bb9015,5544,2026-07-09T13:40:09.764000Z,1783604409764,134.26
session-1783603749411-du6syw,10:51:DB:0D:31:EA,b3bb9015,5545,2026-07-09T13:40:09.899000Z,1783604409899,134.24
session-1783603749411-du6syw,10:51:DB:0D:31:EA,b3bb9015,5546,2026-07-09T13:40:10.078000Z,1783604410078,129.36
session-1783603749411-du6syw,10:51:DB:0D:31:EA,b3bb9015,5547,2026-07-09T13:40:10.165000Z,1783604410165,128.78
session-1783603749411-du6syw,10:51:DB:0D:31:EA,b3bb9015,5548,2026-07-09T13:40:10.301000Z,1783604410301,134.42
session-1783603749411-du6syw,10:51:DB:0D:31:EA,b3bb9015,5549,2026-07-09T13:40:10.394000Z,1783604410394,36.75
session-1783603749411-du6syw,10:51:DB:0D:31:EA,b3bb9015,5550,2026-07-09T13:40:10.482000Z,1783604410482,134.43
session-1783603749411-du6syw,10:51:DB:0D:31:EA,b3bb9015,5551,2026-07-09T13:40:10.573000Z,1783604410573,134.43
session-1783603749411-du6syw,10:51:DB:0D:31:EA,b3bb9015,5552,2026-07-09T13:40:10.723000Z,1783604410723,134.42
session-1783603749411-du6syw,10:51:DB:0D:31:EA,b3bb9015,5553,2026-07-09T13:40:10.797000Z,1783604410797,124.44
session-1783603749411-du6syw,10:51:DB:0D:31:EA,b3bb9015,5554,2026-07-09T13:40:10.886000Z,1783604410886,134.26
session-1783603749411-du6syw,10:51:DB:0D:31:EA,b3bb9015,5555,2026-07-09T13:40:10.975000Z,1783604410975,128.5
session-1783603749411-du6syw,10:51:DB:0D:31:EA,b3bb9015,5556,2026-07-09T13:40:11.066000Z,1783604411066,134.47
session-1783603749411-du6syw,10:51:DB:0D:31:EA,b3bb9015,5557,2026-07-09T13:40:11.217000Z,1783604411217,134.71
session-1783603749411-du6syw,10:51:DB:0D:31:EA,b3bb9015,5558,2026-07-09T13:40:11.335000Z,1783604411335,120.07
session-1783603749411-du6syw,10:51:DB:0D:31:EA,b3bb9015,5559,2026-07-09T13:40:11.428000Z,1783604411428,134.43
session-1783603749411-du6syw,10:51:DB:0D:31:EA,b3bb9015,5560,2026-07-09T13:40:11.519000Z,1783604411519,128.47
session-1783603749411-du6syw,10:51:DB:0D:31:EA,b3bb9015,5561,2026-07-09T13:40:11.608000Z,1783604411608,129.36
session-1783603749411-du6syw,10:51:DB:0D:31:EA,b3bb9015,5562,2026-07-09T13:40:11.744000Z,1783604411744,129.39
session-1783603749411-du6syw,10:51:DB:0D:31:EA,b3bb9015,5563,2026-07-09T13:40:11.833000Z,1783604411833,37.08
session-1783603749411-du6syw,10:51:DB:0D:31:EA,b3bb9015,5564,2026-07-09T13:40:11.922000Z,1783604411922,129.16
session-1783603749411-du6syw,10:51:DB:0D:31:EA,b3bb9015,5565,2026-07-09T13:40:12.010000Z,1783604412010,128.34
session-1783603749411-du6syw,10:51:DB:0D:31:EA,b3bb9015,5566,2026-07-09T13:40:12.148000Z,1783604412148,134.61
session-1783603749411-du6syw,10:51:DB:0D:31:EA,b3bb9015,5567,2026-07-09T13:40:12.237000Z,1783604412237,124.37
session-1783603749411-du6syw,10:51:DB:0D:31:EA,b3bb9015,5568,2026-07-09T13:40:12.328000Z,1783604412328,134.26
session-1783603749411-du6syw,10:51:DB:0D:31:EA,b3bb9015,5569,2026-07-09T13:40:12.417000Z,1783604412417,128.96
session-1783603749411-du6syw,10:51:DB:0D:31:EA,b3bb9015,5570,2026-07-09T13:40:12.508000Z,1783604412508,134.43
session-1783603749411-du6syw,10:51:DB:0D:31:EA,b3bb9015,5571,2026-07-09T13:40:12.643000Z,1783604412643,134.61
session-1783603749411-du6syw,10:51:DB:0D:31:EA,b3bb9015,5572,2026-07-09T13:40:12.733000Z,1783604412733,36.24
session-1783603749411-du6syw,10:51:DB:0D:31:EA,b3bb9015,5573,2026-07-09T13:40:12.824000Z,1783604412824,128.43
session-1783603749411-du6syw,10:51:DB:0D:31:EA,b3bb9015,5574,2026-07-09T13:40:12.913000Z,1783604412913,134.63
session-1783603749411-du6syw,10:51:DB:0D:31:EA,b3bb9015,5575,2026-07-09T13:40:13.044000Z,1783604413044,134.57
session-1783603749411-du6syw,10:51:DB:0D:31:EA,b3bb9015,5576,2026-07-09T13:40:13.136000Z,1783604413136,124.21
session-1783603749411-du6syw,10:51:DB:0D:31:EA,b3bb9015,5577,2026-07-09T13:40:13.270000Z,1783604413270,134.61
session-1783603749411-du6syw,10:51:DB:0D:31:EA,b3bb9015,5578,2026-07-09T13:40:13.361000Z,1783604413361,128.76
session-1783603749411-du6syw,10:51:DB:0D:31:EA,b3bb9015,5579,2026-07-09T13:40:13.453000Z,1783604413453,134.26
session-1783603749411-du6syw,10:51:DB:0D:31:EA,b3bb9015,5580,2026-07-09T13:40:13.587000Z,1783604413587,128.52
session-1783603749411-du6syw,10:51:DB:0D:31:EA,b3bb9015,5581,2026-07-09T13:40:13.678000Z,1783604413678,123.53
session-1783603749411-du6syw,10:51:DB:0D:31:EA,b3bb9015,5582,2026-07-09T13:40:13.792000Z,1783604413792,134.43
session-1783603749411-du6syw,10:51:DB:0D:31:EA,b3bb9015,5583,2026-07-09T13:40:13.856000Z,1783604413856,128.92
session-1783603749411-du6syw,10:51:DB:0D:31:EA,b3bb9015,5584,2026-07-09T13:40:13.949000Z,1783604413949,134.43
session-1783603749411-du6syw,10:51:DB:0D:31:EA,b3bb9015,5585,2026-07-09T13:40:14.081000Z,1783604414081,134.61
session-1783603749411-du6syw,10:51:DB:0D:31:EA,b3bb9015,5586,2026-07-09T13:40:14.171000Z,1783604414171,36.02
session-1783603749411-du6syw,10:51:DB:0D:31:EA,b3bb9015,5587,2026-07-09T13:40:14.262000Z,1783604414262,129.18
session-1783603749411-du6syw,10:51:DB:0D:31:EA,b3bb9015,5588,2026-07-09T13:40:14.353000Z,1783604414353,128.97
session-1783603749411-du6syw,10:51:DB:0D:31:EA,b3bb9015,5589,2026-07-09T13:40:14.487000Z,1783604414487,134.59
session-1783603749411-du6syw,10:51:DB:0D:31:EA,b3bb9015,5590,2026-07-09T13:40:14.577000Z,1783604414577,123.96
session-1783603749411-du6syw,10:51:DB:0D:31:EA,b3bb9015,5591,2026-07-09T13:40:14.669000Z,1783604414669,134.61
session-1783603749411-du6syw,10:51:DB:0D:31:EA,b3bb9015,5592,2026-07-09T13:40:14.758000Z,1783604414758,128.75
session-1783603749411-du6syw,10:51:DB:0D:31:EA,b3bb9015,5593,2026-07-09T13:40:14.847000Z,1783604414847,134.21
session-1783603749411-du6syw,10:51:DB:0D:31:EA,b3bb9015,5594,2026-07-09T13:40:14.982000Z,1783604414982,134.61
session-1783603749411-du6syw,10:51:DB:0D:31:EA,b3bb9015,5595,2026-07-09T13:40:15.073000Z,1783604415073,35.81
session-1783603749411-du6syw,10:51:DB:0D:31:EA,b3bb9015,5596,2026-07-09T13:40:15.205000Z,1783604415205,134.38
session-1783603749411-du6syw,10:51:DB:0D:31:EA,b3bb9015,5597,2026-07-09T13:40:15.298000Z,1783604415298,134.42
session-1783603749411-du6syw,10:51:DB:0D:31:EA,b3bb9015,5598,2026-07-09T13:40:15.388000Z,1783604415388,134.26
session-1783603749411-du6syw,10:51:DB:0D:31:EA,b3bb9015,5599,2026-07-09T13:40:15.524000Z,1783604415524,134.16
session-1783603749411-du6syw,10:51:DB:0D:31:EA,b3bb9015,5600,2026-07-09T13:40:15.613000Z,1783604415613,35.98
session-1783603749411-du6syw,10:51:DB:0D:31:EA,b3bb9015,5601,2026-07-09T13:40:15.704000Z,1783604415704,134.14
session-1783603749411-du6syw,10:51:DB:0D:31:EA,b3bb9015,5602,2026-07-09T13:40:15.794000Z,1783604415794,134.85
session-1783603749411-du6syw,10:51:DB:0D:31:EA,b3bb9015,5603,2026-07-09T13:40:15.929000Z,1783604415929,134.02
session-1783603749411-du6syw,10:51:DB:0D:31:EA,b3bb9015,5604,2026-07-09T13:40:16.017000Z,1783604416017,123.93
session-1783603749411-du6syw,10:51:DB:0D:31:EA,b3bb9015,5605,2026-07-09T13:40:16.107000Z,1783604416107,129.2
session-1783603749411-du6syw,10:51:DB:0D:31:EA,b3bb9015,5606,2026-07-09T13:40:16.197000Z,1783604416197,134.64
session-1783603749411-du6syw,10:51:DB:0D:31:EA,b3bb9015,5607,2026-07-09T13:40:16.286000Z,1783604416286,134.26
session-1783603749411-du6syw,10:51:DB:0D:31:EA,b3bb9015,5608,2026-07-09T13:40:16.422000Z,1783604416422,134.47
session-1783603749411-du6syw,10:51:DB:0D:31:EA,b3bb9015,5609,2026-07-09T13:40:16.511000Z,1783604416511,35.98
session-1783603749411-du6syw,10:51:DB:0D:31:EA,b3bb9015,5610,2026-07-09T13:40:16.602000Z,1783604416602,134.45
session-1783603749411-du6syw,10:51:DB:0D:31:EA,b3bb9015,5611,2026-07-09T13:40:16.691000Z,1783604416691,134.71
session-1783603749411-du6syw,10:51:DB:0D:31:EA,b3bb9015,5612,2026-07-09T13:40:16.827000Z,1783604416827,134.26
session-1783603749411-du6syw,10:51:DB:0D:31:EA,b3bb9015,5613,2026-07-09T13:40:16.917000Z,1783604416917,122.88
session-1783603749411-du6syw,10:51:DB:0D:31:EA,b3bb9015,5614,2026-07-09T13:40:17.006000Z,1783604417006,128.92
session-1783603749411-du6syw,10:51:DB:0D:31:EA,b3bb9015,5615,2026-07-09T13:40:17.096000Z,1783604417096,134.43
session-1783603749411-du6syw,10:51:DB:0D:31:EA,b3bb9015,5616,2026-07-09T13:40:17.231000Z,1783604417231,134.84
session-1783603749411-du6syw,10:51:DB:0D:31:EA,b3bb9015,5617,2026-07-09T13:40:17.365000Z,1783604417365,134.47
session-1783603749411-du6syw,10:51:DB:0D:31:EA,b3bb9015,5618,2026-07-09T13:40:17.457000Z,1783604417457,134.26
session-1783603749411-du6syw,10:51:DB:0D:31:EA,b3bb9015,5619,2026-07-09T13:40:17.547000Z,1783604417547,128.94
session-1783603749411-du6syw,10:51:DB:0D:31:EA,b3bb9015,5620,2026-07-09T13:40:17.636000Z,1783604417636,134.42
session-1783603749411-du6syw,10:51:DB:0D:31:EA,b3bb9015,5621,2026-07-09T13:40:17.727000Z,1783604417727,134.43
session-1783603749411-du6syw,10:51:DB:0D:31:EA,b3bb9015,5622,2026-07-09T13:40:17.861000Z,1783604417861,128.5
session-1783603749411-du6syw,10:51:DB:0D:31:EA,b3bb9015,5623,2026-07-09T13:40:17.951000Z,1783604417951,36.02
session-1783603749411-du6syw,10:51:DB:0D:31:EA,b3bb9015,5624,2026-07-09T13:40:18.041000Z,1783604418041,129.62
session-1783603749411-du6syw,10:51:DB:0D:31:EA,b3bb9015,5625,2026-07-09T13:40:18.176000Z,1783604418176,128.76
session-1783603749411-du6syw,10:51:DB:0D:31:EA,b3bb9015,5626,2026-07-09T13:40:18.267000Z,1783604418267,134.42
session-1783603749411-du6syw,10:51:DB:0D:31:EA,b3bb9015,5627,2026-07-09T13:40:18.387000Z,1783604418387,122.87
session-1783603749411-du6syw,10:51:DB:0D:31:EA,b3bb9015,5628,2026-07-09T13:40:18.446000Z,1783604418446,128.45
session-1783603749411-du6syw,10:51:DB:0D:31:EA,b3bb9015,5629,2026-07-09T13:40:18.538000Z,1783604418538,134.47
session-1783603749411-du6syw,10:51:DB:0D:31:EA,b3bb9015,5630,2026-07-09T13:40:18.627000Z,1783604418627,134.71
session-1783603749411-du6syw,10:51:DB:0D:31:EA,b3bb9015,5631,2026-07-09T13:40:18.764000Z,1783604418764,134.3
session-1783603749411-du6syw,10:51:DB:0D:31:EA,b3bb9015,5632,2026-07-09T13:40:18.854000Z,1783604418854,35.62
session-1783603749411-du6syw,10:51:DB:0D:31:EA,b3bb9015,5633,2026-07-09T13:40:18.944000Z,1783604418944,128.76
session-1783603749411-du6syw,10:51:DB:0D:31:EA,b3bb9015,5634,2026-07-09T13:40:19.034000Z,1783604419034,134.3
session-1783603749411-du6syw,10:51:DB:0D:31:EA,b3bb9015,5635,2026-07-09T13:40:19.166000Z,1783604419166,128.47
session-1783603749411-du6syw,10:51:DB:0D:31:EA,b3bb9015,5636,2026-07-09T13:40:19.259000Z,1783604419259,122.62
session-1783603749411-du6syw,10:51:DB:0D:31:EA,b3bb9015,5637,2026-07-09T13:40:19.409000Z,1783604419409,128.9
session-1783603749411-du6syw,10:51:DB:0D:31:EA,b3bb9015,5638,2026-07-09T13:40:19.481000Z,1783604419481,134.03
session-1783603749411-du6syw,10:51:DB:0D:31:EA,b3bb9015,5639,2026-07-09T13:40:19.573000Z,1783604419573,134.43
session-1783603749411-du6syw,10:51:DB:0D:31:EA,b3bb9015,5640,2026-07-09T13:40:19.706000Z,1783604419706,134.45
session-1783603749411-du6syw,10:51:DB:0D:31:EA,b3bb9015,5641,2026-07-09T13:40:19.798000Z,1783604419798,122.66
session-1783603749411-du6syw,10:51:DB:0D:31:EA,b3bb9015,5642,2026-07-09T13:40:19.888000Z,1783604419888,128.71
session-1783603749411-du6syw,10:51:DB:0D:31:EA,b3bb9015,5643,2026-07-09T13:40:19.978000Z,1783604419978,129.6
session-1783603749411-du6syw,10:51:DB:0D:31:EA,b3bb9015,5644,2026-07-09T13:40:20.069000Z,1783604420069,129.16
session-1783603749411-du6syw,10:51:DB:0D:31:EA,b3bb9015,5645,2026-07-09T13:40:20.204000Z,1783604420204,128.75
session-1783603749411-du6syw,10:51:DB:0D:31:EA,b3bb9015,5646,2026-07-09T13:40:20.294000Z,1783604420294,34.95
session-1783603749411-du6syw,10:51:DB:0D:31:EA,b3bb9015,5647,2026-07-09T13:40:20.384000Z,1783604420384,134.42
session-1783603749411-du6syw,10:51:DB:0D:31:EA,b3bb9015,5648,2026-07-09T13:40:20.471000Z,1783604420471,134.28
session-1783603749411-du6syw,10:51:DB:0D:31:EA,b3bb9015,5649,2026-07-09T13:40:20.607000Z,1783604420607,128.47
session-1783603749411-du6syw,10:51:DB:0D:31:EA,b3bb9015,5650,2026-07-09T13:40:20.698000Z,1783604420698,122.41
session-1783603749411-du6syw,10:51:DB:0D:31:EA,b3bb9015,5651,2026-07-09T13:40:20.790000Z,1783604420790,128.89
session-1783603749411-du6syw,10:51:DB:0D:31:EA,b3bb9015,5652,2026-07-09T13:40:20.878000Z,1783604420878,134.47
session-1783603749411-du6syw,10:51:DB:0D:31:EA,b3bb9015,5653,2026-07-09T13:40:20.969000Z,1783604420969,129.37
session-1783603749411-du6syw,10:51:DB:0D:31:EA,b3bb9015,5654,2026-07-09T13:40:21.103000Z,1783604421103,134.61
session-1783603749411-du6syw,10:51:DB:0D:31:EA,b3bb9015,5655,2026-07-09T13:40:21.193000Z,1783604421193,34.95
session-1783603749411-du6syw,10:51:DB:0D:31:EA,b3bb9015,5656,2026-07-09T13:40:21.284000Z,1783604421284,134.26
session-1783603749411-du6syw,10:51:DB:0D:31:EA,b3bb9015,5657,2026-07-09T13:40:21.417000Z,1783604421417,128.78
session-1783603749411-du6syw,10:51:DB:0D:31:EA,b3bb9015,5658,2026-07-09T13:40:21.505000Z,1783604421505,134.26
session-1783603749411-du6syw,10:51:DB:0D:31:EA,b3bb9015,5659,2026-07-09T13:40:21.642000Z,1783604421642,128.73
session-1783603749411-du6syw,10:51:DB:0D:31:EA,b3bb9015,5660,2026-07-09T13:40:21.733000Z,1783604421733,34.73
session-1783603749411-du6syw,10:51:DB:0D:31:EA,b3bb9015,5661,2026-07-09T13:40:21.823000Z,1783604421823,128.33
session-1783603749411-du6syw,10:51:DB:0D:31:EA,b3bb9015,5662,2026-07-09T13:40:21.914000Z,1783604421914,129.43
session-1783603749411-du6syw,10:51:DB:0D:31:EA,b3bb9015,5663,2026-07-09T13:40:22.049000Z,1783604422049,134.42
session-1783603749411-du6syw,10:51:DB:0D:31:EA,b3bb9015,5664,2026-07-09T13:40:22.138000Z,1783604422138,122.9
session-1783603749411-du6syw,10:51:DB:0D:31:EA,b3bb9015,5665,2026-07-09T13:40:22.224000Z,1783604422224,134.42
session-1783603749411-du6syw,10:51:DB:0D:31:EA,b3bb9015,5666,2026-07-09T13:40:22.317000Z,1783604422317,134.28
session-1783603749411-du6syw,10:51:DB:0D:31:EA,b3bb9015,5667,2026-07-09T13:40:22.408000Z,1783604422408,128.31
session-1783603749411-du6syw,10:51:DB:0D:31:EA,b3bb9015,5668,2026-07-09T13:40:22.540000Z,1783604422540,134.49
session-1783603749411-du6syw,10:51:DB:0D:31:EA,b3bb9015,5669,2026-07-09T13:40:22.632000Z,1783604422632,34.9
session-1783603749411-du6syw,10:51:DB:0D:31:EA,b3bb9015,5670,2026-07-09T13:40:22.721000Z,1783604422721,129.18
session-1783603749411-du6syw,10:51:DB:0D:31:EA,b3bb9015,5671,2026-07-09T13:40:22.811000Z,1783604422811,134.47
session-1783603749411-du6syw,10:51:DB:0D:31:EA,b3bb9015,5672,2026-07-09T13:40:22.947000Z,1783604422947,134.42
session-1783603749411-du6syw,10:51:DB:0D:31:EA,b3bb9015,5673,2026-07-09T13:40:23.056000Z,1783604423056,122.03
session-1783603749411-du6syw,10:51:DB:0D:31:EA,b3bb9015,5674,2026-07-09T13:40:23.127000Z,1783604423127,134.26
session-1783603749411-du6syw,10:51:DB:0D:31:EA,b3bb9015,5675,2026-07-09T13:40:23.218000Z,1783604423218,128.52
session-1783603749411-du6syw,10:51:DB:0D:31:EA,b3bb9015,5676,2026-07-09T13:40:23.309000Z,1783604423309,129.37
session-1783603749411-du6syw,10:51:DB:0D:31:EA,b3bb9015,5677,2026-07-09T13:40:23.459000Z,1783604423459,128.78
session-1783603749411-du6syw,10:51:DB:0D:31:EA,b3bb9015,5678,2026-07-09T13:40:23.576000Z,1783604423576,134.23
session-1783603749411-du6syw,10:51:DB:0D:31:EA,b3bb9015,5679,2026-07-09T13:40:23.666000Z,1783604423666,133.84
session-1783603749411-du6syw,10:51:DB:0D:31:EA,b3bb9015,5680,2026-07-09T13:40:23.758000Z,1783604423758,134.3
session-1783603749411-du6syw,10:51:DB:0D:31:EA,b3bb9015,5681,2026-07-09T13:40:23.847000Z,1783604423847,128.75
session-1783603749411-du6syw,10:51:DB:0D:31:EA,b3bb9015,5682,2026-07-09T13:40:23.983000Z,1783604423983,134.3
session-1783603749411-du6syw,10:51:DB:0D:31:EA,b3bb9015,5683,2026-07-09T13:40:24.073000Z,1783604424073,34.69
session-1783603749411-du6syw,10:51:DB:0D:31:EA,b3bb9015,5684,2026-07-09T13:40:24.165000Z,1783604424165,134.43
session-1783603749411-du6syw,10:51:DB:0D:31:EA,b3bb9015,5685,2026-07-09T13:40:24.252000Z,1783604424252,128.94
session-1783603749411-du6syw,10:51:DB:0D:31:EA,b3bb9015,5686,2026-07-09T13:40:24.384000Z,1783604424384,134.43
session-1783603749411-du6syw,10:51:DB:0D:31:EA,b3bb9015,5687,2026-07-09T13:40:24.478000Z,1783604424478,121.96
session-1783603749411-du6syw,10:51:DB:0D:31:EA,b3bb9015,5688,2026-07-09T13:40:24.567000Z,1783604424567,129.81
session-1783603749411-du6syw,10:51:DB:0D:31:EA,b3bb9015,5689,2026-07-09T13:40:24.657000Z,1783604424657,134.02
session-1783603749411-du6syw,10:51:DB:0D:31:EA,b3bb9015,5690,2026-07-09T13:40:24.748000Z,1783604424748,129.79
session-1783603749411-du6syw,10:51:DB:0D:31:EA,b3bb9015,5691,2026-07-09T13:40:24.881000Z,1783604424881,134.43
session-1783603749411-du6syw,10:51:DB:0D:31:EA,b3bb9015,5692,2026-07-09T13:40:24.974000Z,1783604424974,34.53
session-1783603749411-du6syw,10:51:DB:0D:31:EA,b3bb9015,5693,2026-07-09T13:40:25.064000Z,1783604425064,133.79
session-1783603749411-du6syw,10:51:DB:0D:31:EA,b3bb9015,5694,2026-07-09T13:40:25.151000Z,1783604425151,129.81
session-1783603749411-du6syw,10:51:DB:0D:31:EA,b3bb9015,5695,2026-07-09T13:40:25.289000Z,1783604425289,129.36
session-1783603749411-du6syw,10:51:DB:0D:31:EA,b3bb9015,5696,2026-07-09T13:40:25.377000Z,1783604425377,121.73
session-1783603749411-du6syw,10:51:DB:0D:31:EA,b3bb9015,5697,2026-07-09T13:40:25.512000Z,1783604425512,134.28
session-1783603749411-du6syw,10:51:DB:0D:31:EA,b3bb9015,5698,2026-07-09T13:40:25.603000Z,1783604425603,134.24
session-1783603749411-du6syw,10:51:DB:0D:31:EA,b3bb9015,5699,2026-07-09T13:40:25.737000Z,1783604425737,134.28
session-1783603749411-du6syw,10:51:DB:0D:31:EA,b3bb9015,5700,2026-07-09T13:40:25.827000Z,1783604425827,121.75
session-1783603749411-du6syw,10:51:DB:0D:31:EA,b3bb9015,5701,2026-07-09T13:40:25.918000Z,1783604425918,133.79
session-1783603749411-du6syw,10:51:DB:0D:31:EA,b3bb9015,5702,2026-07-09T13:40:26.004000Z,1783604426004,129.81
session-1783603749411-du6syw,10:51:DB:0D:31:EA,b3bb9015,5703,2026-07-09T13:40:26.099000Z,1783604426099,129.37
session-1783603749411-du6syw,10:51:DB:0D:31:EA,b3bb9015,5704,2026-07-09T13:40:26.231000Z,1783604426231,134.42
session-1783603749411-du6syw,10:51:DB:0D:31:EA,b3bb9015,5705,2026-07-09T13:40:26.322000Z,1783604426322,34.08
session-1783603749411-du6syw,10:51:DB:0D:31:EA,b3bb9015,5706,2026-07-09T13:40:26.413000Z,1783604426413,134.45
session-1783603749411-du6syw,10:51:DB:0D:31:EA,b3bb9015,5707,2026-07-09T13:40:26.501000Z,1783604426501,128.8
session-1783603749411-du6syw,10:51:DB:0D:31:EA,b3bb9015,5708,2026-07-09T13:40:26.637000Z,1783604426637,134.28
session-1783603749411-du6syw,10:51:DB:0D:31:EA,b3bb9015,5709,2026-07-09T13:40:26.729000Z,1783604426729,121.5
session-1783603749411-du6syw,10:51:DB:0D:31:EA,b3bb9015,5710,2026-07-09T13:40:26.819000Z,1783604426819,134.4
session-1783603749411-du6syw,10:51:DB:0D:31:EA,b3bb9015,5711,2026-07-09T13:40:26.906000Z,1783604426906,128.96
session-1783603749411-du6syw,10:51:DB:0D:31:EA,b3bb9015,5712,2026-07-09T13:40:26.996000Z,1783604426996,134.59
session-1783603749411-du6syw,10:51:DB:0D:31:EA,b3bb9015,5713,2026-07-09T13:40:27.132000Z,1783604427132,129.39
session-1783603749411-du6syw,10:51:DB:0D:31:EA,b3bb9015,5714,2026-07-09T13:40:27.224000Z,1783604427224,34.5
session-1783603749411-du6syw,10:51:DB:0D:31:EA,b3bb9015,5715,2026-07-09T13:40:27.311000Z,1783604427311,134.24
session-1783603749411-du6syw,10:51:DB:0D:31:EA,b3bb9015,5716,2026-07-09T13:40:27.401000Z,1783604427401,134.61
session-1783603749411-du6syw,10:51:DB:0D:31:EA,b3bb9015,5717,2026-07-09T13:40:27.536000Z,1783604427536,128.94
session-1783603749411-du6syw,10:51:DB:0D:31:EA,b3bb9015,5718,2026-07-09T13:40:27.672000Z,1783604427672,134.24
session-1783603749411-du6syw,10:51:DB:0D:31:EA,b3bb9015,5719,2026-07-09T13:40:27.763000Z,1783604427763,33.63
session-1783603749411-du6syw,10:51:DB:0D:31:EA,b3bb9015,5720,2026-07-09T13:40:27.850000Z,1783604427850,128.92
session-1783603749411-du6syw,10:51:DB:0D:31:EA,b3bb9015,5721,2026-07-09T13:40:27.940000Z,1783604427940,134.43
session-1783603749411-du6syw,10:51:DB:0D:31:EA,b3bb9015,5722,2026-07-09T13:40:28.078000Z,1783604428078,128.47
session-1783603749411-du6syw,10:51:DB:0D:31:EA,b3bb9015,5723,2026-07-09T13:40:28.166000Z,1783604428166,121.77
session-1783603749411-du6syw,10:51:DB:0D:31:EA,b3bb9015,5724,2026-07-09T13:40:28.256000Z,1783604428256,134.89
session-1783603749411-du6syw,10:51:DB:0D:31:EA,b3bb9015,5725,2026-07-09T13:40:28.347000Z,1783604428347,129.39
session-1783603749411-du6syw,10:51:DB:0D:31:EA,b3bb9015,5726,2026-07-09T13:40:28.438000Z,1783604428438,128.5
session-1783603749411-du6syw,10:51:DB:0D:31:EA,b3bb9015,5727,2026-07-09T13:40:28.569000Z,1783604428569,129.81
session-1783603749411-du6syw,10:51:DB:0D:31:EA,b3bb9015,5728,2026-07-09T13:40:28.664000Z,1783604428664,34.15
session-1783603749411-du6syw,10:51:DB:0D:31:EA,b3bb9015,5729,2026-07-09T13:40:28.753000Z,1783604428753,128.89
session-1783603749411-du6syw,10:51:DB:0D:31:EA,b3bb9015,5730,2026-07-09T13:40:28.843000Z,1783604428843,134.64
session-1783603749411-du6syw,10:51:DB:0D:31:EA,b3bb9015,5731,2026-07-09T13:40:28.977000Z,1783604428977,129.37
session-1783603749411-du6syw,10:51:DB:0D:31:EA,b3bb9015,5732,2026-07-09T13:40:29.068000Z,1783604429068,128.8
session-1783603749411-du6syw,10:51:DB:0D:31:EA,b3bb9015,5733,2026-07-09T13:40:29.158000Z,1783604429158,134.59
session-1783603749411-du6syw,10:51:DB:0D:31:EA,b3bb9015,5734,2026-07-09T13:40:29.248000Z,1783604429248,129.39
session-1783603749411-du6syw,10:51:DB:0D:31:EA,b3bb9015,5735,2026-07-09T13:40:29.338000Z,1783604429338,134.63
session-1783603749411-du6syw,10:51:DB:0D:31:EA,b3bb9015,5736,2026-07-09T13:40:29.472000Z,1783604429472,134.63
session-1783603749411-du6syw,10:51:DB:0D:31:EA,b3bb9015,5737,2026-07-09T13:40:29.609000Z,1783604429609,33.28
session-1783603749411-du6syw,10:51:DB:0D:31:EA,b3bb9015,5738,2026-07-09T13:40:29.696000Z,1783604429696,134.38
session-1783603749411-du6syw,10:51:DB:0D:31:EA,b3bb9015,5739,2026-07-09T13:40:29.789000Z,1783604429789,135.08
session-1783603749411-du6syw,10:51:DB:0D:31:EA,b3bb9015,5740,2026-07-09T13:40:29.923000Z,1783604429923,128.29
session-1783603749411-du6syw,10:51:DB:0D:31:EA,b3bb9015,5741,2026-07-09T13:40:30.008000Z,1783604430008,33.26
session-1783603749411-du6syw,10:51:DB:0D:31:EA,b3bb9015,5742,2026-07-09T13:40:30.102000Z,1783604430102,128.01
session-1783603749411-du6syw,10:51:DB:0D:31:EA,b3bb9015,5743,2026-07-09T13:40:30.191000Z,1783604430191,134.64
session-1783603749411-du6syw,10:51:DB:0D:31:EA,b3bb9015,5744,2026-07-09T13:40:30.326000Z,1783604430326,134.4
session-1783603749411-du6syw,10:51:DB:0D:31:EA,b3bb9015,5745,2026-07-09T13:40:30.417000Z,1783604430417,120.7
session-1783603749411-du6syw,10:51:DB:0D:31:EA,b3bb9015,5746,2026-07-09T13:40:30.507000Z,1783604430507,128.05
session-1783603749411-du6syw,10:51:DB:0D:31:EA,b3bb9015,5747,2026-07-09T13:40:30.597000Z,1783604430597,134.64
session-1783603749411-du6syw,10:51:DB:0D:31:EA,b3bb9015,5748,2026-07-09T13:40:30.687000Z,1783604430687,128.92
session-1783603749411-du6syw,10:51:DB:0D:31:EA,b3bb9015,5749,2026-07-09T13:40:30.820000Z,1783604430820,135.03
session-1783603749411-du6syw,10:51:DB:0D:31:EA,b3bb9015,5750,2026-07-09T13:40:30.908000Z,1783604430908,33.38
session-1783603749411-du6syw,10:51:DB:0D:31:EA,b3bb9015,5751,2026-07-09T13:40:31.003000Z,1783604431003,134.82
session-1783603749411-du6syw,10:51:DB:0D:31:EA,b3bb9015,5752,2026-07-09T13:40:31.093000Z,1783604431093,134.64
session-1783603749411-du6syw,10:51:DB:0D:31:EA,b3bb9015,5753,2026-07-09T13:40:31.228000Z,1783604431228,134.84
session-1783603749411-du6syw,10:51:DB:0D:31:EA,b3bb9015,5754,2026-07-09T13:40:31.317000Z,1783604431317,121.1
session-1783603749411-du6syw,10:51:DB:0D:31:EA,b3bb9015,5755,2026-07-09T13:40:31.405000Z,1783604431405,134.61
session-1783603749411-du6syw,10:51:DB:0D:31:EA,b3bb9015,5756,2026-07-09T13:40:31.496000Z,1783604431496,135.06
session-1783603749411-du6syw,10:51:DB:0D:31:EA,b3bb9015,5757,2026-07-09T13:40:31.631000Z,1783604431631,134.61
session-1783603749411-du6syw,10:51:DB:0D:31:EA,b3bb9015,5758,2026-07-09T13:40:31.765000Z,1783604431765,128.8
session-1783603749411-du6syw,10:51:DB:0D:31:EA,b3bb9015,5759,2026-07-09T13:40:31.856000Z,1783604431856,120.44
session-1783603749411-du6syw,10:51:DB:0D:31:EA,b3bb9015,5760,2026-07-09T13:40:31.945000Z,1783604431945,128.92
session-1783603749411-du6syw,10:51:DB:0D:31:EA,b3bb9015,5761,2026-07-09T13:40:32.035000Z,1783604432035,128.97
session-1783603749411-du6syw,10:51:DB:0D:31:EA,b3bb9015,5762,2026-07-09T13:40:32.125000Z,1783604432125,134.43
session-1783603749411-du6syw,10:51:DB:0D:31:EA,b3bb9015,5763,2026-07-09T13:40:32.261000Z,1783604432261,129.39
session-1783603749411-du6syw,10:51:DB:0D:31:EA,b3bb9015,5764,2026-07-09T13:40:32.486000Z,1783604432486,120.46
session-1783603749411-du6syw,10:51:DB:0D:31:EA,b3bb9015,5765,2026-07-09T13:40:32.577000Z,1783604432577,128.31
session-1783603749411-du6syw,10:51:DB:0D:31:EA,b3bb9015,5766,2026-07-09T13:40:32.667000Z,1783604432667,134.61
session-1783603749411-du6syw,10:51:DB:0D:31:EA,b3bb9015,5767,2026-07-09T13:40:32.758000Z,1783604432758,128.76
session-1783603749411-du6syw,10:51:DB:0D:31:EA,b3bb9015,5768,2026-07-09T13:40:32.909000Z,1783604432909,134.43
session-1783603749411-du6syw,10:51:DB:0D:31:EA,b3bb9015,5769,2026-07-09T13:40:32.983000Z,1783604432983,32.98
session-1783603749411-du6syw,10:51:DB:0D:31:EA,b3bb9015,5770,2026-07-09T13:40:33.072000Z,1783604433072,129.39
session-1783603749411-du6syw,10:51:DB:0D:31:EA,b3bb9015,5771,2026-07-09T13:40:33.164000Z,1783604433164,134.17
session-1783603749411-du6syw,10:51:DB:0D:31:EA,b3bb9015,5772,2026-07-09T13:40:33.298000Z,1783604433298,128.31
session-1783603749411-du6syw,10:51:DB:0D:31:EA,b3bb9015,5773,2026-07-09T13:40:33.433000Z,1783604433433,120.44
session-1783603749411-du6syw,10:51:DB:0D:31:EA,b3bb9015,5774,2026-07-09T13:40:33.475000Z,1783604433475,134.61
session-1783603749411-du6syw,10:51:DB:0D:31:EA,b3bb9015,5775,2026-07-09T13:40:33.568000Z,1783604433568,128.96
session-1783603749411-du6syw,10:51:DB:0D:31:EA,b3bb9015,5776,2026-07-09T13:40:33.703000Z,1783604433703,134.61
session-1783603749411-du6syw,10:51:DB:0D:31:EA,b3bb9015,5777,2026-07-09T13:40:33.838000Z,1783604433838,134.89
session-1783603749411-du6syw,10:51:DB:0D:31:EA,b3bb9015,5778,2026-07-09T13:40:33.927000Z,1783604433927,134.63
session-1783603749411-du6syw,10:51:DB:0D:31:EA,b3bb9015,5779,2026-07-09T13:40:34.018000Z,1783604434018,129.2
session-1783603749411-du6syw,10:51:DB:0D:31:EA,b3bb9015,5780,2026-07-09T13:40:34.109000Z,1783604434109,134.43
session-1783603749411-du6syw,10:51:DB:0D:31:EA,b3bb9015,5781,2026-07-09T13:40:34.241000Z,1783604434241,128.75
session-1783603749411-du6syw,10:51:DB:0D:31:EA,b3bb9015,5782,2026-07-09T13:40:34.334000Z,1783604434334,32.58
session-1783603749411-du6syw,10:51:DB:0D:31:EA,b3bb9015,5783,2026-07-09T13:40:34.423000Z,1783604434423,134.64
session-1783603749411-du6syw,10:51:DB:0D:31:EA,b3bb9015,5784,2026-07-09T13:40:34.514000Z,1783604434514,134.05
session-1783603749411-du6syw,10:51:DB:0D:31:EA,b3bb9015,5785,2026-07-09T13:40:34.649000Z,1783604434649,128.27
session-1783603749411-du6syw,10:51:DB:0D:31:EA,b3bb9015,5786,2026-07-09T13:40:34.739000Z,1783604434739,120.13
session-1783603749411-du6syw,10:51:DB:0D:31:EA,b3bb9015,5787,2026-07-09T13:40:34.828000Z,1783604434828,128.76
session-1783603749411-du6syw,10:51:DB:0D:31:EA,b3bb9015,5788,2026-07-09T13:40:34.917000Z,1783604434917,128.29
session-1783603749411-du6syw,10:51:DB:0D:31:EA,b3bb9015,5789,2026-07-09T13:40:35.009000Z,1783604435009,134.43
session-1783603749411-du6syw,10:51:DB:0D:31:EA,b3bb9015,5790,2026-07-09T13:40:35.143000Z,1783604435143,127.93
session-1783603749411-du6syw,10:51:DB:0D:31:EA,b3bb9015,5791,2026-07-09T13:40:35.232000Z,1783604435232,32.74
session-1783603749411-du6syw,10:51:DB:0D:31:EA,b3bb9015,5792,2026-07-09T13:40:35.323000Z,1783604435323,128.48
session-1783603749411-du6syw,10:51:DB:0D:31:EA,b3bb9015,5793,2026-07-09T13:40:35.412000Z,1783604435412,128.75
session-1783603749411-du6syw,10:51:DB:0D:31:EA,b3bb9015,5794,2026-07-09T13:40:35.547000Z,1783604435547,129.2
session-1783603749411-du6syw,10:51:DB:0D:31:EA,b3bb9015,5795,2026-07-09T13:40:35.637000Z,1783604435637,119.79
session-1783603749411-du6syw,10:51:DB:0D:31:EA,b3bb9015,5796,2026-07-09T13:40:35.772000Z,1783604435772,128.94
session-1783603749411-du6syw,10:51:DB:0D:31:EA,b3bb9015,5797,2026-07-09T13:40:35.863000Z,1783604435863,128.5
session-1783603749411-du6syw,10:51:DB:0D:31:EA,b3bb9015,5798,2026-07-09T13:40:35.951000Z,1783604435951,133.98
session-1783603749411-du6syw,10:51:DB:0D:31:EA,b3bb9015,5799,2026-07-09T13:40:36.087000Z,1783604436087,128.29
session-1783603749411-du6syw,10:51:DB:0D:31:EA,b3bb9015,5800,2026-07-09T13:40:36.176000Z,1783604436176,120.32
session-1783603749411-du6syw,10:51:DB:0D:31:EA,b3bb9015,5801,2026-07-09T13:40:36.267000Z,1783604436267,128.92
session-1783603749411-du6syw,10:51:DB:0D:31:EA,b3bb9015,5802,2026-07-09T13:40:36.355000Z,1783604436355,128.52
session-1783603749411-du6syw,10:51:DB:0D:31:EA,b3bb9015,5803,2026-07-09T13:40:36.445000Z,1783604436445,129.16
session-1783603749411-du6syw,10:51:DB:0D:31:EA,b3bb9015,5804,2026-07-09T13:40:36.596000Z,1783604436596,128.76
session-1783603749411-du6syw,10:51:DB:0D:31:EA,b3bb9015,5805,2026-07-09T13:40:36.672000Z,1783604436672,32.13
session-1783603749411-du6syw,10:51:DB:0D:31:EA,b3bb9015,5806,2026-07-09T13:40:36.763000Z,1783604436763,134.61
session-1783603749411-du6syw,10:51:DB:0D:31:EA,b3bb9015,5807,2026-07-09T13:40:36.853000Z,1783604436853,134.43
session-1783603749411-du6syw,10:51:DB:0D:31:EA,b3bb9015,5808,2026-07-09T13:40:37.078000Z,1783604437078,119.41
session-1783603749411-du6syw,10:51:DB:0D:31:EA,b3bb9015,5809,2026-07-09T13:40:37.170000Z,1783604437170,128.48
session-1783603749411-du6syw,10:51:DB:0D:31:EA,b3bb9015,5810,2026-07-09T13:40:37.258000Z,1783604437258,134.47
session-1783603749411-du6syw,10:51:DB:0D:31:EA,b3bb9015,5811,2026-07-09T13:40:37.349000Z,1783604437349,127.91
session-1783603749411-du6syw,10:51:DB:0D:31:EA,b3bb9015,5812,2026-07-09T13:40:37.481000Z,1783604437481,129.39
session-1783603749411-du6syw,10:51:DB:0D:31:EA,b3bb9015,5813,2026-07-09T13:40:37.617000Z,1783604437617,32.28
session-1783603749411-du6syw,10:51:DB:0D:31:EA,b3bb9015,5814,2026-07-09T13:40:37.709000Z,1783604437709,128.01
session-1783603749411-du6syw,10:51:DB:0D:31:EA,b3bb9015,5815,2026-07-09T13:40:37.797000Z,1783604437797,134.3
session-1783603749411-du6syw,10:51:DB:0D:31:EA,b3bb9015,5816,2026-07-09T13:40:37.887000Z,1783604437887,128.07
session-1783603749411-du6syw,10:51:DB:0D:31:EA,b3bb9015,5817,2026-07-09T13:40:38.023000Z,1783604438023,128.73
session-1783603749411-du6syw,10:51:DB:0D:31:EA,b3bb9015,5818,2026-07-09T13:40:38.111000Z,1783604438111,31.86
session-1783603749411-du6syw,10:51:DB:0D:31:EA,b3bb9015,5819,2026-07-09T13:40:38.203000Z,1783604438203,128.33
session-1783603749411-du6syw,10:51:DB:0D:31:EA,b3bb9015,5820,2026-07-09T13:40:38.291000Z,1783604438291,129.81
session-1783603749411-du6syw,10:51:DB:0D:31:EA,b3bb9015,5821,2026-07-09T13:40:38.428000Z,1783604438428,128.47
session-1783603749411-du6syw,10:51:DB:0D:31:EA,b3bb9015,5822,2026-07-09T13:40:38.515000Z,1783604438515,119.38
session-1783603749411-du6syw,10:51:DB:0D:31:EA,b3bb9015,5823,2026-07-09T13:40:38.607000Z,1783604438607,128.73
session-1783603749411-du6syw,10:51:DB:0D:31:EA,b3bb9015,5824,2026-07-09T13:40:38.697000Z,1783604438697,129.2
session-1783603749411-du6syw,10:51:DB:0D:31:EA,b3bb9015,5825,2026-07-09T13:40:38.788000Z,1783604438788,128.27
session-1783603749411-du6syw,10:51:DB:0D:31:EA,b3bb9015,5826,2026-07-09T13:40:38.923000Z,1783604438923,134.3
session-1783603749411-du6syw,10:51:DB:0D:31:EA,b3bb9015,5827,2026-07-09T13:40:39.013000Z,1783604439013,32.33
session-1783603749411-du6syw,10:51:DB:0D:31:EA,b3bb9015,5828,2026-07-09T13:40:39.102000Z,1783604439102,128.1
session-1783603749411-du6syw,10:51:DB:0D:31:EA,b3bb9015,5829,2026-07-09T13:40:39.193000Z,1783604439193,134.47
session-1783603749411-du6syw,10:51:DB:0D:31:EA,b3bb9015,5830,2026-07-09T13:40:39.328000Z,1783604439328,128.33
session-1783603749411-du6syw,10:51:DB:0D:31:EA,b3bb9015,5831,2026-07-09T13:40:39.416000Z,1783604439416,119.2
session-1783603749411-du6syw,10:51:DB:0D:31:EA,b3bb9015,5832,2026-07-09T13:40:39.596000Z,1783604439596,134.45
session-1783603749411-du6syw,10:51:DB:0D:31:EA,b3bb9015,5833,2026-07-09T13:40:39.733000Z,1783604439733,128.73
session-1783603749411-du6syw,10:51:DB:0D:31:EA,b3bb9015,5834,2026-07-09T13:40:39.864000Z,1783604439864,128.75
session-1783603749411-du6syw,10:51:DB:0D:31:EA,b3bb9015,5835,2026-07-09T13:40:39.996000Z,1783604439996,114.11
session-1783603749411-du6syw,10:51:DB:0D:31:EA,b3bb9015,5836,2026-07-09T13:40:40.042000Z,1783604440042,129.36
session-1783603749411-du6syw,10:51:DB:0D:31:EA,b3bb9015,5837,2026-07-09T13:40:40.132000Z,1783604440132,128.94
session-1783603749411-du6syw,10:51:DB:0D:31:EA,b3bb9015,5838,2026-07-09T13:40:40.268000Z,1783604440268,135.31
session-1783603749411-du6syw,10:51:DB:0D:31:EA,b3bb9015,5839,2026-07-09T13:40:40.359000Z,1783604440359,128.48
session-1783603749411-du6syw,10:51:DB:0D:31:EA,b3bb9015,5840,2026-07-09T13:40:40.447000Z,1783604440447,31.67
session-1783603749411-du6syw,10:51:DB:0D:31:EA,b3bb9015,5841,2026-07-09T13:40:40.536000Z,1783604440536,129.2
session-1783603749411-du6syw,10:51:DB:0D:31:EA,b3bb9015,5842,2026-07-09T13:40:40.671000Z,1783604440671,128.97
session-1783603749411-du6syw,10:51:DB:0D:31:EA,b3bb9015,5843,2026-07-09T13:40:40.852000Z,1783604440852,134.91
session-1783603749411-du6syw,10:51:DB:0D:31:EA,b3bb9015,5844,2026-07-09T13:40:40.989000Z,1783604440989,128.29
session-1783603749411-du6syw,10:51:DB:0D:31:EA,b3bb9015,5845,2026-07-09T13:40:41.078000Z,1783604441078,31.03
session-1783603749411-du6syw,10:51:DB:0D:31:EA,b3bb9015,5846,2026-07-09T13:40:41.168000Z,1783604441168,134.89
session-1783603749411-du6syw,10:51:DB:0D:31:EA,b3bb9015,5847,2026-07-09T13:40:41.257000Z,1783604441257,128.94
session-1783603749411-du6syw,10:51:DB:0D:31:EA,b3bb9015,5848,2026-07-09T13:40:41.408000Z,1783604441408,128.92
session-1783603749411-du6syw,10:51:DB:0D:31:EA,b3bb9015,5849,2026-07-09T13:40:41.482000Z,1783604441482,118.31
session-1783603749411-du6syw,10:51:DB:0D:31:EA,b3bb9015,5850,2026-07-09T13:40:41.572000Z,1783604441572,129.39
session-1783603749411-du6syw,10:51:DB:0D:31:EA,b3bb9015,5851,2026-07-09T13:40:41.663000Z,1783604441663,128.34
session-1783603749411-du6syw,10:51:DB:0D:31:EA,b3bb9015,5852,2026-07-09T13:40:41.752000Z,1783604441752,128.92
session-1783603749411-du6syw,10:51:DB:0D:31:EA,b3bb9015,5853,2026-07-09T13:40:41.902000Z,1783604441902,128.76
session-1783603749411-du6syw,10:51:DB:0D:31:EA,b3bb9015,5854,2026-07-09T13:40:42.021000Z,1783604442021,128.27
session-1783603749411-du6syw,10:51:DB:0D:31:EA,b3bb9015,5855,2026-07-09T13:40:42.112000Z,1783604442112,129.36
session-1783603749411-du6syw,10:51:DB:0D:31:EA,b3bb9015,5856,2026-07-09T13:40:42.203000Z,1783604442203,128.5
session-1783603749411-du6syw,10:51:DB:0D:31:EA,b3bb9015,5857,2026-07-09T13:40:42.317000Z,1783604442317,134.89
session-1783603749411-du6syw,10:51:DB:0D:31:EA,b3bb9015,5858,2026-07-09T13:40:42.447000Z,1783604442447,128.48
session-1783603749411-du6syw,10:51:DB:0D:31:EA,b3bb9015,5859,2026-07-09T13:40:42.516000Z,1783604442516,30.57
session-1783603749411-du6syw,10:51:DB:0D:31:EA,b3bb9015,5860,2026-07-09T13:40:42.607000Z,1783604442607,128.05
session-1783603749411-du6syw,10:51:DB:0D:31:EA,b3bb9015,5861,2026-07-09T13:40:42.697000Z,1783604442697,135.31
session-1783603749411-du6syw,10:51:DB:0D:31:EA,b3bb9015,5862,2026-07-09T13:40:42.833000Z,1783604442833,129.37
session-1783603749411-du6syw,10:51:DB:0D:31:EA,b3bb9015,5863,2026-07-09T13:40:42.924000Z,1783604442924,128.5
session-1783603749411-du6syw,10:51:DB:0D:31:EA,b3bb9015,5864,2026-07-09T13:40:43.012000Z,1783604443012,135.25
session-1783603749411-du6syw,10:51:DB:0D:31:EA,b3bb9015,5865,2026-07-09T13:40:43.104000Z,1783604443104,128.29
session-1783603749411-du6syw,10:51:DB:0D:31:EA,b3bb9015,5866,2026-07-09T13:40:43.192000Z,1783604443192,128.75
session-1783603749411-du6syw,10:51:DB:0D:31:EA,b3bb9015,5867,2026-07-09T13:40:43.329000Z,1783604443329,128.75
session-1783603749411-du6syw,10:51:DB:0D:31:EA,b3bb9015,5868,2026-07-09T13:40:43.420000Z,1783604443420,30.12
session-1783603749411-du6syw,10:51:DB:0D:31:EA,b3bb9015,5869,2026-07-09T13:40:43.509000Z,1783604443509,128.9
session-1783603749411-du6syw,10:51:DB:0D:31:EA,b3bb9015,5870,2026-07-09T13:40:43.600000Z,1783604443600,128.96
session-1783603749411-du6syw,10:51:DB:0D:31:EA,b3bb9015,5871,2026-07-09T13:40:43.734000Z,1783604443734,128.73
session-1783603749411-du6syw,10:51:DB:0D:31:EA,b3bb9015,5872,2026-07-09T13:40:43.869000Z,1783604443869,118.07
session-1783603749411-du6syw,10:51:DB:0D:31:EA,b3bb9015,5873,2026-07-09T13:40:43.959000Z,1783604443959,128.94
session-1783603749411-du6syw,10:51:DB:0D:31:EA,b3bb9015,5874,2026-07-09T13:40:44.048000Z,1783604444048,128.92
session-1783603749411-du6syw,10:51:DB:0D:31:EA,b3bb9015,5875,2026-07-09T13:40:44.138000Z,1783604444138,130.04
session-1783603749411-du6syw,10:51:DB:0D:31:EA,b3bb9015,5876,2026-07-09T13:40:44.274000Z,1783604444274,128.96
session-1783603749411-du6syw,10:51:DB:0D:31:EA,b3bb9015,5877,2026-07-09T13:40:44.424000Z,1783604444424,120.14
session-1783603749411-du6syw,10:51:DB:0D:31:EA,b3bb9015,5878,2026-07-09T13:40:44.451000Z,1783604444451,136.11
session-1783603749411-du6syw,10:51:DB:0D:31:EA,b3bb9015,5879,2026-07-09T13:40:44.543000Z,1783604444543,129.23
session-1783603749411-du6syw,10:51:DB:0D:31:EA,b3bb9015,5880,2026-07-09T13:40:44.633000Z,1783604444633,136.14
session-1783603749411-du6syw,10:51:DB:0D:31:EA,b3bb9015,5881,2026-07-09T13:40:44.783000Z,1783604444783,128.78
session-1783603749411-du6syw,10:51:DB:0D:31:EA,b3bb9015,5882,2026-07-09T13:40:44.857000Z,1783604444857,30.33
session-1783603749411-du6syw,10:51:DB:0D:31:EA,b3bb9015,5883,2026-07-09T13:40:44.948000Z,1783604444948,135.95
session-1783603749411-du6syw,10:51:DB:0D:31:EA,b3bb9015,5884,2026-07-09T13:40:45.039000Z,1783604445039,128.92
session-1783603749411-du6syw,10:51:DB:0D:31:EA,b3bb9015,5885,2026-07-09T13:40:45.189000Z,1783604445189,128.92
session-1783603749411-du6syw,10:51:DB:0D:31:EA,b3bb9015,5886,2026-07-09T13:40:45.263000Z,1783604445263,117.39
session-1783603749411-du6syw,10:51:DB:0D:31:EA,b3bb9015,5887,2026-07-09T13:40:45.354000Z,1783604445354,129.36
session-1783603749411-du6syw,10:51:DB:0D:31:EA,b3bb9015,5888,2026-07-09T13:40:45.443000Z,1783604445443,129.36
session-1783603749411-du6syw,10:51:DB:0D:31:EA,b3bb9015,5889,2026-07-09T13:40:45.534000Z,1783604445534,128.89
session-1783603749411-du6syw,10:51:DB:0D:31:EA,b3bb9015,5890,2026-07-09T13:40:45.685000Z,1783604445685,136.13
session-1783603749411-du6syw,10:51:DB:0D:31:EA,b3bb9015,5891,2026-07-09T13:40:45.758000Z,1783604445758,129.18
session-1783603749411-du6syw,10:51:DB:0D:31:EA,b3bb9015,5892,2026-07-09T13:40:45.909000Z,1783604445909,128.94
session-1783603749411-du6syw,10:51:DB:0D:31:EA,b3bb9015,5893,2026-07-09T13:40:46.028000Z,1783604446028,128.96
session-1783603749411-du6syw,10:51:DB:0D:31:EA,b3bb9015,5894,2026-07-09T13:40:46.074000Z,1783604446074,128.96
session-1783603749411-du6syw,10:51:DB:0D:31:EA,b3bb9015,5895,2026-07-09T13:40:46.209000Z,1783604446209,129.39
session-1783603749411-du6syw,10:51:DB:0D:31:EA,b3bb9015,5896,2026-07-09T13:40:46.300000Z,1783604446300,29.66
session-1783603749411-du6syw,10:51:DB:0D:31:EA,b3bb9015,5897,2026-07-09T13:40:46.389000Z,1783604446389,127.87
session-1783603749411-du6syw,10:51:DB:0D:31:EA,b3bb9015,5898,2026-07-09T13:40:46.479000Z,1783604446479,136.16
session-1783603749411-du6syw,10:51:DB:0D:31:EA,b3bb9015,5899,2026-07-09T13:40:46.631000Z,1783604446631,128.92
session-1783603749411-du6syw,10:51:DB:0D:31:EA,b3bb9015,5900,2026-07-09T13:40:46.704000Z,1783604446704,116.98
session-1783603749411-du6syw,10:51:DB:0D:31:EA,b3bb9015,5901,2026-07-09T13:40:46.794000Z,1783604446794,128.92
session-1783603749411-du6syw,10:51:DB:0D:31:EA,b3bb9015,5902,2026-07-09T13:40:46.885000Z,1783604446885,128.52
session-1783603749411-du6syw,10:51:DB:0D:31:EA,b3bb9015,5903,2026-07-09T13:40:46.974000Z,1783604446974,129.16
session-1783603749411-du6syw,10:51:DB:0D:31:EA,b3bb9015,5904,2026-07-09T13:40:47.126000Z,1783604447126,128.38
session-1783603749411-du6syw,10:51:DB:0D:31:EA,b3bb9015,5905,2026-07-09T13:40:47.198000Z,1783604447198,29.51
session-1783603749411-du6syw,10:51:DB:0D:31:EA,b3bb9015,5906,2026-07-09T13:40:47.288000Z,1783604447288,128.89
session-1783603749411-du6syw,10:51:DB:0D:31:EA,b3bb9015,5907,2026-07-09T13:40:47.378000Z,1783604447378,129.85
session-1783603749411-du6syw,10:51:DB:0D:31:EA,b3bb9015,5908,2026-07-09T13:40:47.529000Z,1783604447529,128.52
session-1783603749411-du6syw,10:51:DB:0D:31:EA,b3bb9015,5909,2026-07-09T13:40:47.602000Z,1783604447602,119.34
session-1783603749411-du6syw,10:51:DB:0D:31:EA,b3bb9015,5910,2026-07-09T13:40:47.693000Z,1783604447693,128.75
session-1783603749411-du6syw,10:51:DB:0D:31:EA,b3bb9015,5911,2026-07-09T13:40:47.783000Z,1783604447783,128.75
session-1783603749411-du6syw,10:51:DB:0D:31:EA,b3bb9015,5912,2026-07-09T13:40:48.045000Z,1783604448045,129.16
session-1783603749411-du6syw,10:51:DB:0D:31:EA,b3bb9015,5913,2026-07-09T13:40:48.100000Z,1783604448100,128.34
session-1783603749411-du6syw,10:51:DB:0D:31:EA,b3bb9015,5914,2026-07-09T13:40:48.142000Z,1783604448142,124.82
session-1783603749411-du6syw,10:51:DB:0D:31:EA,b3bb9015,5915,2026-07-09T13:40:48.277000Z,1783604448277,129.83
session-1783603749411-du6syw,10:51:DB:0D:31:EA,b3bb9015,5916,2026-07-09T13:40:48.323000Z,1783604448323,136.09
session-1783603749411-du6syw,10:51:DB:0D:31:EA,b3bb9015,5917,2026-07-09T13:40:48.413000Z,1783604448413,128.8
session-1783603749411-du6syw,10:51:DB:0D:31:EA,b3bb9015,5918,2026-07-09T13:40:48.548000Z,1783604448548,128.76
session-1783603749411-du6syw,10:51:DB:0D:31:EA,b3bb9015,5919,2026-07-09T13:40:48.638000Z,1783604448638,28.86
session-1783603749411-du6syw,10:51:DB:0D:31:EA,b3bb9015,5920,2026-07-09T13:40:48.728000Z,1783604448728,128.94
session-1783603749411-du6syw,10:51:DB:0D:31:EA,b3bb9015,5921,2026-07-09T13:40:48.818000Z,1783604448818,129.41
session-1783603749411-du6syw,10:51:DB:0D:31:EA,b3bb9015,5922,2026-07-09T13:40:48.968000Z,1783604448968,128.92
session-1783603749411-du6syw,10:51:DB:0D:31:EA,b3bb9015,5923,2026-07-09T13:40:49.043000Z,1783604449043,116.58
session-1783603749411-du6syw,10:51:DB:0D:31:EA,b3bb9015,5924,2026-07-09T13:40:49.133000Z,1783604449133,128.96
session-1783603749411-du6syw,10:51:DB:0D:31:EA,b3bb9015,5925,2026-07-09T13:40:49.223000Z,1783604449223,136.6
session-1783603749411-du6syw,10:51:DB:0D:31:EA,b3bb9015,5926,2026-07-09T13:40:49.312000Z,1783604449312,127.84
session-1783603749411-du6syw,10:51:DB:0D:31:EA,b3bb9015,5927,2026-07-09T13:40:49.448000Z,1783604449448,128.52
session-1783603749411-du6syw,10:51:DB:0D:31:EA,b3bb9015,5928,2026-07-09T13:40:49.539000Z,1783604449539,28.81
session-1783603749411-du6syw,10:51:DB:0D:31:EA,b3bb9015,5929,2026-07-09T13:40:49.629000Z,1783604449629,129.16
session-1783603749411-du6syw,10:51:DB:0D:31:EA,b3bb9015,5930,2026-07-09T13:40:49.718000Z,1783604449718,128.31
session-1783603749411-du6syw,10:51:DB:0D:31:EA,b3bb9015,5931,2026-07-09T13:40:49.853000Z,1783604449853,128.92
session-1783603749411-du6syw,10:51:DB:0D:31:EA,b3bb9015,5932,2026-07-09T13:40:49.943000Z,1783604449943,116.08
session-1783603749411-du6syw,10:51:DB:0D:31:EA,b3bb9015,5933,2026-07-09T13:40:50.079000Z,1783604450079,128.33
session-1783603749411-du6syw,10:51:DB:0D:31:EA,b3bb9015,5934,2026-07-09T13:40:50.169000Z,1783604450169,129.39
session-1783603749411-du6syw,10:51:DB:0D:31:EA,b3bb9015,5935,2026-07-09T13:40:50.258000Z,1783604450258,128.5
session-1783603749411-du6syw,10:51:DB:0D:31:EA,b3bb9015,5936,2026-07-09T13:40:50.393000Z,1783604450393,135.99
session-1783603749411-du6syw,10:51:DB:0D:31:EA,b3bb9015,5937,2026-07-09T13:40:50.483000Z,1783604450483,116.27
session-1783603749411-du6syw,10:51:DB:0D:31:EA,b3bb9015,5938,2026-07-09T13:40:50.575000Z,1783604450575,128.92
session-1783603749411-du6syw,10:51:DB:0D:31:EA,b3bb9015,5939,2026-07-09T13:40:50.663000Z,1783604450663,129.81
session-1783603749411-du6syw,10:51:DB:0D:31:EA,b3bb9015,5940,2026-07-09T13:40:50.754000Z,1783604450754,128.05
session-1783603749411-du6syw,10:51:DB:0D:31:EA,b3bb9015,5941,2026-07-09T13:40:50.892000Z,1783604450892,136.16
session-1783603749411-du6syw,10:51:DB:0D:31:EA,b3bb9015,5942,2026-07-09T13:40:51.070000Z,1783604451070,129.39
session-1783603749411-du6syw,10:51:DB:0D:31:EA,b3bb9015,5943,2026-07-09T13:40:51.204000Z,1783604451204,128.31
session-1783603749411-du6syw,10:51:DB:0D:31:EA,b3bb9015,5944,2026-07-09T13:40:51.293000Z,1783604451293,128.94
session-1783603749411-du6syw,10:51:DB:0D:31:EA,b3bb9015,5945,2026-07-09T13:40:51.383000Z,1783604451383,115.26
session-1783603749411-du6syw,10:51:DB:0D:31:EA,b3bb9015,5946,2026-07-09T13:40:51.474000Z,1783604451474,128.48
session-1783603749411-du6syw,10:51:DB:0D:31:EA,b3bb9015,5947,2026-07-09T13:40:51.564000Z,1783604451564,129.22
session-1783603749411-du6syw,10:51:DB:0D:31:EA,b3bb9015,5948,2026-07-09T13:40:51.654000Z,1783604451654,127.84
session-1783603749411-du6syw,10:51:DB:0D:31:EA,b3bb9015,5949,2026-07-09T13:40:51.803000Z,1783604451803,128.92
session-1783603749411-du6syw,10:51:DB:0D:31:EA,b3bb9015,5950,2026-07-09T13:40:51.876000Z,1783604451876,27.76
session-1783603749411-du6syw,10:51:DB:0D:31:EA,b3bb9015,5951,2026-07-09T13:40:52.191000Z,1783604452191,128.96
session-1783603749411-du6syw,10:51:DB:0D:31:EA,b3bb9015,5952,2026-07-09T13:40:52.238000Z,1783604452238,128.92
session-1783603749411-du6syw,10:51:DB:0D:31:EA,b3bb9015,5953,2026-07-09T13:40:52.326000Z,1783604452326,129.65
session-1783603749411-du6syw,10:51:DB:0D:31:EA,b3bb9015,5954,2026-07-09T13:40:52.503000Z,1783604452503,128.76
session-1783603749411-du6syw,10:51:DB:0D:31:EA,b3bb9015,5955,2026-07-09T13:40:52.552000Z,1783604452552,115.2
session-1783603749411-du6syw,10:51:DB:0D:31:EA,b3bb9015,5956,2026-07-09T13:40:52.641000Z,1783604452641,128.47
session-1783603749411-du6syw,10:51:DB:0D:31:EA,b3bb9015,5957,2026-07-09T13:40:52.732000Z,1783604452732,128.94
session-1783603749411-du6syw,10:51:DB:0D:31:EA,b3bb9015,5958,2026-07-09T13:40:52.821000Z,1783604452821,128.47
session-1783603749411-du6syw,10:51:DB:0D:31:EA,b3bb9015,5959,2026-07-09T13:40:52.957000Z,1783604452957,136.18
session-1783603749411-du6syw,10:51:DB:0D:31:EA,b3bb9015,5960,2026-07-09T13:40:53.047000Z,1783604453047,128.48
session-1783603749411-du6syw,10:51:DB:0D:31:EA,b3bb9015,5961,2026-07-09T13:40:53.138000Z,1783604453138,129.39
session-1783603749411-du6syw,10:51:DB:0D:31:EA,b3bb9015,5962,2026-07-09T13:40:53.272000Z,1783604453272,128.76
session-1783603749411-du6syw,10:51:DB:0D:31:EA,b3bb9015,5963,2026-07-09T13:40:53.407000Z,1783604453407,129.2
session-1783603749411-du6syw,10:51:DB:0D:31:EA,b3bb9015,5964,2026-07-09T13:40:53.453000Z,1783604453453,116.76
session-1783603749411-du6syw,10:51:DB:0D:31:EA,b3bb9015,5965,2026-07-09T13:40:53.545000Z,1783604453545,128.76
session-1783603749411-du6syw,10:51:DB:0D:31:EA,b3bb9015,5966,2026-07-09T13:40:53.695000Z,1783604453695,136.09
session-1783603749411-du6syw,10:51:DB:0D:31:EA,b3bb9015,5967,2026-07-09T13:40:53.770000Z,1783604453770,128.27
session-1783603749411-du6syw,10:51:DB:0D:31:EA,b3bb9015,5968,2026-07-09T13:40:54.012000Z,1783604454012,129.36
session-1783603749411-du6syw,10:51:DB:0D:31:EA,b3bb9015,5969,2026-07-09T13:40:54.130000Z,1783604454130,114.12
session-1783603749411-du6syw,10:51:DB:0D:31:EA,b3bb9015,5970,2026-07-09T13:40:54.265000Z,1783604454265,135.67
session-1783603749411-du6syw,10:51:DB:0D:31:EA,b3bb9015,5971,2026-07-09T13:40:54.334000Z,1783604454334,129.41
session-1783603749411-du6syw,10:51:DB:0D:31:EA,b3bb9015,5972,2026-07-09T13:40:54.403000Z,1783604454403,136.14
session-1783603749411-du6syw,10:51:DB:0D:31:EA,b3bb9015,5973,2026-07-09T13:40:54.535000Z,1783604454535,128.94
session-1783603749411-du6syw,10:51:DB:0D:31:EA,b3bb9015,5974,2026-07-09T13:40:54.627000Z,1783604454627,113.86
session-1783603749411-du6syw,10:51:DB:0D:31:EA,b3bb9015,5975,2026-07-09T13:40:54.716000Z,1783604454716,129.64
session-1783603749411-du6syw,10:51:DB:0D:31:EA,b3bb9015,5976,2026-07-09T13:40:54.808000Z,1783604454808,129.37
session-1783603749411-du6syw,10:51:DB:0D:31:EA,b3bb9015,5977,2026-07-09T13:40:54.941000Z,1783604454941,136.53
session-1783603749411-du6syw,10:51:DB:0D:31:EA,b3bb9015,5978,2026-07-09T13:40:55.031000Z,1783604455031,129.39
session-1783603749411-du6syw,10:51:DB:0D:31:EA,b3bb9015,5979,2026-07-09T13:40:55.123000Z,1783604455123,136.97
session-1783603749411-du6syw,10:51:DB:0D:31:EA,b3bb9015,5980,2026-07-09T13:40:55.213000Z,1783604455213,128.97
session-1783603749411-du6syw,10:51:DB:0D:31:EA,b3bb9015,5981,2026-07-09T13:40:55.347000Z,1783604455347,129.71
session-1783603749411-du6syw,10:51:DB:0D:31:EA,b3bb9015,5982,2026-07-09T13:40:55.569000Z,1783604455569,136.6
session-1783603749411-du6syw,10:51:DB:0D:31:EA,b3bb9015,5983,2026-07-09T13:40:55.662000Z,1783604455662,129.18
session-1783603749411-du6syw,10:51:DB:0D:31:EA,b3bb9015,5984,2026-07-09T13:40:55.751000Z,1783604455751,26.66
session-1783603749411-du6syw,10:51:DB:0D:31:EA,b3bb9015,5985,2026-07-09T13:40:55.841000Z,1783604455841,135.31
session-1783603749411-du6syw,10:51:DB:0D:31:EA,b3bb9015,5986,2026-07-09T13:40:55.933000Z,1783604455933,136.6
session-1783603749411-du6syw,10:51:DB:0D:31:EA,b3bb9015,5987,2026-07-09T13:40:56.068000Z,1783604456068,129.22
session-1783603749411-du6syw,10:51:DB:0D:31:EA,b3bb9015,5988,2026-07-09T13:40:56.156000Z,1783604456156,113.7
session-1783603749411-du6syw,10:51:DB:0D:31:EA,b3bb9015,5989,2026-07-09T13:40:56.293000Z,1783604456293,128.97
session-1783603749411-du6syw,10:51:DB:0D:31:EA,b3bb9015,5990,2026-07-09T13:40:56.384000Z,1783604456384,130.28
session-1783603749411-du6syw,10:51:DB:0D:31:EA,b3bb9015,5991,2026-07-09T13:40:56.473000Z,1783604456473,129.83
session-1783603749411-du6syw,10:51:DB:0D:31:EA,b3bb9015,5992,2026-07-09T13:40:56.604000Z,1783604456604,130.28
session-1783603749411-du6syw,10:51:DB:0D:31:EA,b3bb9015,5993,2026-07-09T13:40:56.696000Z,1783604456696,113.55
session-1783603749411-du6syw,10:51:DB:0D:31:EA,b3bb9015,5994,2026-07-09T13:40:56.877000Z,1783604456877,129.04
session-1783603749411-du6syw,10:51:DB:0D:31:EA,b3bb9015,5995,2026-07-09T13:40:56.966000Z,1783604456966,129.39
session-1783603749411-du6syw,10:51:DB:0D:31:EA,b3bb9015,5996,2026-07-09T13:40:57.099000Z,1783604457099,129.46
session-1783603749411-du6syw,10:51:DB:0D:31:EA,b3bb9015,5997,2026-07-09T13:40:57.190000Z,1783604457190,26.09
session-1783603749411-du6syw,10:51:DB:0D:31:EA,b3bb9015,5998,2026-07-09T13:40:57.280000Z,1783604457280,136.37
session-1783603749411-du6syw,10:51:DB:0D:31:EA,b3bb9015,5999,2026-07-09T13:40:57.372000Z,1783604457372,128.99
session-1783603749411-du6syw,10:51:DB:0D:31:EA,b3bb9015,6000,2026-07-09T13:40:57.508000Z,1783604457508,129.65
session-1783603749411-du6syw,10:51:DB:0D:31:EA,b3bb9015,6001,2026-07-09T13:40:57.730000Z,1783604457730,136.58
session-1783603749411-du6syw,10:51:DB:0D:31:EA,b3bb9015,6002,2026-07-09T13:40:57.913000Z,1783604457913,130.21
session-1783603749411-du6syw,10:51:DB:0D:31:EA,b3bb9015,6003,2026-07-09T13:40:58.002000Z,1783604458002,129.41
session-1783603749411-du6syw,10:51:DB:0D:31:EA,b3bb9015,6004,2026-07-09T13:40:58.138000Z,1783604458138,135.71
session-1783603749411-du6syw,10:51:DB:0D:31:EA,b3bb9015,6005,2026-07-09T13:40:58.228000Z,1783604458228,113.95
session-1783603749411-du6syw,10:51:DB:0D:31:EA,b3bb9015,6006,2026-07-09T13:40:58.361000Z,1783604458361,129.39
session-1783603749411-du6syw,10:51:DB:0D:31:EA,b3bb9015,6007,2026-07-09T13:40:58.451000Z,1783604458451,129.2
session-1783603749411-du6syw,10:51:DB:0D:31:EA,b3bb9015,6008,2026-07-09T13:40:58.542000Z,1783604458542,135.48
session-1783603749411-du6syw,10:51:DB:0D:31:EA,b3bb9015,6009,2026-07-09T13:40:58.677000Z,1783604458677,136.21
session-1783603749411-du6syw,10:51:DB:0D:31:EA,b3bb9015,6010,2026-07-09T13:40:58.765000Z,1783604458765,113.93
session-1783603749411-du6syw,10:51:DB:0D:31:EA,b3bb9015,6011,2026-07-09T13:40:58.856000Z,1783604458856,136.16
session-1783603749411-du6syw,10:51:DB:0D:31:EA,b3bb9015,6012,2026-07-09T13:40:58.947000Z,1783604458947,135.6
session-1783603749411-du6syw,10:51:DB:0D:31:EA,b3bb9015,6013,2026-07-09T13:40:59.038000Z,1783604459038,135.46
session-1783603749411-du6syw,10:51:DB:0D:31:EA,b3bb9015,6014,2026-07-09T13:40:59.171000Z,1783604459171,128.85
session-1783603749411-du6syw,10:51:DB:0D:31:EA,b3bb9015,6015,2026-07-09T13:40:59.263000Z,1783604459263,25.76
session-1783603749411-du6syw,10:51:DB:0D:31:EA,b3bb9015,6016,2026-07-09T13:40:59.353000Z,1783604459353,129.6
session-1783603749411-du6syw,10:51:DB:0D:31:EA,b3bb9015,6017,2026-07-09T13:40:59.442000Z,1783604459442,134.82
session-1783603749411-du6syw,10:51:DB:0D:31:EA,b3bb9015,6018,2026-07-09T13:40:59.577000Z,1783604459577,130.26
session-1783603749411-du6syw,10:51:DB:0D:31:EA,b3bb9015,6019,2026-07-09T13:40:59.668000Z,1783604459668,113.25
session-1783603749411-du6syw,10:51:DB:0D:31:EA,b3bb9015,6020,2026-07-09T13:40:59.758000Z,1783604459758,129.64
session-1783603749411-du6syw,10:51:DB:0D:31:EA,b3bb9015,6021,2026-07-09T13:40:59.846000Z,1783604459846,129.23
session-1783603749411-du6syw,10:51:DB:0D:31:EA,b3bb9015,6022,2026-07-09T13:40:59.938000Z,1783604459938,135.45
session-1783603749411-du6syw,10:51:DB:0D:31:EA,b3bb9015,6023,2026-07-09T13:41:00.073000Z,1783604460073,129.22
session-1783603749411-du6syw,10:51:DB:0D:31:EA,b3bb9015,6024,2026-07-09T13:41:00.165000Z,1783604460165,25.58
session-1783603749411-du6syw,10:51:DB:0D:31:EA,b3bb9015,6025,2026-07-09T13:41:00.252000Z,1783604460252,136.01
session-1783603749411-du6syw,10:51:DB:0D:31:EA,b3bb9015,6026,2026-07-09T13:41:00.388000Z,1783604460388,129.69
session-1783603749411-du6syw,10:51:DB:0D:31:EA,b3bb9015,6027,2026-07-09T13:41:00.478000Z,1783604460478,130.04
session-1783603749411-du6syw,10:51:DB:0D:31:EA,b3bb9015,6028,2026-07-09T13:41:00.613000Z,1783604460613,129.39
session-1783603749411-du6syw,10:51:DB:0D:31:EA,b3bb9015,6029,2026-07-09T13:41:00.701000Z,1783604460701,25.42
session-1783603749411-du6syw,10:51:DB:0D:31:EA,b3bb9015,6030,2026-07-09T13:41:00.793000Z,1783604460793,129.37
session-1783603749411-du6syw,10:51:DB:0D:31:EA,b3bb9015,6031,2026-07-09T13:41:00.880000Z,1783604460880,135.78
session-1783603749411-du6syw,10:51:DB:0D:31:EA,b3bb9015,6032,2026-07-09T13:41:01.018000Z,1783604461018,129.37
session-1783603749411-du6syw,10:51:DB:0D:31:EA,b3bb9015,6033,2026-07-09T13:41:01.109000Z,1783604461109,115.61
session-1783603749411-du6syw,10:51:DB:0D:31:EA,b3bb9015,6034,2026-07-09T13:41:01.198000Z,1783604461198,129.25
session-1783603749411-du6syw,10:51:DB:0D:31:EA,b3bb9015,6035,2026-07-09T13:41:01.287000Z,1783604461287,135.55
session-1783603749411-du6syw,10:51:DB:0D:31:EA,b3bb9015,6036,2026-07-09T13:41:01.378000Z,1783604461378,128.82
session-1783603749411-du6syw,10:51:DB:0D:31:EA,b3bb9015,6037,2026-07-09T13:41:01.512000Z,1783604461512,128.99
session-1783603749411-du6syw,10:51:DB:0D:31:EA,b3bb9015,6038,2026-07-09T13:41:01.603000Z,1783604461603,25.72
session-1783603749411-du6syw,10:51:DB:0D:31:EA,b3bb9015,6039,2026-07-09T13:41:01.690000Z,1783604461690,130.23
session-1783603749411-du6syw,10:51:DB:0D:31:EA,b3bb9015,6040,2026-07-09T13:41:01.781000Z,1783604461781,128.99
session-1783603749411-du6syw,10:51:DB:0D:31:EA,b3bb9015,6041,2026-07-09T13:41:01.930000Z,1783604461930,135.99
session-1783603749411-du6syw,10:51:DB:0D:31:EA,b3bb9015,6042,2026-07-09T13:41:02.004000Z,1783604462004,113.69
session-1783603749411-du6syw,10:51:DB:0D:31:EA,b3bb9015,6043,2026-07-09T13:41:02.096000Z,1783604462096,129.65
session-1783603749411-du6syw,10:51:DB:0D:31:EA,b3bb9015,6044,2026-07-09T13:41:02.186000Z,1783604462186,128.83
session-1783603749411-du6syw,10:51:DB:0D:31:EA,b3bb9015,6045,2026-07-09T13:41:02.275000Z,1783604462275,134.89
session-1783603749411-du6syw,10:51:DB:0D:31:EA,b3bb9015,6046,2026-07-09T13:41:02.426000Z,1783604462426,134.89
session-1783603749411-du6syw,10:51:DB:0D:31:EA,b3bb9015,6047,2026-07-09T13:41:02.548000Z,1783604462548,99.53
session-1783603749411-du6syw,10:51:DB:0D:31:EA,b3bb9015,6048,2026-07-09T13:41:02.637000Z,1783604462637,135.13
session-1783603749411-du6syw,10:51:DB:0D:31:EA,b3bb9015,6049,2026-07-09T13:41:02.726000Z,1783604462726,135.59
session-1783603749411-du6syw,10:51:DB:0D:31:EA,b3bb9015,6050,2026-07-09T13:41:02.816000Z,1783604462816,134.85
session-1783603749411-du6syw,10:51:DB:0D:31:EA,b3bb9015,6051,2026-07-09T13:41:02.950000Z,1783604462950,135.71
session-1783603749411-du6syw,10:51:DB:0D:31:EA,b3bb9015,6052,2026-07-09T13:41:03.132000Z,1783604463132,129.22
session-1783603749411-du6syw,10:51:DB:0D:31:EA,b3bb9015,6053,2026-07-09T13:41:03.223000Z,1783604463223,134.66
session-1783603749411-du6syw,10:51:DB:0D:31:EA,b3bb9015,6054,2026-07-09T13:41:03.356000Z,1783604463356,130.25
session-1783603749411-du6syw,10:51:DB:0D:31:EA,b3bb9015,6055,2026-07-09T13:41:03.448000Z,1783604463448,113.3
session-1783603749411-du6syw,10:51:DB:0D:31:EA,b3bb9015,6056,2026-07-09T13:41:03.538000Z,1783604463538,135.71
session-1783603749411-du6syw,10:51:DB:0D:31:EA,b3bb9015,6057,2026-07-09T13:41:03.627000Z,1783604463627,129.03
session-1783603749411-du6syw,10:51:DB:0D:31:EA,b3bb9015,6058,2026-07-09T13:41:03.718000Z,1783604463718,129.37
session-1783603749411-du6syw,10:51:DB:0D:31:EA,b3bb9015,6059,2026-07-09T13:41:03.853000Z,1783604463853,129.44
session-1783603749411-du6syw,10:51:DB:0D:31:EA,b3bb9015,6060,2026-07-09T13:41:04.033000Z,1783604464033,129.69
session-1783603749411-du6syw,10:51:DB:0D:31:EA,b3bb9015,6061,2026-07-09T13:41:04.123000Z,1783604464123,129.58
session-1783603749411-du6syw,10:51:DB:0D:31:EA,b3bb9015,6062,2026-07-09T13:41:04.257000Z,1783604464257,128.73
session-1783603749411-du6syw,10:51:DB:0D:31:EA,b3bb9015,6063,2026-07-09T13:41:04.347000Z,1783604464347,112.57
session-1783603749411-du6syw,10:51:DB:0D:31:EA,b3bb9015,6064,2026-07-09T13:41:04.482000Z,1783604464482,128.97
session-1783603749411-du6syw,10:51:DB:0D:31:EA,b3bb9015,6065,2026-07-09T13:41:04.631000Z,1783604464631,129.6
session-1783603749411-du6syw,10:51:DB:0D:31:EA,b3bb9015,6066,2026-07-09T13:41:04.798000Z,1783604464798,135.95
session-1783603749411-du6syw,10:51:DB:0D:31:EA,b3bb9015,6067,2026-07-09T13:41:04.886000Z,1783604464886,129.23
session-1783603749411-du6syw,10:51:DB:0D:31:EA,b3bb9015,6068,2026-07-09T13:41:05.022000Z,1783604465022,129.41
session-1783603749411-du6syw,10:51:DB:0D:31:EA,b3bb9015,6069,2026-07-09T13:41:05.172000Z,1783604465172,136.37
session-1783603749411-du6syw,10:51:DB:0D:31:EA,b3bb9015,6070,2026-07-09T13:41:05.247000Z,1783604465247,129.69
session-1783603749411-du6syw,10:51:DB:0D:31:EA,b3bb9015,6071,2026-07-09T13:41:05.336000Z,1783604465336,129.44
session-1783603749411-du6syw,10:51:DB:0D:31:EA,b3bb9015,6072,2026-07-09T13:41:05.472000Z,1783604465472,129.64
session-1783603749411-du6syw,10:51:DB:0D:31:EA,b3bb9015,6073,2026-07-09T13:41:05.515000Z,1783604465515,115.36
session-1783603749411-du6syw,10:51:DB:0D:31:EA,b3bb9015,6074,2026-07-09T13:41:05.607000Z,1783604465607,129.57
session-1783603749411-du6syw,10:51:DB:0D:31:EA,b3bb9015,6075,2026-07-09T13:41:05.698000Z,1783604465698,130.32
session-1783603749411-du6syw,10:51:DB:0D:31:EA,b3bb9015,6076,2026-07-09T13:41:05.848000Z,1783604465848,129.69
session-1783603749411-du6syw,10:51:DB:0D:31:EA,b3bb9015,6077,2026-07-09T13:41:05.893000Z,1783604465893,136.42
session-1783603749411-du6syw,10:51:DB:0D:31:EA,b3bb9015,6078,2026-07-09T13:41:06.010000Z,1783604466010,25.34
session-1783603749411-du6syw,10:51:DB:0D:31:EA,b3bb9015,6079,2026-07-09T13:41:06.100000Z,1783604466100,136.58
session-1783603749411-du6syw,10:51:DB:0D:31:EA,b3bb9015,6080,2026-07-09T13:41:06.189000Z,1783604466189,129.83
session-1783603749411-du6syw,10:51:DB:0D:31:EA,b3bb9015,6081,2026-07-09T13:41:06.324000Z,1783604466324,135.95
session-1783603749411-du6syw,10:51:DB:0D:31:EA,b3bb9015,6082,2026-07-09T13:41:06.459000Z,1783604466459,112.19
session-1783603749411-du6syw,10:51:DB:0D:31:EA,b3bb9015,6083,2026-07-09T13:41:06.595000Z,1783604466595,129.64
session-1783603749411-du6syw,10:51:DB:0D:31:EA,b3bb9015,6084,2026-07-09T13:41:06.686000Z,1783604466686,129.39
session-1783603749411-du6syw,10:51:DB:0D:31:EA,b3bb9015,6085,2026-07-09T13:41:06.776000Z,1783604466776,130.05
session-1783603749411-du6syw,10:51:DB:0D:31:EA,b3bb9015,6086,2026-07-09T13:41:06.867000Z,1783604466867,129.27
session-1783603749411-du6syw,10:51:DB:0D:31:EA,b3bb9015,6087,2026-07-09T13:41:06.958000Z,1783604466958,129.81
session-1783603749411-du6syw,10:51:DB:0D:31:EA,b3bb9015,6088,2026-07-09T13:41:07.048000Z,1783604467048,128.96
session-1783603749411-du6syw,10:51:DB:0D:31:EA,b3bb9015,6089,2026-07-09T13:41:07.180000Z,1783604467180,129.27
session-1783603749411-du6syw,10:51:DB:0D:31:EA,b3bb9015,6090,2026-07-09T13:41:07.225000Z,1783604467225,129.37
session-1783603749411-du6syw,10:51:DB:0D:31:EA,b3bb9015,6091,2026-07-09T13:41:07.362000Z,1783604467362,129.18
session-1783603749411-du6syw,10:51:DB:0D:31:EA,b3bb9015,6092,2026-07-09T13:41:07.539000Z,1783604467539,128.99
session-1783603749411-du6syw,10:51:DB:0D:31:EA,b3bb9015,6093,2026-07-09T13:41:07.633000Z,1783604467633,129.86
session-1783603749411-du6syw,10:51:DB:0D:31:EA,b3bb9015,6094,2026-07-09T13:41:07.765000Z,1783604467765,130.23
session-1783603749411-du6syw,10:51:DB:0D:31:EA,b3bb9015,6095,2026-07-09T13:41:07.857000Z,1783604467857,111.78
session-1783603749411-du6syw,10:51:DB:0D:31:EA,b3bb9015,6096,2026-07-09T13:41:07.948000Z,1783604467948,135.95
session-1783603749411-du6syw,10:51:DB:0D:31:EA,b3bb9015,6097,2026-07-09T13:41:08.080000Z,1783604468080,129.16
session-1783603749411-du6syw,10:51:DB:0D:31:EA,b3bb9015,6098,2026-07-09T13:41:08.127000Z,1783604468127,129.64
session-1783603749411-du6syw,10:51:DB:0D:31:EA,b3bb9015,6099,2026-07-09T13:41:08.259000Z,1783604468259,129.41
session-1783603749411-du6syw,10:51:DB:0D:31:EA,b3bb9015,6100,2026-07-09T13:41:08.397000Z,1783604468397,129.85
session-1783603749411-du6syw,10:51:DB:0D:31:EA,b3bb9015,6101,2026-07-09T13:41:08.439000Z,1783604468439,136.39
session-1783603749411-du6syw,10:51:DB:0D:31:EA,b3bb9015,6102,2026-07-09T13:41:08.577000Z,1783604468577,129.43
session-1783603749411-du6syw,10:51:DB:0D:31:EA,b3bb9015,6103,2026-07-09T13:41:08.667000Z,1783604468667,136.11
session-1783603749411-du6syw,10:51:DB:0D:31:EA,b3bb9015,6104,2026-07-09T13:41:08.803000Z,1783604468803,129.13
session-1783603749411-du6syw,10:51:DB:0D:31:EA,b3bb9015,6105,2026-07-09T13:41:09.028000Z,1783604469028,130.11
session-1783603749411-du6syw,10:51:DB:0D:31:EA,b3bb9015,6106,2026-07-09T13:41:09.070000Z,1783604469070,128.75
session-1783603749411-du6syw,10:51:DB:0D:31:EA,b3bb9015,6107,2026-07-09T13:41:09.208000Z,1783604469208,136.09
session-1783603749411-du6syw,10:51:DB:0D:31:EA,b3bb9015,6108,2026-07-09T13:41:09.295000Z,1783604469295,111.56
session-1783603749411-du6syw,10:51:DB:0D:31:EA,b3bb9015,6109,2026-07-09T13:41:09.387000Z,1783604469387,130.04
session-1783603749411-du6syw,10:51:DB:0D:31:EA,b3bb9015,6110,2026-07-09T13:41:09.475000Z,1783604469475,129.6
session-1783603749411-du6syw,10:51:DB:0D:31:EA,b3bb9015,6111,2026-07-09T13:41:09.612000Z,1783604469612,129.41
session-1783603749411-du6syw,10:51:DB:0D:31:EA,b3bb9015,6112,2026-07-09T13:41:09.700000Z,1783604469700,135.95
session-1783603749411-du6syw,10:51:DB:0D:31:EA,b3bb9015,6113,2026-07-09T13:41:09.926000Z,1783604469926,111.3
session-1783603749411-du6syw,10:51:DB:0D:31:EA,b3bb9015,6114,2026-07-09T13:41:10.015000Z,1783604470015,129.22
session-1783603749411-du6syw,10:51:DB:0D:31:EA,b3bb9015,6115,2026-07-09T13:41:10.106000Z,1783604470106,136.58
session-1783603749411-du6syw,10:51:DB:0D:31:EA,b3bb9015,6116,2026-07-09T13:41:10.196000Z,1783604470196,129.44
session-1783603749411-du6syw,10:51:DB:0D:31:EA,b3bb9015,6117,2026-07-09T13:41:10.331000Z,1783604470331,129.23
session-1783603749411-du6syw,10:51:DB:0D:31:EA,b3bb9015,6118,2026-07-09T13:41:10.511000Z,1783604470511,128.99
session-1783603749411-du6syw,10:51:DB:0D:31:EA,b3bb9015,6119,2026-07-09T13:41:10.644000Z,1783604470644,129.83
session-1783603749411-du6syw,10:51:DB:0D:31:EA,b3bb9015,6120,2026-07-09T13:41:10.780000Z,1783604470780,128.8
session-1783603749411-du6syw,10:51:DB:0D:31:EA,b3bb9015,6121,2026-07-09T13:41:10.869000Z,1783604470869,129.41
session-1783603749411-du6syw,10:51:DB:0D:31:EA,b3bb9015,6122,2026-07-09T13:41:11.051000Z,1783604471051,136.37
session-1783603749411-du6syw,10:51:DB:0D:31:EA,b3bb9015,6123,2026-07-09T13:41:11.140000Z,1783604471140,129.85
session-1783603749411-du6syw,10:51:DB:0D:31:EA,b3bb9015,6124,2026-07-09T13:41:11.291000Z,1783604471291,129.39
session-1783603749411-du6syw,10:51:DB:0D:31:EA,b3bb9015,6125,2026-07-09T13:41:11.426000Z,1783604471426,113.74
session-1783603749411-du6syw,10:51:DB:0D:31:EA,b3bb9015,6126,2026-07-09T13:41:11.502000Z,1783604471502,128.97
session-1783603749411-du6syw,10:51:DB:0D:31:EA,b3bb9015,6127,2026-07-09T13:41:11.593000Z,1783604471593,129.25
session-1783603749411-du6syw,10:51:DB:0D:31:EA,b3bb9015,6128,2026-07-09T13:41:11.728000Z,1783604471728,135.52
session-1783603749411-du6syw,10:51:DB:0D:31:EA,b3bb9015,6129,2026-07-09T13:41:11.730000Z,1783604471730,129.69
session-1783603749411-du6syw,10:51:DB:0D:31:EA,b3bb9015,6130,2026-07-09T13:41:11.953000Z,1783604471953,136.83
session-1783603749411-du6syw,10:51:DB:0D:31:EA,b3bb9015,6131,2026-07-09T13:41:12.103000Z,1783604472103,129.13
session-1783603749411-du6syw,10:51:DB:0D:31:EA,b3bb9015,6132,2026-07-09T13:41:12.131000Z,1783604472131,129.69
session-1783603749411-du6syw,10:51:DB:0D:31:EA,b3bb9015,6133,2026-07-09T13:41:12.267000Z,1783604472267,110.86
session-1783603749411-du6syw,10:51:DB:0D:31:EA,b3bb9015,6134,2026-07-09T13:41:12.357000Z,1783604472357,129.15
session-1783603749411-du6syw,10:51:DB:0D:31:EA,b3bb9015,6135,2026-07-09T13:41:12.489000Z,1783604472489,130.09
session-1783603749411-du6syw,10:51:DB:0D:31:EA,b3bb9015,6136,2026-07-09T13:41:12.534000Z,1783604472534,129.15
session-1783603749411-du6syw,10:51:DB:0D:31:EA,b3bb9015,6137,2026-07-09T13:41:12.685000Z,1783604472685,136.14
session-1783603749411-du6syw,10:51:DB:0D:31:EA,b3bb9015,6138,2026-07-09T13:41:12.806000Z,1783604472806,129.15
session-1783603749411-du6syw,10:51:DB:0D:31:EA,b3bb9015,6139,2026-07-09T13:41:12.941000Z,1783604472941,130.09
session-1783603749411-du6syw,10:51:DB:0D:31:EA,b3bb9015,6140,2026-07-09T13:41:12.992000Z,1783604472992,128.99
session-1783603749411-du6syw,10:51:DB:0D:31:EA,b3bb9015,6141,2026-07-09T13:41:13.077000Z,1783604473077,129.13
session-1783603749411-du6syw,10:51:DB:0D:31:EA,b3bb9015,6142,2026-07-09T13:41:13.228000Z,1783604473228,129.65
session-1783603749411-du6syw,10:51:DB:0D:31:EA,b3bb9015,6143,2026-07-09T13:41:13.393000Z,1783604473393,129.86
session-1783603749411-du6syw,10:51:DB:0D:31:EA,b3bb9015,6144,2026-07-09T13:41:13.482000Z,1783604473482,129.58
session-1783603749411-du6syw,10:51:DB:0D:31:EA,b3bb9015,6145,2026-07-09T13:41:13.616000Z,1783604473616,129.13
session-1783603749411-du6syw,10:51:DB:0D:31:EA,b3bb9015,6146,2026-07-09T13:41:13.707000Z,1783604473707,110.65
session-1783603749411-du6syw,10:51:DB:0D:31:EA,b3bb9015,6147,2026-07-09T13:41:13.797000Z,1783604473797,135.2
session-1783603749411-du6syw,10:51:DB:0D:31:EA,b3bb9015,6148,2026-07-09T13:41:13.931000Z,1783604473931,128.52
session-1783603749411-du6syw,10:51:DB:0D:31:EA,b3bb9015,6149,2026-07-09T13:41:13.977000Z,1783604473977,135.24
session-1783603749411-du6syw,10:51:DB:0D:31:EA,b3bb9015,6150,2026-07-09T13:41:14.111000Z,1783604474111,128.97
session-1783603749411-du6syw,10:51:DB:0D:31:EA,b3bb9015,6151,2026-07-09T13:41:14.203000Z,1783604474203,129.15
session-1783603749411-du6syw,10:51:DB:0D:31:EA,b3bb9015,6152,2026-07-09T13:41:14.290000Z,1783604474290,129.81
session-1783603749411-du6syw,10:51:DB:0D:31:EA,b3bb9015,6153,2026-07-09T13:41:14.382000Z,1783604474382,128.57
session-1783603749411-du6syw,10:51:DB:0D:31:EA,b3bb9015,6154,2026-07-09T13:41:14.516000Z,1783604474516,129.41
session-1783603749411-du6syw,10:51:DB:0D:31:EA,b3bb9015,6155,2026-07-09T13:41:14.608000Z,1783604474608,110.67
session-1783603749411-du6syw,10:51:DB:0D:31:EA,b3bb9015,6156,2026-07-09T13:41:14.740000Z,1783604474740,129.36
session-1783603749411-du6syw,10:51:DB:0D:31:EA,b3bb9015,6157,2026-07-09T13:41:14.833000Z,1783604474833,128.52
session-1783603749411-du6syw,10:51:DB:0D:31:EA,b3bb9015,6158,2026-07-09T13:41:14.966000Z,1783604474966,129.57
session-1783603749411-du6syw,10:51:DB:0D:31:EA,b3bb9015,6159,2026-07-09T13:41:15.058000Z,1783604475058,129.9
session-1783603749411-du6syw,10:51:DB:0D:31:EA,b3bb9015,6160,2026-07-09T13:41:15.148000Z,1783604475148,110.35
session-1783603749411-du6syw,10:51:DB:0D:31:EA,b3bb9015,6161,2026-07-09T13:41:15.238000Z,1783604475238,135.25
session-1783603749411-du6syw,10:51:DB:0D:31:EA,b3bb9015,6162,2026-07-09T13:41:15.326000Z,1783604475326,128.99
session-1783603749411-du6syw,10:51:DB:0D:31:EA,b3bb9015,6163,2026-07-09T13:41:15.414000Z,1783604475414,129.15
session-1783603749411-du6syw,10:51:DB:0D:31:EA,b3bb9015,6164,2026-07-09T13:41:15.565000Z,1783604475565,128.94
session-1783603749411-du6syw,10:51:DB:0D:31:EA,b3bb9015,6165,2026-07-09T13:41:15.685000Z,1783604475685,26.21
session-1783603749411-du6syw,10:51:DB:0D:31:EA,b3bb9015,6166,2026-07-09T13:41:15.729000Z,1783604475729,128.48
session-1783603749411-du6syw,10:51:DB:0D:31:EA,b3bb9015,6167,2026-07-09T13:41:15.819000Z,1783604475819,128.73
session-1783603749411-du6syw,10:51:DB:0D:31:EA,b3bb9015,6168,2026-07-09T13:41:15.955000Z,1783604475955,128.69
session-1783603749411-du6syw,10:51:DB:0D:31:EA,b3bb9015,6169,2026-07-09T13:41:16.105000Z,1783604476105,135.69
session-1783603749411-du6syw,10:51:DB:0D:31:EA,b3bb9015,6170,2026-07-09T13:41:16.269000Z,1783604476269,128.52
session-1783603749411-du6syw,10:51:DB:0D:31:EA,b3bb9015,6171,2026-07-09T13:41:16.360000Z,1783604476360,129.58
session-1783603749411-du6syw,10:51:DB:0D:31:EA,b3bb9015,6172,2026-07-09T13:41:16.450000Z,1783604476450,128.52
session-1783603749411-du6syw,10:51:DB:0D:31:EA,b3bb9015,6173,2026-07-09T13:41:16.585000Z,1783604476585,129.11
session-1783603749411-du6syw,10:51:DB:0D:31:EA,b3bb9015,6174,2026-07-09T13:41:16.677000Z,1783604476677,110.21
session-1783603749411-du6syw,10:51:DB:0D:31:EA,b3bb9015,6175,2026-07-09T13:41:16.811000Z,1783604476811,128.48
session-1783603749411-du6syw,10:51:DB:0D:31:EA,b3bb9015,6176,2026-07-09T13:41:16.900000Z,1783604476900,128.29
session-1783603749411-du6syw,10:51:DB:0D:31:EA,b3bb9015,6177,2026-07-09T13:41:16.992000Z,1783604476992,128.73
session-1783603749411-du6syw,10:51:DB:0D:31:EA,b3bb9015,6178,2026-07-09T13:41:17.124000Z,1783604477124,128.99
session-1783603749411-du6syw,10:51:DB:0D:31:EA,b3bb9015,6179,2026-07-09T13:41:17.276000Z,1783604477276,110.82
session-1783603749411-du6syw,10:51:DB:0D:31:EA,b3bb9015,6180,2026-07-09T13:41:17.352000Z,1783604477352,128.99
session-1783603749411-du6syw,10:51:DB:0D:31:EA,b3bb9015,6181,2026-07-09T13:41:17.394000Z,1783604477394,128.73
session-1783603749411-du6syw,10:51:DB:0D:31:EA,b3bb9015,6182,2026-07-09T13:41:17.531000Z,1783604477531,128.97
session-1783603749411-du6syw,10:51:DB:0D:31:EA,b3bb9015,6183,2026-07-09T13:41:17.623000Z,1783604477623,137.28
session-1783603749411-du6syw,10:51:DB:0D:31:EA,b3bb9015,6184,2026-07-09T13:41:17.802000Z,1783604477802,137.38
session-1783603749411-du6syw,10:51:DB:0D:31:EA,b3bb9015,6185,2026-07-09T13:41:17.936000Z,1783604477936,129.41
session-1783603749411-du6syw,10:51:DB:0D:31:EA,b3bb9015,6186,2026-07-09T13:41:18.027000Z,1783604478027,128.96
session-1783603749411-du6syw,10:51:DB:0D:31:EA,b3bb9015,6187,2026-07-09T13:41:18.116000Z,1783604478116,109.97
session-1783603749411-du6syw,10:51:DB:0D:31:EA,b3bb9015,6188,2026-07-09T13:41:18.208000Z,1783604478208,129.83
session-1783603749411-du6syw,10:51:DB:0D:31:EA,b3bb9015,6189,2026-07-09T13:41:18.295000Z,1783604478295,129.69
session-1783603749411-du6syw,10:51:DB:0D:31:EA,b3bb9015,6190,2026-07-09T13:41:18.386000Z,1783604478386,130.11
session-1783603749411-du6syw,10:51:DB:0D:31:EA,b3bb9015,6191,2026-07-09T13:41:18.549000Z,1783604478549,129.2
session-1783603749411-du6syw,10:51:DB:0D:31:EA,b3bb9015,6192,2026-07-09T13:41:18.606000Z,1783604478606,129.22
session-1783603749411-du6syw,10:51:DB:0D:31:EA,b3bb9015,6193,2026-07-09T13:41:18.699000Z,1783604478699,129.15
session-1783603749411-du6syw,10:51:DB:0D:31:EA,b3bb9015,6194,2026-07-09T13:41:18.847000Z,1783604478847,129.27
session-1783603749411-du6syw,10:51:DB:0D:31:EA,b3bb9015,6195,2026-07-09T13:41:19.026000Z,1783604479026,136.14
session-1783603749411-du6syw,10:51:DB:0D:31:EA,b3bb9015,6196,2026-07-09T13:41:19.105000Z,1783604479105,26.09
session-1783603749411-du6syw,10:51:DB:0D:31:EA,b3bb9015,6197,2026-07-09T13:41:19.147000Z,1783604479147,135.95
session-1783603749411-du6syw,10:51:DB:0D:31:EA,b3bb9015,6198,2026-07-09T13:41:19.281000Z,1783604479281,129.15
session-1783603749411-du6syw,10:51:DB:0D:31:EA,b3bb9015,6199,2026-07-09T13:41:19.371000Z,1783604479371,135.52
session-1783603749411-du6syw,10:51:DB:0D:31:EA,b3bb9015,6200,2026-07-09T13:41:19.462000Z,1783604479462,109.43
session-1783603749411-du6syw,10:51:DB:0D:31:EA,b3bb9015,6201,2026-07-09T13:41:19.551000Z,1783604479551,136.16
session-1783603749411-du6syw,10:51:DB:0D:31:EA,b3bb9015,6202,2026-07-09T13:41:19.641000Z,1783604479641,129.23
session-1783603749411-du6syw,10:51:DB:0D:31:EA,b3bb9015,6203,2026-07-09T13:41:19.732000Z,1783604479732,129.13
session-1783603749411-du6syw,10:51:DB:0D:31:EA,b3bb9015,6204,2026-07-09T13:41:19.868000Z,1783604479868,136.41
session-1783603749411-du6syw,10:51:DB:0D:31:EA,b3bb9015,6205,2026-07-09T13:41:20.047000Z,1783604480047,135.55
session-1783603749411-du6syw,10:51:DB:0D:31:EA,b3bb9015,6206,2026-07-09T13:41:20.137000Z,1783604480137,129.86
session-1783603749411-du6syw,10:51:DB:0D:31:EA,b3bb9015,6207,2026-07-09T13:41:20.271000Z,1783604480271,135.71
session-1783603749411-du6syw,10:51:DB:0D:31:EA,b3bb9015,6208,2026-07-09T13:41:20.392000Z,1783604480392,108.89
session-1783603749411-du6syw,10:51:DB:0D:31:EA,b3bb9015,6209,2026-07-09T13:41:20.451000Z,1783604480451,128.71
session-1783603749411-du6syw,10:51:DB:0D:31:EA,b3bb9015,6210,2026-07-09T13:41:20.542000Z,1783604480542,136.41
session-1783603749411-du6syw,10:51:DB:0D:31:EA,b3bb9015,6211,2026-07-09T13:41:20.631000Z,1783604480631,130.23
session-1783603749411-du6syw,10:51:DB:0D:31:EA,b3bb9015,6212,2026-07-09T13:41:20.767000Z,1783604480767,129.65
session-1783603749411-du6syw,10:51:DB:0D:31:EA,b3bb9015,6213,2026-07-09T13:41:20.992000Z,1783604480992,135.94
session-1783603749411-du6syw,10:51:DB:0D:31:EA,b3bb9015,6214,2026-07-09T13:41:21.081000Z,1783604481081,135.78
session-1783603749411-du6syw,10:51:DB:0D:31:EA,b3bb9015,6215,2026-07-09T13:41:21.232000Z,1783604481232,129.15
session-1783603749411-du6syw,10:51:DB:0D:31:EA,b3bb9015,6216,2026-07-09T13:41:21.308000Z,1783604481308,136.42
session-1783603749411-du6syw,10:51:DB:0D:31:EA,b3bb9015,6217,2026-07-09T13:41:21.397000Z,1783604481397,129.16
session-1783603749411-du6syw,10:51:DB:0D:31:EA,b3bb9015,6218,2026-07-09T13:41:21.487000Z,1783604481487,128.97
session-1783603749411-du6syw,10:51:DB:0D:31:EA,b3bb9015,6219,2026-07-09T13:41:21.623000Z,1783604481623,136.13
session-1783603749411-du6syw,10:51:DB:0D:31:EA,b3bb9015,6220,2026-07-09T13:41:21.712000Z,1783604481712,108.68
session-1783603749411-du6syw,10:51:DB:0D:31:EA,b3bb9015,6221,2026-07-09T13:41:21.803000Z,1783604481803,129.15
session-1783603749411-du6syw,10:51:DB:0D:31:EA,b3bb9015,6222,2026-07-09T13:41:21.893000Z,1783604481893,129.71
session-1783603749411-du6syw,10:51:DB:0D:31:EA,b3bb9015,6223,2026-07-09T13:41:21.984000Z,1783604481984,129.23
session-1783603749411-du6syw,10:51:DB:0D:31:EA,b3bb9015,6224,2026-07-09T13:41:22.118000Z,1783604482118,129.71
session-1783603749411-du6syw,10:51:DB:0D:31:EA,b3bb9015,6225,2026-07-09T13:41:22.345000Z,1783604482345,129.86
session-1783603749411-du6syw,10:51:DB:0D:31:EA,b3bb9015,6226,2026-07-09T13:41:22.389000Z,1783604482389,136.6
session-1783603749411-du6syw,10:51:DB:0D:31:EA,b3bb9015,6227,2026-07-09T13:41:22.521000Z,1783604482521,129.43
session-1783603749411-du6syw,10:51:DB:0D:31:EA,b3bb9015,6228,2026-07-09T13:41:22.611000Z,1783604482611,110.95
session-1783603749411-du6syw,10:51:DB:0D:31:EA,b3bb9015,6229,2026-07-09T13:41:22.705000Z,1783604482705,136.55
session-1783603749411-du6syw,10:51:DB:0D:31:EA,b3bb9015,6230,2026-07-09T13:41:22.791000Z,1783604482791,129.44
session-1783603749411-du6syw,10:51:DB:0D:31:EA,b3bb9015,6231,2026-07-09T13:41:22.941000Z,1783604482941,129.62
session-1783603749411-du6syw,10:51:DB:0D:31:EA,b3bb9015,6232,2026-07-09T13:41:23.156000Z,1783604483156,136.58
session-1783603749411-du6syw,10:51:DB:0D:31:EA,b3bb9015,6233,2026-07-09T13:41:23.241000Z,1783604483241,129.01
session-1783603749411-du6syw,10:51:DB:0D:31:EA,b3bb9015,6234,2026-07-09T13:41:23.334000Z,1783604483334,129.01
session-1783603749411-du6syw,10:51:DB:0D:31:EA,b3bb9015,6235,2026-07-09T13:41:23.421000Z,1783604483421,136.53
session-1783603749411-du6syw,10:51:DB:0D:31:EA,b3bb9015,6236,2026-07-09T13:41:23.556000Z,1783604483556,128.99
session-1783603749411-du6syw,10:51:DB:0D:31:EA,b3bb9015,6237,2026-07-09T13:41:23.650000Z,1783604483650,136.53
session-1783603749411-du6syw,10:51:DB:0D:31:EA,b3bb9015,6238,2026-07-09T13:41:23.736000Z,1783604483736,129.41
session-1783603749411-du6syw,10:51:DB:0D:31:EA,b3bb9015,6239,2026-07-09T13:41:23.827000Z,1783604483827,137.03
session-1783603749411-du6syw,10:51:DB:0D:31:EA,b3bb9015,6240,2026-07-09T13:41:23.977000Z,1783604483977,129.58
session-1783603749411-du6syw,10:51:DB:0D:31:EA,b3bb9015,6241,2026-07-09T13:41:24.052000Z,1783604484052,107.81
session-1783603749411-du6syw,10:51:DB:0D:31:EA,b3bb9015,6242,2026-07-09T13:41:24.142000Z,1783604484142,136.56
session-1783603749411-du6syw,10:51:DB:0D:31:EA,b3bb9015,6243,2026-07-09T13:41:24.233000Z,1783604484233,129.16
session-1783603749411-du6syw,10:51:DB:0D:31:EA,b3bb9015,6244,2026-07-09T13:41:24.367000Z,1783604484367,129.27
session-1783603749411-du6syw,10:51:DB:0D:31:EA,b3bb9015,6245,2026-07-09T13:41:24.461000Z,1783604484461,129.44
session-1783603749411-du6syw,10:51:DB:0D:31:EA,b3bb9015,6246,2026-07-09T13:41:24.546000Z,1783604484546,129.16
session-1783603749411-du6syw,10:51:DB:0D:31:EA,b3bb9015,6247,2026-07-09T13:41:24.636000Z,1783604484636,129.22
session-1783603749411-du6syw,10:51:DB:0D:31:EA,b3bb9015,6248,2026-07-09T13:41:24.727000Z,1783604484727,128.71
session-1783603749411-du6syw,10:51:DB:0D:31:EA,b3bb9015,6249,2026-07-09T13:41:24.862000Z,1783604484862,129.85
session-1783603749411-du6syw,10:51:DB:0D:31:EA,b3bb9015,6250,2026-07-09T13:41:24.997000Z,1783604484997,107.75
session-1783603749411-du6syw,10:51:DB:0D:31:EA,b3bb9015,6251,2026-07-09T13:41:25.086000Z,1783604485086,129.22
session-1783603749411-du6syw,10:51:DB:0D:31:EA,b3bb9015,6252,2026-07-09T13:41:25.177000Z,1783604485177,129.41
session-1783603749411-du6syw,10:51:DB:0D:31:EA,b3bb9015,6253,2026-07-09T13:41:25.268000Z,1783604485268,129.39
session-1783603749411-du6syw,10:51:DB:0D:31:EA,b3bb9015,6254,2026-07-09T13:41:25.405000Z,1783604485405,129.15
session-1783603749411-du6syw,10:51:DB:0D:31:EA,b3bb9015,6255,2026-07-09T13:41:25.492000Z,1783604485492,107.58
session-1783603749411-du6syw,10:51:DB:0D:31:EA,b3bb9015,6256,2026-07-09T13:41:25.582000Z,1783604485582,129.65
session-1783603749411-du6syw,10:51:DB:0D:31:EA,b3bb9015,6257,2026-07-09T13:41:25.720000Z,1783604485720,130.68
session-1783603749411-du6syw,10:51:DB:0D:31:EA,b3bb9015,6258,2026-07-09T13:41:25.762000Z,1783604485762,129.27
session-1783603749411-du6syw,10:51:DB:0D:31:EA,b3bb9015,6259,2026-07-09T13:41:25.913000Z,1783604485913,129.86
session-1783603749411-du6syw,10:51:DB:0D:31:EA,b3bb9015,6260,2026-07-09T13:41:25.987000Z,1783604485987,129.25
session-1783603749411-du6syw,10:51:DB:0D:31:EA,b3bb9015,6261,2026-07-09T13:41:26.137000Z,1783604486137,136.11
session-1783603749411-du6syw,10:51:DB:0D:31:EA,b3bb9015,6262,2026-07-09T13:41:26.168000Z,1783604486168,130.11
session-1783603749411-du6syw,10:51:DB:0D:31:EA,b3bb9015,6263,2026-07-09T13:41:26.301000Z,1783604486301,129.41
session-1783603749411-du6syw,10:51:DB:0D:31:EA,b3bb9015,6264,2026-07-09T13:41:26.392000Z,1783604486392,107.18
session-1783603749411-du6syw,10:51:DB:0D:31:EA,b3bb9015,6265,2026-07-09T13:41:26.483000Z,1783604486483,129.81
session-1783603749411-du6syw,10:51:DB:0D:31:EA,b3bb9015,6266,2026-07-09T13:41:26.571000Z,1783604486571,134.49
session-1783603749411-du6syw,10:51:DB:0D:31:EA,b3bb9015,6267,2026-07-09T13:41:26.663000Z,1783604486663,129.11
session-1783603749411-du6syw,10:51:DB:0D:31:EA,b3bb9015,6268,2026-07-09T13:41:26.797000Z,1783604486797,130.18
session-1783603749411-du6syw,10:51:DB:0D:31:EA,b3bb9015,6269,2026-07-09T13:41:26.946000Z,1783604486946,129.39
session-1783603749411-du6syw,10:51:DB:0D:31:EA,b3bb9015,6270,2026-07-09T13:41:27.022000Z,1783604487022,130.68
session-1783603749411-du6syw,10:51:DB:0D:31:EA,b3bb9015,6271,2026-07-09T13:41:27.111000Z,1783604487111,129.15
session-1783603749411-du6syw,10:51:DB:0D:31:EA,b3bb9015,6272,2026-07-09T13:41:27.247000Z,1783604487247,129.53
session-1783603749411-du6syw,10:51:DB:0D:31:EA,b3bb9015,6273,2026-07-09T13:41:27.397000Z,1783604487397,129.88
session-1783603749411-du6syw,10:51:DB:0D:31:EA,b3bb9015,6274,2026-07-09T13:41:27.471000Z,1783604487471,129.86
session-1783603749411-du6syw,10:51:DB:0D:31:EA,b3bb9015,6275,2026-07-09T13:41:27.516000Z,1783604487516,129.6
session-1783603749411-du6syw,10:51:DB:0D:31:EA,b3bb9015,6276,2026-07-09T13:41:27.742000Z,1783604487742,134.35
session-1783603749411-du6syw,10:51:DB:0D:31:EA,b3bb9015,6277,2026-07-09T13:41:27.831000Z,1783604487831,106.76
session-1783603749411-du6syw,10:51:DB:0D:31:EA,b3bb9015,6278,2026-07-09T13:41:27.923000Z,1783604487923,134.35
session-1783603749411-du6syw,10:51:DB:0D:31:EA,b3bb9015,6279,2026-07-09T13:41:28.011000Z,1783604488011,134.38
session-1783603749411-du6syw,10:51:DB:0D:31:EA,b3bb9015,6280,2026-07-09T13:41:28.102000Z,1783604488102,129.83
session-1783603749411-du6syw,10:51:DB:0D:31:EA,b3bb9015,6281,2026-07-09T13:41:28.238000Z,1783604488238,134.24
session-1783603749411-du6syw,10:51:DB:0D:31:EA,b3bb9015,6282,2026-07-09T13:41:28.417000Z,1783604488417,134.21
session-1783603749411-du6syw,10:51:DB:0D:31:EA,b3bb9015,6283,2026-07-09T13:41:28.506000Z,1783604488506,129.58
session-1783603749411-du6syw,10:51:DB:0D:31:EA,b3bb9015,6284,2026-07-09T13:41:28.640000Z,1783604488640,130.0
session-1783603749411-du6syw,10:51:DB:0D:31:EA,b3bb9015,6285,2026-07-09T13:41:28.731000Z,1783604488731,106.51
session-1783603749411-du6syw,10:51:DB:0D:31:EA,b3bb9015,6286,2026-07-09T13:41:28.821000Z,1783604488821,129.85
session-1783603749411-du6syw,10:51:DB:0D:31:EA,b3bb9015,6287,2026-07-09T13:41:28.911000Z,1783604488911,134.24
session-1783603749411-du6syw,10:51:DB:0D:31:EA,b3bb9015,6288,2026-07-09T13:41:29.061000Z,1783604489061,129.85
session-1783603749411-du6syw,10:51:DB:0D:31:EA,b3bb9015,6289,2026-07-09T13:41:29.316000Z,1783604489316,129.39
session-1783603749411-du6syw,10:51:DB:0D:31:EA,b3bb9015,6290,2026-07-09T13:41:29.451000Z,1783604489451,129.13
session-1783603749411-du6syw,10:51:DB:0D:31:EA,b3bb9015,6291,2026-07-09T13:41:29.541000Z,1783604489541,106.27
session-1783603749411-du6syw,10:51:DB:0D:31:EA,b3bb9015,6292,2026-07-09T13:41:29.676000Z,1783604489676,129.43
session-1783603749411-du6syw,10:51:DB:0D:31:EA,b3bb9015,6293,2026-07-09T13:41:29.721000Z,1783604489721,134.23
session-1783603749411-du6syw,10:51:DB:0D:31:EA,b3bb9015,6294,2026-07-09T13:41:29.812000Z,1783604489812,134.64
session-1783603749411-du6syw,10:51:DB:0D:31:EA,b3bb9015,6295,2026-07-09T13:41:29.946000Z,1783604489946,128.99
session-1783603749411-du6syw,10:51:DB:0D:31:EA,b3bb9015,6296,2026-07-09T13:41:30.036000Z,1783604490036,134.82
session-1783603749411-du6syw,10:51:DB:0D:31:EA,b3bb9015,6297,2026-07-09T13:41:30.127000Z,1783604490127,129.85
session-1783603749411-du6syw,10:51:DB:0D:31:EA,b3bb9015,6298,2026-07-09T13:41:30.216000Z,1783604490216,128.94
session-1783603749411-du6syw,10:51:DB:0D:31:EA,b3bb9015,6299,2026-07-09T13:41:30.366000Z,1783604490366,134.78
session-1783603749411-du6syw,10:51:DB:0D:31:EA,b3bb9015,6300,2026-07-09T13:41:30.487000Z,1783604490487,106.08
session-1783603749411-du6syw,10:51:DB:0D:31:EA,b3bb9015,6301,2026-07-09T13:41:30.531000Z,1783604490531,129.43
session-1783603749411-du6syw,10:51:DB:0D:31:EA,b3bb9015,6302,2026-07-09T13:41:30.622000Z,1783604490622,129.44
session-1783603749411-du6syw,10:51:DB:0D:31:EA,b3bb9015,6303,2026-07-09T13:41:30.711000Z,1783604490711,129.43
session-1783603749411-du6syw,10:51:DB:0D:31:EA,b3bb9015,6304,2026-07-09T13:41:30.857000Z,1783604490857,134.66
session-1783603749411-du6syw,10:51:DB:0D:31:EA,b3bb9015,6305,2026-07-09T13:41:30.936000Z,1783604490936,129.13
session-1783603749411-du6syw,10:51:DB:0D:31:EA,b3bb9015,6306,2026-07-09T13:41:31.073000Z,1783604491073,130.25
session-1783603749411-du6syw,10:51:DB:0D:31:EA,b3bb9015,6307,2026-07-09T13:41:31.206000Z,1783604491206,129.85
session-1783603749411-du6syw,10:51:DB:0D:31:EA,b3bb9015,6308,2026-07-09T13:41:31.251000Z,1783604491251,129.83
session-1783603749411-du6syw,10:51:DB:0D:31:EA,b3bb9015,6309,2026-07-09T13:41:31.387000Z,1783604491387,134.84
session-1783603749411-du6syw,10:51:DB:0D:31:EA,b3bb9015,6310,2026-07-09T13:41:31.476000Z,1783604491476,134.63
session-1783603749411-du6syw,10:51:DB:0D:31:EA,b3bb9015,6311,2026-07-09T13:41:31.566000Z,1783604491566,129.13
session-1783603749411-du6syw,10:51:DB:0D:31:EA,b3bb9015,6312,2026-07-09T13:41:31.656000Z,1783604491656,129.39
session-1783603749411-du6syw,10:51:DB:0D:31:EA,b3bb9015,6313,2026-07-09T13:41:31.792000Z,1783604491792,129.55
session-1783603749411-du6syw,10:51:DB:0D:31:EA,b3bb9015,6314,2026-07-09T13:41:31.884000Z,1783604491884,105.62
session-1783603749411-du6syw,10:51:DB:0D:31:EA,b3bb9015,6315,2026-07-09T13:41:31.971000Z,1783604491971,129.41
session-1783603749411-du6syw,10:51:DB:0D:31:EA,b3bb9015,6316,2026-07-09T13:41:32.107000Z,1783604492107,134.68
session-1783603749411-du6syw,10:51:DB:0D:31:EA,b3bb9015,6317,2026-07-09T13:41:32.154000Z,1783604492154,129.11
session-1783603749411-du6syw,10:51:DB:0D:31:EA,b3bb9015,6318,2026-07-09T13:41:32.286000Z,1783604492286,130.7
session-1783603749411-du6syw,10:51:DB:0D:31:EA,b3bb9015,6319,2026-07-09T13:41:32.377000Z,1783604492377,128.97
session-1783603749411-du6syw,10:51:DB:0D:31:EA,b3bb9015,6320,2026-07-09T13:41:32.467000Z,1783604492467,130.0
session-1783603749411-du6syw,10:51:DB:0D:31:EA,b3bb9015,6321,2026-07-09T13:41:32.557000Z,1783604492557,134.64
session-1783603749411-du6syw,10:51:DB:0D:31:EA,b3bb9015,6322,2026-07-09T13:41:32.706000Z,1783604492706,131.14
session-1783603749411-du6syw,10:51:DB:0D:31:EA,b3bb9015,6323,2026-07-09T13:41:32.781000Z,1783604492781,105.69
session-1783603749411-du6syw,10:51:DB:0D:31:EA,b3bb9015,6324,2026-07-09T13:41:32.871000Z,1783604492871,129.81
session-1783603749411-du6syw,10:51:DB:0D:31:EA,b3bb9015,6325,2026-07-09T13:41:32.962000Z,1783604492962,129.41
session-1783603749411-du6syw,10:51:DB:0D:31:EA,b3bb9015,6326,2026-07-09T13:41:33.097000Z,1783604493097,134.19
session-1783603749411-du6syw,10:51:DB:0D:31:EA,b3bb9015,6327,2026-07-09T13:41:33.322000Z,1783604493322,105.03
session-1783603749411-du6syw,10:51:DB:0D:31:EA,b3bb9015,6328,2026-07-09T13:41:33.411000Z,1783604493411,134.82
session-1783603749411-du6syw,10:51:DB:0D:31:EA,b3bb9015,6329,2026-07-09T13:41:33.501000Z,1783604493501,134.23
session-1783603749411-du6syw,10:51:DB:0D:31:EA,b3bb9015,6330,2026-07-09T13:41:33.592000Z,1783604493592,134.23
session-1783603749411-du6syw,10:51:DB:0D:31:EA,b3bb9015,6331,2026-07-09T13:41:33.743000Z,1783604493743,134.8
session-1783603749411-du6syw,10:51:DB:0D:31:EA,b3bb9015,6332,2026-07-09T13:41:33.907000Z,1783604493907,134.4
session-1783603749411-du6syw,10:51:DB:0D:31:EA,b3bb9015,6333,2026-07-09T13:41:33.996000Z,1783604493996,129.6
session-1783603749411-du6syw,10:51:DB:0D:31:EA,b3bb9015,6334,2026-07-09T13:41:34.147000Z,1783604494147,134.36
session-1783603749411-du6syw,10:51:DB:0D:31:EA,b3bb9015,6335,2026-07-09T13:41:34.267000Z,1783604494267,106.04
session-1783603749411-du6syw,10:51:DB:0D:31:EA,b3bb9015,6336,2026-07-09T13:41:34.312000Z,1783604494312,129.6
session-1783603749411-du6syw,10:51:DB:0D:31:EA,b3bb9015,6337,2026-07-09T13:41:34.405000Z,1783604494405,134.42
session-1783603749411-du6syw,10:51:DB:0D:31:EA,b3bb9015,6338,2026-07-09T13:41:34.492000Z,1783604494492,129.15
session-1783603749411-du6syw,10:51:DB:0D:31:EA,b3bb9015,6339,2026-07-09T13:41:34.642000Z,1783604494642,134.24
session-1783603749411-du6syw,10:51:DB:0D:31:EA,b3bb9015,6340,2026-07-09T13:41:34.719000Z,1783604494719,128.97
session-1783603749411-du6syw,10:51:DB:0D:31:EA,b3bb9015,6341,2026-07-09T13:41:34.807000Z,1783604494807,129.39
session-1783603749411-du6syw,10:51:DB:0D:31:EA,b3bb9015,6342,2026-07-09T13:41:34.896000Z,1783604494896,134.36
session-1783603749411-du6syw,10:51:DB:0D:31:EA,b3bb9015,6343,2026-07-09T13:41:35.048000Z,1783604495048,129.13
session-1783603749411-du6syw,10:51:DB:0D:31:EA,b3bb9015,6344,2026-07-09T13:41:35.213000Z,1783604495213,129.83
session-1783603749411-du6syw,10:51:DB:0D:31:EA,b3bb9015,6345,2026-07-09T13:41:35.257000Z,1783604495257,129.18
session-1783603749411-du6syw,10:51:DB:0D:31:EA,b3bb9015,6346,2026-07-09T13:41:35.393000Z,1783604495393,128.97
session-1783603749411-du6syw,10:51:DB:0D:31:EA,b3bb9015,6347,2026-07-09T13:41:35.437000Z,1783604495437,130.07
session-1783603749411-du6syw,10:51:DB:0D:31:EA,b3bb9015,6348,2026-07-09T13:41:35.573000Z,1783604495573,128.94
session-1783603749411-du6syw,10:51:DB:0D:31:EA,b3bb9015,6349,2026-07-09T13:41:35.664000Z,1783604495664,105.83
session-1783603749411-du6syw,10:51:DB:0D:31:EA,b3bb9015,6350,2026-07-09T13:41:35.753000Z,1783604495753,130.46
session-1783603749411-du6syw,10:51:DB:0D:31:EA,b3bb9015,6351,2026-07-09T13:41:35.843000Z,1783604495843,129.6
session-1783603749411-du6syw,10:51:DB:0D:31:EA,b3bb9015,6352,2026-07-09T13:41:35.932000Z,1783604495932,130.04
session-1783603749411-du6syw,10:51:DB:0D:31:EA,b3bb9015,6353,2026-07-09T13:41:36.067000Z,1783604496067,129.86
session-1783603749411-du6syw,10:51:DB:0D:31:EA,b3bb9015,6354,2026-07-09T13:41:36.158000Z,1783604496158,129.57
session-1783603749411-du6syw,10:51:DB:0D:31:EA,b3bb9015,6355,2026-07-09T13:41:36.295000Z,1783604496295,129.81
session-1783603749411-du6syw,10:51:DB:0D:31:EA,b3bb9015,6356,2026-07-09T13:41:36.473000Z,1783604496473,134.82
session-1783603749411-du6syw,10:51:DB:0D:31:EA,b3bb9015,6357,2026-07-09T13:41:36.562000Z,1783604496562,134.84
session-1783603749411-du6syw,10:51:DB:0D:31:EA,b3bb9015,6358,2026-07-09T13:41:36.713000Z,1783604496713,129.58
session-1783603749411-du6syw,10:51:DB:0D:31:EA,b3bb9015,6359,2026-07-09T13:41:36.788000Z,1783604496788,134.85
session-1783603749411-du6syw,10:51:DB:0D:31:EA,b3bb9015,6360,2026-07-09T13:41:36.940000Z,1783604496940,130.0
session-1783603749411-du6syw,10:51:DB:0D:31:EA,b3bb9015,6361,2026-07-09T13:41:36.967000Z,1783604496967,134.38
session-1783603749411-du6syw,10:51:DB:0D:31:EA,b3bb9015,6362,2026-07-09T13:41:37.103000Z,1783604497103,129.55
session-1783603749411-du6syw,10:51:DB:0D:31:EA,b3bb9015,6363,2026-07-09T13:41:37.255000Z,1783604497255,104.12
session-1783603749411-du6syw,10:51:DB:0D:31:EA,b3bb9015,6364,2026-07-09T13:41:37.372000Z,1783604497372,129.37
session-1783603749411-du6syw,10:51:DB:0D:31:EA,b3bb9015,6365,2026-07-09T13:41:37.507000Z,1783604497507,134.43
session-1783603749411-du6syw,10:51:DB:0D:31:EA,b3bb9015,6366,2026-07-09T13:41:37.554000Z,1783604497554,129.36
session-1783603749411-du6syw,10:51:DB:0D:31:EA,b3bb9015,6367,2026-07-09T13:41:37.642000Z,1783604497642,104.32
session-1783603749411-du6syw,10:51:DB:0D:31:EA,b3bb9015,6368,2026-07-09T13:41:37.733000Z,1783604497733,134.36
session-1783603749411-du6syw,10:51:DB:0D:31:EA,b3bb9015,6369,2026-07-09T13:41:37.822000Z,1783604497822,130.04
session-1783603749411-du6syw,10:51:DB:0D:31:EA,b3bb9015,6370,2026-07-09T13:41:37.912000Z,1783604497912,134.17
session-1783603749411-du6syw,10:51:DB:0D:31:EA,b3bb9015,6371,2026-07-09T13:41:38.047000Z,1783604498047,134.85
session-1783603749411-du6syw,10:51:DB:0D:31:EA,b3bb9015,6372,2026-07-09T13:41:38.137000Z,1783604498137,134.82
session-1783603749411-du6syw,10:51:DB:0D:31:EA,b3bb9015,6373,2026-07-09T13:41:38.227000Z,1783604498227,134.42
session-1783603749411-du6syw,10:51:DB:0D:31:EA,b3bb9015,6374,2026-07-09T13:41:38.316000Z,1783604498316,129.62
session-1783603749411-du6syw,10:51:DB:0D:31:EA,b3bb9015,6375,2026-07-09T13:41:38.452000Z,1783604498452,129.81
session-1783603749411-du6syw,10:51:DB:0D:31:EA,b3bb9015,6376,2026-07-09T13:41:38.543000Z,1783604498543,103.9
session-1783603749411-du6syw,10:51:DB:0D:31:EA,b3bb9015,6377,2026-07-09T13:41:38.631000Z,1783604498631,128.08
session-1783603749411-du6syw,10:51:DB:0D:31:EA,b3bb9015,6378,2026-07-09T13:41:38.722000Z,1783604498722,129.41
session-1783603749411-du6syw,10:51:DB:0D:31:EA,b3bb9015,6379,2026-07-09T13:41:38.812000Z,1783604498812,129.57
session-1783603749411-du6syw,10:51:DB:0D:31:EA,b3bb9015,6380,2026-07-09T13:41:38.947000Z,1783604498947,128.54
session-1783603749411-du6syw,10:51:DB:0D:31:EA,b3bb9015,6381,2026-07-09T13:41:39.096000Z,1783604499096,130.0
session-1783603749411-du6syw,10:51:DB:0D:31:EA,b3bb9015,6382,2026-07-09T13:41:39.173000Z,1783604499173,128.5
session-1783603749411-du6syw,10:51:DB:0D:31:EA,b3bb9015,6383,2026-07-09T13:41:39.262000Z,1783604499262,128.55
session-1783603749411-du6syw,10:51:DB:0D:31:EA,b3bb9015,6384,2026-07-09T13:41:39.397000Z,1783604499397,128.73
session-1783603749411-du6syw,10:51:DB:0D:31:EA,b3bb9015,6385,2026-07-09T13:41:39.546000Z,1783604499546,129.43
session-1783603749411-du6syw,10:51:DB:0D:31:EA,b3bb9015,6386,2026-07-09T13:41:39.626000Z,1783604499626,134.63
session-1783603749411-du6syw,10:51:DB:0D:31:EA,b3bb9015,6387,2026-07-09T13:41:39.667000Z,1783604499667,128.29
session-1783603749411-du6syw,10:51:DB:0D:31:EA,b3bb9015,6388,2026-07-09T13:41:39.805000Z,1783604499805,128.97
session-1783603749411-du6syw,10:51:DB:0D:31:EA,b3bb9015,6389,2026-07-09T13:41:39.892000Z,1783604499892,103.67
session-1783603749411-du6syw,10:51:DB:0D:31:EA,b3bb9015,6390,2026-07-09T13:41:39.982000Z,1783604499982,129.83
session-1783603749411-du6syw,10:51:DB:0D:31:EA,b3bb9015,6391,2026-07-09T13:41:40.071000Z,1783604500071,129.86
session-1783603749411-du6syw,10:51:DB:0D:31:EA,b3bb9015,6392,2026-07-09T13:41:40.162000Z,1783604500162,128.96
session-1783603749411-du6syw,10:51:DB:0D:31:EA,b3bb9015,6393,2026-07-09T13:41:40.297000Z,1783604500297,134.66
session-1783603749411-du6syw,10:51:DB:0D:31:EA,b3bb9015,6394,2026-07-09T13:41:40.388000Z,1783604500388,128.54
session-1783603749411-du6syw,10:51:DB:0D:31:EA,b3bb9015,6395,2026-07-09T13:41:40.792000Z,1783604500792,134.82
session-1783603749411-du6syw,10:51:DB:0D:31:EA,b3bb9015,6396,2026-07-09T13:41:40.792000Z,1783604500792,128.55
session-1783603749411-du6syw,10:51:DB:0D:31:EA,b3bb9015,6397,2026-07-09T13:41:40.810000Z,1783604500810,129.37
session-1783603749411-du6syw,10:51:DB:0D:31:EA,b3bb9015,6398,2026-07-09T13:41:40.811000Z,1783604500811,103.08
session-1783603749411-du6syw,10:51:DB:0D:31:EA,b3bb9015,6399,2026-07-09T13:41:40.884000Z,1783604500884,129.15
session-1783603749411-du6syw,10:51:DB:0D:31:EA,b3bb9015,6400,2026-07-09T13:41:40.974000Z,1783604500974,129.41
session-1783603749411-du6syw,10:51:DB:0D:31:EA,b3bb9015,6401,2026-07-09T13:41:41.061000Z,1783604501061,128.96
session-1783603749411-du6syw,10:51:DB:0D:31:EA,b3bb9015,6402,2026-07-09T13:41:41.196000Z,1783604501196,128.71
session-1783603749411-du6syw,10:51:DB:0D:31:EA,b3bb9015,6403,2026-07-09T13:41:41.348000Z,1783604501348,135.06
session-1783603749411-du6syw,10:51:DB:0D:31:EA,b3bb9015,6404,2026-07-09T13:41:41.422000Z,1783604501422,129.13
session-1783603749411-du6syw,10:51:DB:0D:31:EA,b3bb9015,6405,2026-07-09T13:41:41.514000Z,1783604501514,129.01
session-1783603749411-du6syw,10:51:DB:0D:31:EA,b3bb9015,6406,2026-07-09T13:41:41.647000Z,1783604501647,129.58
session-1783603749411-du6syw,10:51:DB:0D:31:EA,b3bb9015,6407,2026-07-09T13:41:41.736000Z,1783604501736,134.84
session-1783603749411-du6syw,10:51:DB:0D:31:EA,b3bb9015,6408,2026-07-09T13:41:41.829000Z,1783604501829,135.2
session-1783603749411-du6syw,10:51:DB:0D:31:EA,b3bb9015,6409,2026-07-09T13:41:41.917000Z,1783604501917,129.39
session-1783603749411-du6syw,10:51:DB:0D:31:EA,b3bb9015,6410,2026-07-09T13:41:42.066000Z,1783604502066,129.57
session-1783603749411-du6syw,10:51:DB:0D:31:EA,b3bb9015,6411,2026-07-09T13:41:42.142000Z,1783604502142,102.97
session-1783603749411-du6syw,10:51:DB:0D:31:EA,b3bb9015,6412,2026-07-09T13:41:42.277000Z,1783604502277,129.86
session-1783603749411-du6syw,10:51:DB:0D:31:EA,b3bb9015,6413,2026-07-09T13:41:42.367000Z,1783604502367,128.97
session-1783603749411-du6syw,10:51:DB:0D:31:EA,b3bb9015,6414,2026-07-09T13:41:42.412000Z,1783604502412,128.55
session-1783603749411-du6syw,10:51:DB:0D:31:EA,b3bb9015,6415,2026-07-09T13:41:42.546000Z,1783604502546,129.86
session-1783603749411-du6syw,10:51:DB:0D:31:EA,b3bb9015,6416,2026-07-09T13:41:42.697000Z,1783604502697,128.52
session-1783603749411-du6syw,10:51:DB:0D:31:EA,b3bb9015,6417,2026-07-09T13:41:42.733000Z,1783604502733,129.11
session-1783603749411-du6syw,10:51:DB:0D:31:EA,b3bb9015,6418,2026-07-09T13:41:42.862000Z,1783604502862,129.41
session-1783603749411-du6syw,10:51:DB:0D:31:EA,b3bb9015,6419,2026-07-09T13:41:42.952000Z,1783604502952,128.94
session-1783603749411-du6syw,10:51:DB:0D:31:EA,b3bb9015,6420,2026-07-09T13:41:43.041000Z,1783604503041,134.66
session-1783603749411-du6syw,10:51:DB:0D:31:EA,b3bb9015,6421,2026-07-09T13:41:43.132000Z,1783604503132,128.27
session-1783603749411-du6syw,10:51:DB:0D:31:EA,b3bb9015,6422,2026-07-09T13:41:43.221000Z,1783604503221,129.01
session-1783603749411-du6syw,10:51:DB:0D:31:EA,b3bb9015,6423,2026-07-09T13:41:43.356000Z,1783604503356,129.15
session-1783603749411-du6syw,10:51:DB:0D:31:EA,b3bb9015,6424,2026-07-09T13:41:43.491000Z,1783604503491,134.8
session-1783603749411-du6syw,10:51:DB:0D:31:EA,b3bb9015,6425,2026-07-09T13:41:43.581000Z,1783604503581,128.99
session-1783603749411-du6syw,10:51:DB:0D:31:EA,b3bb9015,6426,2026-07-09T13:41:43.721000Z,1783604503721,129.15
session-1783603749411-du6syw,10:51:DB:0D:31:EA,b3bb9015,6427,2026-07-09T13:41:43.761000Z,1783604503761,129.39
session-1783603749411-du6syw,10:51:DB:0D:31:EA,b3bb9015,6428,2026-07-09T13:41:43.911000Z,1783604503911,128.57
session-1783603749411-du6syw,10:51:DB:0D:31:EA,b3bb9015,6429,2026-07-09T13:41:43.985000Z,1783604503985,134.78
session-1783603749411-du6syw,10:51:DB:0D:31:EA,b3bb9015,6430,2026-07-09T13:41:44.121000Z,1783604504121,134.63
session-1783603749411-du6syw,10:51:DB:0D:31:EA,b3bb9015,6431,2026-07-09T13:41:44.166000Z,1783604504166,128.71
session-1783603749411-du6syw,10:51:DB:0D:31:EA,b3bb9015,6432,2026-07-09T13:41:44.301000Z,1783604504301,129.53
session-1783603749411-du6syw,10:51:DB:0D:31:EA,b3bb9015,6433,2026-07-09T13:41:44.392000Z,1783604504392,105.17
session-1783603749411-du6syw,10:51:DB:0D:31:EA,b3bb9015,6434,2026-07-09T13:41:44.482000Z,1783604504482,128.71
session-1783603749411-du6syw,10:51:DB:0D:31:EA,b3bb9015,6435,2026-07-09T13:41:44.572000Z,1783604504572,134.82
session-1783603749411-du6syw,10:51:DB:0D:31:EA,b3bb9015,6436,2026-07-09T13:41:44.664000Z,1783604504664,134.21
session-1783603749411-du6syw,10:51:DB:0D:31:EA,b3bb9015,6437,2026-07-09T13:41:44.797000Z,1783604504797,130.0
session-1783603749411-du6syw,10:51:DB:0D:31:EA,b3bb9015,6438,2026-07-09T13:41:44.904000Z,1783604504904,134.84
session-1783603749411-du6syw,10:51:DB:0D:31:EA,b3bb9015,6439,2026-07-09T13:41:45.021000Z,1783604505021,129.58
session-1783603749411-du6syw,10:51:DB:0D:31:EA,b3bb9015,6440,2026-07-09T13:41:45.075000Z,1783604505075,134.19
session-1783603749411-du6syw,10:51:DB:0D:31:EA,b3bb9015,6441,2026-07-09T13:41:45.202000Z,1783604505202,134.84
session-1783603749411-du6syw,10:51:DB:0D:31:EA,b3bb9015,6442,2026-07-09T13:41:45.294000Z,1783604505294,134.38
session-1783603749411-du6syw,10:51:DB:0D:31:EA,b3bb9015,6443,2026-07-09T13:41:45.443000Z,1783604505443,134.36
session-1783603749411-du6syw,10:51:DB:0D:31:EA,b3bb9015,6444,2026-07-09T13:41:45.608000Z,1783604505608,134.66
session-1783603749411-du6syw,10:51:DB:0D:31:EA,b3bb9015,6445,2026-07-09T13:41:45.742000Z,1783604505742,128.96
session-1783603749411-du6syw,10:51:DB:0D:31:EA,b3bb9015,6446,2026-07-09T13:41:45.831000Z,1783604505831,102.33
session-1783603749411-du6syw,10:51:DB:0D:31:EA,b3bb9015,6447,2026-07-09T13:41:45.924000Z,1783604505924,130.02
session-1783603749411-du6syw,10:51:DB:0D:31:EA,b3bb9015,6448,2026-07-09T13:41:46.011000Z,1783604506011,134.84
session-1783603749411-du6syw,10:51:DB:0D:31:EA,b3bb9015,6449,2026-07-09T13:41:46.102000Z,1783604506102,129.99
session-1783603749411-du6syw,10:51:DB:0D:31:EA,b3bb9015,6450,2026-07-09T13:41:46.255000Z,1783604506255,134.43
session-1783603749411-du6syw,10:51:DB:0D:31:EA,b3bb9015,6451,2026-07-09T13:41:46.327000Z,1783604506327,128.94
session-1783603749411-du6syw,10:51:DB:0D:31:EA,b3bb9015,6452,2026-07-09T13:41:46.417000Z,1783604506417,134.78
session-1783603749411-du6syw,10:51:DB:0D:31:EA,b3bb9015,6453,2026-07-09T13:41:46.507000Z,1783604506507,134.66
session-1783603749411-du6syw,10:51:DB:0D:31:EA,b3bb9015,6454,2026-07-09T13:41:46.641000Z,1783604506641,129.13
session-1783603749411-du6syw,10:51:DB:0D:31:EA,b3bb9015,6455,2026-07-09T13:41:46.735000Z,1783604506735,101.96
session-1783603749411-du6syw,10:51:DB:0D:31:EA,b3bb9015,6456,2026-07-09T13:41:46.821000Z,1783604506821,129.13
session-1783603749411-du6syw,10:51:DB:0D:31:EA,b3bb9015,6457,2026-07-09T13:41:46.912000Z,1783604506912,134.84
session-1783603749411-du6syw,10:51:DB:0D:31:EA,b3bb9015,6458,2026-07-09T13:41:47.002000Z,1783604507002,129.16
session-1783603749411-du6syw,10:51:DB:0D:31:EA,b3bb9015,6459,2026-07-09T13:41:47.136000Z,1783604507136,129.44
session-1783603749411-du6syw,10:51:DB:0D:31:EA,b3bb9015,6460,2026-07-09T13:41:47.227000Z,1783604507227,128.97
session-1783603749411-du6syw,10:51:DB:0D:31:EA,b3bb9015,6461,2026-07-09T13:41:47.317000Z,1783604507317,129.55
session-1783603749411-du6syw,10:51:DB:0D:31:EA,b3bb9015,6462,2026-07-09T13:41:47.452000Z,1783604507452,134.84
session-1783603749411-du6syw,10:51:DB:0D:31:EA,b3bb9015,6463,2026-07-09T13:41:47.588000Z,1783604507588,128.71
session-1783603749411-du6syw,10:51:DB:0D:31:EA,b3bb9015,6464,2026-07-09T13:41:47.680000Z,1783604507680,134.85
session-1783603749411-du6syw,10:51:DB:0D:31:EA,b3bb9015,6465,2026-07-09T13:41:47.767000Z,1783604507767,129.57
session-1783603749411-du6syw,10:51:DB:0D:31:EA,b3bb9015,6466,2026-07-09T13:41:47.857000Z,1783604507857,134.84
session-1783603749411-du6syw,10:51:DB:0D:31:EA,b3bb9015,6467,2026-07-09T13:41:47.994000Z,1783604507994,129.41
session-1783603749411-du6syw,10:51:DB:0D:31:EA,b3bb9015,6468,2026-07-09T13:41:48.082000Z,1783604508082,101.56
session-1783603749411-du6syw,10:51:DB:0D:31:EA,b3bb9015,6469,2026-07-09T13:41:48.172000Z,1783604508172,134.59
session-1783603749411-du6syw,10:51:DB:0D:31:EA,b3bb9015,6470,2026-07-09T13:41:48.261000Z,1783604508261,128.99
session-1783603749411-du6syw,10:51:DB:0D:31:EA,b3bb9015,6471,2026-07-09T13:41:48.351000Z,1783604508351,134.63
session-1783603749411-du6syw,10:51:DB:0D:31:EA,b3bb9015,6472,2026-07-09T13:41:48.487000Z,1783604508487,134.84
session-1783603749411-du6syw,10:51:DB:0D:31:EA,b3bb9015,6473,2026-07-09T13:41:48.577000Z,1783604508577,134.8
session-1783603749411-du6syw,10:51:DB:0D:31:EA,b3bb9015,6474,2026-07-09T13:41:48.666000Z,1783604508666,130.23
session-1783603749411-du6syw,10:51:DB:0D:31:EA,b3bb9015,6475,2026-07-09T13:41:48.757000Z,1783604508757,129.86
session-1783603749411-du6syw,10:51:DB:0D:31:EA,b3bb9015,6476,2026-07-09T13:41:48.905000Z,1783604508905,129.36
session-1783603749411-du6syw,10:51:DB:0D:31:EA,b3bb9015,6477,2026-07-09T13:41:48.981000Z,1783604508981,101.3
session-1783603749411-du6syw,10:51:DB:0D:31:EA,b3bb9015,6478,2026-07-09T13:41:49.072000Z,1783604509072,134.61
session-1783603749411-du6syw,10:51:DB:0D:31:EA,b3bb9015,6479,2026-07-09T13:41:49.206000Z,1783604509206,134.84
session-1783603749411-du6syw,10:51:DB:0D:31:EA,b3bb9015,6480,2026-07-09T13:41:49.254000Z,1783604509254,134.66
session-1783603749411-du6syw,10:51:DB:0D:31:EA,b3bb9015,6481,2026-07-09T13:41:49.387000Z,1783604509387,128.71
session-1783603749411-du6syw,10:51:DB:0D:31:EA,b3bb9015,6482,2026-07-09T13:41:49.537000Z,1783604509537,134.78
session-1783603749411-du6syw,10:51:DB:0D:31:EA,b3bb9015,6483,2026-07-09T13:41:49.702000Z,1783604509702,134.82
session-1783603749411-du6syw,10:51:DB:0D:31:EA,b3bb9015,6484,2026-07-09T13:41:49.791000Z,1783604509791,129.13
session-1783603749411-du6syw,10:51:DB:0D:31:EA,b3bb9015,6485,2026-07-09T13:41:49.941000Z,1783604509941,134.61
session-1783603749411-du6syw,10:51:DB:0D:31:EA,b3bb9015,6486,2026-07-09T13:41:50.016000Z,1783604510016,134.66
session-1783603749411-du6syw,10:51:DB:0D:31:EA,b3bb9015,6487,2026-07-09T13:41:50.106000Z,1783604510106,128.73
session-1783603749411-du6syw,10:51:DB:0D:31:EA,b3bb9015,6488,2026-07-09T13:41:50.201000Z,1783604510201,134.8
session-1783603749411-du6syw,10:51:DB:0D:31:EA,b3bb9015,6489,2026-07-09T13:41:50.349000Z,1783604510349,128.97
session-1783603749411-du6syw,10:51:DB:0D:31:EA,b3bb9015,6490,2026-07-09T13:41:50.421000Z,1783604510421,100.63
session-1783603749411-du6syw,10:51:DB:0D:31:EA,b3bb9015,6491,2026-07-09T13:41:50.515000Z,1783604510515,128.94
session-1783603749411-du6syw,10:51:DB:0D:31:EA,b3bb9015,6492,2026-07-09T13:41:50.600000Z,1783604510600,134.68
session-1783603749411-du6syw,10:51:DB:0D:31:EA,b3bb9015,6493,2026-07-09T13:41:50.690000Z,1783604510690,134.36
session-1783603749411-du6syw,10:51:DB:0D:31:EA,b3bb9015,6494,2026-07-09T13:41:50.840000Z,1783604510840,134.84
session-1783603749411-du6syw,10:51:DB:0D:31:EA,b3bb9015,6495,2026-07-09T13:41:50.926000Z,1783604510926,134.21
session-1783603749411-du6syw,10:51:DB:0D:31:EA,b3bb9015,6496,2026-07-09T13:41:51.005000Z,1783604511005,129.57
session-1783603749411-du6syw,10:51:DB:0D:31:EA,b3bb9015,6497,2026-07-09T13:41:51.096000Z,1783604511096,134.84
session-1783603749411-du6syw,10:51:DB:0D:31:EA,b3bb9015,6498,2026-07-09T13:41:51.247000Z,1783604511247,134.63
session-1783603749411-du6syw,10:51:DB:0D:31:EA,b3bb9015,6499,2026-07-09T13:41:51.321000Z,1783604511321,100.2
session-1783603749411-du6syw,10:51:DB:0D:31:EA,b3bb9015,6500,2026-07-09T13:41:51.411000Z,1783604511411,134.8
session-1783603749411-du6syw,10:51:DB:0D:31:EA,b3bb9015,6501,2026-07-09T13:41:51.546000Z,1783604511546,134.84
session-1783603749411-du6syw,10:51:DB:0D:31:EA,b3bb9015,6502,2026-07-09T13:41:51.695000Z,1783604511695,134.64
session-1783603749411-du6syw,10:51:DB:0D:31:EA,b3bb9015,6503,2026-07-09T13:41:51.773000Z,1783604511773,102.8
session-1783603749411-du6syw,10:51:DB:0D:31:EA,b3bb9015,6504,2026-07-09T13:41:51.861000Z,1783604511861,129.85
session-1783603749411-du6syw,10:51:DB:0D:31:EA,b3bb9015,6505,2026-07-09T13:41:51.952000Z,1783604511952,134.43
session-1783603749411-du6syw,10:51:DB:0D:31:EA,b3bb9015,6506,2026-07-09T13:41:52.040000Z,1783604512040,134.61
session-1783603749411-du6syw,10:51:DB:0D:31:EA,b3bb9015,6507,2026-07-09T13:41:52.194000Z,1783604512194,134.24
session-1783603749411-du6syw,10:51:DB:0D:31:EA,b3bb9015,6508,2026-07-09T13:41:52.266000Z,1783604512266,134.8
session-1783603749411-du6syw,10:51:DB:0D:31:EA,b3bb9015,6509,2026-07-09T13:41:52.356000Z,1783604512356,129.43
session-1783603749411-du6syw,10:51:DB:0D:31:EA,b3bb9015,6510,2026-07-09T13:41:52.446000Z,1783604512446,134.23
session-1783603749411-du6syw,10:51:DB:0D:31:EA,b3bb9015,6511,2026-07-09T13:41:52.597000Z,1783604512597,134.64
session-1783603749411-du6syw,10:51:DB:0D:31:EA,b3bb9015,6512,2026-07-09T13:41:52.670000Z,1783604512670,133.79
session-1783603749411-du6syw,10:51:DB:0D:31:EA,b3bb9015,6513,2026-07-09T13:41:52.761000Z,1783604512761,134.8
session-1783603749411-du6syw,10:51:DB:0D:31:EA,b3bb9015,6514,2026-07-09T13:41:52.911000Z,1783604512911,134.24
session-1783603749411-du6syw,10:51:DB:0D:31:EA,b3bb9015,6515,2026-07-09T13:41:52.955000Z,1783604512955,134.36
session-1783603749411-du6syw,10:51:DB:0D:31:EA,b3bb9015,6516,2026-07-09T13:41:53.090000Z,1783604513090,134.84
session-1783603749411-du6syw,10:51:DB:0D:31:EA,b3bb9015,6517,2026-07-09T13:41:53.166000Z,1783604513166,134.19
session-1783603749411-du6syw,10:51:DB:0D:31:EA,b3bb9015,6518,2026-07-09T13:41:53.258000Z,1783604513258,134.19
session-1783603749411-du6syw,10:51:DB:0D:31:EA,b3bb9015,6519,2026-07-09T13:41:53.347000Z,1783604513347,134.36
session-1783603749411-du6syw,10:51:DB:0D:31:EA,b3bb9015,6520,2026-07-09T13:41:53.497000Z,1783604513497,134.35
session-1783603749411-du6syw,10:51:DB:0D:31:EA,b3bb9015,6521,2026-07-09T13:41:53.616000Z,1783604513616,99.95
session-1783603749411-du6syw,10:51:DB:0D:31:EA,b3bb9015,6522,2026-07-09T13:41:53.796000Z,1783604513796,134.23
session-1783603749411-du6syw,10:51:DB:0D:31:EA,b3bb9015,6523,2026-07-09T13:41:53.903000Z,1783604513903,134.38
session-1783603749411-du6syw,10:51:DB:0D:31:EA,b3bb9015,6524,2026-07-09T13:41:54.022000Z,1783604514022,134.21
session-1783603749411-du6syw,10:51:DB:0D:31:EA,b3bb9015,6525,2026-07-09T13:41:54.111000Z,1783604514111,102.2
session-1783603749411-du6syw,10:51:DB:0D:31:EA,b3bb9015,6526,2026-07-09T13:41:54.202000Z,1783604514202,134.36
session-1783603749411-du6syw,10:51:DB:0D:31:EA,b3bb9015,6527,2026-07-09T13:41:54.293000Z,1783604514293,134.84
session-1783603749411-du6syw,10:51:DB:0D:31:EA,b3bb9015,6528,2026-07-09T13:41:54.382000Z,1783604514382,134.21
session-1783603749411-du6syw,10:51:DB:0D:31:EA,b3bb9015,6529,2026-07-09T13:41:54.518000Z,1783604514518,134.82
session-1783603749411-du6syw,10:51:DB:0D:31:EA,b3bb9015,6530,2026-07-09T13:41:54.607000Z,1783604514607,129.81
session-1783603749411-du6syw,10:51:DB:0D:31:EA,b3bb9015,6531,2026-07-09T13:41:54.696000Z,1783604514696,134.36
session-1783603749411-du6syw,10:51:DB:0D:31:EA,b3bb9015,6532,2026-07-09T13:41:54.789000Z,1783604514789,134.21
session-1783603749411-du6syw,10:51:DB:0D:31:EA,b3bb9015,6533,2026-07-09T13:41:54.922000Z,1783604514922,134.21
session-1783603749411-du6syw,10:51:DB:0D:31:EA,b3bb9015,6534,2026-07-09T13:41:55.011000Z,1783604515011,99.73
session-1783603749411-du6syw,10:51:DB:0D:31:EA,b3bb9015,6535,2026-07-09T13:41:55.105000Z,1783604515105,134.63
session-1783603749411-du6syw,10:51:DB:0D:31:EA,b3bb9015,6536,2026-07-09T13:41:55.236000Z,1783604515236,134.23
session-1783603749411-du6syw,10:51:DB:0D:31:EA,b3bb9015,6537,2026-07-09T13:41:55.281000Z,1783604515281,134.36
session-1783603749411-du6syw,10:51:DB:0D:31:EA,b3bb9015,6538,2026-07-09T13:41:55.418000Z,1783604515418,134.66
session-1783603749411-du6syw,10:51:DB:0D:31:EA,b3bb9015,6539,2026-07-09T13:41:55.568000Z,1783604515568,134.36
session-1783603749411-du6syw,10:51:DB:0D:31:EA,b3bb9015,6540,2026-07-09T13:41:55.641000Z,1783604515641,134.82
session-1783603749411-du6syw,10:51:DB:0D:31:EA,b3bb9015,6541,2026-07-09T13:41:55.733000Z,1783604515733,134.66
session-1783603749411-du6syw,10:51:DB:0D:31:EA,b3bb9015,6542,2026-07-09T13:41:55.885000Z,1783604515885,129.18
session-1783603749411-du6syw,10:51:DB:0D:31:EA,b3bb9015,6543,2026-07-09T13:41:56.108000Z,1783604516108,129.36
session-1783603749411-du6syw,10:51:DB:0D:31:EA,b3bb9015,6544,2026-07-09T13:41:56.287000Z,1783604516287,128.73
session-1783603749411-du6syw,10:51:DB:0D:31:EA,b3bb9015,6545,2026-07-09T13:41:56.364000Z,1783604516364,134.59
session-1783603749411-du6syw,10:51:DB:0D:31:EA,b3bb9015,6546,2026-07-09T13:41:56.365000Z,1783604516365,134.8
session-1783603749411-du6syw,10:51:DB:0D:31:EA,b3bb9015,6547,2026-07-09T13:41:56.453000Z,1783604516453,134.23
session-1783603749411-du6syw,10:51:DB:0D:31:EA,b3bb9015,6548,2026-07-09T13:41:56.588000Z,1783604516588,134.7
session-1783603749411-du6syw,10:51:DB:0D:31:EA,b3bb9015,6549,2026-07-09T13:41:56.679000Z,1783604516679,128.69
session-1783603749411-du6syw,10:51:DB:0D:31:EA,b3bb9015,6550,2026-07-09T13:41:56.766000Z,1783604516766,134.61
session-1783603749411-du6syw,10:51:DB:0D:31:EA,b3bb9015,6551,2026-07-09T13:41:56.904000Z,1783604516904,134.8
session-1783603749411-du6syw,10:51:DB:0D:31:EA,b3bb9015,6552,2026-07-09T13:41:56.994000Z,1783604516994,134.64
session-1783603749411-du6syw,10:51:DB:0D:31:EA,b3bb9015,6553,2026-07-09T13:41:57.081000Z,1783604517081,99.05
session-1783603749411-du6syw,10:51:DB:0D:31:EA,b3bb9015,6554,2026-07-09T13:41:57.171000Z,1783604517171,134.66
session-1783603749411-du6syw,10:51:DB:0D:31:EA,b3bb9015,6555,2026-07-09T13:41:57.261000Z,1783604517261,134.38
session-1783603749411-du6syw,10:51:DB:0D:31:EA,b3bb9015,6556,2026-07-09T13:41:57.351000Z,1783604517351,134.84
session-1783603749411-du6syw,10:51:DB:0D:31:EA,b3bb9015,6557,2026-07-09T13:41:57.487000Z,1783604517487,134.66
session-1783603749411-du6syw,10:51:DB:0D:31:EA,b3bb9015,6558,2026-07-09T13:41:57.576000Z,1783604517576,134.19
session-1783603749411-du6syw,10:51:DB:0D:31:EA,b3bb9015,6559,2026-07-09T13:41:57.712000Z,1783604517712,129.55
session-1783603749411-du6syw,10:51:DB:0D:31:EA,b3bb9015,6560,2026-07-09T13:41:57.802000Z,1783604517802,134.66
session-1783603749411-du6syw,10:51:DB:0D:31:EA,b3bb9015,6561,2026-07-09T13:41:57.903000Z,1783604517903,129.16
session-1783603749411-du6syw,10:51:DB:0D:31:EA,b3bb9015,6562,2026-07-09T13:41:58.041000Z,1783604518041,134.19
session-1783603749411-du6syw,10:51:DB:0D:31:EA,b3bb9015,6563,2026-07-09T13:41:58.117000Z,1783604518117,134.82
session-1783603749411-du6syw,10:51:DB:0D:31:EA,b3bb9015,6564,2026-07-09T13:41:58.240000Z,1783604518240,134.8
session-1783603749411-du6syw,10:51:DB:0D:31:EA,b3bb9015,6565,2026-07-09T13:41:58.297000Z,1783604518297,134.38
session-1783603749411-du6syw,10:51:DB:0D:31:EA,b3bb9015,6566,2026-07-09T13:41:58.447000Z,1783604518447,134.82
session-1783603749411-du6syw,10:51:DB:0D:31:EA,b3bb9015,6567,2026-07-09T13:41:58.523000Z,1783604518523,98.68
session-1783603749411-du6syw,10:51:DB:0D:31:EA,b3bb9015,6568,2026-07-09T13:41:58.612000Z,1783604518612,134.38
session-1783603749411-du6syw,10:51:DB:0D:31:EA,b3bb9015,6569,2026-07-09T13:41:58.702000Z,1783604518702,134.8
session-1783603749411-du6syw,10:51:DB:0D:31:EA,b3bb9015,6570,2026-07-09T13:41:58.791000Z,1783604518791,134.21
session-1783603749411-du6syw,10:51:DB:0D:31:EA,b3bb9015,6571,2026-07-09T13:41:58.941000Z,1783604518941,134.8
session-1783603749411-du6syw,10:51:DB:0D:31:EA,b3bb9015,6572,2026-07-09T13:41:59.017000Z,1783604519017,134.21
session-1783603749411-du6syw,10:51:DB:0D:31:EA,b3bb9015,6573,2026-07-09T13:41:59.105000Z,1783604519105,134.21
session-1783603749411-du6syw,10:51:DB:0D:31:EA,b3bb9015,6574,2026-07-09T13:41:59.200000Z,1783604519200,134.82
session-1783603749411-du6syw,10:51:DB:0D:31:EA,b3bb9015,6575,2026-07-09T13:41:59.348000Z,1783604519348,134.21
session-1783603749411-du6syw,10:51:DB:0D:31:EA,b3bb9015,6576,2026-07-09T13:41:59.421000Z,1783604519421,98.61
session-1783603749411-du6syw,10:51:DB:0D:31:EA,b3bb9015,6577,2026-07-09T13:41:59.512000Z,1783604519512,134.82
session-1783603749411-du6syw,10:51:DB:0D:31:EA,b3bb9015,6578,2026-07-09T13:41:59.600000Z,1783604519600,134.23
session-1783603749411-du6syw,10:51:DB:0D:31:EA,b3bb9015,6579,2026-07-09T13:41:59.736000Z,1783604519736,129.57
session-1783603749411-du6syw,10:51:DB:0D:31:EA,b3bb9015,6580,2026-07-09T13:41:59.871000Z,1783604519871,134.23
session-1783603749411-du6syw,10:51:DB:0D:31:EA,b3bb9015,6581,2026-07-09T13:41:59.960000Z,1783604519960,129.81
session-1783603749411-du6syw,10:51:DB:0D:31:EA,b3bb9015,6582,2026-07-09T13:42:00.096000Z,1783604520096,134.8
session-1783603749411-du6syw,10:51:DB:0D:31:EA,b3bb9015,6583,2026-07-09T13:42:00.142000Z,1783604520142,134.21
session-1783603749411-du6syw,10:51:DB:0D:31:EA,b3bb9015,6584,2026-07-09T13:42:00.293000Z,1783604520293,134.7
session-1783603749411-du6syw,10:51:DB:0D:31:EA,b3bb9015,6585,2026-07-09T13:42:00.410000Z,1783604520410,134.19
session-1783603749411-du6syw,10:51:DB:0D:31:EA,b3bb9015,6586,2026-07-09T13:42:00.469000Z,1783604520469,134.78
session-1783603749411-du6syw,10:51:DB:0D:31:EA,b3bb9015,6587,2026-07-09T13:42:00.546000Z,1783604520546,134.66
session-1783603749411-du6syw,10:51:DB:0D:31:EA,b3bb9015,6588,2026-07-09T13:42:00.696000Z,1783604520696,134.21
session-1783603749411-du6syw,10:51:DB:0D:31:EA,b3bb9015,6589,2026-07-09T13:42:00.774000Z,1783604520774,98.02
session-1783603749411-du6syw,10:51:DB:0D:31:EA,b3bb9015,6590,2026-07-09T13:42:00.862000Z,1783604520862,134.8
session-1783603749411-du6syw,10:51:DB:0D:31:EA,b3bb9015,6591,2026-07-09T13:42:00.955000Z,1783604520955,134.84
session-1783603749411-du6syw,10:51:DB:0D:31:EA,b3bb9015,6592,2026-07-09T13:42:01.042000Z,1783604521042,134.36
session-1783603749411-du6syw,10:51:DB:0D:31:EA,b3bb9015,6593,2026-07-09T13:42:01.192000Z,1783604521192,134.8
session-1783603749411-du6syw,10:51:DB:0D:31:EA,b3bb9015,6594,2026-07-09T13:42:01.266000Z,1783604521266,134.63
session-1783603749411-du6syw,10:51:DB:0D:31:EA,b3bb9015,6595,2026-07-09T13:42:01.355000Z,1783604521355,134.38
session-1783603749411-du6syw,10:51:DB:0D:31:EA,b3bb9015,6596,2026-07-09T13:42:01.445000Z,1783604521445,134.24
session-1783603749411-du6syw,10:51:DB:0D:31:EA,b3bb9015,6597,2026-07-09T13:42:01.596000Z,1783604521596,134.8
session-1783603749411-du6syw,10:51:DB:0D:31:EA,b3bb9015,6598,2026-07-09T13:42:01.671000Z,1783604521671,97.82
session-1783603749411-du6syw,10:51:DB:0D:31:EA,b3bb9015,6599,2026-07-09T13:42:01.805000Z,1783604521805,134.82
session-1783603749411-du6syw,10:51:DB:0D:31:EA,b3bb9015,6600,2026-07-09T13:42:01.901000Z,1783604521901,134.66
session-1783603749411-du6syw,10:51:DB:0D:31:EA,b3bb9015,6601,2026-07-09T13:42:01.986000Z,1783604521986,134.16
session-1783603749411-du6syw,10:51:DB:0D:31:EA,b3bb9015,6602,2026-07-09T13:42:02.121000Z,1783604522121,134.84
session-1783603749411-du6syw,10:51:DB:0D:31:EA,b3bb9015,6603,2026-07-09T13:42:02.210000Z,1783604522210,97.75
session-1783603749411-du6syw,10:51:DB:0D:31:EA,b3bb9015,6604,2026-07-09T13:42:02.301000Z,1783604522301,134.4
session-1783603749411-du6syw,10:51:DB:0D:31:EA,b3bb9015,6605,2026-07-09T13:42:02.391000Z,1783604522391,134.43
session-1783603749411-du6syw,10:51:DB:0D:31:EA,b3bb9015,6606,2026-07-09T13:42:02.481000Z,1783604522481,134.61
session-1783603749411-du6syw,10:51:DB:0D:31:EA,b3bb9015,6607,2026-07-09T13:42:02.616000Z,1783604522616,134.36
session-1783603749411-du6syw,10:51:DB:0D:31:EA,b3bb9015,6608,2026-07-09T13:42:02.706000Z,1783604522706,130.05
session-1783603749411-du6syw,10:51:DB:0D:31:EA,b3bb9015,6609,2026-07-09T13:42:02.796000Z,1783604522796,134.4
session-1783603749411-du6syw,10:51:DB:0D:31:EA,b3bb9015,6610,2026-07-09T13:42:02.902000Z,1783604522902,134.84
session-1783603749411-du6syw,10:51:DB:0D:31:EA,b3bb9015,6611,2026-07-09T13:42:03.020000Z,1783604523020,129.48
session-1783603749411-du6syw,10:51:DB:0D:31:EA,b3bb9015,6612,2026-07-09T13:42:03.115000Z,1783604523115,100.13
session-1783603749411-du6syw,10:51:DB:0D:31:EA,b3bb9015,6613,2026-07-09T13:42:03.201000Z,1783604523201,134.4
session-1783603749411-du6syw,10:51:DB:0D:31:EA,b3bb9015,6614,2026-07-09T13:42:03.295000Z,1783604523295,134.38
session-1783603749411-du6syw,10:51:DB:0D:31:EA,b3bb9015,6615,2026-07-09T13:42:03.381000Z,1783604523381,134.38
session-1783603749411-du6syw,10:51:DB:0D:31:EA,b3bb9015,6616,2026-07-09T13:42:03.530000Z,1783604523530,134.24
session-1783603749411-du6syw,10:51:DB:0D:31:EA,b3bb9015,6617,2026-07-09T13:42:03.610000Z,1783604523610,134.35
session-1783603749411-du6syw,10:51:DB:0D:31:EA,b3bb9015,6618,2026-07-09T13:42:03.695000Z,1783604523695,134.38
session-1783603749411-du6syw,10:51:DB:0D:31:EA,b3bb9015,6619,2026-07-09T13:42:03.846000Z,1783604523846,134.84
session-1783603749411-du6syw,10:51:DB:0D:31:EA,b3bb9015,6620,2026-07-09T13:42:03.922000Z,1783604523922,134.21
session-1783603749411-du6syw,10:51:DB:0D:31:EA,b3bb9015,6621,2026-07-09T13:42:04.074000Z,1783604524074,134.84
session-1783603749411-du6syw,10:51:DB:0D:31:EA,b3bb9015,6622,2026-07-09T13:42:04.146000Z,1783604524146,134.42
session-1783603749411-du6syw,10:51:DB:0D:31:EA,b3bb9015,6623,2026-07-09T13:42:04.296000Z,1783604524296,134.59
session-1783603749411-du6syw,10:51:DB:0D:31:EA,b3bb9015,6624,2026-07-09T13:42:04.371000Z,1783604524371,134.36
session-1783603749411-du6syw,10:51:DB:0D:31:EA,b3bb9015,6625,2026-07-09T13:42:04.460000Z,1783604524460,134.78
session-1783603749411-du6syw,10:51:DB:0D:31:EA,b3bb9015,6626,2026-07-09T13:42:04.550000Z,1783604524550,97.16
session-1783603749411-du6syw,10:51:DB:0D:31:EA,b3bb9015,6627,2026-07-09T13:42:04.641000Z,1783604524641,134.36
session-1783603749411-du6syw,10:51:DB:0D:31:EA,b3bb9015,6628,2026-07-09T13:42:04.733000Z,1783604524733,134.82
session-1783603749411-du6syw,10:51:DB:0D:31:EA,b3bb9015,6629,2026-07-09T13:42:04.821000Z,1783604524821,134.64
session-1783603749411-du6syw,10:51:DB:0D:31:EA,b3bb9015,6630,2026-07-09T13:42:04.955000Z,1783604524955,134.21
session-1783603749411-du6syw,10:51:DB:0D:31:EA,b3bb9015,6631,2026-07-09T13:42:05.051000Z,1783604525051,134.82
session-1783603749411-du6syw,10:51:DB:0D:31:EA,b3bb9015,6632,2026-07-09T13:42:05.136000Z,1783604525136,134.63
session-1783603749411-du6syw,10:51:DB:0D:31:EA,b3bb9015,6633,2026-07-09T13:42:05.226000Z,1783604525226,134.24
session-1783603749411-du6syw,10:51:DB:0D:31:EA,b3bb9015,6634,2026-07-09T13:42:05.367000Z,1783604525367,134.17
session-1783603749411-du6syw,10:51:DB:0D:31:EA,b3bb9015,6635,2026-07-09T13:42:05.450000Z,1783604525450,97.09
session-1783603749411-du6syw,10:51:DB:0D:31:EA,b3bb9015,6636,2026-07-09T13:42:05.540000Z,1783604525540,134.33
session-1783603749411-du6syw,10:51:DB:0D:31:EA,b3bb9015,6637,2026-07-09T13:42:05.631000Z,1783604525631,134.66
session-1783603749411-du6syw,10:51:DB:0D:31:EA,b3bb9015,6638,2026-07-09T13:42:05.721000Z,1783604525721,134.38
session-1783603749411-du6syw,10:51:DB:0D:31:EA,b3bb9015,6639,2026-07-09T13:42:05.871000Z,1783604525871,134.84
session-1783603749411-du6syw,10:51:DB:0D:31:EA,b3bb9015,6640,2026-07-09T13:42:05.995000Z,1783604525995,96.03
session-1783603749411-du6syw,10:51:DB:0D:31:EA,b3bb9015,6641,2026-07-09T13:42:06.142000Z,1783604526142,134.8
session-1783603749411-du6syw,10:51:DB:0D:31:EA,b3bb9015,6642,2026-07-09T13:42:06.180000Z,1783604526180,134.61
session-1783603749411-du6syw,10:51:DB:0D:31:EA,b3bb9015,6643,2026-07-09T13:42:06.306000Z,1783604526306,134.64
session-1783603749411-du6syw,10:51:DB:0D:31:EA,b3bb9015,6644,2026-07-09T13:42:06.396000Z,1783604526396,129.5
session-1783603749411-du6syw,10:51:DB:0D:31:EA,b3bb9015,6645,2026-07-09T13:42:06.486000Z,1783604526486,134.82
session-1783603749411-du6syw,10:51:DB:0D:31:EA,b3bb9015,6646,2026-07-09T13:42:06.577000Z,1783604526577,134.38
session-1783603749411-du6syw,10:51:DB:0D:31:EA,b3bb9015,6647,2026-07-09T13:42:06.710000Z,1783604526710,134.84
session-1783603749411-du6syw,10:51:DB:0D:31:EA,b3bb9015,6648,2026-07-09T13:42:06.905000Z,1783604526905,134.42
session-1783603749411-du6syw,10:51:DB:0D:31:EA,b3bb9015,6649,2026-07-09T13:42:07.042000Z,1783604527042,134.16
session-1783603749411-du6syw,10:51:DB:0D:31:EA,b3bb9015,6650,2026-07-09T13:42:07.115000Z,1783604527115,134.42
session-1783603749411-du6syw,10:51:DB:0D:31:EA,b3bb9015,6651,2026-07-09T13:42:07.206000Z,1783604527206,134.4
session-1783603749411-du6syw,10:51:DB:0D:31:EA,b3bb9015,6652,2026-07-09T13:42:07.296000Z,1783604527296,134.63
session-1783603749411-du6syw,10:51:DB:0D:31:EA,b3bb9015,6653,2026-07-09T13:42:07.446000Z,1783604527446,134.36
session-1783603749411-du6syw,10:51:DB:0D:31:EA,b3bb9015,6654,2026-07-09T13:42:07.521000Z,1783604527521,97.09
session-1783603749411-du6syw,10:51:DB:0D:31:EA,b3bb9015,6655,2026-07-09T13:42:07.612000Z,1783604527612,134.66
session-1783603749411-du6syw,10:51:DB:0D:31:EA,b3bb9015,6656,2026-07-09T13:42:07.701000Z,1783604527701,134.24
session-1783603749411-du6syw,10:51:DB:0D:31:EA,b3bb9015,6657,2026-07-09T13:42:07.791000Z,1783604527791,134.63
