sessionId,deviceAddress,filterId,index,timestamp,offsetMs,distanceCm
session-1784036780900-38r373,24:EC:4A:C7:F5:3A,custom-11f9db6b38bd,0,2026-07-14T13:40:20.966000Z,1784036420966,85.5
session-1784036780900-38r373,24:EC:4A:C7:F5:3A,custom-11f9db6b38bd,1,2026-07-14T13:40:21.102000Z,1784036421102,85.5
session-1784036780900-38r373,24:EC:4A:C7:F5:3A,custom-11f9db6b38bd,2,2026-07-14T13:40:21.193000Z,1784036421193,85.5
session-1784036780900-38r373,24:EC:4A:C7:F5:3A,custom-11f9db6b38bd,3,2026-07-14T13:40:21.283000Z,1784036421283,85.52
session-1784036780900-38r373,24:EC:4A:C7:F5:3A,custom-11f9db6b38bd,4,2026-07-14T13:40:21.372000Z,1784036421372,85.56
session-1784036780900-38r373,24:EC:4A:C7:F5:3A,custom-11f9db6b38bd,5,2026-07-14T13:40:21.461000Z,1784036421461,85.52
session-1784036780900-38r373,24:EC:4A:C7:F5:3A,custom-11f9db6b38bd,6,2026-07-14T13:40:21.598000Z,1784036421598,85.56
session-1784036780900-38r373,24:EC:4A:C7:F5:3A,custom-11f9db6b38bd,7,2026-07-14T13:40:21.688000Z,1784036421688,85.57
session-1784036780900-38r373,24:EC:4A:C7:F5:3A,custom-11f9db6b38bd,8,2026-07-14T13:40:21.778000Z,1784036421778,85.54
session-1784036780900-38r373,24:EC:4A:C7:F5:3A,custom-11f9db6b38bd,9,2026-07-14T13:40:21.868000Z,1784036421868,85.54
session-1784036780900-38r373,24:EC:4A:C7:F5:3A,custom-11f9db6b38bd,10,2026-07-14T13:40:22.003000Z,1784036422003,85.54
session-1784036780900-38r373,24:EC:4A:C7:F5:3A,custom-11f9db6b38bd,11,2026-07-14T13:40:22.091000Z,1784036422091,85.54
session-1784036780900-38r373,24:EC:4A:C7:F5:3A,custom-11f9db6b38bd,12,2026-07-14T13:40:22.183000Z,1784036422183,85.52
session-1784036780900-38r373,24:EC:4A:C7:F5:3A,custom-11f9db6b38bd,13,2026-07-14T13:40:22.273000Z,1784036422273,85.5
session-1784036780900-38r373,24:EC:4A:C7:F5:3A,custom-11f9db6b38bd,14,2026-07-14T13:40:22.408000Z,1784036422408,85.49
session-1784036780900-38r373,24:EC:4A:C7:F5:3A,custom-11f9db6b38bd,15,2026-07-14T13:40:22.496000Z,1784036422496,85.54
session-1784036780900-38r373,24:EC:4A:C7:F5:3A,custom-11f9db6b38bd,16,2026-07-14T13:40:22.587000Z,1784036422587,85.5
session-1784036780900-38r373,24:EC:4A:C7:F5:3A,custom-11f9db6b38bd,17,2026-07-14T13:40:22.678000Z,1784036422678,85.47
session-1784036780900-38r373,24:EC:4A:C7:F5:3A,custom-11f9db6b38bd,18,2026-07-14T13:40:22.769000Z,1784036422769,85.54
session-1784036780900-38r373,24:EC:4A:C7:F5:3A,custom-11f9db6b38bd,19,2026-07-14T13:40:22.903000Z,1784036422903,85.52
session-1784036780900-38r373,24:EC:4A:C7:F5:3A,custom-11f9db6b38bd,20,2026-07-14T13:40:22.992000Z,1784036422992,85.49
session-1784036780900-38r373,24:EC:4A:C7:F5:3A,custom-11f9db6b38bd,21,2026-07-14T13:40:23.082000Z,1784036423082,85.52
session-1784036780900-38r373,24:EC:4A:C7:F5:3A,custom-11f9db6b38bd,22,2026-07-14T13:40:23.174000Z,1784036423174,85.52
session-1784036780900-38r373,24:EC:4A:C7:F5:3A,custom-11f9db6b38bd,23,2026-07-14T13:40:23.263000Z,1784036423263,85.5
session-1784036780900-38r373,24:EC:4A:C7:F5:3A,custom-11f9db6b38bd,24,2026-07-14T13:40:23.397000Z,1784036423397,85.49
session-1784036780900-38r373,24:EC:4A:C7:F5:3A,custom-11f9db6b38bd,25,2026-07-14T13:40:23.533000Z,1784036423533,85.47
session-1784036780900-38r373,24:EC:4A:C7:F5:3A,custom-11f9db6b38bd,26,2026-07-14T13:40:23.578000Z,1784036423578,85.54
session-1784036780900-38r373,24:EC:4A:C7:F5:3A,custom-11f9db6b38bd,27,2026-07-14T13:40:23.669000Z,1784036423669,85.5
session-1784036780900-38r373,24:EC:4A:C7:F5:3A,custom-11f9db6b38bd,28,2026-07-14T13:40:23.802000Z,1784036423802,85.47
session-1784036780900-38r373,24:EC:4A:C7:F5:3A,custom-11f9db6b38bd,29,2026-07-14T13:40:23.895000Z,1784036423895,85.09
session-1784036780900-38r373,24:EC:4A:C7:F5:3A,custom-11f9db6b38bd,30,2026-07-14T13:40:23.982000Z,1784036423982,85.09
session-1784036780900-38r373,24:EC:4A:C7:F5:3A,custom-11f9db6b38bd,31,2026-07-14T13:40:24.072000Z,1784036424072,85.09
session-1784036780900-38r373,24:EC:4A:C7:F5:3A,custom-11f9db6b38bd,32,2026-07-14T13:40:24.163000Z,1784036424163,85.09
session-1784036780900-38r373,24:EC:4A:C7:F5:3A,custom-11f9db6b38bd,33,2026-07-14T13:40:24.297000Z,1784036424297,85.5
session-1784036780900-38r373,24:EC:4A:C7:F5:3A,custom-11f9db6b38bd,34,2026-07-14T13:40:24.388000Z,1784036424388,85.47
session-1784036780900-38r373,24:EC:4A:C7:F5:3A,custom-11f9db6b38bd,35,2026-07-14T13:40:24.480000Z,1784036424480,85.92
session-1784036780900-38r373,24:EC:4A:C7:F5:3A,custom-11f9db6b38bd,36,2026-07-14T13:40:24.568000Z,1784036424568,85.91
session-1784036780900-38r373,24:EC:4A:C7:F5:3A,custom-11f9db6b38bd,37,2026-07-14T13:40:24.703000Z,1784036424703,85.49
session-1784036780900-38r373,24:EC:4A:C7:F5:3A,custom-11f9db6b38bd,38,2026-07-14T13:40:24.794000Z,1784036424794,85.59
session-1784036780900-38r373,24:EC:4A:C7:F5:3A,custom-11f9db6b38bd,39,2026-07-14T13:40:24.884000Z,1784036424884,85.57
session-1784036780900-38r373,24:EC:4A:C7:F5:3A,custom-11f9db6b38bd,40,2026-07-14T13:40:24.974000Z,1784036424974,85.16
session-1784036780900-38r373,24:EC:4A:C7:F5:3A,custom-11f9db6b38bd,41,2026-07-14T13:40:25.063000Z,1784036425063,85.64
session-1784036780900-38r373,24:EC:4A:C7:F5:3A,custom-11f9db6b38bd,42,2026-07-14T13:40:25.197000Z,1784036425197,85.57
session-1784036780900-38r373,24:EC:4A:C7:F5:3A,custom-11f9db6b38bd,43,2026-07-14T13:40:25.289000Z,1784036425289,85.61
session-1784036780900-38r373,24:EC:4A:C7:F5:3A,custom-11f9db6b38bd,44,2026-07-14T13:40:25.380000Z,1784036425380,85.56
session-1784036780900-38r373,24:EC:4A:C7:F5:3A,custom-11f9db6b38bd,45,2026-07-14T13:40:25.469000Z,1784036425469,85.52
session-1784036780900-38r373,24:EC:4A:C7:F5:3A,custom-11f9db6b38bd,46,2026-07-14T13:40:25.603000Z,1784036425603,85.54
session-1784036780900-38r373,24:EC:4A:C7:F5:3A,custom-11f9db6b38bd,47,2026-07-14T13:40:25.737000Z,1784036425737,85.56
session-1784036780900-38r373,24:EC:4A:C7:F5:3A,custom-11f9db6b38bd,48,2026-07-14T13:40:25.784000Z,1784036425784,85.59
session-1784036780900-38r373,24:EC:4A:C7:F5:3A,custom-11f9db6b38bd,49,2026-07-14T13:40:25.872000Z,1784036425872,85.61
session-1784036780900-38r373,24:EC:4A:C7:F5:3A,custom-11f9db6b38bd,50,2026-07-14T13:40:25.964000Z,1784036425964,85.63
session-1784036780900-38r373,24:EC:4A:C7:F5:3A,custom-11f9db6b38bd,51,2026-07-14T13:40:26.097000Z,1784036426097,85.59
session-1784036780900-38r373,24:EC:4A:C7:F5:3A,custom-11f9db6b38bd,52,2026-07-14T13:40:26.189000Z,1784036426189,85.59
session-1784036780900-38r373,24:EC:4A:C7:F5:3A,custom-11f9db6b38bd,53,2026-07-14T13:40:26.277000Z,1784036426277,85.61
session-1784036780900-38r373,24:EC:4A:C7:F5:3A,custom-11f9db6b38bd,54,2026-07-14T13:40:26.368000Z,1784036426368,85.61
session-1784036780900-38r373,24:EC:4A:C7:F5:3A,custom-11f9db6b38bd,55,2026-07-14T13:40:26.503000Z,1784036426503,85.1
session-1784036780900-38r373,24:EC:4A:C7:F5:3A,custom-11f9db6b38bd,56,2026-07-14T13:40:26.593000Z,1784036426593,85.1
session-1784036780900-38r373,24:EC:4A:C7:F5:3A,custom-11f9db6b38bd,57,2026-07-14T13:40:26.682000Z,1784036426682,85.07
session-1784036780900-38r373,24:EC:4A:C7:F5:3A,custom-11f9db6b38bd,58,2026-07-14T13:40:26.772000Z,1784036426772,85.07
session-1784036780900-38r373,24:EC:4A:C7:F5:3A,custom-11f9db6b38bd,59,2026-07-14T13:40:26.862000Z,1784036426862,85.1
session-1784036780900-38r373,24:EC:4A:C7:F5:3A,custom-11f9db6b38bd,60,2026-07-14T13:40:26.998000Z,1784036426998,85.57
session-1784036780900-38r373,24:EC:4A:C7:F5:3A,custom-11f9db6b38bd,61,2026-07-14T13:40:27.087000Z,1784036427087,85.61
session-1784036780900-38r373,24:EC:4A:C7:F5:3A,custom-11f9db6b38bd,62,2026-07-14T13:40:27.177000Z,1784036427177,85.57
session-1784036780900-38r373,24:EC:4A:C7:F5:3A,custom-11f9db6b38bd,63,2026-07-14T13:40:27.268000Z,1784036427268,85.52
session-1784036780900-38r373,24:EC:4A:C7:F5:3A,custom-11f9db6b38bd,64,2026-07-14T13:40:27.402000Z,1784036427402,85.56
session-1784036780900-38r373,24:EC:4A:C7:F5:3A,custom-11f9db6b38bd,65,2026-07-14T13:40:27.538000Z,1784036427538,85.54
session-1784036780900-38r373,24:EC:4A:C7:F5:3A,custom-11f9db6b38bd,66,2026-07-14T13:40:27.581000Z,1784036427581,85.56
session-1784036780900-38r373,24:EC:4A:C7:F5:3A,custom-11f9db6b38bd,67,2026-07-14T13:40:27.673000Z,1784036427673,85.02
session-1784036780900-38r373,24:EC:4A:C7:F5:3A,custom-11f9db6b38bd,68,2026-07-14T13:40:27.762000Z,1784036427762,85.03
session-1784036780900-38r373,24:EC:4A:C7:F5:3A,custom-11f9db6b38bd,69,2026-07-14T13:40:27.896000Z,1784036427896,85.05
session-1784036780900-38r373,24:EC:4A:C7:F5:3A,custom-11f9db6b38bd,70,2026-07-14T13:40:27.988000Z,1784036427988,85.1
session-1784036780900-38r373,24:EC:4A:C7:F5:3A,custom-11f9db6b38bd,71,2026-07-14T13:40:28.077000Z,1784036428077,85.05
session-1784036780900-38r373,24:EC:4A:C7:F5:3A,custom-11f9db6b38bd,72,2026-07-14T13:40:28.169000Z,1784036428169,85.52
session-1784036780900-38r373,24:EC:4A:C7:F5:3A,custom-11f9db6b38bd,73,2026-07-14T13:40:28.302000Z,1784036428302,85.54
session-1784036780900-38r373,24:EC:4A:C7:F5:3A,custom-11f9db6b38bd,74,2026-07-14T13:40:28.392000Z,1784036428392,85.52
session-1784036780900-38r373,24:EC:4A:C7:F5:3A,custom-11f9db6b38bd,75,2026-07-14T13:40:28.482000Z,1784036428482,85.05
session-1784036780900-38r373,24:EC:4A:C7:F5:3A,custom-11f9db6b38bd,76,2026-07-14T13:40:28.573000Z,1784036428573,85.52
session-1784036780900-38r373,24:EC:4A:C7:F5:3A,custom-11f9db6b38bd,77,2026-07-14T13:40:28.663000Z,1784036428663,85.47
session-1784036780900-38r373,24:EC:4A:C7:F5:3A,custom-11f9db6b38bd,78,2026-07-14T13:40:28.798000Z,1784036428798,85.47
session-1784036780900-38r373,24:EC:4A:C7:F5:3A,custom-11f9db6b38bd,79,2026-07-14T13:40:28.934000Z,1784036428934,85.49
session-1784036780900-38r373,24:EC:4A:C7:F5:3A,custom-11f9db6b38bd,80,2026-07-14T13:40:28.977000Z,1784036428977,85.54
session-1784036780900-38r373,24:EC:4A:C7:F5:3A,custom-11f9db6b38bd,81,2026-07-14T13:40:29.068000Z,1784036429068,85.5
session-1784036780900-38r373,24:EC:4A:C7:F5:3A,custom-11f9db6b38bd,82,2026-07-14T13:40:29.202000Z,1784036429202,85.49
session-1784036780900-38r373,24:EC:4A:C7:F5:3A,custom-11f9db6b38bd,83,2026-07-14T13:40:29.293000Z,1784036429293,85.54
session-1784036780900-38r373,24:EC:4A:C7:F5:3A,custom-11f9db6b38bd,84,2026-07-14T13:40:29.383000Z,1784036429383,85.52
session-1784036780900-38r373,24:EC:4A:C7:F5:3A,custom-11f9db6b38bd,85,2026-07-14T13:40:29.472000Z,1784036429472,85.03
session-1784036780900-38r373,24:EC:4A:C7:F5:3A,custom-11f9db6b38bd,86,2026-07-14T13:40:29.563000Z,1784036429563,85.03
session-1784036780900-38r373,24:EC:4A:C7:F5:3A,custom-11f9db6b38bd,87,2026-07-14T13:40:29.697000Z,1784036429697,85.47
session-1784036780900-38r373,24:EC:4A:C7:F5:3A,custom-11f9db6b38bd,88,2026-07-14T13:40:29.787000Z,1784036429787,85.49
session-1784036780900-38r373,24:EC:4A:C7:F5:3A,custom-11f9db6b38bd,89,2026-07-14T13:40:29.877000Z,1784036429877,85.49
session-1784036780900-38r373,24:EC:4A:C7:F5:3A,custom-11f9db6b38bd,90,2026-07-14T13:40:29.967000Z,1784036429967,85.49
session-1784036780900-38r373,24:EC:4A:C7:F5:3A,custom-11f9db6b38bd,91,2026-07-14T13:40:30.100000Z,1784036430100,85.54
session-1784036780900-38r373,24:EC:4A:C7:F5:3A,custom-11f9db6b38bd,92,2026-07-14T13:40:30.191000Z,1784036430191,85.5
session-1784036780900-38r373,24:EC:4A:C7:F5:3A,custom-11f9db6b38bd,93,2026-07-14T13:40:30.283000Z,1784036430283,85.49
session-1784036780900-38r373,24:EC:4A:C7:F5:3A,custom-11f9db6b38bd,94,2026-07-14T13:40:30.372000Z,1784036430372,85.54
session-1784036780900-38r373,24:EC:4A:C7:F5:3A,custom-11f9db6b38bd,95,2026-07-14T13:40:30.461000Z,1784036430461,85.52
session-1784036780900-38r373,24:EC:4A:C7:F5:3A,custom-11f9db6b38bd,96,2026-07-14T13:40:30.597000Z,1784036430597,85.49
session-1784036780900-38r373,24:EC:4A:C7:F5:3A,custom-11f9db6b38bd,97,2026-07-14T13:40:30.687000Z,1784036430687,85.54
session-1784036780900-38r373,24:EC:4A:C7:F5:3A,custom-11f9db6b38bd,98,2026-07-14T13:40:30.776000Z,1784036430776,85.5
session-1784036780900-38r373,24:EC:4A:C7:F5:3A,custom-11f9db6b38bd,99,2026-07-14T13:40:30.867000Z,1784036430867,85.5
session-1784036780900-38r373,24:EC:4A:C7:F5:3A,custom-11f9db6b38bd,100,2026-07-14T13:40:31.002000Z,1784036431002,85.49
session-1784036780900-38r373,24:EC:4A:C7:F5:3A,custom-11f9db6b38bd,101,2026-07-14T13:40:31.092000Z,1784036431092,85.49
session-1784036780900-38r373,24:EC:4A:C7:F5:3A,custom-11f9db6b38bd,102,2026-07-14T13:40:31.228000Z,1784036431228,85.54
session-1784036780900-38r373,24:EC:4A:C7:F5:3A,custom-11f9db6b38bd,103,2026-07-14T13:40:31.272000Z,1784036431272,85.5
session-1784036780900-38r373,24:EC:4A:C7:F5:3A,custom-11f9db6b38bd,104,2026-07-14T13:40:31.362000Z,1784036431362,85.47
session-1784036780900-38r373,24:EC:4A:C7:F5:3A,custom-11f9db6b38bd,105,2026-07-14T13:40:31.495000Z,1784036431495,85.54
session-1784036780900-38r373,24:EC:4A:C7:F5:3A,custom-11f9db6b38bd,106,2026-07-14T13:40:31.588000Z,1784036431588,85.54
session-1784036780900-38r373,24:EC:4A:C7:F5:3A,custom-11f9db6b38bd,107,2026-07-14T13:40:31.677000Z,1784036431677,85.49
session-1784036780900-38r373,24:EC:4A:C7:F5:3A,custom-11f9db6b38bd,108,2026-07-14T13:40:31.812000Z,1784036431812,85.52
session-1784036780900-38r373,24:EC:4A:C7:F5:3A,custom-11f9db6b38bd,109,2026-07-14T13:40:31.902000Z,1784036431902,85.52
session-1784036780900-38r373,24:EC:4A:C7:F5:3A,custom-11f9db6b38bd,110,2026-07-14T13:40:31.990000Z,1784036431990,85.5
session-1784036780900-38r373,24:EC:4A:C7:F5:3A,custom-11f9db6b38bd,111,2026-07-14T13:40:32.082000Z,1784036432082,85.03
session-1784036780900-38r373,24:EC:4A:C7:F5:3A,custom-11f9db6b38bd,112,2026-07-14T13:40:32.171000Z,1784036432171,85.47
session-1784036780900-38r373,24:EC:4A:C7:F5:3A,custom-11f9db6b38bd,113,2026-07-14T13:40:32.261000Z,1784036432261,85.54
session-1784036780900-38r373,24:EC:4A:C7:F5:3A,custom-11f9db6b38bd,114,2026-07-14T13:40:32.396000Z,1784036432396,85.49
session-1784036780900-38r373,24:EC:4A:C7:F5:3A,custom-11f9db6b38bd,115,2026-07-14T13:40:32.485000Z,1784036432485,85.49
session-1784036780900-38r373,24:EC:4A:C7:F5:3A,custom-11f9db6b38bd,116,2026-07-14T13:40:32.577000Z,1784036432577,85.54
session-1784036780900-38r373,24:EC:4A:C7:F5:3A,custom-11f9db6b38bd,117,2026-07-14T13:40:32.667000Z,1784036432667,85.52
session-1784036780900-38r373,24:EC:4A:C7:F5:3A,custom-11f9db6b38bd,118,2026-07-14T13:40:32.801000Z,1784036432801,85.49
session-1784036780900-38r373,24:EC:4A:C7:F5:3A,custom-11f9db6b38bd,119,2026-07-14T13:40:32.892000Z,1784036432892,85.52
session-1784036780900-38r373,24:EC:4A:C7:F5:3A,custom-11f9db6b38bd,120,2026-07-14T13:40:32.981000Z,1784036432981,85.52
session-1784036780900-38r373,24:EC:4A:C7:F5:3A,custom-11f9db6b38bd,121,2026-07-14T13:40:33.116000Z,1784036433116,85.5
session-1784036780900-38r373,24:EC:4A:C7:F5:3A,custom-11f9db6b38bd,122,2026-07-14T13:40:33.162000Z,1784036433162,85.49
session-1784036780900-38r373,24:EC:4A:C7:F5:3A,custom-11f9db6b38bd,123,2026-07-14T13:40:33.297000Z,1784036433297,85.02
session-1784036780900-38r373,24:EC:4A:C7:F5:3A,custom-11f9db6b38bd,124,2026-07-14T13:40:33.386000Z,1784036433386,85.02
session-1784036780900-38r373,24:EC:4A:C7:F5:3A,custom-11f9db6b38bd,125,2026-07-14T13:40:33.477000Z,1784036433477,85.03
session-1784036780900-38r373,24:EC:4A:C7:F5:3A,custom-11f9db6b38bd,126,2026-07-14T13:40:33.567000Z,1784036433567,85.54
session-1784036780900-38r373,24:EC:4A:C7:F5:3A,custom-11f9db6b38bd,127,2026-07-14T13:40:33.702000Z,1784036433702,85.5
session-1784036780900-38r373,24:EC:4A:C7:F5:3A,custom-11f9db6b38bd,128,2026-07-14T13:40:33.792000Z,1784036433792,85.49
session-1784036780900-38r373,24:EC:4A:C7:F5:3A,custom-11f9db6b38bd,129,2026-07-14T13:40:33.881000Z,1784036433881,85.52
session-1784036780900-38r373,24:EC:4A:C7:F5:3A,custom-11f9db6b38bd,130,2026-07-14T13:40:33.973000Z,1784036433973,85.52
session-1784036780900-38r373,24:EC:4A:C7:F5:3A,custom-11f9db6b38bd,131,2026-07-14T13:40:34.061000Z,1784036434061,85.5
session-1784036780900-38r373,24:EC:4A:C7:F5:3A,custom-11f9db6b38bd,132,2026-07-14T13:40:34.197000Z,1784036434197,85.49
session-1784036780900-38r373,24:EC:4A:C7:F5:3A,custom-11f9db6b38bd,133,2026-07-14T13:40:34.287000Z,1784036434287,85.47
session-1784036780900-38r373,24:EC:4A:C7:F5:3A,custom-11f9db6b38bd,134,2026-07-14T13:40:34.378000Z,1784036434378,85.47
session-1784036780900-38r373,24:EC:4A:C7:F5:3A,custom-11f9db6b38bd,135,2026-07-14T13:40:34.466000Z,1784036434466,85.54
session-1784036780900-38r373,24:EC:4A:C7:F5:3A,custom-11f9db6b38bd,136,2026-07-14T13:40:34.601000Z,1784036434601,85.5
session-1784036780900-38r373,24:EC:4A:C7:F5:3A,custom-11f9db6b38bd,137,2026-07-14T13:40:34.692000Z,1784036434692,85.49
session-1784036780900-38r373,24:EC:4A:C7:F5:3A,custom-11f9db6b38bd,138,2026-07-14T13:40:34.781000Z,1784036434781,85.54
session-1784036780900-38r373,24:EC:4A:C7:F5:3A,custom-11f9db6b38bd,139,2026-07-14T13:40:34.872000Z,1784036434872,85.5
session-1784036780900-38r373,24:EC:4A:C7:F5:3A,custom-11f9db6b38bd,140,2026-07-14T13:40:34.962000Z,1784036434962,85.47
session-1784036780900-38r373,24:EC:4A:C7:F5:3A,custom-11f9db6b38bd,141,2026-07-14T13:40:35.097000Z,1784036435097,85.52
session-1784036780900-38r373,24:EC:4A:C7:F5:3A,custom-11f9db6b38bd,142,2026-07-14T13:40:35.232000Z,1784036435232,85.5
session-1784036780900-38r373,24:EC:4A:C7:F5:3A,custom-11f9db6b38bd,143,2026-07-14T13:40:35.276000Z,1784036435276,85.5
session-1784036780900-38r373,24:EC:4A:C7:F5:3A,custom-11f9db6b38bd,144,2026-07-14T13:40:35.367000Z,1784036435367,85.47
session-1784036780900-38r373,24:EC:4A:C7:F5:3A,custom-11f9db6b38bd,145,2026-07-14T13:40:35.501000Z,1784036435501,85.47
session-1784036780900-38r373,24:EC:4A:C7:F5:3A,custom-11f9db6b38bd,146,2026-07-14T13:40:35.637000Z,1784036435637,85.54
session-1784036780900-38r373,24:EC:4A:C7:F5:3A,custom-11f9db6b38bd,147,2026-07-14T13:40:35.681000Z,1784036435681,85.5
session-1784036780900-38r373,24:EC:4A:C7:F5:3A,custom-11f9db6b38bd,148,2026-07-14T13:40:35.772000Z,1784036435772,85.49
session-1784036780900-38r373,24:EC:4A:C7:F5:3A,custom-11f9db6b38bd,149,2026-07-14T13:40:35.906000Z,1784036435906,85.56
session-1784036780900-38r373,24:EC:4A:C7:F5:3A,custom-11f9db6b38bd,150,2026-07-14T13:40:35.998000Z,1784036435998,85.52
session-1784036780900-38r373,24:EC:4A:C7:F5:3A,custom-11f9db6b38bd,151,2026-07-14T13:40:36.149000Z,1784036436149,85.52
session-1784036780900-38r373,24:EC:4A:C7:F5:3A,custom-11f9db6b38bd,152,2026-07-14T13:40:36.222000Z,1784036436222,85.49
session-1784036780900-38r373,24:EC:4A:C7:F5:3A,custom-11f9db6b38bd,153,2026-07-14T13:40:36.267000Z,1784036436267,85.5
session-1784036780900-38r373,24:EC:4A:C7:F5:3A,custom-11f9db6b38bd,154,2026-07-14T13:40:36.402000Z,1784036436402,85.47
session-1784036780900-38r373,24:EC:4A:C7:F5:3A,custom-11f9db6b38bd,155,2026-07-14T13:40:36.493000Z,1784036436493,85.47
session-1784036780900-38r373,24:EC:4A:C7:F5:3A,custom-11f9db6b38bd,156,2026-07-14T13:40:36.582000Z,1784036436582,85.49
session-1784036780900-38r373,24:EC:4A:C7:F5:3A,custom-11f9db6b38bd,157,2026-07-14T13:40:36.672000Z,1784036436672,85.07
session-1784036780900-38r373,24:EC:4A:C7:F5:3A,custom-11f9db6b38bd,158,2026-07-14T13:40:36.763000Z,1784036436763,85.09
session-1784036780900-38r373,24:EC:4A:C7:F5:3A,custom-11f9db6b38bd,159,2026-07-14T13:40:36.914000Z,1784036436914,85.09
session-1784036780900-38r373,24:EC:4A:C7:F5:3A,custom-11f9db6b38bd,160,2026-07-14T13:40:37.032000Z,1784036437032,85.52
session-1784036780900-38r373,24:EC:4A:C7:F5:3A,custom-11f9db6b38bd,161,2026-07-14T13:40:37.076000Z,1784036437076,85.47
session-1784036780900-38r373,24:EC:4A:C7:F5:3A,custom-11f9db6b38bd,162,2026-07-14T13:40:37.168000Z,1784036437168,85.54
session-1784036780900-38r373,24:EC:4A:C7:F5:3A,custom-11f9db6b38bd,163,2026-07-14T13:40:37.301000Z,1784036437301,85.52
session-1784036780900-38r373,24:EC:4A:C7:F5:3A,custom-11f9db6b38bd,164,2026-07-14T13:40:37.392000Z,1784036437392,85.49
session-1784036780900-38r373,24:EC:4A:C7:F5:3A,custom-11f9db6b38bd,165,2026-07-14T13:40:37.482000Z,1784036437482,85.35
session-1784036780900-38r373,24:EC:4A:C7:F5:3A,custom-11f9db6b38bd,166,2026-07-14T13:40:37.617000Z,1784036437617,85.4
session-1784036780900-38r373,24:EC:4A:C7:F5:3A,custom-11f9db6b38bd,167,2026-07-14T13:40:37.662000Z,1784036437662,85.54
session-1784036780900-38r373,24:EC:4A:C7:F5:3A,custom-11f9db6b38bd,168,2026-07-14T13:40:37.813000Z,1784036437813,85.5
session-1784036780900-38r373,24:EC:4A:C7:F5:3A,custom-11f9db6b38bd,169,2026-07-14T13:40:37.887000Z,1784036437887,85.49
session-1784036780900-38r373,24:EC:4A:C7:F5:3A,custom-11f9db6b38bd,170,2026-07-14T13:40:37.976000Z,1784036437976,85.44
session-1784036780900-38r373,24:EC:4A:C7:F5:3A,custom-11f9db6b38bd,171,2026-07-14T13:40:38.112000Z,1784036438112,85.89
session-1784036780900-38r373,24:EC:4A:C7:F5:3A,custom-11f9db6b38bd,172,2026-07-14T13:40:38.203000Z,1784036438203,85.37
session-1784036780900-38r373,24:EC:4A:C7:F5:3A,custom-11f9db6b38bd,173,2026-07-14T13:40:38.293000Z,1784036438293,85.42
session-1784036780900-38r373,24:EC:4A:C7:F5:3A,custom-11f9db6b38bd,174,2026-07-14T13:40:38.381000Z,1784036438381,85.98
session-1784036780900-38r373,24:EC:4A:C7:F5:3A,custom-11f9db6b38bd,175,2026-07-14T13:40:38.474000Z,1784036438474,85.96
session-1784036780900-38r373,24:EC:4A:C7:F5:3A,custom-11f9db6b38bd,176,2026-07-14T13:40:38.560000Z,1784036438560,85.96
session-1784036780900-38r373,24:EC:4A:C7:F5:3A,custom-11f9db6b38bd,177,2026-07-14T13:40:38.698000Z,1784036438698,85.54
session-1784036780900-38r373,24:EC:4A:C7:F5:3A,custom-11f9db6b38bd,178,2026-07-14T13:40:38.788000Z,1784036438788,85.5
session-1784036780900-38r373,24:EC:4A:C7:F5:3A,custom-11f9db6b38bd,179,2026-07-14T13:40:38.877000Z,1784036438877,85.5
session-1784036780900-38r373,24:EC:4A:C7:F5:3A,custom-11f9db6b38bd,180,2026-07-14T13:40:39.028000Z,1784036439028,85.91
session-1784036780900-38r373,24:EC:4A:C7:F5:3A,custom-11f9db6b38bd,181,2026-07-14T13:40:39.102000Z,1784036439102,85.52
session-1784036780900-38r373,24:EC:4A:C7:F5:3A,custom-11f9db6b38bd,182,2026-07-14T13:40:39.191000Z,1784036439191,85.5
session-1784036780900-38r373,24:EC:4A:C7:F5:3A,custom-11f9db6b38bd,183,2026-07-14T13:40:39.327000Z,1784036439327,85.49
session-1784036780900-38r373,24:EC:4A:C7:F5:3A,custom-11f9db6b38bd,184,2026-07-14T13:40:39.371000Z,1784036439371,85.52
session-1784036780900-38r373,24:EC:4A:C7:F5:3A,custom-11f9db6b38bd,185,2026-07-14T13:40:39.461000Z,1784036439461,85.5
session-1784036780900-38r373,24:EC:4A:C7:F5:3A,custom-11f9db6b38bd,186,2026-07-14T13:40:39.598000Z,1784036439598,85.5
session-1784036780900-38r373,24:EC:4A:C7:F5:3A,custom-11f9db6b38bd,187,2026-07-14T13:40:39.731000Z,1784036439731,85.47
session-1784036780900-38r373,24:EC:4A:C7:F5:3A,custom-11f9db6b38bd,188,2026-07-14T13:40:39.778000Z,1784036439778,85.49
session-1784036780900-38r373,24:EC:4A:C7:F5:3A,custom-11f9db6b38bd,189,2026-07-14T13:40:39.866000Z,1784036439866,85.54
session-1784036780900-38r373,24:EC:4A:C7:F5:3A,custom-11f9db6b38bd,190,2026-07-14T13:40:40.002000Z,1784036440002,85.5
session-1784036780900-38r373,24:EC:4A:C7:F5:3A,custom-11f9db6b38bd,191,2026-07-14T13:40:40.092000Z,1784036440092,85.47
session-1784036780900-38r373,24:EC:4A:C7:F5:3A,custom-11f9db6b38bd,192,2026-07-14T13:40:40.182000Z,1784036440182,85.54
session-1784036780900-38r373,24:EC:4A:C7:F5:3A,custom-11f9db6b38bd,193,2026-07-14T13:40:40.273000Z,1784036440273,85.52
session-1784036780900-38r373,24:EC:4A:C7:F5:3A,custom-11f9db6b38bd,194,2026-07-14T13:40:40.363000Z,1784036440363,85.49
session-1784036780900-38r373,24:EC:4A:C7:F5:3A,custom-11f9db6b38bd,195,2026-07-14T13:40:40.515000Z,1784036440515,85.54
session-1784036780900-38r373,24:EC:4A:C7:F5:3A,custom-11f9db6b38bd,196,2026-07-14T13:40:40.587000Z,1784036440587,85.52
session-1784036780900-38r373,24:EC:4A:C7:F5:3A,custom-11f9db6b38bd,197,2026-07-14T13:40:40.676000Z,1784036440676,85.5
session-1784036780900-38r373,24:EC:4A:C7:F5:3A,custom-11f9db6b38bd,198,2026-07-14T13:40:40.768000Z,1784036440768,85.5
session-1784036780900-38r373,24:EC:4A:C7:F5:3A,custom-11f9db6b38bd,199,2026-07-14T13:40:40.902000Z,1784036440902,85.52
session-1784036780900-38r373,24:EC:4A:C7:F5:3A,custom-11f9db6b38bd,200,2026-07-14T13:40:40.992000Z,1784036440992,85.56
session-1784036780900-38r373,24:EC:4A:C7:F5:3A,custom-11f9db6b38bd,201,2026-07-14T13:40:41.081000Z,1784036441081,85.52
session-1784036780900-38r373,24:EC:4A:C7:F5:3A,custom-11f9db6b38bd,202,2026-07-14T13:40:41.172000Z,1784036441172,85.07
session-1784036780900-38r373,24:EC:4A:C7:F5:3A,custom-11f9db6b38bd,203,2026-07-14T13:40:41.263000Z,1784036441263,85.05
session-1784036780900-38r373,24:EC:4A:C7:F5:3A,custom-11f9db6b38bd,204,2026-07-14T13:40:41.396000Z,1784036441396,85.52
session-1784036780900-38r373,24:EC:4A:C7:F5:3A,custom-11f9db6b38bd,205,2026-07-14T13:40:41.485000Z,1784036441485,85.54
session-1784036780900-38r373,24:EC:4A:C7:F5:3A,custom-11f9db6b38bd,206,2026-07-14T13:40:41.577000Z,1784036441577,85.56
session-1784036780900-38r373,24:EC:4A:C7:F5:3A,custom-11f9db6b38bd,207,2026-07-14T13:40:41.668000Z,1784036441668,85.52
session-1784036780900-38r373,24:EC:4A:C7:F5:3A,custom-11f9db6b38bd,208,2026-07-14T13:40:41.802000Z,1784036441802,85.54
session-1784036780900-38r373,24:EC:4A:C7:F5:3A,custom-11f9db6b38bd,209,2026-07-14T13:40:41.892000Z,1784036441892,85.5
session-1784036780900-38r373,24:EC:4A:C7:F5:3A,custom-11f9db6b38bd,210,2026-07-14T13:40:41.982000Z,1784036441982,85.5
session-1784036780900-38r373,24:EC:4A:C7:F5:3A,custom-11f9db6b38bd,211,2026-07-14T13:40:42.073000Z,1784036442073,85.59
session-1784036780900-38r373,24:EC:4A:C7:F5:3A,custom-11f9db6b38bd,212,2026-07-14T13:40:42.162000Z,1784036442162,85.54
session-1784036780900-38r373,24:EC:4A:C7:F5:3A,custom-11f9db6b38bd,213,2026-07-14T13:40:42.298000Z,1784036442298,85.07
session-1784036780900-38r373,24:EC:4A:C7:F5:3A,custom-11f9db6b38bd,214,2026-07-14T13:40:42.388000Z,1784036442388,85.56
session-1784036780900-38r373,24:EC:4A:C7:F5:3A,custom-11f9db6b38bd,215,2026-07-14T13:40:42.478000Z,1784036442478,85.57
session-1784036780900-38r373,24:EC:4A:C7:F5:3A,custom-11f9db6b38bd,216,2026-07-14T13:40:42.567000Z,1784036442567,85.59
session-1784036780900-38r373,24:EC:4A:C7:F5:3A,custom-11f9db6b38bd,217,2026-07-14T13:40:42.718000Z,1784036442718,85.54
session-1784036780900-38r373,24:EC:4A:C7:F5:3A,custom-11f9db6b38bd,218,2026-07-14T13:40:42.792000Z,1784036442792,85.56
session-1784036780900-38r373,24:EC:4A:C7:F5:3A,custom-11f9db6b38bd,219,2026-07-14T13:40:42.884000Z,1784036442884,85.52
session-1784036780900-38r373,24:EC:4A:C7:F5:3A,custom-11f9db6b38bd,220,2026-07-14T13:40:42.973000Z,1784036442973,85.54
session-1784036780900-38r373,24:EC:4A:C7:F5:3A,custom-11f9db6b38bd,221,2026-07-14T13:40:43.107000Z,1784036443107,85.52
session-1784036780900-38r373,24:EC:4A:C7:F5:3A,custom-11f9db6b38bd,222,2026-07-14T13:40:43.198000Z,1784036443198,85.56
session-1784036780900-38r373,24:EC:4A:C7:F5:3A,custom-11f9db6b38bd,223,2026-07-14T13:40:43.289000Z,1784036443289,85.54
session-1784036780900-38r373,24:EC:4A:C7:F5:3A,custom-11f9db6b38bd,224,2026-07-14T13:40:43.376000Z,1784036443376,85.56
session-1784036780900-38r373,24:EC:4A:C7:F5:3A,custom-11f9db6b38bd,225,2026-07-14T13:40:43.466000Z,1784036443466,85.5
session-1784036780900-38r373,24:EC:4A:C7:F5:3A,custom-11f9db6b38bd,226,2026-07-14T13:40:43.602000Z,1784036443602,85.49
session-1784036780900-38r373,24:EC:4A:C7:F5:3A,custom-11f9db6b38bd,227,2026-07-14T13:40:43.692000Z,1784036443692,85.54
session-1784036780900-38r373,24:EC:4A:C7:F5:3A,custom-11f9db6b38bd,228,2026-07-14T13:40:43.782000Z,1784036443782,85.52
session-1784036780900-38r373,24:EC:4A:C7:F5:3A,custom-11f9db6b38bd,229,2026-07-14T13:40:43.918000Z,1784036443918,85.5
session-1784036780900-38r373,24:EC:4A:C7:F5:3A,custom-11f9db6b38bd,230,2026-07-14T13:40:43.961000Z,1784036443961,85.49
session-1784036780900-38r373,24:EC:4A:C7:F5:3A,custom-11f9db6b38bd,231,2026-07-14T13:40:44.098000Z,1784036444098,85.5
session-1784036780900-38r373,24:EC:4A:C7:F5:3A,custom-11f9db6b38bd,232,2026-07-14T13:40:44.187000Z,1784036444187,85.49
session-1784036780900-38r373,24:EC:4A:C7:F5:3A,custom-11f9db6b38bd,233,2026-07-14T13:40:44.277000Z,1784036444277,85.54
session-1784036780900-38r373,24:EC:4A:C7:F5:3A,custom-11f9db6b38bd,234,2026-07-14T13:40:44.366000Z,1784036444366,85.5
session-1784036780900-38r373,24:EC:4A:C7:F5:3A,custom-11f9db6b38bd,235,2026-07-14T13:40:44.503000Z,1784036444503,85.49
session-1784036780900-38r373,24:EC:4A:C7:F5:3A,custom-11f9db6b38bd,236,2026-07-14T13:40:44.593000Z,1784036444593,85.54
session-1784036780900-38r373,24:EC:4A:C7:F5:3A,custom-11f9db6b38bd,237,2026-07-14T13:40:44.681000Z,1784036444681,85.52
session-1784036780900-38r373,24:EC:4A:C7:F5:3A,custom-11f9db6b38bd,238,2026-07-14T13:40:44.771000Z,1784036444771,85.47
session-1784036780900-38r373,24:EC:4A:C7:F5:3A,custom-11f9db6b38bd,239,2026-07-14T13:40:44.863000Z,1784036444863,85.09
session-1784036780900-38r373,24:EC:4A:C7:F5:3A,custom-11f9db6b38bd,240,2026-07-14T13:40:45.013000Z,1784036445013,85.5
session-1784036780900-38r373,24:EC:4A:C7:F5:3A,custom-11f9db6b38bd,241,2026-07-14T13:40:45.087000Z,1784036445087,85.47
session-1784036780900-38r373,24:EC:4A:C7:F5:3A,custom-11f9db6b38bd,242,2026-07-14T13:40:45.176000Z,1784036445176,85.47
session-1784036780900-38r373,24:EC:4A:C7:F5:3A,custom-11f9db6b38bd,243,2026-07-14T13:40:45.267000Z,1784036445267,85.47
session-1784036780900-38r373,24:EC:4A:C7:F5:3A,custom-11f9db6b38bd,244,2026-07-14T13:40:45.402000Z,1784036445402,85.54
session-1784036780900-38r373,24:EC:4A:C7:F5:3A,custom-11f9db6b38bd,245,2026-07-14T13:40:45.491000Z,1784036445491,85.5
session-1784036780900-38r373,24:EC:4A:C7:F5:3A,custom-11f9db6b38bd,246,2026-07-14T13:40:45.582000Z,1784036445582,85.49
session-1784036780900-38r373,24:EC:4A:C7:F5:3A,custom-11f9db6b38bd,247,2026-07-14T13:40:45.717000Z,1784036445717,85.52
session-1784036780900-38r373,24:EC:4A:C7:F5:3A,custom-11f9db6b38bd,248,2026-07-14T13:40:45.761000Z,1784036445761,85.09
session-1784036780900-38r373,24:EC:4A:C7:F5:3A,custom-11f9db6b38bd,249,2026-07-14T13:40:45.897000Z,1784036445897,85.52
session-1784036780900-38r373,24:EC:4A:C7:F5:3A,custom-11f9db6b38bd,250,2026-07-14T13:40:45.988000Z,1784036445988,85.5
session-1784036780900-38r373,24:EC:4A:C7:F5:3A,custom-11f9db6b38bd,251,2026-07-14T13:40:46.077000Z,1784036446077,85.5
session-1784036780900-38r373,24:EC:4A:C7:F5:3A,custom-11f9db6b38bd,252,2026-07-14T13:40:46.168000Z,1784036446168,85.47
session-1784036780900-38r373,24:EC:4A:C7:F5:3A,custom-11f9db6b38bd,253,2026-07-14T13:40:46.301000Z,1784036446301,85.47
session-1784036780900-38r373,24:EC:4A:C7:F5:3A,custom-11f9db6b38bd,254,2026-07-14T13:40:46.393000Z,1784036446393,85.49
session-1784036780900-38r373,24:EC:4A:C7:F5:3A,custom-11f9db6b38bd,255,2026-07-14T13:40:46.482000Z,1784036446482,85.54
session-1784036780900-38r373,24:EC:4A:C7:F5:3A,custom-11f9db6b38bd,256,2026-07-14T13:40:46.572000Z,1784036446572,85.5
session-1784036780900-38r373,24:EC:4A:C7:F5:3A,custom-11f9db6b38bd,257,2026-07-14T13:40:46.660000Z,1784036446660,85.49
session-1784036780900-38r373,24:EC:4A:C7:F5:3A,custom-11f9db6b38bd,258,2026-07-14T13:40:46.797000Z,1784036446797,85.54
session-1784036780900-38r373,24:EC:4A:C7:F5:3A,custom-11f9db6b38bd,259,2026-07-14T13:40:46.887000Z,1784036446887,85.54
session-1784036780900-38r373,24:EC:4A:C7:F5:3A,custom-11f9db6b38bd,260,2026-07-14T13:40:46.977000Z,1784036446977,85.5
session-1784036780900-38r373,24:EC:4A:C7:F5:3A,custom-11f9db6b38bd,261,2026-07-14T13:40:47.066000Z,1784036447066,85.05
session-1784036780900-38r373,24:EC:4A:C7:F5:3A,custom-11f9db6b38bd,262,2026-07-14T13:40:47.218000Z,1784036447218,85.05
session-1784036780900-38r373,24:EC:4A:C7:F5:3A,custom-11f9db6b38bd,263,2026-07-14T13:40:47.292000Z,1784036447292,85.52
session-1784036780900-38r373,24:EC:4A:C7:F5:3A,custom-11f9db6b38bd,264,2026-07-14T13:40:47.381000Z,1784036447381,85.57
session-1784036780900-38r373,24:EC:4A:C7:F5:3A,custom-11f9db6b38bd,265,2026-07-14T13:40:47.471000Z,1784036447471,85.5
session-1784036780900-38r373,24:EC:4A:C7:F5:3A,custom-11f9db6b38bd,266,2026-07-14T13:40:47.561000Z,1784036447561,85.57
session-1784036780900-38r373,24:EC:4A:C7:F5:3A,custom-11f9db6b38bd,267,2026-07-14T13:40:47.697000Z,1784036447697,85.52
session-1784036780900-38r373,24:EC:4A:C7:F5:3A,custom-11f9db6b38bd,268,2026-07-14T13:40:47.786000Z,1784036447786,85.57
session-1784036780900-38r373,24:EC:4A:C7:F5:3A,custom-11f9db6b38bd,269,2026-07-14T13:40:47.878000Z,1784036447878,85.59
session-1784036780900-38r373,24:EC:4A:C7:F5:3A,custom-11f9db6b38bd,270,2026-07-14T13:40:47.966000Z,1784036447966,85.59
session-1784036780900-38r373,24:EC:4A:C7:F5:3A,custom-11f9db6b38bd,271,2026-07-14T13:40:48.103000Z,1784036448103,85.52
session-1784036780900-38r373,24:EC:4A:C7:F5:3A,custom-11f9db6b38bd,272,2026-07-14T13:40:48.193000Z,1784036448193,85.57
session-1784036780900-38r373,24:EC:4A:C7:F5:3A,custom-11f9db6b38bd,273,2026-07-14T13:40:48.328000Z,1784036448328,85.57
session-1784036780900-38r373,24:EC:4A:C7:F5:3A,custom-11f9db6b38bd,274,2026-07-14T13:40:48.371000Z,1784036448371,85.5
session-1784036780900-38r373,24:EC:4A:C7:F5:3A,custom-11f9db6b38bd,275,2026-07-14T13:40:48.462000Z,1784036448462,85.54
session-1784036780900-38r373,24:EC:4A:C7:F5:3A,custom-11f9db6b38bd,276,2026-07-14T13:40:48.597000Z,1784036448597,85.54
session-1784036780900-38r373,24:EC:4A:C7:F5:3A,custom-11f9db6b38bd,277,2026-07-14T13:40:48.733000Z,1784036448733,85.56
session-1784036780900-38r373,24:EC:4A:C7:F5:3A,custom-11f9db6b38bd,278,2026-07-14T13:40:48.777000Z,1784036448777,85.52
session-1784036780900-38r373,24:EC:4A:C7:F5:3A,custom-11f9db6b38bd,279,2026-07-14T13:40:48.867000Z,1784036448867,85.03
session-1784036780900-38r373,24:EC:4A:C7:F5:3A,custom-11f9db6b38bd,280,2026-07-14T13:40:49.003000Z,1784036449003,85.52
session-1784036780900-38r373,24:EC:4A:C7:F5:3A,custom-11f9db6b38bd,281,2026-07-14T13:40:49.092000Z,1784036449092,85.54
session-1784036780900-38r373,24:EC:4A:C7:F5:3A,custom-11f9db6b38bd,282,2026-07-14T13:40:49.182000Z,1784036449182,85.52
session-1784036780900-38r373,24:EC:4A:C7:F5:3A,custom-11f9db6b38bd,283,2026-07-14T13:40:49.274000Z,1784036449274,85.5
session-1784036780900-38r373,24:EC:4A:C7:F5:3A,custom-11f9db6b38bd,284,2026-07-14T13:40:49.362000Z,1784036449362,85.49
session-1784036780900-38r373,24:EC:4A:C7:F5:3A,custom-11f9db6b38bd,285,2026-07-14T13:40:49.498000Z,1784036449498,85.49
session-1784036780900-38r373,24:EC:4A:C7:F5:3A,custom-11f9db6b38bd,286,2026-07-14T13:40:49.586000Z,1784036449586,85.47
session-1784036780900-38r373,24:EC:4A:C7:F5:3A,custom-11f9db6b38bd,287,2026-07-14T13:40:49.679000Z,1784036449679,85.54
session-1784036780900-38r373,24:EC:4A:C7:F5:3A,custom-11f9db6b38bd,288,2026-07-14T13:40:49.766000Z,1784036449766,85.5
session-1784036780900-38r373,24:EC:4A:C7:F5:3A,custom-11f9db6b38bd,289,2026-07-14T13:40:49.902000Z,1784036449902,85.47
session-1784036780900-38r373,24:EC:4A:C7:F5:3A,custom-11f9db6b38bd,290,2026-07-14T13:40:49.992000Z,1784036449992,85.56
session-1784036780900-38r373,24:EC:4A:C7:F5:3A,custom-11f9db6b38bd,291,2026-07-14T13:40:50.082000Z,1784036450082,85.54
session-1784036780900-38r373,24:EC:4A:C7:F5:3A,custom-11f9db6b38bd,292,2026-07-14T13:40:50.173000Z,1784036450173,85.49
session-1784036780900-38r373,24:EC:4A:C7:F5:3A,custom-11f9db6b38bd,293,2026-07-14T13:40:50.262000Z,1784036450262,85.56
session-1784036780900-38r373,24:EC:4A:C7:F5:3A,custom-11f9db6b38bd,294,2026-07-14T13:40:50.397000Z,1784036450397,85.56
session-1784036780900-38r373,24:EC:4A:C7:F5:3A,custom-11f9db6b38bd,295,2026-07-14T13:40:50.486000Z,1784036450486,85.54
session-1784036780900-38r373,24:EC:4A:C7:F5:3A,custom-11f9db6b38bd,296,2026-07-14T13:40:50.577000Z,1784036450577,85.56
session-1784036780900-38r373,24:EC:4A:C7:F5:3A,custom-11f9db6b38bd,297,2026-07-14T13:40:50.668000Z,1784036450668,85.5
session-1784036780900-38r373,24:EC:4A:C7:F5:3A,custom-11f9db6b38bd,298,2026-07-14T13:40:50.803000Z,1784036450803,85.59
session-1784036780900-38r373,24:EC:4A:C7:F5:3A,custom-11f9db6b38bd,299,2026-07-14T13:40:50.892000Z,1784036450892,85.56
session-1784036780900-38r373,24:EC:4A:C7:F5:3A,custom-11f9db6b38bd,300,2026-07-14T13:40:50.982000Z,1784036450982,85.57
session-1784036780900-38r373,24:EC:4A:C7:F5:3A,custom-11f9db6b38bd,301,2026-07-14T13:40:51.071000Z,1784036451071,85.57
session-1784036780900-38r373,24:EC:4A:C7:F5:3A,custom-11f9db6b38bd,302,2026-07-14T13:40:51.160000Z,1784036451160,85.57
session-1784036780900-38r373,24:EC:4A:C7:F5:3A,custom-11f9db6b38bd,303,2026-07-14T13:40:51.297000Z,1784036451297,85.54
session-1784036780900-38r373,24:EC:4A:C7:F5:3A,custom-11f9db6b38bd,304,2026-07-14T13:40:51.387000Z,1784036451387,85.54
session-1784036780900-38r373,24:EC:4A:C7:F5:3A,custom-11f9db6b38bd,305,2026-07-14T13:40:51.522000Z,1784036451522,85.5
session-1784036780900-38r373,24:EC:4A:C7:F5:3A,custom-11f9db6b38bd,306,2026-07-14T13:40:51.672000Z,1784036451672,85.49
session-1784036780900-38r373,24:EC:4A:C7:F5:3A,custom-11f9db6b38bd,307,2026-07-14T13:40:51.699000Z,1784036451699,85.49
session-1784036780900-38r373,24:EC:4A:C7:F5:3A,custom-11f9db6b38bd,308,2026-07-14T13:40:51.789000Z,1784036451789,85.52
session-1784036780900-38r373,24:EC:4A:C7:F5:3A,custom-11f9db6b38bd,309,2026-07-14T13:40:51.879000Z,1784036451879,85.52
session-1784036780900-38r373,24:EC:4A:C7:F5:3A,custom-11f9db6b38bd,310,2026-07-14T13:40:51.968000Z,1784036451968,85.54
session-1784036780900-38r373,24:EC:4A:C7:F5:3A,custom-11f9db6b38bd,311,2026-07-14T13:40:52.059000Z,1784036452059,85.12
session-1784036780900-38r373,24:EC:4A:C7:F5:3A,custom-11f9db6b38bd,312,2026-07-14T13:40:52.193000Z,1784036452193,85.16
session-1784036780900-38r373,24:EC:4A:C7:F5:3A,custom-11f9db6b38bd,313,2026-07-14T13:40:52.283000Z,1784036452283,85.57
session-1784036780900-38r373,24:EC:4A:C7:F5:3A,custom-11f9db6b38bd,314,2026-07-14T13:40:52.374000Z,1784036452374,85.63
session-1784036780900-38r373,24:EC:4A:C7:F5:3A,custom-11f9db6b38bd,315,2026-07-14T13:40:52.463000Z,1784036452463,85.59
session-1784036780900-38r373,24:EC:4A:C7:F5:3A,custom-11f9db6b38bd,316,2026-07-14T13:40:52.599000Z,1784036452599,85.59
session-1784036780900-38r373,24:EC:4A:C7:F5:3A,custom-11f9db6b38bd,317,2026-07-14T13:40:52.688000Z,1784036452688,85.12
session-1784036780900-38r373,24:EC:4A:C7:F5:3A,custom-11f9db6b38bd,318,2026-07-14T13:40:52.779000Z,1784036452779,85.57
session-1784036780900-38r373,24:EC:4A:C7:F5:3A,custom-11f9db6b38bd,319,2026-07-14T13:40:52.868000Z,1784036452868,85.54
session-1784036780900-38r373,24:EC:4A:C7:F5:3A,custom-11f9db6b38bd,320,2026-07-14T13:40:53.019000Z,1784036453019,85.57
session-1784036780900-38r373,24:EC:4A:C7:F5:3A,custom-11f9db6b38bd,321,2026-07-14T13:40:53.094000Z,1784036453094,85.59
session-1784036780900-38r373,24:EC:4A:C7:F5:3A,custom-11f9db6b38bd,322,2026-07-14T13:40:53.183000Z,1784036453183,85.56
session-1784036780900-38r373,24:EC:4A:C7:F5:3A,custom-11f9db6b38bd,323,2026-07-14T13:40:53.276000Z,1784036453276,85.57
session-1784036780900-38r373,24:EC:4A:C7:F5:3A,custom-11f9db6b38bd,324,2026-07-14T13:40:53.364000Z,1784036453364,85.54
session-1784036780900-38r373,24:EC:4A:C7:F5:3A,custom-11f9db6b38bd,325,2026-07-14T13:40:53.500000Z,1784036453500,85.5
session-1784036780900-38r373,24:EC:4A:C7:F5:3A,custom-11f9db6b38bd,326,2026-07-14T13:40:53.589000Z,1784036453589,85.57
session-1784036780900-38r373,24:EC:4A:C7:F5:3A,custom-11f9db6b38bd,327,2026-07-14T13:40:53.679000Z,1784036453679,85.54
session-1784036780900-38r373,24:EC:4A:C7:F5:3A,custom-11f9db6b38bd,328,2026-07-14T13:40:53.769000Z,1784036453769,85.59
session-1784036780900-38r373,24:EC:4A:C7:F5:3A,custom-11f9db6b38bd,329,2026-07-14T13:40:53.904000Z,1784036453904,85.52
session-1784036780900-38r373,24:EC:4A:C7:F5:3A,custom-11f9db6b38bd,330,2026-07-14T13:40:53.996000Z,1784036453996,85.57
session-1784036780900-38r373,24:EC:4A:C7:F5:3A,custom-11f9db6b38bd,331,2026-07-14T13:40:54.085000Z,1784036454085,85.57
session-1784036780900-38r373,24:EC:4A:C7:F5:3A,custom-11f9db6b38bd,332,2026-07-14T13:40:54.176000Z,1784036454176,85.54
session-1784036780900-38r373,24:EC:4A:C7:F5:3A,custom-11f9db6b38bd,333,2026-07-14T13:40:54.266000Z,1784036454266,85.56
session-1784036780900-38r373,24:EC:4A:C7:F5:3A,custom-11f9db6b38bd,334,2026-07-14T13:40:54.405000Z,1784036454405,85.59
session-1784036780900-38r373,24:EC:4A:C7:F5:3A,custom-11f9db6b38bd,335,2026-07-14T13:40:54.491000Z,1784036454491,85.07
session-1784036780900-38r373,24:EC:4A:C7:F5:3A,custom-11f9db6b38bd,336,2026-07-14T13:40:54.580000Z,1784036454580,85.54
session-1784036780900-38r373,24:EC:4A:C7:F5:3A,custom-11f9db6b38bd,337,2026-07-14T13:40:54.670000Z,1784036454670,85.54
session-1784036780900-38r373,24:EC:4A:C7:F5:3A,custom-11f9db6b38bd,338,2026-07-14T13:40:54.760000Z,1784036454760,85.52
session-1784036780900-38r373,24:EC:4A:C7:F5:3A,custom-11f9db6b38bd,339,2026-07-14T13:40:54.896000Z,1784036454896,85.47
session-1784036780900-38r373,24:EC:4A:C7:F5:3A,custom-11f9db6b38bd,340,2026-07-14T13:40:54.986000Z,1784036454986,85.5
session-1784036780900-38r373,24:EC:4A:C7:F5:3A,custom-11f9db6b38bd,341,2026-07-14T13:40:55.076000Z,1784036455076,85.49
session-1784036780900-38r373,24:EC:4A:C7:F5:3A,custom-11f9db6b38bd,342,2026-07-14T13:40:55.167000Z,1784036455167,85.56
session-1784036780900-38r373,24:EC:4A:C7:F5:3A,custom-11f9db6b38bd,343,2026-07-14T13:40:55.303000Z,1784036455303,85.52
session-1784036780900-38r373,24:EC:4A:C7:F5:3A,custom-11f9db6b38bd,344,2026-07-14T13:40:55.392000Z,1784036455392,85.56
session-1784036780900-38r373,24:EC:4A:C7:F5:3A,custom-11f9db6b38bd,345,2026-07-14T13:40:55.482000Z,1784036455482,85.5
session-1784036780900-38r373,24:EC:4A:C7:F5:3A,custom-11f9db6b38bd,346,2026-07-14T13:40:55.572000Z,1784036455572,85.47
session-1784036780900-38r373,24:EC:4A:C7:F5:3A,custom-11f9db6b38bd,347,2026-07-14T13:40:55.662000Z,1784036455662,85.54
session-1784036780900-38r373,24:EC:4A:C7:F5:3A,custom-11f9db6b38bd,348,2026-07-14T13:40:55.797000Z,1784036455797,85.52
session-1784036780900-38r373,24:EC:4A:C7:F5:3A,custom-11f9db6b38bd,349,2026-07-14T13:40:55.887000Z,1784036455887,85.54
session-1784036780900-38r373,24:EC:4A:C7:F5:3A,custom-11f9db6b38bd,350,2026-07-14T13:40:55.976000Z,1784036455976,85.14
session-1784036780900-38r373,24:EC:4A:C7:F5:3A,custom-11f9db6b38bd,351,2026-07-14T13:40:56.066000Z,1784036456066,85.63
session-1784036780900-38r373,24:EC:4A:C7:F5:3A,custom-11f9db6b38bd,352,2026-07-14T13:40:56.203000Z,1784036456203,85.14
session-1784036780900-38r373,24:EC:4A:C7:F5:3A,custom-11f9db6b38bd,353,2026-07-14T13:40:56.335000Z,1784036456335,85.14
session-1784036780900-38r373,24:EC:4A:C7:F5:3A,custom-11f9db6b38bd,354,2026-07-14T13:40:56.381000Z,1784036456381,85.61
session-1784036780900-38r373,24:EC:4A:C7:F5:3A,custom-11f9db6b38bd,355,2026-07-14T13:40:56.517000Z,1784036456517,85.57
session-1784036780900-38r373,24:EC:4A:C7:F5:3A,custom-11f9db6b38bd,356,2026-07-14T13:40:56.561000Z,1784036456561,85.63
session-1784036780900-38r373,24:EC:4A:C7:F5:3A,custom-11f9db6b38bd,357,2026-07-14T13:40:56.696000Z,1784036456696,85.56
session-1784036780900-38r373,24:EC:4A:C7:F5:3A,custom-11f9db6b38bd,358,2026-07-14T13:40:56.786000Z,1784036456786,85.59
session-1784036780900-38r373,24:EC:4A:C7:F5:3A,custom-11f9db6b38bd,359,2026-07-14T13:40:56.876000Z,1784036456876,85.57
session-1784036780900-38r373,24:EC:4A:C7:F5:3A,custom-11f9db6b38bd,360,2026-07-14T13:40:56.967000Z,1784036456967,85.56
session-1784036780900-38r373,24:EC:4A:C7:F5:3A,custom-11f9db6b38bd,361,2026-07-14T13:40:57.101000Z,1784036457101,85.61
session-1784036780900-38r373,24:EC:4A:C7:F5:3A,custom-11f9db6b38bd,362,2026-07-14T13:40:57.190000Z,1784036457190,85.56
session-1784036780900-38r373,24:EC:4A:C7:F5:3A,custom-11f9db6b38bd,363,2026-07-14T13:40:57.281000Z,1784036457281,85.57
session-1784036780900-38r373,24:EC:4A:C7:F5:3A,custom-11f9db6b38bd,364,2026-07-14T13:40:57.371000Z,1784036457371,85.59
session-1784036780900-38r373,24:EC:4A:C7:F5:3A,custom-11f9db6b38bd,365,2026-07-14T13:40:57.462000Z,1784036457462,85.54
session-1784036780900-38r373,24:EC:4A:C7:F5:3A,custom-11f9db6b38bd,366,2026-07-14T13:40:57.596000Z,1784036457596,85.59
session-1784036780900-38r373,24:EC:4A:C7:F5:3A,custom-11f9db6b38bd,367,2026-07-14T13:40:57.686000Z,1784036457686,85.59
session-1784036780900-38r373,24:EC:4A:C7:F5:3A,custom-11f9db6b38bd,368,2026-07-14T13:40:57.774000Z,1784036457774,85.59
session-1784036780900-38r373,24:EC:4A:C7:F5:3A,custom-11f9db6b38bd,369,2026-07-14T13:40:57.866000Z,1784036457866,85.56
session-1784036780900-38r373,24:EC:4A:C7:F5:3A,custom-11f9db6b38bd,370,2026-07-14T13:40:58.001000Z,1784036458001,85.59
session-1784036780900-38r373,24:EC:4A:C7:F5:3A,custom-11f9db6b38bd,371,2026-07-14T13:40:58.090000Z,1784036458090,85.73
session-1784036780900-38r373,24:EC:4A:C7:F5:3A,custom-11f9db6b38bd,372,2026-07-14T13:40:58.180000Z,1784036458180,85.73
session-1784036780900-38r373,24:EC:4A:C7:F5:3A,custom-11f9db6b38bd,373,2026-07-14T13:40:58.269000Z,1784036458269,85.19
session-1784036780900-38r373,24:EC:4A:C7:F5:3A,custom-11f9db6b38bd,374,2026-07-14T13:40:58.358000Z,1784036458358,85.23
session-1784036780900-38r373,24:EC:4A:C7:F5:3A,custom-11f9db6b38bd,375,2026-07-14T13:40:58.494000Z,1784036458494,85.66
session-1784036780900-38r373,24:EC:4A:C7:F5:3A,custom-11f9db6b38bd,376,2026-07-14T13:40:58.584000Z,1784036458584,85.56
session-1784036780900-38r373,24:EC:4A:C7:F5:3A,custom-11f9db6b38bd,377,2026-07-14T13:40:58.674000Z,1784036458674,85.63
session-1784036780900-38r373,24:EC:4A:C7:F5:3A,custom-11f9db6b38bd,378,2026-07-14T13:40:58.763000Z,1784036458763,85.16
session-1784036780900-38r373,24:EC:4A:C7:F5:3A,custom-11f9db6b38bd,379,2026-07-14T13:40:58.902000Z,1784036458902,85.75
session-1784036780900-38r373,24:EC:4A:C7:F5:3A,custom-11f9db6b38bd,380,2026-07-14T13:40:58.992000Z,1784036458992,85.16
session-1784036780900-38r373,24:EC:4A:C7:F5:3A,custom-11f9db6b38bd,381,2026-07-14T13:40:59.082000Z,1784036459082,85.57
session-1784036780900-38r373,24:EC:4A:C7:F5:3A,custom-11f9db6b38bd,382,2026-07-14T13:40:59.172000Z,1784036459172,85.63
session-1784036780900-38r373,24:EC:4A:C7:F5:3A,custom-11f9db6b38bd,383,2026-07-14T13:40:59.262000Z,1784036459262,85.57
session-1784036780900-38r373,24:EC:4A:C7:F5:3A,custom-11f9db6b38bd,384,2026-07-14T13:40:59.397000Z,1784036459397,85.12
session-1784036780900-38r373,24:EC:4A:C7:F5:3A,custom-11f9db6b38bd,385,2026-07-14T13:40:59.486000Z,1784036459486,85.59
session-1784036780900-38r373,24:EC:4A:C7:F5:3A,custom-11f9db6b38bd,386,2026-07-14T13:40:59.576000Z,1784036459576,85.63
session-1784036780900-38r373,24:EC:4A:C7:F5:3A,custom-11f9db6b38bd,387,2026-07-14T13:40:59.667000Z,1784036459667,85.59
session-1784036780900-38r373,24:EC:4A:C7:F5:3A,custom-11f9db6b38bd,388,2026-07-14T13:40:59.802000Z,1784036459802,85.59
session-1784036780900-38r373,24:EC:4A:C7:F5:3A,custom-11f9db6b38bd,389,2026-07-14T13:40:59.890000Z,1784036459890,86.01
session-1784036780900-38r373,24:EC:4A:C7:F5:3A,custom-11f9db6b38bd,390,2026-07-14T13:40:59.981000Z,1784036459981,85.56
session-1784036780900-38r373,24:EC:4A:C7:F5:3A,custom-11f9db6b38bd,391,2026-07-14T13:41:00.069000Z,1784036460069,85.54
session-1784036780900-38r373,24:EC:4A:C7:F5:3A,custom-11f9db6b38bd,392,2026-07-14T13:41:00.161000Z,1784036460161,85.59
session-1784036780900-38r373,24:EC:4A:C7:F5:3A,custom-11f9db6b38bd,393,2026-07-14T13:41:00.296000Z,1784036460296,85.52
session-1784036780900-38r373,24:EC:4A:C7:F5:3A,custom-11f9db6b38bd,394,2026-07-14T13:41:00.387000Z,1784036460387,85.61
session-1784036780900-38r373,24:EC:4A:C7:F5:3A,custom-11f9db6b38bd,395,2026-07-14T13:41:00.477000Z,1784036460477,85.17
session-1784036780900-38r373,24:EC:4A:C7:F5:3A,custom-11f9db6b38bd,396,2026-07-14T13:41:00.566000Z,1784036460566,85.16
session-1784036780900-38r373,24:EC:4A:C7:F5:3A,custom-11f9db6b38bd,397,2026-07-14T13:41:00.702000Z,1784036460702,85.64
session-1784036780900-38r373,24:EC:4A:C7:F5:3A,custom-11f9db6b38bd,398,2026-07-14T13:41:00.790000Z,1784036460790,85.61
session-1784036780900-38r373,24:EC:4A:C7:F5:3A,custom-11f9db6b38bd,399,2026-07-14T13:41:00.881000Z,1784036460881,85.56
session-1784036780900-38r373,24:EC:4A:C7:F5:3A,custom-11f9db6b38bd,400,2026-07-14T13:41:00.973000Z,1784036460973,85.63
session-1784036780900-38r373,24:EC:4A:C7:F5:3A,custom-11f9db6b38bd,401,2026-07-14T13:41:01.061000Z,1784036461061,85.73
session-1784036780900-38r373,24:EC:4A:C7:F5:3A,custom-11f9db6b38bd,402,2026-07-14T13:41:01.196000Z,1784036461196,86.57
session-1784036780900-38r373,24:EC:4A:C7:F5:3A,custom-11f9db6b38bd,403,2026-07-14T13:41:01.286000Z,1784036461286,85.7
session-1784036780900-38r373,24:EC:4A:C7:F5:3A,custom-11f9db6b38bd,404,2026-07-14T13:41:01.422000Z,1784036461422,85.7
session-1784036780900-38r373,24:EC:4A:C7:F5:3A,custom-11f9db6b38bd,405,2026-07-14T13:41:01.466000Z,1784036461466,85.68
session-1784036780900-38r373,24:EC:4A:C7:F5:3A,custom-11f9db6b38bd,406,2026-07-14T13:41:01.556000Z,1784036461556,85.75
session-1784036780900-38r373,24:EC:4A:C7:F5:3A,custom-11f9db6b38bd,407,2026-07-14T13:41:01.707000Z,1784036461707,85.78
session-1784036780900-38r373,24:EC:4A:C7:F5:3A,custom-11f9db6b38bd,408,2026-07-14T13:41:01.781000Z,1784036461781,85.77
session-1784036780900-38r373,24:EC:4A:C7:F5:3A,custom-11f9db6b38bd,409,2026-07-14T13:41:01.872000Z,1784036461872,85.28
session-1784036780900-38r373,24:EC:4A:C7:F5:3A,custom-11f9db6b38bd,410,2026-07-14T13:41:02.005000Z,1784036462005,85.28
session-1784036780900-38r373,24:EC:4A:C7:F5:3A,custom-11f9db6b38bd,411,2026-07-14T13:41:02.096000Z,1784036462096,85.71
session-1784036780900-38r373,24:EC:4A:C7:F5:3A,custom-11f9db6b38bd,412,2026-07-14T13:41:02.187000Z,1784036462187,85.73
session-1784036780900-38r373,24:EC:4A:C7:F5:3A,custom-11f9db6b38bd,413,2026-07-14T13:41:02.276000Z,1784036462276,85.71
session-1784036780900-38r373,24:EC:4A:C7:F5:3A,custom-11f9db6b38bd,414,2026-07-14T13:41:02.367000Z,1784036462367,85.7
session-1784036780900-38r373,24:EC:4A:C7:F5:3A,custom-11f9db6b38bd,415,2026-07-14T13:41:02.456000Z,1784036462456,85.56
session-1784036780900-38r373,24:EC:4A:C7:F5:3A,custom-11f9db6b38bd,416,2026-07-14T13:41:02.606000Z,1784036462606,85.61
session-1784036780900-38r373,24:EC:4A:C7:F5:3A,custom-11f9db6b38bd,417,2026-07-14T13:41:02.729000Z,1784036462729,85.71
session-1784036780900-38r373,24:EC:4A:C7:F5:3A,custom-11f9db6b38bd,418,2026-07-14T13:41:02.772000Z,1784036462772,85.7
session-1784036780900-38r373,24:EC:4A:C7:F5:3A,custom-11f9db6b38bd,419,2026-07-14T13:41:02.861000Z,1784036462861,85.68
session-1784036780900-38r373,24:EC:4A:C7:F5:3A,custom-11f9db6b38bd,420,2026-07-14T13:41:02.997000Z,1784036462997,85.59
session-1784036780900-38r373,24:EC:4A:C7:F5:3A,custom-11f9db6b38bd,421,2026-07-14T13:41:03.086000Z,1784036463086,85.61
session-1784036780900-38r373,24:EC:4A:C7:F5:3A,custom-11f9db6b38bd,422,2026-07-14T13:41:03.175000Z,1784036463175,85.61
session-1784036780900-38r373,24:EC:4A:C7:F5:3A,custom-11f9db6b38bd,423,2026-07-14T13:41:03.269000Z,1784036463269,85.16
session-1784036780900-38r373,24:EC:4A:C7:F5:3A,custom-11f9db6b38bd,424,2026-07-14T13:41:03.357000Z,1784036463357,85.16
session-1784036780900-38r373,24:EC:4A:C7:F5:3A,custom-11f9db6b38bd,425,2026-07-14T13:41:03.508000Z,1784036463508,85.71
session-1784036780900-38r373,24:EC:4A:C7:F5:3A,custom-11f9db6b38bd,426,2026-07-14T13:41:03.582000Z,1784036463582,85.24
session-1784036780900-38r373,24:EC:4A:C7:F5:3A,custom-11f9db6b38bd,427,2026-07-14T13:41:03.673000Z,1784036463673,85.26
session-1784036780900-38r373,24:EC:4A:C7:F5:3A,custom-11f9db6b38bd,428,2026-07-14T13:41:03.762000Z,1784036463762,85.7
session-1784036780900-38r373,24:EC:4A:C7:F5:3A,custom-11f9db6b38bd,429,2026-07-14T13:41:03.897000Z,1784036463897,85.16
session-1784036780900-38r373,24:EC:4A:C7:F5:3A,custom-11f9db6b38bd,430,2026-07-14T13:41:03.987000Z,1784036463987,85.71
session-1784036780900-38r373,24:EC:4A:C7:F5:3A,custom-11f9db6b38bd,431,2026-07-14T13:41:04.076000Z,1784036464076,85.7
session-1784036780900-38r373,24:EC:4A:C7:F5:3A,custom-11f9db6b38bd,432,2026-07-14T13:41:04.168000Z,1784036464168,85.17
session-1784036780900-38r373,24:EC:4A:C7:F5:3A,custom-11f9db6b38bd,433,2026-07-14T13:41:04.259000Z,1784036464259,85.73
session-1784036780900-38r373,24:EC:4A:C7:F5:3A,custom-11f9db6b38bd,434,2026-07-14T13:41:04.410000Z,1784036464410,85.59
session-1784036780900-38r373,24:EC:4A:C7:F5:3A,custom-11f9db6b38bd,435,2026-07-14T13:41:04.481000Z,1784036464481,85.59
session-1784036780900-38r373,24:EC:4A:C7:F5:3A,custom-11f9db6b38bd,436,2026-07-14T13:41:04.571000Z,1784036464571,85.59
session-1784036780900-38r373,24:EC:4A:C7:F5:3A,custom-11f9db6b38bd,437,2026-07-14T13:41:04.662000Z,1784036464662,85.64
session-1784036780900-38r373,24:EC:4A:C7:F5:3A,custom-11f9db6b38bd,438,2026-07-14T13:41:04.795000Z,1784036464795,85.56
session-1784036780900-38r373,24:EC:4A:C7:F5:3A,custom-11f9db6b38bd,439,2026-07-14T13:41:04.886000Z,1784036464886,85.63
session-1784036780900-38r373,24:EC:4A:C7:F5:3A,custom-11f9db6b38bd,440,2026-07-14T13:41:04.977000Z,1784036464977,85.61
session-1784036780900-38r373,24:EC:4A:C7:F5:3A,custom-11f9db6b38bd,441,2026-07-14T13:41:05.111000Z,1784036465111,85.56
session-1784036780900-38r373,24:EC:4A:C7:F5:3A,custom-11f9db6b38bd,442,2026-07-14T13:41:05.157000Z,1784036465157,85.56
session-1784036780900-38r373,24:EC:4A:C7:F5:3A,custom-11f9db6b38bd,443,2026-07-14T13:41:05.308000Z,1784036465308,85.49
session-1784036780900-38r373,24:EC:4A:C7:F5:3A,custom-11f9db6b38bd,444,2026-07-14T13:41:05.382000Z,1784036465382,85.5
session-1784036780900-38r373,24:EC:4A:C7:F5:3A,custom-11f9db6b38bd,445,2026-07-14T13:41:05.472000Z,1784036465472,85.56
session-1784036780900-38r373,24:EC:4A:C7:F5:3A,custom-11f9db6b38bd,446,2026-07-14T13:41:05.562000Z,1784036465562,85.05
session-1784036780900-38r373,24:EC:4A:C7:F5:3A,custom-11f9db6b38bd,447,2026-07-14T13:41:05.696000Z,1784036465696,85.02
session-1784036780900-38r373,24:EC:4A:C7:F5:3A,custom-11f9db6b38bd,448,2026-07-14T13:41:05.786000Z,1784036465786,85.03
session-1784036780900-38r373,24:EC:4A:C7:F5:3A,custom-11f9db6b38bd,449,2026-07-14T13:41:05.877000Z,1784036465877,85.05
session-1784036780900-38r373,24:EC:4A:C7:F5:3A,custom-11f9db6b38bd,450,2026-07-14T13:41:05.967000Z,1784036465967,85.09
session-1784036780900-38r373,24:EC:4A:C7:F5:3A,custom-11f9db6b38bd,451,2026-07-14T13:41:06.058000Z,1784036466058,85.54
session-1784036780900-38r373,24:EC:4A:C7:F5:3A,custom-11f9db6b38bd,452,2026-07-14T13:41:06.210000Z,1784036466210,85.49
session-1784036780900-38r373,24:EC:4A:C7:F5:3A,custom-11f9db6b38bd,453,2026-07-14T13:41:06.281000Z,1784036466281,85.91
session-1784036780900-38r373,24:EC:4A:C7:F5:3A,custom-11f9db6b38bd,454,2026-07-14T13:41:06.373000Z,1784036466373,85.89
session-1784036780900-38r373,24:EC:4A:C7:F5:3A,custom-11f9db6b38bd,455,2026-07-14T13:41:06.465000Z,1784036466465,85.94
session-1784036780900-38r373,24:EC:4A:C7:F5:3A,custom-11f9db6b38bd,456,2026-07-14T13:41:06.595000Z,1784036466595,85.5
session-1784036780900-38r373,24:EC:4A:C7:F5:3A,custom-11f9db6b38bd,457,2026-07-14T13:41:06.687000Z,1784036466687,85.49
session-1784036780900-38r373,24:EC:4A:C7:F5:3A,custom-11f9db6b38bd,458,2026-07-14T13:41:06.777000Z,1784036466777,85.03
session-1784036780900-38r373,24:EC:4A:C7:F5:3A,custom-11f9db6b38bd,459,2026-07-14T13:41:06.867000Z,1784036466867,85.5
session-1784036780900-38r373,24:EC:4A:C7:F5:3A,custom-11f9db6b38bd,460,2026-07-14T13:41:06.957000Z,1784036466957,85.49
session-1784036780900-38r373,24:EC:4A:C7:F5:3A,custom-11f9db6b38bd,461,2026-07-14T13:41:07.107000Z,1784036467107,85.54
session-1784036780900-38r373,24:EC:4A:C7:F5:3A,custom-11f9db6b38bd,462,2026-07-14T13:41:07.228000Z,1784036467228,85.5
session-1784036780900-38r373,24:EC:4A:C7:F5:3A,custom-11f9db6b38bd,463,2026-07-14T13:41:07.273000Z,1784036467273,85.47
session-1784036780900-38r373,24:EC:4A:C7:F5:3A,custom-11f9db6b38bd,464,2026-07-14T13:41:07.363000Z,1784036467363,85.54
session-1784036780900-38r373,24:EC:4A:C7:F5:3A,custom-11f9db6b38bd,465,2026-07-14T13:41:07.495000Z,1784036467495,85.54
session-1784036780900-38r373,24:EC:4A:C7:F5:3A,custom-11f9db6b38bd,466,2026-07-14T13:41:07.585000Z,1784036467585,85.52
session-1784036780900-38r373,24:EC:4A:C7:F5:3A,custom-11f9db6b38bd,467,2026-07-14T13:41:07.674000Z,1784036467674,85.61
session-1784036780900-38r373,24:EC:4A:C7:F5:3A,custom-11f9db6b38bd,468,2026-07-14T13:41:07.766000Z,1784036467766,85.1
session-1784036780900-38r373,24:EC:4A:C7:F5:3A,custom-11f9db6b38bd,469,2026-07-14T13:41:07.857000Z,1784036467857,85.17
session-1784036780900-38r373,24:EC:4A:C7:F5:3A,custom-11f9db6b38bd,470,2026-07-14T13:41:08.008000Z,1784036468008,85.68
session-1784036780900-38r373,24:EC:4A:C7:F5:3A,custom-11f9db6b38bd,471,2026-07-14T13:41:08.081000Z,1784036468081,85.73
session-1784036780900-38r373,24:EC:4A:C7:F5:3A,custom-11f9db6b38bd,472,2026-07-14T13:41:08.172000Z,1784036468172,85.71
session-1784036780900-38r373,24:EC:4A:C7:F5:3A,custom-11f9db6b38bd,473,2026-07-14T13:41:08.262000Z,1784036468262,85.61
session-1784036780900-38r373,24:EC:4A:C7:F5:3A,custom-11f9db6b38bd,474,2026-07-14T13:41:08.397000Z,1784036468397,85.57
session-1784036780900-38r373,24:EC:4A:C7:F5:3A,custom-11f9db6b38bd,475,2026-07-14T13:41:08.486000Z,1784036468486,85.63
session-1784036780900-38r373,24:EC:4A:C7:F5:3A,custom-11f9db6b38bd,476,2026-07-14T13:41:08.577000Z,1784036468577,85.17
session-1784036780900-38r373,24:EC:4A:C7:F5:3A,custom-11f9db6b38bd,477,2026-07-14T13:41:08.667000Z,1784036468667,85.31
session-1784036780900-38r373,24:EC:4A:C7:F5:3A,custom-11f9db6b38bd,478,2026-07-14T13:41:08.756000Z,1784036468756,85.17
session-1784036780900-38r373,24:EC:4A:C7:F5:3A,custom-11f9db6b38bd,479,2026-07-14T13:41:08.906000Z,1784036468906,85.1
session-1784036780900-38r373,24:EC:4A:C7:F5:3A,custom-11f9db6b38bd,480,2026-07-14T13:41:08.982000Z,1784036468982,85.14
session-1784036780900-38r373,24:EC:4A:C7:F5:3A,custom-11f9db6b38bd,481,2026-07-14T13:41:09.071000Z,1784036469071,85.56
session-1784036780900-38r373,24:EC:4A:C7:F5:3A,custom-11f9db6b38bd,482,2026-07-14T13:41:09.161000Z,1784036469161,85.63
session-1784036780900-38r373,24:EC:4A:C7:F5:3A,custom-11f9db6b38bd,483,2026-07-14T13:41:09.296000Z,1784036469296,85.03
session-1784036780900-38r373,24:EC:4A:C7:F5:3A,custom-11f9db6b38bd,484,2026-07-14T13:41:09.385000Z,1784036469385,85.61
session-1784036780900-38r373,24:EC:4A:C7:F5:3A,custom-11f9db6b38bd,485,2026-07-14T13:41:09.476000Z,1784036469476,85.1
session-1784036780900-38r373,24:EC:4A:C7:F5:3A,custom-11f9db6b38bd,486,2026-07-14T13:41:09.567000Z,1784036469567,85.57
session-1784036780900-38r373,24:EC:4A:C7:F5:3A,custom-11f9db6b38bd,487,2026-07-14T13:41:09.656000Z,1784036469656,85.56
session-1784036780900-38r373,24:EC:4A:C7:F5:3A,custom-11f9db6b38bd,488,2026-07-14T13:41:09.807000Z,1784036469807,85.49
session-1784036780900-38r373,24:EC:4A:C7:F5:3A,custom-11f9db6b38bd,489,2026-07-14T13:41:09.882000Z,1784036469882,85.52
session-1784036780900-38r373,24:EC:4A:C7:F5:3A,custom-11f9db6b38bd,490,2026-07-14T13:41:09.973000Z,1784036469973,85.92
session-1784036780900-38r373,24:EC:4A:C7:F5:3A,custom-11f9db6b38bd,491,2026-07-14T13:41:10.062000Z,1784036470062,85.5
session-1784036780900-38r373,24:EC:4A:C7:F5:3A,custom-11f9db6b38bd,492,2026-07-14T13:41:10.196000Z,1784036470196,85.49
session-1784036780900-38r373,24:EC:4A:C7:F5:3A,custom-11f9db6b38bd,493,2026-07-14T13:41:10.286000Z,1784036470286,85.47
session-1784036780900-38r373,24:EC:4A:C7:F5:3A,custom-11f9db6b38bd,494,2026-07-14T13:41:10.378000Z,1784036470378,85.56
session-1784036780900-38r373,24:EC:4A:C7:F5:3A,custom-11f9db6b38bd,495,2026-07-14T13:41:10.468000Z,1784036470468,85.52
session-1784036780900-38r373,24:EC:4A:C7:F5:3A,custom-11f9db6b38bd,496,2026-07-14T13:41:10.602000Z,1784036470602,85.56
session-1784036780900-38r373,24:EC:4A:C7:F5:3A,custom-11f9db6b38bd,497,2026-07-14T13:41:10.738000Z,1784036470738,85.54
session-1784036780900-38r373,24:EC:4A:C7:F5:3A,custom-11f9db6b38bd,498,2026-07-14T13:41:10.782000Z,1784036470782,85.49
session-1784036780900-38r373,24:EC:4A:C7:F5:3A,custom-11f9db6b38bd,499,2026-07-14T13:41:10.871000Z,1784036470871,85.52
session-1784036780900-38r373,24:EC:4A:C7:F5:3A,custom-11f9db6b38bd,500,2026-07-14T13:41:10.964000Z,1784036470964,85.52
session-1784036780900-38r373,24:EC:4A:C7:F5:3A,custom-11f9db6b38bd,501,2026-07-14T13:41:11.097000Z,1784036471097,85.52
session-1784036780900-38r373,24:EC:4A:C7:F5:3A,custom-11f9db6b38bd,502,2026-07-14T13:41:11.186000Z,1784036471186,85.49
session-1784036780900-38r373,24:EC:4A:C7:F5:3A,custom-11f9db6b38bd,503,2026-07-14T13:41:11.277000Z,1784036471277,85.5
session-1784036780900-38r373,24:EC:4A:C7:F5:3A,custom-11f9db6b38bd,504,2026-07-14T13:41:11.366000Z,1784036471366,85.5
session-1784036780900-38r373,24:EC:4A:C7:F5:3A,custom-11f9db6b38bd,505,2026-07-14T13:41:11.457000Z,1784036471457,85.56
session-1784036780900-38r373,24:EC:4A:C7:F5:3A,custom-11f9db6b38bd,506,2026-07-14T13:41:11.608000Z,1784036471608,85.54
session-1784036780900-38r373,24:EC:4A:C7:F5:3A,custom-11f9db6b38bd,507,2026-07-14T13:41:11.681000Z,1784036471681,85.56
session-1784036780900-38r373,24:EC:4A:C7:F5:3A,custom-11f9db6b38bd,508,2026-07-14T13:41:11.772000Z,1784036471772,85.54
session-1784036780900-38r373,24:EC:4A:C7:F5:3A,custom-11f9db6b38bd,509,2026-07-14T13:41:11.861000Z,1784036471861,85.5
session-1784036780900-38r373,24:EC:4A:C7:F5:3A,custom-11f9db6b38bd,510,2026-07-14T13:41:11.996000Z,1784036471996,85.56
session-1784036780900-38r373,24:EC:4A:C7:F5:3A,custom-11f9db6b38bd,511,2026-07-14T13:41:12.085000Z,1784036472085,85.56
session-1784036780900-38r373,24:EC:4A:C7:F5:3A,custom-11f9db6b38bd,512,2026-07-14T13:41:12.176000Z,1784036472176,85.52
session-1784036780900-38r373,24:EC:4A:C7:F5:3A,custom-11f9db6b38bd,513,2026-07-14T13:41:12.265000Z,1784036472265,85.09
session-1784036780900-38r373,24:EC:4A:C7:F5:3A,custom-11f9db6b38bd,514,2026-07-14T13:41:12.356000Z,1784036472356,85.59
session-1784036780900-38r373,24:EC:4A:C7:F5:3A,custom-11f9db6b38bd,515,2026-07-14T13:41:12.507000Z,1784036472507,85.12
session-1784036780900-38r373,24:EC:4A:C7:F5:3A,custom-11f9db6b38bd,516,2026-07-14T13:41:12.581000Z,1784036472581,85.59
session-1784036780900-38r373,24:EC:4A:C7:F5:3A,custom-11f9db6b38bd,517,2026-07-14T13:41:12.671000Z,1784036472671,85.61
session-1784036780900-38r373,24:EC:4A:C7:F5:3A,custom-11f9db6b38bd,518,2026-07-14T13:41:12.762000Z,1784036472762,85.71
session-1784036780900-38r373,24:EC:4A:C7:F5:3A,custom-11f9db6b38bd,519,2026-07-14T13:41:12.897000Z,1784036472897,85.7
session-1784036780900-38r373,24:EC:4A:C7:F5:3A,custom-11f9db6b38bd,520,2026-07-14T13:41:12.986000Z,1784036472986,85.71
session-1784036780900-38r373,24:EC:4A:C7:F5:3A,custom-11f9db6b38bd,521,2026-07-14T13:41:13.077000Z,1784036473077,85.68
session-1784036780900-38r373,24:EC:4A:C7:F5:3A,custom-11f9db6b38bd,522,2026-07-14T13:41:13.212000Z,1784036473212,85.56
session-1784036780900-38r373,24:EC:4A:C7:F5:3A,custom-11f9db6b38bd,523,2026-07-14T13:41:13.256000Z,1784036473256,85.57
session-1784036780900-38r373,24:EC:4A:C7:F5:3A,custom-11f9db6b38bd,524,2026-07-14T13:41:13.406000Z,1784036473406,85.57
session-1784036780900-38r373,24:EC:4A:C7:F5:3A,custom-11f9db6b38bd,525,2026-07-14T13:41:13.481000Z,1784036473481,85.61
session-1784036780900-38r373,24:EC:4A:C7:F5:3A,custom-11f9db6b38bd,526,2026-07-14T13:41:13.572000Z,1784036473572,86.41
session-1784036780900-38r373,24:EC:4A:C7:F5:3A,custom-11f9db6b38bd,527,2026-07-14T13:41:13.662000Z,1784036473662,86.17
session-1784036780900-38r373,24:EC:4A:C7:F5:3A,custom-11f9db6b38bd,528,2026-07-14T13:41:13.796000Z,1784036473796,85.71
session-1784036780900-38r373,24:EC:4A:C7:F5:3A,custom-11f9db6b38bd,529,2026-07-14T13:41:13.886000Z,1784036473886,85.71
session-1784036780900-38r373,24:EC:4A:C7:F5:3A,custom-11f9db6b38bd,530,2026-07-14T13:41:13.977000Z,1784036473977,85.31
session-1784036780900-38r373,24:EC:4A:C7:F5:3A,custom-11f9db6b38bd,531,2026-07-14T13:41:14.066000Z,1784036474066,85.78
session-1784036780900-38r373,24:EC:4A:C7:F5:3A,custom-11f9db6b38bd,532,2026-07-14T13:41:14.156000Z,1784036474156,85.71
session-1784036780900-38r373,24:EC:4A:C7:F5:3A,custom-11f9db6b38bd,533,2026-07-14T13:41:14.307000Z,1784036474307,85.71
session-1784036780900-38r373,24:EC:4A:C7:F5:3A,custom-11f9db6b38bd,534,2026-07-14T13:41:14.381000Z,1784036474381,85.26
session-1784036780900-38r373,24:EC:4A:C7:F5:3A,custom-11f9db6b38bd,535,2026-07-14T13:41:14.471000Z,1784036474471,85.66
session-1784036780900-38r373,24:EC:4A:C7:F5:3A,custom-11f9db6b38bd,536,2026-07-14T13:41:14.561000Z,1784036474561,85.73
session-1784036780900-38r373,24:EC:4A:C7:F5:3A,custom-11f9db6b38bd,537,2026-07-14T13:41:14.696000Z,1784036474696,85.73
session-1784036780900-38r373,24:EC:4A:C7:F5:3A,custom-11f9db6b38bd,538,2026-07-14T13:41:14.787000Z,1784036474787,85.61
session-1784036780900-38r373,24:EC:4A:C7:F5:3A,custom-11f9db6b38bd,539,2026-07-14T13:41:14.876000Z,1784036474876,85.71
session-1784036780900-38r373,24:EC:4A:C7:F5:3A,custom-11f9db6b38bd,540,2026-07-14T13:41:14.967000Z,1784036474967,85.7
session-1784036780900-38r373,24:EC:4A:C7:F5:3A,custom-11f9db6b38bd,541,2026-07-14T13:41:15.056000Z,1784036475056,85.71
session-1784036780900-38r373,24:EC:4A:C7:F5:3A,custom-11f9db6b38bd,542,2026-07-14T13:41:15.207000Z,1784036475207,86.2
session-1784036780900-38r373,24:EC:4A:C7:F5:3A,custom-11f9db6b38bd,543,2026-07-14T13:41:15.280000Z,1784036475280,85.82
session-1784036780900-38r373,24:EC:4A:C7:F5:3A,custom-11f9db6b38bd,544,2026-07-14T13:41:15.371000Z,1784036475371,85.35
session-1784036780900-38r373,24:EC:4A:C7:F5:3A,custom-11f9db6b38bd,545,2026-07-14T13:41:15.462000Z,1784036475462,85.37
session-1784036780900-38r373,24:EC:4A:C7:F5:3A,custom-11f9db6b38bd,546,2026-07-14T13:41:15.597000Z,1784036475597,85.33
session-1784036780900-38r373,24:EC:4A:C7:F5:3A,custom-11f9db6b38bd,547,2026-07-14T13:41:15.687000Z,1784036475687,85.82
session-1784036780900-38r373,24:EC:4A:C7:F5:3A,custom-11f9db6b38bd,548,2026-07-14T13:41:15.777000Z,1784036475777,85.78
session-1784036780900-38r373,24:EC:4A:C7:F5:3A,custom-11f9db6b38bd,549,2026-07-14T13:41:15.866000Z,1784036475866,86.17
session-1784036780900-38r373,24:EC:4A:C7:F5:3A,custom-11f9db6b38bd,550,2026-07-14T13:41:15.955000Z,1784036475955,86.13
session-1784036780900-38r373,24:EC:4A:C7:F5:3A,custom-11f9db6b38bd,551,2026-07-14T13:41:16.106000Z,1784036476106,85.61
session-1784036780900-38r373,24:EC:4A:C7:F5:3A,custom-11f9db6b38bd,552,2026-07-14T13:41:16.181000Z,1784036476181,85.73
session-1784036780900-38r373,24:EC:4A:C7:F5:3A,custom-11f9db6b38bd,553,2026-07-14T13:41:16.271000Z,1784036476271,85.7
session-1784036780900-38r373,24:EC:4A:C7:F5:3A,custom-11f9db6b38bd,554,2026-07-14T13:41:16.361000Z,1784036476361,85.71
session-1784036780900-38r373,24:EC:4A:C7:F5:3A,custom-11f9db6b38bd,555,2026-07-14T13:41:16.496000Z,1784036476496,85.7
session-1784036780900-38r373,24:EC:4A:C7:F5:3A,custom-11f9db6b38bd,556,2026-07-14T13:41:16.587000Z,1784036476587,85.21
session-1784036780900-38r373,24:EC:4A:C7:F5:3A,custom-11f9db6b38bd,557,2026-07-14T13:41:16.677000Z,1784036476677,85.24
session-1784036780900-38r373,24:EC:4A:C7:F5:3A,custom-11f9db6b38bd,558,2026-07-14T13:41:16.767000Z,1784036476767,85.14
session-1784036780900-38r373,24:EC:4A:C7:F5:3A,custom-11f9db6b38bd,559,2026-07-14T13:41:16.856000Z,1784036476856,85.28
session-1784036780900-38r373,24:EC:4A:C7:F5:3A,custom-11f9db6b38bd,560,2026-07-14T13:41:17.008000Z,1784036477008,85.31
session-1784036780900-38r373,24:EC:4A:C7:F5:3A,custom-11f9db6b38bd,561,2026-07-14T13:41:17.081000Z,1784036477081,85.3
session-1784036780900-38r373,24:EC:4A:C7:F5:3A,custom-11f9db6b38bd,562,2026-07-14T13:41:17.171000Z,1784036477171,85.73
session-1784036780900-38r373,24:EC:4A:C7:F5:3A,custom-11f9db6b38bd,563,2026-07-14T13:41:17.261000Z,1784036477261,85.68
session-1784036780900-38r373,24:EC:4A:C7:F5:3A,custom-11f9db6b38bd,564,2026-07-14T13:41:17.397000Z,1784036477397,85.73
session-1784036780900-38r373,24:EC:4A:C7:F5:3A,custom-11f9db6b38bd,565,2026-07-14T13:41:17.485000Z,1784036477485,85.26
session-1784036780900-38r373,24:EC:4A:C7:F5:3A,custom-11f9db6b38bd,566,2026-07-14T13:41:17.575000Z,1784036477575,85.7
session-1784036780900-38r373,24:EC:4A:C7:F5:3A,custom-11f9db6b38bd,567,2026-07-14T13:41:17.667000Z,1784036477667,85.66
session-1784036780900-38r373,24:EC:4A:C7:F5:3A,custom-11f9db6b38bd,568,2026-07-14T13:41:17.756000Z,1784036477756,85.73
session-1784036780900-38r373,24:EC:4A:C7:F5:3A,custom-11f9db6b38bd,569,2026-07-14T13:41:17.906000Z,1784036477906,85.73
session-1784036780900-38r373,24:EC:4A:C7:F5:3A,custom-11f9db6b38bd,570,2026-07-14T13:41:18.026000Z,1784036478026,85.71
session-1784036780900-38r373,24:EC:4A:C7:F5:3A,custom-11f9db6b38bd,571,2026-07-14T13:41:18.071000Z,1784036478071,85.68
session-1784036780900-38r373,24:EC:4A:C7:F5:3A,custom-11f9db6b38bd,572,2026-07-14T13:41:18.161000Z,1784036478161,85.64
session-1784036780900-38r373,24:EC:4A:C7:F5:3A,custom-11f9db6b38bd,573,2026-07-14T13:41:18.295000Z,1784036478295,85.57
session-1784036780900-38r373,24:EC:4A:C7:F5:3A,custom-11f9db6b38bd,574,2026-07-14T13:41:18.387000Z,1784036478387,86.15
session-1784036780900-38r373,24:EC:4A:C7:F5:3A,custom-11f9db6b38bd,575,2026-07-14T13:41:18.474000Z,1784036478474,86.13
session-1784036780900-38r373,24:EC:4A:C7:F5:3A,custom-11f9db6b38bd,576,2026-07-14T13:41:18.566000Z,1784036478566,85.71
session-1784036780900-38r373,24:EC:4A:C7:F5:3A,custom-11f9db6b38bd,577,2026-07-14T13:41:18.657000Z,1784036478657,85.71
session-1784036780900-38r373,24:EC:4A:C7:F5:3A,custom-11f9db6b38bd,578,2026-07-14T13:41:18.808000Z,1784036478808,85.7
session-1784036780900-38r373,24:EC:4A:C7:F5:3A,custom-11f9db6b38bd,579,2026-07-14T13:41:18.881000Z,1784036478881,85.14
session-1784036780900-38r373,24:EC:4A:C7:F5:3A,custom-11f9db6b38bd,580,2026-07-14T13:41:18.973000Z,1784036478973,85.71
session-1784036780900-38r373,24:EC:4A:C7:F5:3A,custom-11f9db6b38bd,581,2026-07-14T13:41:19.061000Z,1784036479061,85.68
session-1784036780900-38r373,24:EC:4A:C7:F5:3A,custom-11f9db6b38bd,582,2026-07-14T13:41:19.196000Z,1784036479196,85.57
session-1784036780900-38r373,24:EC:4A:C7:F5:3A,custom-11f9db6b38bd,583,2026-07-14T13:41:19.285000Z,1784036479285,85.59
session-1784036780900-38r373,24:EC:4A:C7:F5:3A,custom-11f9db6b38bd,584,2026-07-14T13:41:19.376000Z,1784036479376,85.73
session-1784036780900-38r373,24:EC:4A:C7:F5:3A,custom-11f9db6b38bd,585,2026-07-14T13:41:19.467000Z,1784036479467,85.71
session-1784036780900-38r373,24:EC:4A:C7:F5:3A,custom-11f9db6b38bd,586,2026-07-14T13:41:19.556000Z,1784036479556,85.7
session-1784036780900-38r373,24:EC:4A:C7:F5:3A,custom-11f9db6b38bd,587,2026-07-14T13:41:19.707000Z,1784036479707,86.12
session-1784036780900-38r373,24:EC:4A:C7:F5:3A,custom-11f9db6b38bd,588,2026-07-14T13:41:19.781000Z,1784036479781,85.57
session-1784036780900-38r373,24:EC:4A:C7:F5:3A,custom-11f9db6b38bd,589,2026-07-14T13:41:19.872000Z,1784036479872,86.48
session-1784036780900-38r373,24:EC:4A:C7:F5:3A,custom-11f9db6b38bd,590,2026-07-14T13:41:19.962000Z,1784036479962,86.6
session-1784036780900-38r373,24:EC:4A:C7:F5:3A,custom-11f9db6b38bd,591,2026-07-14T13:41:20.096000Z,1784036480096,92.15
session-1784036780900-38r373,24:EC:4A:C7:F5:3A,custom-11f9db6b38bd,592,2026-07-14T13:41:20.231000Z,1784036480231,86.48
session-1784036780900-38r373,24:EC:4A:C7:F5:3A,custom-11f9db6b38bd,593,2026-07-14T13:41:20.277000Z,1784036480277,86.57
session-1784036780900-38r373,24:EC:4A:C7:F5:3A,custom-11f9db6b38bd,594,2026-07-14T13:41:20.367000Z,1784036480367,86.12
session-1784036780900-38r373,24:EC:4A:C7:F5:3A,custom-11f9db6b38bd,595,2026-07-14T13:41:20.456000Z,1784036480456,85.75
session-1784036780900-38r373,24:EC:4A:C7:F5:3A,custom-11f9db6b38bd,596,2026-07-14T13:41:20.607000Z,1784036480607,85.73
session-1784036780900-38r373,24:EC:4A:C7:F5:3A,custom-11f9db6b38bd,597,2026-07-14T13:41:20.680000Z,1784036480680,85.68
session-1784036780900-38r373,24:EC:4A:C7:F5:3A,custom-11f9db6b38bd,598,2026-07-14T13:41:20.771000Z,1784036480771,85.75
session-1784036780900-38r373,24:EC:4A:C7:F5:3A,custom-11f9db6b38bd,599,2026-07-14T13:41:20.861000Z,1784036480861,85.7
session-1784036780900-38r373,24:EC:4A:C7:F5:3A,custom-11f9db6b38bd,600,2026-07-14T13:41:20.997000Z,1784036480997,85.71
session-1784036780900-38r373,24:EC:4A:C7:F5:3A,custom-11f9db6b38bd,601,2026-07-14T13:41:21.148000Z,1784036481148,85.75
session-1784036780900-38r373,24:EC:4A:C7:F5:3A,custom-11f9db6b38bd,602,2026-07-14T13:41:21.177000Z,1784036481177,85.71
session-1784036780900-38r373,24:EC:4A:C7:F5:3A,custom-11f9db6b38bd,603,2026-07-14T13:41:21.265000Z,1784036481265,85.26
session-1784036780900-38r373,24:EC:4A:C7:F5:3A,custom-11f9db6b38bd,604,2026-07-14T13:41:21.354000Z,1784036481354,85.24
session-1784036780900-38r373,24:EC:4A:C7:F5:3A,custom-11f9db6b38bd,605,2026-07-14T13:41:21.505000Z,1784036481505,85.24
session-1784036780900-38r373,24:EC:4A:C7:F5:3A,custom-11f9db6b38bd,606,2026-07-14T13:41:21.580000Z,1784036481580,85.26
session-1784036780900-38r373,24:EC:4A:C7:F5:3A,custom-11f9db6b38bd,607,2026-07-14T13:41:21.671000Z,1784036481671,85.26
session-1784036780900-38r373,24:EC:4A:C7:F5:3A,custom-11f9db6b38bd,608,2026-07-14T13:41:21.761000Z,1784036481761,85.75
session-1784036780900-38r373,24:EC:4A:C7:F5:3A,custom-11f9db6b38bd,609,2026-07-14T13:41:21.896000Z,1784036481896,85.8
session-1784036780900-38r373,24:EC:4A:C7:F5:3A,custom-11f9db6b38bd,610,2026-07-14T13:41:21.986000Z,1784036481986,85.31
session-1784036780900-38r373,24:EC:4A:C7:F5:3A,custom-11f9db6b38bd,611,2026-07-14T13:41:22.077000Z,1784036482077,85.28
session-1784036780900-38r373,24:EC:4A:C7:F5:3A,custom-11f9db6b38bd,612,2026-07-14T13:41:22.166000Z,1784036482166,85.28
session-1784036780900-38r373,24:EC:4A:C7:F5:3A,custom-11f9db6b38bd,613,2026-07-14T13:41:22.256000Z,1784036482256,85.77
session-1784036780900-38r373,24:EC:4A:C7:F5:3A,custom-11f9db6b38bd,614,2026-07-14T13:41:22.406000Z,1784036482406,85.77
session-1784036780900-38r373,24:EC:4A:C7:F5:3A,custom-11f9db6b38bd,615,2026-07-14T13:41:22.479000Z,1784036482479,85.82
session-1784036780900-38r373,24:EC:4A:C7:F5:3A,custom-11f9db6b38bd,616,2026-07-14T13:41:22.571000Z,1784036482571,85.82
session-1784036780900-38r373,24:EC:4A:C7:F5:3A,custom-11f9db6b38bd,617,2026-07-14T13:41:22.661000Z,1784036482661,85.8
session-1784036780900-38r373,24:EC:4A:C7:F5:3A,custom-11f9db6b38bd,618,2026-07-14T13:41:22.812000Z,1784036482812,85.8
session-1784036780900-38r373,24:EC:4A:C7:F5:3A,custom-11f9db6b38bd,619,2026-07-14T13:41:22.885000Z,1784036482885,85.82
session-1784036780900-38r373,24:EC:4A:C7:F5:3A,custom-11f9db6b38bd,620,2026-07-14T13:41:22.975000Z,1784036482975,85.77
session-1784036780900-38r373,24:EC:4A:C7:F5:3A,custom-11f9db6b38bd,621,2026-07-14T13:41:23.065000Z,1784036483065,85.77
session-1784036780900-38r373,24:EC:4A:C7:F5:3A,custom-11f9db6b38bd,622,2026-07-14T13:41:23.155000Z,1784036483155,85.23
session-1784036780900-38r373,24:EC:4A:C7:F5:3A,custom-11f9db6b38bd,623,2026-07-14T13:41:23.306000Z,1784036483306,85.23
session-1784036780900-38r373,24:EC:4A:C7:F5:3A,custom-11f9db6b38bd,624,2026-07-14T13:41:23.380000Z,1784036483380,85.23
session-1784036780900-38r373,24:EC:4A:C7:F5:3A,custom-11f9db6b38bd,625,2026-07-14T13:41:23.471000Z,1784036483471,85.68
session-1784036780900-38r373,24:EC:4A:C7:F5:3A,custom-11f9db6b38bd,626,2026-07-14T13:41:23.560000Z,1784036483560,86.15
session-1784036780900-38r373,24:EC:4A:C7:F5:3A,custom-11f9db6b38bd,627,2026-07-14T13:41:23.697000Z,1784036483697,85.75
session-1784036780900-38r373,24:EC:4A:C7:F5:3A,custom-11f9db6b38bd,628,2026-07-14T13:41:23.785000Z,1784036483785,85.71
session-1784036780900-38r373,24:EC:4A:C7:F5:3A,custom-11f9db6b38bd,629,2026-07-14T13:41:23.877000Z,1784036483877,85.24
session-1784036780900-38r373,24:EC:4A:C7:F5:3A,custom-11f9db6b38bd,630,2026-07-14T13:41:23.966000Z,1784036483966,85.68
session-1784036780900-38r373,24:EC:4A:C7:F5:3A,custom-11f9db6b38bd,631,2026-07-14T13:41:24.056000Z,1784036484056,85.71
session-1784036780900-38r373,24:EC:4A:C7:F5:3A,custom-11f9db6b38bd,632,2026-07-14T13:41:24.207000Z,1784036484207,85.7
session-1784036780900-38r373,24:EC:4A:C7:F5:3A,custom-11f9db6b38bd,633,2026-07-14T13:41:24.281000Z,1784036484281,85.56
session-1784036780900-38r373,24:EC:4A:C7:F5:3A,custom-11f9db6b38bd,634,2026-07-14T13:41:24.372000Z,1784036484372,86.15
session-1784036780900-38r373,24:EC:4A:C7:F5:3A,custom-11f9db6b38bd,635,2026-07-14T13:41:24.461000Z,1784036484461,86.08
session-1784036780900-38r373,24:EC:4A:C7:F5:3A,custom-11f9db6b38bd,636,2026-07-14T13:41:24.597000Z,1784036484597,85.59
session-1784036780900-38r373,24:EC:4A:C7:F5:3A,custom-11f9db6b38bd,637,2026-07-14T13:41:24.687000Z,1784036484687,85.71
session-1784036780900-38r373,24:EC:4A:C7:F5:3A,custom-11f9db6b38bd,638,2026-07-14T13:41:24.776000Z,1784036484776,85.12
session-1784036780900-38r373,24:EC:4A:C7:F5:3A,custom-11f9db6b38bd,639,2026-07-14T13:41:24.864000Z,1784036484864,85.16
session-1784036780900-38r373,24:EC:4A:C7:F5:3A,custom-11f9db6b38bd,640,2026-07-14T13:41:25.002000Z,1784036485002,85.19
session-1784036780900-38r373,24:EC:4A:C7:F5:3A,custom-11f9db6b38bd,641,2026-07-14T13:41:25.091000Z,1784036485091,85.63
session-1784036780900-38r373,24:EC:4A:C7:F5:3A,custom-11f9db6b38bd,642,2026-07-14T13:41:25.181000Z,1784036485181,85.57
session-1784036780900-38r373,24:EC:4A:C7:F5:3A,custom-11f9db6b38bd,643,2026-07-14T13:41:25.268000Z,1784036485268,85.54
session-1784036780900-38r373,24:EC:4A:C7:F5:3A,custom-11f9db6b38bd,644,2026-07-14T13:41:25.360000Z,1784036485360,85.57
session-1784036780900-38r373,24:EC:4A:C7:F5:3A,custom-11f9db6b38bd,645,2026-07-14T13:41:25.497000Z,1784036485497,85.52
session-1784036780900-38r373,24:EC:4A:C7:F5:3A,custom-11f9db6b38bd,646,2026-07-14T13:41:25.587000Z,1784036485587,85.59
session-1784036780900-38r373,24:EC:4A:C7:F5:3A,custom-11f9db6b38bd,647,2026-07-14T13:41:25.675000Z,1784036485675,85.64
session-1784036780900-38r373,24:EC:4A:C7:F5:3A,custom-11f9db6b38bd,648,2026-07-14T13:41:25.766000Z,1784036485766,85.59
session-1784036780900-38r373,24:EC:4A:C7:F5:3A,custom-11f9db6b38bd,649,2026-07-14T13:41:25.857000Z,1784036485857,85.73
session-1784036780900-38r373,24:EC:4A:C7:F5:3A,custom-11f9db6b38bd,650,2026-07-14T13:41:26.009000Z,1784036486009,85.68
session-1784036780900-38r373,24:EC:4A:C7:F5:3A,custom-11f9db6b38bd,651,2026-07-14T13:41:26.081000Z,1784036486081,85.57
session-1784036780900-38r373,24:EC:4A:C7:F5:3A,custom-11f9db6b38bd,652,2026-07-14T13:41:26.171000Z,1784036486171,85.61
session-1784036780900-38r373,24:EC:4A:C7:F5:3A,custom-11f9db6b38bd,653,2026-07-14T13:41:26.261000Z,1784036486261,85.59
session-1784036780900-38r373,24:EC:4A:C7:F5:3A,custom-11f9db6b38bd,654,2026-07-14T13:41:26.397000Z,1784036486397,85.54
session-1784036780900-38r373,24:EC:4A:C7:F5:3A,custom-11f9db6b38bd,655,2026-07-14T13:41:26.484000Z,1784036486484,85.56
session-1784036780900-38r373,24:EC:4A:C7:F5:3A,custom-11f9db6b38bd,656,2026-07-14T13:41:26.576000Z,1784036486576,85.61
session-1784036780900-38r373,24:EC:4A:C7:F5:3A,custom-11f9db6b38bd,657,2026-07-14T13:41:26.666000Z,1784036486666,85.63
session-1784036780900-38r373,24:EC:4A:C7:F5:3A,custom-11f9db6b38bd,658,2026-07-14T13:41:26.755000Z,1784036486755,85.63
session-1784036780900-38r373,24:EC:4A:C7:F5:3A,custom-11f9db6b38bd,659,2026-07-14T13:41:26.907000Z,1784036486907,85.16
session-1784036780900-38r373,24:EC:4A:C7:F5:3A,custom-11f9db6b38bd,660,2026-07-14T13:41:27.026000Z,1784036487026,85.71
session-1784036780900-38r373,24:EC:4A:C7:F5:3A,custom-11f9db6b38bd,661,2026-07-14T13:41:27.071000Z,1784036487071,85.61
session-1784036780900-38r373,24:EC:4A:C7:F5:3A,custom-11f9db6b38bd,662,2026-07-14T13:41:27.160000Z,1784036487160,85.7
session-1784036780900-38r373,24:EC:4A:C7:F5:3A,custom-11f9db6b38bd,663,2026-07-14T13:41:27.311000Z,1784036487311,85.71
session-1784036780900-38r373,24:EC:4A:C7:F5:3A,custom-11f9db6b38bd,664,2026-07-14T13:41:27.386000Z,1784036487386,85.16
session-1784036780900-38r373,24:EC:4A:C7:F5:3A,custom-11f9db6b38bd,665,2026-07-14T13:41:27.474000Z,1784036487474,85.71
session-1784036780900-38r373,24:EC:4A:C7:F5:3A,custom-11f9db6b38bd,666,2026-07-14T13:41:27.565000Z,1784036487565,85.7
session-1784036780900-38r373,24:EC:4A:C7:F5:3A,custom-11f9db6b38bd,667,2026-07-14T13:41:27.657000Z,1784036487657,85.68
session-1784036780900-38r373,24:EC:4A:C7:F5:3A,custom-11f9db6b38bd,668,2026-07-14T13:41:27.809000Z,1784036487809,85.61
session-1784036780900-38r373,24:EC:4A:C7:F5:3A,custom-11f9db6b38bd,669,2026-07-14T13:41:27.880000Z,1784036487880,85.16
session-1784036780900-38r373,24:EC:4A:C7:F5:3A,custom-11f9db6b38bd,670,2026-07-14T13:41:27.973000Z,1784036487973,85.19
session-1784036780900-38r373,24:EC:4A:C7:F5:3A,custom-11f9db6b38bd,671,2026-07-14T13:41:28.061000Z,1784036488061,85.71
session-1784036780900-38r373,24:EC:4A:C7:F5:3A,custom-11f9db6b38bd,672,2026-07-14T13:41:28.196000Z,1784036488196,85.17
session-1784036780900-38r373,24:EC:4A:C7:F5:3A,custom-11f9db6b38bd,673,2026-07-14T13:41:28.285000Z,1784036488285,85.3
session-1784036780900-38r373,24:EC:4A:C7:F5:3A,custom-11f9db6b38bd,674,2026-07-14T13:41:28.376000Z,1784036488376,85.17
session-1784036780900-38r373,24:EC:4A:C7:F5:3A,custom-11f9db6b38bd,675,2026-07-14T13:41:28.466000Z,1784036488466,85.57
session-1784036780900-38r373,24:EC:4A:C7:F5:3A,custom-11f9db6b38bd,676,2026-07-14T13:41:28.557000Z,1784036488557,86.17
session-1784036780900-38r373,24:EC:4A:C7:F5:3A,custom-11f9db6b38bd,677,2026-07-14T13:41:28.708000Z,1784036488708,85.73
session-1784036780900-38r373,24:EC:4A:C7:F5:3A,custom-11f9db6b38bd,678,2026-07-14T13:41:28.781000Z,1784036488781,85.73
session-1784036780900-38r373,24:EC:4A:C7:F5:3A,custom-11f9db6b38bd,679,2026-07-14T13:41:28.871000Z,1784036488871,85.61
session-1784036780900-38r373,24:EC:4A:C7:F5:3A,custom-11f9db6b38bd,680,2026-07-14T13:41:28.962000Z,1784036488962,85.56
session-1784036780900-38r373,24:EC:4A:C7:F5:3A,custom-11f9db6b38bd,681,2026-07-14T13:41:29.096000Z,1784036489096,85.59
session-1784036780900-38r373,24:EC:4A:C7:F5:3A,custom-11f9db6b38bd,682,2026-07-14T13:41:29.186000Z,1784036489186,85.56
session-1784036780900-38r373,24:EC:4A:C7:F5:3A,custom-11f9db6b38bd,683,2026-07-14T13:41:29.276000Z,1784036489276,85.63
session-1784036780900-38r373,24:EC:4A:C7:F5:3A,custom-11f9db6b38bd,684,2026-07-14T13:41:29.366000Z,1784036489366,85.61
session-1784036780900-38r373,24:EC:4A:C7:F5:3A,custom-11f9db6b38bd,685,2026-07-14T13:41:29.456000Z,1784036489456,85.59
session-1784036780900-38r373,24:EC:4A:C7:F5:3A,custom-11f9db6b38bd,686,2026-07-14T13:41:29.607000Z,1784036489607,85.61
session-1784036780900-38r373,24:EC:4A:C7:F5:3A,custom-11f9db6b38bd,687,2026-07-14T13:41:29.680000Z,1784036489680,85.57
session-1784036780900-38r373,24:EC:4A:C7:F5:3A,custom-11f9db6b38bd,688,2026-07-14T13:41:29.771000Z,1784036489771,85.61
session-1784036780900-38r373,24:EC:4A:C7:F5:3A,custom-11f9db6b38bd,689,2026-07-14T13:41:29.861000Z,1784036489861,85.57
session-1784036780900-38r373,24:EC:4A:C7:F5:3A,custom-11f9db6b38bd,690,2026-07-14T13:41:29.997000Z,1784036489997,85.63
session-1784036780900-38r373,24:EC:4A:C7:F5:3A,custom-11f9db6b38bd,691,2026-07-14T13:41:30.085000Z,1784036490085,85.59
session-1784036780900-38r373,24:EC:4A:C7:F5:3A,custom-11f9db6b38bd,692,2026-07-14T13:41:30.175000Z,1784036490175,85.59
session-1784036780900-38r373,24:EC:4A:C7:F5:3A,custom-11f9db6b38bd,693,2026-07-14T13:41:30.265000Z,1784036490265,85.59
session-1784036780900-38r373,24:EC:4A:C7:F5:3A,custom-11f9db6b38bd,694,2026-07-14T13:41:30.356000Z,1784036490356,86.01
session-1784036780900-38r373,24:EC:4A:C7:F5:3A,custom-11f9db6b38bd,695,2026-07-14T13:41:30.507000Z,1784036490507,85.56
session-1784036780900-38r373,24:EC:4A:C7:F5:3A,custom-11f9db6b38bd,696,2026-07-14T13:41:30.626000Z,1784036490626,85.52
session-1784036780900-38r373,24:EC:4A:C7:F5:3A,custom-11f9db6b38bd,697,2026-07-14T13:41:30.671000Z,1784036490671,85.61
session-1784036780900-38r373,24:EC:4A:C7:F5:3A,custom-11f9db6b38bd,698,2026-07-14T13:41:30.761000Z,1784036490761,85.61
session-1784036780900-38r373,24:EC:4A:C7:F5:3A,custom-11f9db6b38bd,699,2026-07-14T13:41:30.896000Z,1784036490896,85.19
session-1784036780900-38r373,24:EC:4A:C7:F5:3A,custom-11f9db6b38bd,700,2026-07-14T13:41:30.986000Z,1784036490986,85.14
session-1784036780900-38r373,24:EC:4A:C7:F5:3A,custom-11f9db6b38bd,701,2026-07-14T13:41:31.076000Z,1784036491076,85.71
session-1784036780900-38r373,24:EC:4A:C7:F5:3A,custom-11f9db6b38bd,702,2026-07-14T13:41:31.166000Z,1784036491166,85.14
session-1784036780900-38r373,24:EC:4A:C7:F5:3A,custom-11f9db6b38bd,703,2026-07-14T13:41:31.254000Z,1784036491254,85.16
session-1784036780900-38r373,24:EC:4A:C7:F5:3A,custom-11f9db6b38bd,704,2026-07-14T13:41:31.406000Z,1784036491406,85.63
session-1784036780900-38r373,24:EC:4A:C7:F5:3A,custom-11f9db6b38bd,705,2026-07-14T13:41:31.480000Z,1784036491480,85.63
session-1784036780900-38r373,24:EC:4A:C7:F5:3A,custom-11f9db6b38bd,706,2026-07-14T13:41:31.570000Z,1784036491570,85.61
session-1784036780900-38r373,24:EC:4A:C7:F5:3A,custom-11f9db6b38bd,707,2026-07-14T13:41:31.661000Z,1784036491661,85.61
session-1784036780900-38r373,24:EC:4A:C7:F5:3A,custom-11f9db6b38bd,708,2026-07-14T13:41:31.796000Z,1784036491796,85.61
session-1784036780900-38r373,24:EC:4A:C7:F5:3A,custom-11f9db6b38bd,709,2026-07-14T13:41:31.884000Z,1784036491884,85.61
session-1784036780900-38r373,24:EC:4A:C7:F5:3A,custom-11f9db6b38bd,710,2026-07-14T13:41:31.975000Z,1784036491975,85.12
session-1784036780900-38r373,24:EC:4A:C7:F5:3A,custom-11f9db6b38bd,711,2026-07-14T13:41:32.066000Z,1784036492066,85.12
session-1784036780900-38r373,24:EC:4A:C7:F5:3A,custom-11f9db6b38bd,712,2026-07-14T13:41:32.157000Z,1784036492157,85.63
session-1784036780900-38r373,24:EC:4A:C7:F5:3A,custom-11f9db6b38bd,713,2026-07-14T13:41:32.307000Z,1784036492307,85.56
session-1784036780900-38r373,24:EC:4A:C7:F5:3A,custom-11f9db6b38bd,714,2026-07-14T13:41:32.380000Z,1784036492380,85.57
session-1784036780900-38r373,24:EC:4A:C7:F5:3A,custom-11f9db6b38bd,715,2026-07-14T13:41:32.471000Z,1784036492471,85.1
session-1784036780900-38r373,24:EC:4A:C7:F5:3A,custom-11f9db6b38bd,716,2026-07-14T13:41:32.559000Z,1784036492559,85.57
session-1784036780900-38r373,24:EC:4A:C7:F5:3A,custom-11f9db6b38bd,717,2026-07-14T13:41:32.696000Z,1784036492696,85.5
session-1784036780900-38r373,24:EC:4A:C7:F5:3A,custom-11f9db6b38bd,718,2026-07-14T13:41:32.786000Z,1784036492786,85.56
session-1784036780900-38r373,24:EC:4A:C7:F5:3A,custom-11f9db6b38bd,719,2026-07-14T13:41:32.877000Z,1784036492877,86.03
session-1784036780900-38r373,24:EC:4A:C7:F5:3A,custom-11f9db6b38bd,720,2026-07-14T13:41:32.967000Z,1784036492967,85.68
session-1784036780900-38r373,24:EC:4A:C7:F5:3A,custom-11f9db6b38bd,721,2026-07-14T13:41:33.057000Z,1784036493057,85.33
session-1784036780900-38r373,24:EC:4A:C7:F5:3A,custom-11f9db6b38bd,722,2026-07-14T13:41:33.208000Z,1784036493208,85.37
session-1784036780900-38r373,24:EC:4A:C7:F5:3A,custom-11f9db6b38bd,723,2026-07-14T13:41:33.280000Z,1784036493280,85.37
session-1784036780900-38r373,24:EC:4A:C7:F5:3A,custom-11f9db6b38bd,724,2026-07-14T13:41:33.371000Z,1784036493371,85.28
session-1784036780900-38r373,24:EC:4A:C7:F5:3A,custom-11f9db6b38bd,725,2026-07-14T13:41:33.461000Z,1784036493461,85.71
session-1784036780900-38r373,24:EC:4A:C7:F5:3A,custom-11f9db6b38bd,726,2026-07-14T13:41:33.596000Z,1784036493596,85.7
session-1784036780900-38r373,24:EC:4A:C7:F5:3A,custom-11f9db6b38bd,727,2026-07-14T13:41:33.685000Z,1784036493685,86.15
session-1784036780900-38r373,24:EC:4A:C7:F5:3A,custom-11f9db6b38bd,728,2026-07-14T13:41:33.777000Z,1784036493777,86.2
session-1784036780900-38r373,24:EC:4A:C7:F5:3A,custom-11f9db6b38bd,729,2026-07-14T13:41:33.866000Z,1784036493866,85.73
session-1784036780900-38r373,24:EC:4A:C7:F5:3A,custom-11f9db6b38bd,730,2026-07-14T13:41:33.957000Z,1784036493957,85.7
session-1784036780900-38r373,24:EC:4A:C7:F5:3A,custom-11f9db6b38bd,731,2026-07-14T13:41:34.109000Z,1784036494109,85.7
session-1784036780900-38r373,24:EC:4A:C7:F5:3A,custom-11f9db6b38bd,732,2026-07-14T13:41:34.181000Z,1784036494181,85.23
session-1784036780900-38r373,24:EC:4A:C7:F5:3A,custom-11f9db6b38bd,733,2026-07-14T13:41:34.271000Z,1784036494271,85.66
session-1784036780900-38r373,24:EC:4A:C7:F5:3A,custom-11f9db6b38bd,734,2026-07-14T13:41:34.362000Z,1784036494362,86.13
session-1784036780900-38r373,24:EC:4A:C7:F5:3A,custom-11f9db6b38bd,735,2026-07-14T13:41:34.513000Z,1784036494513,85.68
session-1784036780900-38r373,24:EC:4A:C7:F5:3A,custom-11f9db6b38bd,736,2026-07-14T13:41:34.585000Z,1784036494585,85.24
session-1784036780900-38r373,24:EC:4A:C7:F5:3A,custom-11f9db6b38bd,737,2026-07-14T13:41:34.676000Z,1784036494676,85.68
session-1784036780900-38r373,24:EC:4A:C7:F5:3A,custom-11f9db6b38bd,738,2026-07-14T13:41:34.766000Z,1784036494766,85.57
session-1784036780900-38r373,24:EC:4A:C7:F5:3A,custom-11f9db6b38bd,739,2026-07-14T13:41:34.855000Z,1784036494855,85.73
session-1784036780900-38r373,24:EC:4A:C7:F5:3A,custom-11f9db6b38bd,740,2026-07-14T13:41:35.006000Z,1784036495006,85.14
session-1784036780900-38r373,24:EC:4A:C7:F5:3A,custom-11f9db6b38bd,741,2026-07-14T13:41:35.080000Z,1784036495080,85.57
session-1784036780900-38r373,24:EC:4A:C7:F5:3A,custom-11f9db6b38bd,742,2026-07-14T13:41:35.171000Z,1784036495171,85.99
session-1784036780900-38r373,24:EC:4A:C7:F5:3A,custom-11f9db6b38bd,743,2026-07-14T13:41:35.261000Z,1784036495261,85.63
session-1784036780900-38r373,24:EC:4A:C7:F5:3A,custom-11f9db6b38bd,744,2026-07-14T13:41:35.396000Z,1784036495396,85.71
session-1784036780900-38r373,24:EC:4A:C7:F5:3A,custom-11f9db6b38bd,745,2026-07-14T13:41:35.486000Z,1784036495486,85.16
session-1784036780900-38r373,24:EC:4A:C7:F5:3A,custom-11f9db6b38bd,746,2026-07-14T13:41:35.576000Z,1784036495576,85.71
session-1784036780900-38r373,24:EC:4A:C7:F5:3A,custom-11f9db6b38bd,747,2026-07-14T13:41:35.666000Z,1784036495666,85.7
session-1784036780900-38r373,24:EC:4A:C7:F5:3A,custom-11f9db6b38bd,748,2026-07-14T13:41:35.756000Z,1784036495756,85.7
session-1784036780900-38r373,24:EC:4A:C7:F5:3A,custom-11f9db6b38bd,749,2026-07-14T13:41:35.907000Z,1784036495907,85.57
session-1784036780900-38r373,24:EC:4A:C7:F5:3A,custom-11f9db6b38bd,750,2026-07-14T13:41:35.981000Z,1784036495981,85.61
session-1784036780900-38r373,24:EC:4A:C7:F5:3A,custom-11f9db6b38bd,751,2026-07-14T13:41:36.070000Z,1784036496070,85.59
session-1784036780900-38r373,24:EC:4A:C7:F5:3A,custom-11f9db6b38bd,752,2026-07-14T13:41:36.161000Z,1784036496161,85.61
session-1784036780900-38r373,24:EC:4A:C7:F5:3A,custom-11f9db6b38bd,753,2026-07-14T13:41:36.296000Z,1784036496296,85.63
session-1784036780900-38r373,24:EC:4A:C7:F5:3A,custom-11f9db6b38bd,754,2026-07-14T13:41:36.385000Z,1784036496385,85.52
session-1784036780900-38r373,24:EC:4A:C7:F5:3A,custom-11f9db6b38bd,755,2026-07-14T13:41:36.474000Z,1784036496474,85.52
session-1784036780900-38r373,24:EC:4A:C7:F5:3A,custom-11f9db6b38bd,756,2026-07-14T13:41:36.567000Z,1784036496567,85.54
session-1784036780900-38r373,24:EC:4A:C7:F5:3A,custom-11f9db6b38bd,757,2026-07-14T13:41:36.656000Z,1784036496656,85.52
session-1784036780900-38r373,24:EC:4A:C7:F5:3A,custom-11f9db6b38bd,758,2026-07-14T13:41:36.807000Z,1784036496807,85.49
session-1784036780900-38r373,24:EC:4A:C7:F5:3A,custom-11f9db6b38bd,759,2026-07-14T13:41:36.880000Z,1784036496880,86.01
session-1784036780900-38r373,24:EC:4A:C7:F5:3A,custom-11f9db6b38bd,760,2026-07-14T13:41:36.973000Z,1784036496973,85.59
session-1784036780900-38r373,24:EC:4A:C7:F5:3A,custom-11f9db6b38bd,761,2026-07-14T13:41:37.062000Z,1784036497062,85.16
session-1784036780900-38r373,24:EC:4A:C7:F5:3A,custom-11f9db6b38bd,762,2026-07-14T13:41:37.196000Z,1784036497196,85.28
session-1784036780900-38r373,24:EC:4A:C7:F5:3A,custom-11f9db6b38bd,763,2026-07-14T13:41:37.287000Z,1784036497287,85.28
session-1784036780900-38r373,24:EC:4A:C7:F5:3A,custom-11f9db6b38bd,764,2026-07-14T13:41:37.421000Z,1784036497421,85.12
session-1784036780900-38r373,24:EC:4A:C7:F5:3A,custom-11f9db6b38bd,765,2026-07-14T13:41:37.465000Z,1784036497465,85.63
session-1784036780900-38r373,24:EC:4A:C7:F5:3A,custom-11f9db6b38bd,766,2026-07-14T13:41:37.556000Z,1784036497556,85.61
session-1784036780900-38r373,24:EC:4A:C7:F5:3A,custom-11f9db6b38bd,767,2026-07-14T13:41:37.707000Z,1784036497707,85.61
session-1784036780900-38r373,24:EC:4A:C7:F5:3A,custom-11f9db6b38bd,768,2026-07-14T13:41:37.780000Z,1784036497780,85.59
session-1784036780900-38r373,24:EC:4A:C7:F5:3A,custom-11f9db6b38bd,769,2026-07-14T13:41:37.871000Z,1784036497871,85.61
session-1784036780900-38r373,24:EC:4A:C7:F5:3A,custom-11f9db6b38bd,770,2026-07-14T13:41:37.960000Z,1784036497960,85.57
session-1784036780900-38r373,24:EC:4A:C7:F5:3A,custom-11f9db6b38bd,771,2026-07-14T13:41:38.095000Z,1784036498095,85.59
session-1784036780900-38r373,24:EC:4A:C7:F5:3A,custom-11f9db6b38bd,772,2026-07-14T13:41:38.187000Z,1784036498187,85.5
session-1784036780900-38r373,24:EC:4A:C7:F5:3A,custom-11f9db6b38bd,773,2026-07-14T13:41:38.275000Z,1784036498275,85.52
session-1784036780900-38r373,24:EC:4A:C7:F5:3A,custom-11f9db6b38bd,774,2026-07-14T13:41:38.365000Z,1784036498365,85.52
session-1784036780900-38r373,24:EC:4A:C7:F5:3A,custom-11f9db6b38bd,775,2026-07-14T13:41:38.456000Z,1784036498456,85.5
session-1784036780900-38r373,24:EC:4A:C7:F5:3A,custom-11f9db6b38bd,776,2026-07-14T13:41:38.607000Z,1784036498607,85.49
session-1784036780900-38r373,24:EC:4A:C7:F5:3A,custom-11f9db6b38bd,777,2026-07-14T13:41:38.681000Z,1784036498681,85.56
session-1784036780900-38r373,24:EC:4A:C7:F5:3A,custom-11f9db6b38bd,778,2026-07-14T13:41:38.770000Z,1784036498770,85.54
session-1784036780900-38r373,24:EC:4A:C7:F5:3A,custom-11f9db6b38bd,779,2026-07-14T13:41:38.884000Z,1784036498884,85.1
session-1784036780900-38r373,24:EC:4A:C7:F5:3A,custom-11f9db6b38bd,780,2026-07-14T13:41:38.996000Z,1784036498996,85.56
session-1784036780900-38r373,24:EC:4A:C7:F5:3A,custom-11f9db6b38bd,781,2026-07-14T13:41:39.130000Z,1784036499130,85.61
session-1784036780900-38r373,24:EC:4A:C7:F5:3A,custom-11f9db6b38bd,782,2026-07-14T13:41:39.176000Z,1784036499176,85.61
session-1784036780900-38r373,24:EC:4A:C7:F5:3A,custom-11f9db6b38bd,783,2026-07-14T13:41:39.265000Z,1784036499265,85.09
session-1784036780900-38r373,24:EC:4A:C7:F5:3A,custom-11f9db6b38bd,784,2026-07-14T13:41:39.353000Z,1784036499353,85.09
session-1784036780900-38r373,24:EC:4A:C7:F5:3A,custom-11f9db6b38bd,785,2026-07-14T13:41:39.505000Z,1784036499505,85.03
session-1784036780900-38r373,24:EC:4A:C7:F5:3A,custom-11f9db6b38bd,786,2026-07-14T13:41:39.580000Z,1784036499580,85.49
session-1784036780900-38r373,24:EC:4A:C7:F5:3A,custom-11f9db6b38bd,787,2026-07-14T13:41:39.671000Z,1784036499671,85.49
session-1784036780900-38r373,24:EC:4A:C7:F5:3A,custom-11f9db6b38bd,788,2026-07-14T13:41:39.760000Z,1784036499760,85.54
session-1784036780900-38r373,24:EC:4A:C7:F5:3A,custom-11f9db6b38bd,789,2026-07-14T13:41:39.896000Z,1784036499896,85.98
session-1784036780900-38r373,24:EC:4A:C7:F5:3A,custom-11f9db6b38bd,790,2026-07-14T13:41:40.030000Z,1784036500030,85.96
session-1784036780900-38r373,24:EC:4A:C7:F5:3A,custom-11f9db6b38bd,791,2026-07-14T13:41:40.075000Z,1784036500075,85.56
session-1784036780900-38r373,24:EC:4A:C7:F5:3A,custom-11f9db6b38bd,792,2026-07-14T13:41:40.166000Z,1784036500166,85.56
session-1784036780900-38r373,24:EC:4A:C7:F5:3A,custom-11f9db6b38bd,793,2026-07-14T13:41:40.300000Z,1784036500300,85.59
session-1784036780900-38r373,24:EC:4A:C7:F5:3A,custom-11f9db6b38bd,794,2026-07-14T13:41:40.392000Z,1784036500392,85.59
session-1784036780900-38r373,24:EC:4A:C7:F5:3A,custom-11f9db6b38bd,795,2026-07-14T13:41:40.479000Z,1784036500479,85.56
session-1784036780900-38r373,24:EC:4A:C7:F5:3A,custom-11f9db6b38bd,796,2026-07-14T13:41:40.571000Z,1784036500571,85.59
session-1784036780900-38r373,24:EC:4A:C7:F5:3A,custom-11f9db6b38bd,797,2026-07-14T13:41:40.662000Z,1784036500662,85.61
session-1784036780900-38r373,24:EC:4A:C7:F5:3A,custom-11f9db6b38bd,798,2026-07-14T13:41:40.812000Z,1784036500812,85.54
session-1784036780900-38r373,24:EC:4A:C7:F5:3A,custom-11f9db6b38bd,799,2026-07-14T13:41:40.885000Z,1784036500885,85.57
session-1784036780900-38r373,24:EC:4A:C7:F5:3A,custom-11f9db6b38bd,800,2026-07-14T13:41:40.975000Z,1784036500975,85.63
session-1784036780900-38r373,24:EC:4A:C7:F5:3A,custom-11f9db6b38bd,801,2026-07-14T13:41:41.066000Z,1784036501066,85.63
session-1784036780900-38r373,24:EC:4A:C7:F5:3A,custom-11f9db6b38bd,802,2026-07-14T13:41:41.156000Z,1784036501156,85.57
session-1784036780900-38r373,24:EC:4A:C7:F5:3A,custom-11f9db6b38bd,803,2026-07-14T13:41:41.307000Z,1784036501307,85.59
session-1784036780900-38r373,24:EC:4A:C7:F5:3A,custom-11f9db6b38bd,804,2026-07-14T13:41:41.380000Z,1784036501380,85.12
session-1784036780900-38r373,24:EC:4A:C7:F5:3A,custom-11f9db6b38bd,805,2026-07-14T13:41:41.470000Z,1784036501470,85.12
session-1784036780900-38r373,24:EC:4A:C7:F5:3A,custom-11f9db6b38bd,806,2026-07-14T13:41:41.561000Z,1784036501561,85.09
session-1784036780900-38r373,24:EC:4A:C7:F5:3A,custom-11f9db6b38bd,807,2026-07-14T13:41:41.695000Z,1784036501695,85.09
session-1784036780900-38r373,24:EC:4A:C7:F5:3A,custom-11f9db6b38bd,808,2026-07-14T13:41:41.786000Z,1784036501786,85.59
session-1784036780900-38r373,24:EC:4A:C7:F5:3A,custom-11f9db6b38bd,809,2026-07-14T13:41:41.876000Z,1784036501876,85.16
session-1784036780900-38r373,24:EC:4A:C7:F5:3A,custom-11f9db6b38bd,810,2026-07-14T13:41:41.966000Z,1784036501966,85.14
session-1784036780900-38r373,24:EC:4A:C7:F5:3A,custom-11f9db6b38bd,811,2026-07-14T13:41:42.057000Z,1784036502057,85.64
session-1784036780900-38r373,24:EC:4A:C7:F5:3A,custom-11f9db6b38bd,812,2026-07-14T13:41:42.207000Z,1784036502207,85.61
session-1784036780900-38r373,24:EC:4A:C7:F5:3A,custom-11f9db6b38bd,813,2026-07-14T13:41:42.281000Z,1784036502281,85.56
session-1784036780900-38r373,24:EC:4A:C7:F5:3A,custom-11f9db6b38bd,814,2026-07-14T13:41:42.371000Z,1784036502371,85.57
session-1784036780900-38r373,24:EC:4A:C7:F5:3A,custom-11f9db6b38bd,815,2026-07-14T13:41:42.460000Z,1784036502460,85.59
session-1784036780900-38r373,24:EC:4A:C7:F5:3A,custom-11f9db6b38bd,816,2026-07-14T13:41:42.611000Z,1784036502611,85.59
session-1784036780900-38r373,24:EC:4A:C7:F5:3A,custom-11f9db6b38bd,817,2026-07-14T13:41:42.687000Z,1784036502687,86.06
session-1784036780900-38r373,24:EC:4A:C7:F5:3A,custom-11f9db6b38bd,818,2026-07-14T13:41:42.775000Z,1784036502775,85.56
session-1784036780900-38r373,24:EC:4A:C7:F5:3A,custom-11f9db6b38bd,819,2026-07-14T13:41:42.912000Z,1784036502912,85.61
session-1784036780900-38r373,24:EC:4A:C7:F5:3A,custom-11f9db6b38bd,820,2026-07-14T13:41:42.955000Z,1784036502955,85.73
session-1784036780900-38r373,24:EC:4A:C7:F5:3A,custom-11f9db6b38bd,821,2026-07-14T13:41:43.107000Z,1784036503107,85.19
session-1784036780900-38r373,24:EC:4A:C7:F5:3A,custom-11f9db6b38bd,822,2026-07-14T13:41:43.180000Z,1784036503180,85.17
session-1784036780900-38r373,24:EC:4A:C7:F5:3A,custom-11f9db6b38bd,823,2026-07-14T13:41:43.271000Z,1784036503271,85.61
session-1784036780900-38r373,24:EC:4A:C7:F5:3A,custom-11f9db6b38bd,824,2026-07-14T13:41:43.361000Z,1784036503361,85.63
session-1784036780900-38r373,24:EC:4A:C7:F5:3A,custom-11f9db6b38bd,825,2026-07-14T13:41:43.496000Z,1784036503496,85.63
session-1784036780900-38r373,24:EC:4A:C7:F5:3A,custom-11f9db6b38bd,826,2026-07-14T13:41:43.587000Z,1784036503587,85.61
session-1784036780900-38r373,24:EC:4A:C7:F5:3A,custom-11f9db6b38bd,827,2026-07-14T13:41:43.677000Z,1784036503677,85.61
session-1784036780900-38r373,24:EC:4A:C7:F5:3A,custom-11f9db6b38bd,828,2026-07-14T13:41:43.765000Z,1784036503765,85.71
session-1784036780900-38r373,24:EC:4A:C7:F5:3A,custom-11f9db6b38bd,829,2026-07-14T13:41:43.901000Z,1784036503901,85.7
session-1784036780900-38r373,24:EC:4A:C7:F5:3A,custom-11f9db6b38bd,830,2026-07-14T13:41:43.991000Z,1784036503991,85.12
session-1784036780900-38r373,24:EC:4A:C7:F5:3A,custom-11f9db6b38bd,831,2026-07-14T13:41:44.080000Z,1784036504080,85.17
session-1784036780900-38r373,24:EC:4A:C7:F5:3A,custom-11f9db6b38bd,832,2026-07-14T13:41:44.168000Z,1784036504168,85.64
session-1784036780900-38r373,24:EC:4A:C7:F5:3A,custom-11f9db6b38bd,833,2026-07-14T13:41:44.260000Z,1784036504260,85.57
session-1784036780900-38r373,24:EC:4A:C7:F5:3A,custom-11f9db6b38bd,834,2026-07-14T13:41:44.396000Z,1784036504396,85.61
session-1784036780900-38r373,24:EC:4A:C7:F5:3A,custom-11f9db6b38bd,835,2026-07-14T13:41:44.485000Z,1784036504485,85.59
session-1784036780900-38r373,24:EC:4A:C7:F5:3A,custom-11f9db6b38bd,836,2026-07-14T13:41:44.575000Z,1784036504575,85.57
session-1784036780900-38r373,24:EC:4A:C7:F5:3A,custom-11f9db6b38bd,837,2026-07-14T13:41:44.666000Z,1784036504666,85.99
session-1784036780900-38r373,24:EC:4A:C7:F5:3A,custom-11f9db6b38bd,838,2026-07-14T13:41:44.756000Z,1784036504756,85.71
session-1784036780900-38r373,24:EC:4A:C7:F5:3A,custom-11f9db6b38bd,839,2026-07-14T13:41:44.907000Z,1784036504907,85.16
session-1784036780900-38r373,24:EC:4A:C7:F5:3A,custom-11f9db6b38bd,840,2026-07-14T13:41:44.980000Z,1784036504980,85.28
session-1784036780900-38r373,24:EC:4A:C7:F5:3A,custom-11f9db6b38bd,841,2026-07-14T13:41:45.070000Z,1784036505070,85.75
session-1784036780900-38r373,24:EC:4A:C7:F5:3A,custom-11f9db6b38bd,842,2026-07-14T13:41:45.161000Z,1784036505161,85.61
session-1784036780900-38r373,24:EC:4A:C7:F5:3A,custom-11f9db6b38bd,843,2026-07-14T13:41:45.295000Z,1784036505295,85.57
session-1784036780900-38r373,24:EC:4A:C7:F5:3A,custom-11f9db6b38bd,844,2026-07-14T13:41:45.385000Z,1784036505385,85.71
session-1784036780900-38r373,24:EC:4A:C7:F5:3A,custom-11f9db6b38bd,845,2026-07-14T13:41:45.475000Z,1784036505475,85.59
session-1784036780900-38r373,24:EC:4A:C7:F5:3A,custom-11f9db6b38bd,846,2026-07-14T13:41:45.566000Z,1784036505566,85.71
session-1784036780900-38r373,24:EC:4A:C7:F5:3A,custom-11f9db6b38bd,847,2026-07-14T13:41:45.655000Z,1784036505655,85.68
session-1784036780900-38r373,24:EC:4A:C7:F5:3A,custom-11f9db6b38bd,848,2026-07-14T13:41:45.806000Z,1784036505806,85.68
session-1784036780900-38r373,24:EC:4A:C7:F5:3A,custom-11f9db6b38bd,849,2026-07-14T13:41:45.879000Z,1784036505879,85.71
session-1784036780900-38r373,24:EC:4A:C7:F5:3A,custom-11f9db6b38bd,850,2026-07-14T13:41:45.970000Z,1784036505970,85.7
session-1784036780900-38r373,24:EC:4A:C7:F5:3A,custom-11f9db6b38bd,851,2026-07-14T13:41:46.060000Z,1784036506060,85.68
session-1784036780900-38r373,24:EC:4A:C7:F5:3A,custom-11f9db6b38bd,852,2026-07-14T13:41:46.196000Z,1784036506196,85.73
session-1784036780900-38r373,24:EC:4A:C7:F5:3A,custom-11f9db6b38bd,853,2026-07-14T13:41:46.287000Z,1784036506287,85.75
session-1784036780900-38r373,24:EC:4A:C7:F5:3A,custom-11f9db6b38bd,854,2026-07-14T13:41:46.375000Z,1784036506375,85.71
session-1784036780900-38r373,24:EC:4A:C7:F5:3A,custom-11f9db6b38bd,855,2026-07-14T13:41:46.464000Z,1784036506464,85.68
session-1784036780900-38r373,24:EC:4A:C7:F5:3A,custom-11f9db6b38bd,856,2026-07-14T13:41:46.556000Z,1784036506556,85.71
session-1784036780900-38r373,24:EC:4A:C7:F5:3A,custom-11f9db6b38bd,857,2026-07-14T13:41:46.707000Z,1784036506707,85.3
session-1784036780900-38r373,24:EC:4A:C7:F5:3A,custom-11f9db6b38bd,858,2026-07-14T13:41:46.781000Z,1784036506781,85.3
session-1784036780900-38r373,24:EC:4A:C7:F5:3A,custom-11f9db6b38bd,859,2026-07-14T13:41:46.870000Z,1784036506870,85.75
session-1784036780900-38r373,24:EC:4A:C7:F5:3A,custom-11f9db6b38bd,860,2026-07-14T13:41:46.961000Z,1784036506961,85.7
session-1784036780900-38r373,24:EC:4A:C7:F5:3A,custom-11f9db6b38bd,861,2026-07-14T13:41:47.095000Z,1784036507095,85.7
session-1784036780900-38r373,24:EC:4A:C7:F5:3A,custom-11f9db6b38bd,862,2026-07-14T13:41:47.186000Z,1784036507186,85.68
session-1784036780900-38r373,24:EC:4A:C7:F5:3A,custom-11f9db6b38bd,863,2026-07-14T13:41:47.275000Z,1784036507275,85.73
session-1784036780900-38r373,24:EC:4A:C7:F5:3A,custom-11f9db6b38bd,864,2026-07-14T13:41:47.366000Z,1784036507366,85.73
session-1784036780900-38r373,24:EC:4A:C7:F5:3A,custom-11f9db6b38bd,865,2026-07-14T13:41:47.454000Z,1784036507454,85.71
session-1784036780900-38r373,24:EC:4A:C7:F5:3A,custom-11f9db6b38bd,866,2026-07-14T13:41:47.605000Z,1784036507605,85.7
session-1784036780900-38r373,24:EC:4A:C7:F5:3A,custom-11f9db6b38bd,867,2026-07-14T13:41:47.681000Z,1784036507681,85.71
session-1784036780900-38r373,24:EC:4A:C7:F5:3A,custom-11f9db6b38bd,868,2026-07-14T13:41:47.770000Z,1784036507770,85.7
session-1784036780900-38r373,24:EC:4A:C7:F5:3A,custom-11f9db6b38bd,869,2026-07-14T13:41:47.860000Z,1784036507860,85.73
session-1784036780900-38r373,24:EC:4A:C7:F5:3A,custom-11f9db6b38bd,870,2026-07-14T13:41:47.994000Z,1784036507994,85.71
session-1784036780900-38r373,24:EC:4A:C7:F5:3A,custom-11f9db6b38bd,871,2026-07-14T13:41:48.131000Z,1784036508131,85.61
session-1784036780900-38r373,24:EC:4A:C7:F5:3A,custom-11f9db6b38bd,872,2026-07-14T13:41:48.175000Z,1784036508175,86.15
session-1784036780900-38r373,24:EC:4A:C7:F5:3A,custom-11f9db6b38bd,873,2026-07-14T13:41:48.265000Z,1784036508265,85.71
session-1784036780900-38r373,24:EC:4A:C7:F5:3A,custom-11f9db6b38bd,874,2026-07-14T13:41:48.354000Z,1784036508354,85.68
session-1784036780900-38r373,24:EC:4A:C7:F5:3A,custom-11f9db6b38bd,875,2026-07-14T13:41:48.505000Z,1784036508505,85.57
session-1784036780900-38r373,24:EC:4A:C7:F5:3A,custom-11f9db6b38bd,876,2026-07-14T13:41:48.580000Z,1784036508580,86.15
session-1784036780900-38r373,24:EC:4A:C7:F5:3A,custom-11f9db6b38bd,877,2026-07-14T13:41:48.671000Z,1784036508671,85.71
session-1784036780900-38r373,24:EC:4A:C7:F5:3A,custom-11f9db6b38bd,878,2026-07-14T13:41:48.760000Z,1784036508760,85.7
session-1784036780900-38r373,24:EC:4A:C7:F5:3A,custom-11f9db6b38bd,879,2026-07-14T13:41:48.896000Z,1784036508896,85.7
session-1784036780900-38r373,24:EC:4A:C7:F5:3A,custom-11f9db6b38bd,880,2026-07-14T13:41:48.986000Z,1784036508986,85.57
session-1784036780900-38r373,24:EC:4A:C7:F5:3A,custom-11f9db6b38bd,881,2026-07-14T13:41:49.076000Z,1784036509076,85.73
session-1784036780900-38r373,24:EC:4A:C7:F5:3A,custom-11f9db6b38bd,882,2026-07-14T13:41:49.167000Z,1784036509167,85.7
session-1784036780900-38r373,24:EC:4A:C7:F5:3A,custom-11f9db6b38bd,883,2026-07-14T13:41:49.256000Z,1784036509256,85.59
session-1784036780900-38r373,24:EC:4A:C7:F5:3A,custom-11f9db6b38bd,884,2026-07-14T13:41:49.407000Z,1784036509407,85.73
session-1784036780900-38r373,24:EC:4A:C7:F5:3A,custom-11f9db6b38bd,885,2026-07-14T13:41:49.481000Z,1784036509481,85.73
session-1784036780900-38r373,24:EC:4A:C7:F5:3A,custom-11f9db6b38bd,886,2026-07-14T13:41:49.570000Z,1784036509570,85.73
session-1784036780900-38r373,24:EC:4A:C7:F5:3A,custom-11f9db6b38bd,887,2026-07-14T13:41:49.661000Z,1784036509661,85.73
session-1784036780900-38r373,24:EC:4A:C7:F5:3A,custom-11f9db6b38bd,888,2026-07-14T13:41:49.795000Z,1784036509795,85.7
session-1784036780900-38r373,24:EC:4A:C7:F5:3A,custom-11f9db6b38bd,889,2026-07-14T13:41:49.930000Z,1784036509930,85.7
session-1784036780900-38r373,24:EC:4A:C7:F5:3A,custom-11f9db6b38bd,890,2026-07-14T13:41:49.976000Z,1784036509976,85.68
session-1784036780900-38r373,24:EC:4A:C7:F5:3A,custom-11f9db6b38bd,891,2026-07-14T13:41:50.066000Z,1784036510066,85.73
session-1784036780900-38r373,24:EC:4A:C7:F5:3A,custom-11f9db6b38bd,892,2026-07-14T13:41:50.157000Z,1784036510157,85.16
session-1784036780900-38r373,24:EC:4A:C7:F5:3A,custom-11f9db6b38bd,893,2026-07-14T13:41:50.307000Z,1784036510307,85.71
session-1784036780900-38r373,24:EC:4A:C7:F5:3A,custom-11f9db6b38bd,894,2026-07-14T13:41:50.378000Z,1784036510378,85.7
session-1784036780900-38r373,24:EC:4A:C7:F5:3A,custom-11f9db6b38bd,895,2026-07-14T13:41:50.468000Z,1784036510468,85.56
session-1784036780900-38r373,24:EC:4A:C7:F5:3A,custom-11f9db6b38bd,896,2026-07-14T13:41:50.604000Z,1784036510604,85.63
session-1784036780900-38r373,24:EC:4A:C7:F5:3A,custom-11f9db6b38bd,897,2026-07-14T13:41:50.694000Z,1784036510694,85.68
session-1784036780900-38r373,24:EC:4A:C7:F5:3A,custom-11f9db6b38bd,898,2026-07-14T13:41:50.784000Z,1784036510784,85.7
session-1784036780900-38r373,24:EC:4A:C7:F5:3A,custom-11f9db6b38bd,899,2026-07-14T13:41:50.874000Z,1784036510874,85.66
session-1784036780900-38r373,24:EC:4A:C7:F5:3A,custom-11f9db6b38bd,900,2026-07-14T13:41:50.965000Z,1784036510965,85.7
session-1784036780900-38r373,24:EC:4A:C7:F5:3A,custom-11f9db6b38bd,901,2026-07-14T13:41:51.056000Z,1784036511056,85.19
session-1784036780900-38r373,24:EC:4A:C7:F5:3A,custom-11f9db6b38bd,902,2026-07-14T13:41:51.208000Z,1784036511208,85.28
session-1784036780900-38r373,24:EC:4A:C7:F5:3A,custom-11f9db6b38bd,903,2026-07-14T13:41:51.280000Z,1784036511280,85.3
session-1784036780900-38r373,24:EC:4A:C7:F5:3A,custom-11f9db6b38bd,904,2026-07-14T13:41:51.369000Z,1784036511369,85.28
session-1784036780900-38r373,24:EC:4A:C7:F5:3A,custom-11f9db6b38bd,905,2026-07-14T13:41:51.459000Z,1784036511459,85.26
session-1784036780900-38r373,24:EC:4A:C7:F5:3A,custom-11f9db6b38bd,906,2026-07-14T13:41:51.596000Z,1784036511596,85.73
session-1784036780900-38r373,24:EC:4A:C7:F5:3A,custom-11f9db6b38bd,907,2026-07-14T13:41:51.684000Z,1784036511684,85.31
session-1784036780900-38r373,24:EC:4A:C7:F5:3A,custom-11f9db6b38bd,908,2026-07-14T13:41:51.774000Z,1784036511774,85.75
session-1784036780900-38r373,24:EC:4A:C7:F5:3A,custom-11f9db6b38bd,909,2026-07-14T13:41:51.865000Z,1784036511865,85.78
session-1784036780900-38r373,24:EC:4A:C7:F5:3A,custom-11f9db6b38bd,910,2026-07-14T13:41:51.955000Z,1784036511955,85.77
session-1784036780900-38r373,24:EC:4A:C7:F5:3A,custom-11f9db6b38bd,911,2026-07-14T13:41:52.106000Z,1784036512106,85.8
session-1784036780900-38r373,24:EC:4A:C7:F5:3A,custom-11f9db6b38bd,912,2026-07-14T13:41:52.226000Z,1784036512226,85.75
session-1784036780900-38r373,24:EC:4A:C7:F5:3A,custom-11f9db6b38bd,913,2026-07-14T13:41:52.269000Z,1784036512269,85.71
session-1784036780900-38r373,24:EC:4A:C7:F5:3A,custom-11f9db6b38bd,914,2026-07-14T13:41:52.421000Z,1784036512421,85.8
session-1784036780900-38r373,24:EC:4A:C7:F5:3A,custom-11f9db6b38bd,915,2026-07-14T13:41:52.494000Z,1784036512494,85.73
session-1784036780900-38r373,24:EC:4A:C7:F5:3A,custom-11f9db6b38bd,916,2026-07-14T13:41:52.629000Z,1784036512629,85.78
session-1784036780900-38r373,24:EC:4A:C7:F5:3A,custom-11f9db6b38bd,917,2026-07-14T13:41:52.676000Z,1784036512676,85.71
session-1784036780900-38r373,24:EC:4A:C7:F5:3A,custom-11f9db6b38bd,918,2026-07-14T13:41:52.765000Z,1784036512765,85.7
session-1784036780900-38r373,24:EC:4A:C7:F5:3A,custom-11f9db6b38bd,919,2026-07-14T13:41:52.856000Z,1784036512856,85.68
session-1784036780900-38r373,24:EC:4A:C7:F5:3A,custom-11f9db6b38bd,920,2026-07-14T13:41:53.008000Z,1784036513008,86.15
session-1784036780900-38r373,24:EC:4A:C7:F5:3A,custom-11f9db6b38bd,921,2026-07-14T13:41:53.081000Z,1784036513081,85.73
session-1784036780900-38r373,24:EC:4A:C7:F5:3A,custom-11f9db6b38bd,922,2026-07-14T13:41:53.169000Z,1784036513169,85.73
session-1784036780900-38r373,24:EC:4A:C7:F5:3A,custom-11f9db6b38bd,923,2026-07-14T13:41:53.260000Z,1784036513260,85.68
session-1784036780900-38r373,24:EC:4A:C7:F5:3A,custom-11f9db6b38bd,924,2026-07-14T13:41:53.396000Z,1784036513396,85.3
session-1784036780900-38r373,24:EC:4A:C7:F5:3A,custom-11f9db6b38bd,925,2026-07-14T13:41:53.485000Z,1784036513485,85.3
session-1784036780900-38r373,24:EC:4A:C7:F5:3A,custom-11f9db6b38bd,926,2026-07-14T13:41:53.576000Z,1784036513576,85.7
session-1784036780900-38r373,24:EC:4A:C7:F5:3A,custom-11f9db6b38bd,927,2026-07-14T13:41:53.667000Z,1784036513667,85.7
session-1784036780900-38r373,24:EC:4A:C7:F5:3A,custom-11f9db6b38bd,928,2026-07-14T13:41:53.756000Z,1784036513756,85.68
session-1784036780900-38r373,24:EC:4A:C7:F5:3A,custom-11f9db6b38bd,929,2026-07-14T13:41:53.907000Z,1784036513907,85.26
session-1784036780900-38r373,24:EC:4A:C7:F5:3A,custom-11f9db6b38bd,930,2026-07-14T13:41:53.981000Z,1784036513981,85.7
session-1784036780900-38r373,24:EC:4A:C7:F5:3A,custom-11f9db6b38bd,931,2026-07-14T13:41:54.070000Z,1784036514070,85.66
session-1784036780900-38r373,24:EC:4A:C7:F5:3A,custom-11f9db6b38bd,932,2026-07-14T13:41:54.161000Z,1784036514161,85.73
session-1784036780900-38r373,24:EC:4A:C7:F5:3A,custom-11f9db6b38bd,933,2026-07-14T13:41:54.293000Z,1784036514293,85.68
session-1784036780900-38r373,24:EC:4A:C7:F5:3A,custom-11f9db6b38bd,934,2026-07-14T13:41:54.385000Z,1784036514385,85.19
session-1784036780900-38r373,24:EC:4A:C7:F5:3A,custom-11f9db6b38bd,935,2026-07-14T13:41:54.475000Z,1784036514475,85.73
session-1784036780900-38r373,24:EC:4A:C7:F5:3A,custom-11f9db6b38bd,936,2026-07-14T13:41:54.565000Z,1784036514565,85.71
session-1784036780900-38r373,24:EC:4A:C7:F5:3A,custom-11f9db6b38bd,937,2026-07-14T13:41:54.657000Z,1784036514657,85.66
session-1784036780900-38r373,24:EC:4A:C7:F5:3A,custom-11f9db6b38bd,938,2026-07-14T13:41:54.808000Z,1784036514808,85.14
session-1784036780900-38r373,24:EC:4A:C7:F5:3A,custom-11f9db6b38bd,939,2026-07-14T13:41:54.880000Z,1784036514880,85.73
session-1784036780900-38r373,24:EC:4A:C7:F5:3A,custom-11f9db6b38bd,940,2026-07-14T13:41:54.971000Z,1784036514971,85.63
session-1784036780900-38r373,24:EC:4A:C7:F5:3A,custom-11f9db6b38bd,941,2026-07-14T13:41:55.060000Z,1784036515060,85.66
session-1784036780900-38r373,24:EC:4A:C7:F5:3A,custom-11f9db6b38bd,942,2026-07-14T13:41:55.196000Z,1784036515196,85.14
session-1784036780900-38r373,24:EC:4A:C7:F5:3A,custom-11f9db6b38bd,943,2026-07-14T13:41:55.330000Z,1784036515330,85.73
session-1784036780900-38r373,24:EC:4A:C7:F5:3A,custom-11f9db6b38bd,944,2026-07-14T13:41:55.376000Z,1784036515376,85.24
session-1784036780900-38r373,24:EC:4A:C7:F5:3A,custom-11f9db6b38bd,945,2026-07-14T13:41:55.508000Z,1784036515508,85.26
session-1784036780900-38r373,24:EC:4A:C7:F5:3A,custom-11f9db6b38bd,946,2026-07-14T13:41:55.555000Z,1784036515555,85.7
session-1784036780900-38r373,24:EC:4A:C7:F5:3A,custom-11f9db6b38bd,947,2026-07-14T13:41:55.707000Z,1784036515707,85.71
session-1784036780900-38r373,24:EC:4A:C7:F5:3A,custom-11f9db6b38bd,948,2026-07-14T13:41:55.780000Z,1784036515780,85.7
session-1784036780900-38r373,24:EC:4A:C7:F5:3A,custom-11f9db6b38bd,949,2026-07-14T13:41:55.870000Z,1784036515870,85.68
session-1784036780900-38r373,24:EC:4A:C7:F5:3A,custom-11f9db6b38bd,950,2026-07-14T13:41:55.962000Z,1784036515962,85.26
session-1784036780900-38r373,24:EC:4A:C7:F5:3A,custom-11f9db6b38bd,951,2026-07-14T13:41:56.095000Z,1784036516095,85.7
session-1784036780900-38r373,24:EC:4A:C7:F5:3A,custom-11f9db6b38bd,952,2026-07-14T13:41:56.184000Z,1784036516184,85.57
session-1784036780900-38r373,24:EC:4A:C7:F5:3A,custom-11f9db6b38bd,953,2026-07-14T13:41:56.275000Z,1784036516275,85.71
session-1784036780900-38r373,24:EC:4A:C7:F5:3A,custom-11f9db6b38bd,954,2026-07-14T13:41:56.366000Z,1784036516366,85.68
session-1784036780900-38r373,24:EC:4A:C7:F5:3A,custom-11f9db6b38bd,955,2026-07-14T13:41:56.455000Z,1784036516455,86.13
session-1784036780900-38r373,24:EC:4A:C7:F5:3A,custom-11f9db6b38bd,956,2026-07-14T13:41:56.606000Z,1784036516606,85.75
session-1784036780900-38r373,24:EC:4A:C7:F5:3A,custom-11f9db6b38bd,957,2026-07-14T13:41:56.680000Z,1784036516680,85.26
session-1784036780900-38r373,24:EC:4A:C7:F5:3A,custom-11f9db6b38bd,958,2026-07-14T13:41:56.770000Z,1784036516770,85.71
session-1784036780900-38r373,24:EC:4A:C7:F5:3A,custom-11f9db6b38bd,959,2026-07-14T13:41:56.860000Z,1784036516860,85.7
session-1784036780900-38r373,24:EC:4A:C7:F5:3A,custom-11f9db6b38bd,960,2026-07-14T13:41:56.995000Z,1784036516995,85.24
session-1784036780900-38r373,24:EC:4A:C7:F5:3A,custom-11f9db6b38bd,961,2026-07-14T13:41:57.131000Z,1784036517131,85.14
session-1784036780900-38r373,24:EC:4A:C7:F5:3A,custom-11f9db6b38bd,962,2026-07-14T13:41:57.175000Z,1784036517175,85.17
session-1784036780900-38r373,24:EC:4A:C7:F5:3A,custom-11f9db6b38bd,963,2026-07-14T13:41:57.264000Z,1784036517264,85.73
session-1784036780900-38r373,24:EC:4A:C7:F5:3A,custom-11f9db6b38bd,964,2026-07-14T13:41:57.356000Z,1784036517356,85.63
session-1784036780900-38r373,24:EC:4A:C7:F5:3A,custom-11f9db6b38bd,965,2026-07-14T13:41:57.507000Z,1784036517507,85.59
session-1784036780900-38r373,24:EC:4A:C7:F5:3A,custom-11f9db6b38bd,966,2026-07-14T13:41:57.580000Z,1784036517580,85.54
session-1784036780900-38r373,24:EC:4A:C7:F5:3A,custom-11f9db6b38bd,967,2026-07-14T13:41:57.672000Z,1784036517672,85.54
session-1784036780900-38r373,24:EC:4A:C7:F5:3A,custom-11f9db6b38bd,968,2026-07-14T13:41:57.761000Z,1784036517761,85.98
session-1784036780900-38r373,24:EC:4A:C7:F5:3A,custom-11f9db6b38bd,969,2026-07-14T13:41:57.912000Z,1784036517912,86.01
session-1784036780900-38r373,24:EC:4A:C7:F5:3A,custom-11f9db6b38bd,970,2026-07-14T13:41:57.986000Z,1784036517986,86.01
session-1784036780900-38r373,24:EC:4A:C7:F5:3A,custom-11f9db6b38bd,971,2026-07-14T13:41:58.076000Z,1784036518076,85.59
session-1784036780900-38r373,24:EC:4A:C7:F5:3A,custom-11f9db6b38bd,972,2026-07-14T13:41:58.166000Z,1784036518166,85.68
session-1784036780900-38r373,24:EC:4A:C7:F5:3A,custom-11f9db6b38bd,973,2026-07-14T13:41:58.256000Z,1784036518256,85.57
session-1784036780900-38r373,24:EC:4A:C7:F5:3A,custom-11f9db6b38bd,974,2026-07-14T13:41:58.407000Z,1784036518407,85.63
session-1784036780900-38r373,24:EC:4A:C7:F5:3A,custom-11f9db6b38bd,975,2026-07-14T13:41:58.482000Z,1784036518482,85.63
session-1784036780900-38r373,24:EC:4A:C7:F5:3A,custom-11f9db6b38bd,976,2026-07-14T13:41:58.571000Z,1784036518571,85.73
session-1784036780900-38r373,24:EC:4A:C7:F5:3A,custom-11f9db6b38bd,977,2026-07-14T13:41:58.663000Z,1784036518663,85.7
session-1784036780900-38r373,24:EC:4A:C7:F5:3A,custom-11f9db6b38bd,978,2026-07-14T13:41:58.796000Z,1784036518796,85.63
session-1784036780900-38r373,24:EC:4A:C7:F5:3A,custom-11f9db6b38bd,979,2026-07-14T13:41:58.885000Z,1784036518885,85.61
session-1784036780900-38r373,24:EC:4A:C7:F5:3A,custom-11f9db6b38bd,980,2026-07-14T13:41:58.977000Z,1784036518977,85.59
session-1784036780900-38r373,24:EC:4A:C7:F5:3A,custom-11f9db6b38bd,981,2026-07-14T13:41:59.066000Z,1784036519066,86.01
session-1784036780900-38r373,24:EC:4A:C7:F5:3A,custom-11f9db6b38bd,982,2026-07-14T13:41:59.156000Z,1784036519156,85.56
session-1784036780900-38r373,24:EC:4A:C7:F5:3A,custom-11f9db6b38bd,983,2026-07-14T13:41:59.306000Z,1784036519306,85.61
session-1784036780900-38r373,24:EC:4A:C7:F5:3A,custom-11f9db6b38bd,984,2026-07-14T13:41:59.380000Z,1784036519380,85.52
session-1784036780900-38r373,24:EC:4A:C7:F5:3A,custom-11f9db6b38bd,985,2026-07-14T13:41:59.470000Z,1784036519470,85.56
session-1784036780900-38r373,24:EC:4A:C7:F5:3A,custom-11f9db6b38bd,986,2026-07-14T13:41:59.560000Z,1784036519560,85.61
session-1784036780900-38r373,24:EC:4A:C7:F5:3A,custom-11f9db6b38bd,987,2026-07-14T13:41:59.695000Z,1784036519695,85.61
session-1784036780900-38r373,24:EC:4A:C7:F5:3A,custom-11f9db6b38bd,988,2026-07-14T13:41:59.787000Z,1784036519787,85.54
session-1784036780900-38r373,24:EC:4A:C7:F5:3A,custom-11f9db6b38bd,989,2026-07-14T13:41:59.877000Z,1784036519877,85.57
session-1784036780900-38r373,24:EC:4A:C7:F5:3A,custom-11f9db6b38bd,990,2026-07-14T13:42:00.012000Z,1784036520012,85.57
session-1784036780900-38r373,24:EC:4A:C7:F5:3A,custom-11f9db6b38bd,991,2026-07-14T13:42:00.055000Z,1784036520055,85.61
session-1784036780900-38r373,24:EC:4A:C7:F5:3A,custom-11f9db6b38bd,992,2026-07-14T13:42:00.206000Z,1784036520206,85.61
session-1784036780900-38r373,24:EC:4A:C7:F5:3A,custom-11f9db6b38bd,993,2026-07-14T13:42:00.280000Z,1784036520280,85.61
session-1784036780900-38r373,24:EC:4A:C7:F5:3A,custom-11f9db6b38bd,994,2026-07-14T13:42:00.372000Z,1784036520372,85.17
session-1784036780900-38r373,24:EC:4A:C7:F5:3A,custom-11f9db6b38bd,995,2026-07-14T13:42:00.461000Z,1784036520461,85.19
session-1784036780900-38r373,24:EC:4A:C7:F5:3A,custom-11f9db6b38bd,996,2026-07-14T13:42:00.596000Z,1784036520596,85.14
session-1784036780900-38r373,24:EC:4A:C7:F5:3A,custom-11f9db6b38bd,997,2026-07-14T13:42:00.685000Z,1784036520685,85.61
session-1784036780900-38r373,24:EC:4A:C7:F5:3A,custom-11f9db6b38bd,998,2026-07-14T13:42:00.774000Z,1784036520774,85.1
session-1784036780900-38r373,24:EC:4A:C7:F5:3A,custom-11f9db6b38bd,999,2026-07-14T13:42:00.866000Z,1784036520866,85.64
session-1784036780900-38r373,24:EC:4A:C7:F5:3A,custom-11f9db6b38bd,1000,2026-07-14T13:42:00.956000Z,1784036520956,85.56
session-1784036780900-38r373,24:EC:4A:C7:F5:3A,custom-11f9db6b38bd,1001,2026-07-14T13:42:01.107000Z,1784036521107,85.59
session-1784036780900-38r373,24:EC:4A:C7:F5:3A,custom-11f9db6b38bd,1002,2026-07-14T13:42:01.180000Z,1784036521180,85.59
session-1784036780900-38r373,24:EC:4A:C7:F5:3A,custom-11f9db6b38bd,1003,2026-07-14T13:42:01.271000Z,1784036521271,85.52
session-1784036780900-38r373,24:EC:4A:C7:F5:3A,custom-11f9db6b38bd,1004,2026-07-14T13:42:01.361000Z,1784036521361,85.09
session-1784036780900-38r373,24:EC:4A:C7:F5:3A,custom-11f9db6b38bd,1005,2026-07-14T13:42:01.494000Z,1784036521494,85.02
session-1784036780900-38r373,24:EC:4A:C7:F5:3A,custom-11f9db6b38bd,1006,2026-07-14T13:42:01.585000Z,1784036521585,85.5
session-1784036780900-38r373,24:EC:4A:C7:F5:3A,custom-11f9db6b38bd,1007,2026-07-14T13:42:01.677000Z,1784036521677,85.56
session-1784036780900-38r373,24:EC:4A:C7:F5:3A,custom-11f9db6b38bd,1008,2026-07-14T13:42:01.765000Z,1784036521765,85.52
session-1784036780900-38r373,24:EC:4A:C7:F5:3A,custom-11f9db6b38bd,1009,2026-07-14T13:42:01.856000Z,1784036521856,85.07
session-1784036780900-38r373,24:EC:4A:C7:F5:3A,custom-11f9db6b38bd,1010,2026-07-14T13:42:02.007000Z,1784036522007,85.57
session-1784036780900-38r373,24:EC:4A:C7:F5:3A,custom-11f9db6b38bd,1011,2026-07-14T13:42:02.080000Z,1784036522080,85.57
session-1784036780900-38r373,24:EC:4A:C7:F5:3A,custom-11f9db6b38bd,1012,2026-07-14T13:42:02.171000Z,1784036522171,85.56
session-1784036780900-38r373,24:EC:4A:C7:F5:3A,custom-11f9db6b38bd,1013,2026-07-14T13:42:02.260000Z,1784036522260,85.12
session-1784036780900-38r373,24:EC:4A:C7:F5:3A,custom-11f9db6b38bd,1014,2026-07-14T13:42:02.395000Z,1784036522395,85.14
session-1784036780900-38r373,24:EC:4A:C7:F5:3A,custom-11f9db6b38bd,1015,2026-07-14T13:42:02.485000Z,1784036522485,85.17
session-1784036780900-38r373,24:EC:4A:C7:F5:3A,custom-11f9db6b38bd,1016,2026-07-14T13:42:02.576000Z,1784036522576,85.66
session-1784036780900-38r373,24:EC:4A:C7:F5:3A,custom-11f9db6b38bd,1017,2026-07-14T13:42:02.666000Z,1784036522666,85.16
session-1784036780900-38r373,24:EC:4A:C7:F5:3A,custom-11f9db6b38bd,1018,2026-07-14T13:42:02.756000Z,1784036522756,85.71
session-1784036780900-38r373,24:EC:4A:C7:F5:3A,custom-11f9db6b38bd,1019,2026-07-14T13:42:02.907000Z,1784036522907,85.7
session-1784036780900-38r373,24:EC:4A:C7:F5:3A,custom-11f9db6b38bd,1020,2026-07-14T13:42:02.982000Z,1784036522982,85.31
session-1784036780900-38r373,24:EC:4A:C7:F5:3A,custom-11f9db6b38bd,1021,2026-07-14T13:42:03.071000Z,1784036523071,85.71
session-1784036780900-38r373,24:EC:4A:C7:F5:3A,custom-11f9db6b38bd,1022,2026-07-14T13:42:03.161000Z,1784036523161,85.7
session-1784036780900-38r373,24:EC:4A:C7:F5:3A,custom-11f9db6b38bd,1023,2026-07-14T13:42:03.296000Z,1784036523296,85.73
session-1784036780900-38r373,24:EC:4A:C7:F5:3A,custom-11f9db6b38bd,1024,2026-07-14T13:42:03.385000Z,1784036523385,85.71
session-1784036780900-38r373,24:EC:4A:C7:F5:3A,custom-11f9db6b38bd,1025,2026-07-14T13:42:03.475000Z,1784036523475,85.68
session-1784036780900-38r373,24:EC:4A:C7:F5:3A,custom-11f9db6b38bd,1026,2026-07-14T13:42:03.566000Z,1784036523566,85.7
session-1784036780900-38r373,24:EC:4A:C7:F5:3A,custom-11f9db6b38bd,1027,2026-07-14T13:42:03.657000Z,1784036523657,85.68
session-1784036780900-38r373,24:EC:4A:C7:F5:3A,custom-11f9db6b38bd,1028,2026-07-14T13:42:03.807000Z,1784036523807,85.19
session-1784036780900-38r373,24:EC:4A:C7:F5:3A,custom-11f9db6b38bd,1029,2026-07-14T13:42:03.881000Z,1784036523881,85.14
session-1784036780900-38r373,24:EC:4A:C7:F5:3A,custom-11f9db6b38bd,1030,2026-07-14T13:42:03.973000Z,1784036523973,85.16
session-1784036780900-38r373,24:EC:4A:C7:F5:3A,custom-11f9db6b38bd,1031,2026-07-14T13:42:04.106000Z,1784036524106,85.28
session-1784036780900-38r373,24:EC:4A:C7:F5:3A,custom-11f9db6b38bd,1032,2026-07-14T13:42:04.197000Z,1784036524197,85.3
session-1784036780900-38r373,24:EC:4A:C7:F5:3A,custom-11f9db6b38bd,1033,2026-07-14T13:42:04.330000Z,1784036524330,85.3
session-1784036780900-38r373,24:EC:4A:C7:F5:3A,custom-11f9db6b38bd,1034,2026-07-14T13:42:04.376000Z,1784036524376,85.3
session-1784036780900-38r373,24:EC:4A:C7:F5:3A,custom-11f9db6b38bd,1035,2026-07-14T13:42:04.466000Z,1784036524466,85.28
session-1784036780900-38r373,24:EC:4A:C7:F5:3A,custom-11f9db6b38bd,1036,2026-07-14T13:42:04.601000Z,1784036524601,85.3
session-1784036780900-38r373,24:EC:4A:C7:F5:3A,custom-11f9db6b38bd,1037,2026-07-14T13:42:04.691000Z,1784036524691,85.3
session-1784036780900-38r373,24:EC:4A:C7:F5:3A,custom-11f9db6b38bd,1038,2026-07-14T13:42:04.826000Z,1784036524826,85.3
session-1784036780900-38r373,24:EC:4A:C7:F5:3A,custom-11f9db6b38bd,1039,2026-07-14T13:42:04.871000Z,1784036524871,85.28
session-1784036780900-38r373,24:EC:4A:C7:F5:3A,custom-11f9db6b38bd,1040,2026-07-14T13:42:04.963000Z,1784036524963,85.28
session-1784036780900-38r373,24:EC:4A:C7:F5:3A,custom-11f9db6b38bd,1041,2026-07-14T13:42:05.097000Z,1784036525097,85.19
session-1784036780900-38r373,24:EC:4A:C7:F5:3A,custom-11f9db6b38bd,1042,2026-07-14T13:42:05.230000Z,1784036525230,85.19
session-1784036780900-38r373,24:EC:4A:C7:F5:3A,custom-11f9db6b38bd,1043,2026-07-14T13:42:05.273000Z,1784036525273,85.19
session-1784036780900-38r373,24:EC:4A:C7:F5:3A,custom-11f9db6b38bd,1044,2026-07-14T13:42:05.365000Z,1784036525365,85.12
session-1784036780900-38r373,24:EC:4A:C7:F5:3A,custom-11f9db6b38bd,1045,2026-07-14T13:42:05.456000Z,1784036525456,85.63
session-1784036780900-38r373,24:EC:4A:C7:F5:3A,custom-11f9db6b38bd,1046,2026-07-14T13:42:05.607000Z,1784036525607,85.57
session-1784036780900-38r373,24:EC:4A:C7:F5:3A,custom-11f9db6b38bd,1047,2026-07-14T13:42:05.682000Z,1784036525682,85.63
session-1784036780900-38r373,24:EC:4A:C7:F5:3A,custom-11f9db6b38bd,1048,2026-07-14T13:42:05.771000Z,1784036525771,85.54
session-1784036780900-38r373,24:EC:4A:C7:F5:3A,custom-11f9db6b38bd,1049,2026-07-14T13:42:05.861000Z,1784036525861,85.57
session-1784036780900-38r373,24:EC:4A:C7:F5:3A,custom-11f9db6b38bd,1050,2026-07-14T13:42:06.012000Z,1784036526012,85.52
session-1784036780900-38r373,24:EC:4A:C7:F5:3A,custom-11f9db6b38bd,1051,2026-07-14T13:42:06.087000Z,1784036526087,85.52
session-1784036780900-38r373,24:EC:4A:C7:F5:3A,custom-11f9db6b38bd,1052,2026-07-14T13:42:06.176000Z,1784036526176,85.54
session-1784036780900-38r373,24:EC:4A:C7:F5:3A,custom-11f9db6b38bd,1053,2026-07-14T13:42:06.311000Z,1784036526311,85.57
session-1784036780900-38r373,24:EC:4A:C7:F5:3A,custom-11f9db6b38bd,1054,2026-07-14T13:42:06.356000Z,1784036526356,85.61
session-1784036780900-38r373,24:EC:4A:C7:F5:3A,custom-11f9db6b38bd,1055,2026-07-14T13:42:06.507000Z,1784036526507,85.07
session-1784036780900-38r373,24:EC:4A:C7:F5:3A,custom-11f9db6b38bd,1056,2026-07-14T13:42:06.579000Z,1784036526579,85.61
session-1784036780900-38r373,24:EC:4A:C7:F5:3A,custom-11f9db6b38bd,1057,2026-07-14T13:42:06.670000Z,1784036526670,85.12
session-1784036780900-38r373,24:EC:4A:C7:F5:3A,custom-11f9db6b38bd,1058,2026-07-14T13:42:06.760000Z,1784036526760,85.61
session-1784036780900-38r373,24:EC:4A:C7:F5:3A,custom-11f9db6b38bd,1059,2026-07-14T13:42:06.896000Z,1784036526896,85.61
session-1784036780900-38r373,24:EC:4A:C7:F5:3A,custom-11f9db6b38bd,1060,2026-07-14T13:42:06.985000Z,1784036526985,85.73
session-1784036780900-38r373,24:EC:4A:C7:F5:3A,custom-11f9db6b38bd,1061,2026-07-14T13:42:07.075000Z,1784036527075,85.7
session-1784036780900-38r373,24:EC:4A:C7:F5:3A,custom-11f9db6b38bd,1062,2026-07-14T13:42:07.165000Z,1784036527165,85.71
session-1784036780900-38r373,24:EC:4A:C7:F5:3A,custom-11f9db6b38bd,1063,2026-07-14T13:42:07.257000Z,1784036527257,85.31
session-1784036780900-38r373,24:EC:4A:C7:F5:3A,custom-11f9db6b38bd,1064,2026-07-14T13:42:07.409000Z,1784036527409,85.73
session-1784036780900-38r373,24:EC:4A:C7:F5:3A,custom-11f9db6b38bd,1065,2026-07-14T13:42:07.479000Z,1784036527479,85.61
session-1784036780900-38r373,24:EC:4A:C7:F5:3A,custom-11f9db6b38bd,1066,2026-07-14T13:42:07.569000Z,1784036527569,85.7
session-1784036780900-38r373,24:EC:4A:C7:F5:3A,custom-11f9db6b38bd,1067,2026-07-14T13:42:07.662000Z,1784036527662,85.57
session-1784036780900-38r373,24:EC:4A:C7:F5:3A,custom-11f9db6b38bd,1068,2026-07-14T13:42:07.797000Z,1784036527797,85.7
session-1784036780900-38r373,24:EC:4A:C7:F5:3A,custom-11f9db6b38bd,1069,2026-07-14T13:42:07.885000Z,1784036527885,85.14
session-1784036780900-38r373,24:EC:4A:C7:F5:3A,custom-11f9db6b38bd,1070,2026-07-14T13:42:07.975000Z,1784036527975,85.28
session-1784036780900-38r373,24:EC:4A:C7:F5:3A,custom-11f9db6b38bd,1071,2026-07-14T13:42:08.067000Z,1784036528067,85.68
session-1784036780900-38r373,24:EC:4A:C7:F5:3A,custom-11f9db6b38bd,1072,2026-07-14T13:42:08.157000Z,1784036528157,85.63
session-1784036780900-38r373,24:EC:4A:C7:F5:3A,custom-11f9db6b38bd,1073,2026-07-14T13:42:08.307000Z,1784036528307,85.16
session-1784036780900-38r373,24:EC:4A:C7:F5:3A,custom-11f9db6b38bd,1074,2026-07-14T13:42:08.379000Z,1784036528379,85.19
session-1784036780900-38r373,24:EC:4A:C7:F5:3A,custom-11f9db6b38bd,1075,2026-07-14T13:42:08.469000Z,1784036528469,85.16
session-1784036780900-38r373,24:EC:4A:C7:F5:3A,custom-11f9db6b38bd,1076,2026-07-14T13:42:08.560000Z,1784036528560,85.17
session-1784036780900-38r373,24:EC:4A:C7:F5:3A,custom-11f9db6b38bd,1077,2026-07-14T13:42:08.696000Z,1784036528696,85.17
session-1784036780900-38r373,24:EC:4A:C7:F5:3A,custom-11f9db6b38bd,1078,2026-07-14T13:42:08.785000Z,1784036528785,85.63
session-1784036780900-38r373,24:EC:4A:C7:F5:3A,custom-11f9db6b38bd,1079,2026-07-14T13:42:08.875000Z,1784036528875,85.59
session-1784036780900-38r373,24:EC:4A:C7:F5:3A,custom-11f9db6b38bd,1080,2026-07-14T13:42:08.966000Z,1784036528966,85.57
session-1784036780900-38r373,24:EC:4A:C7:F5:3A,custom-11f9db6b38bd,1081,2026-07-14T13:42:09.055000Z,1784036529055,85.52
session-1784036780900-38r373,24:EC:4A:C7:F5:3A,custom-11f9db6b38bd,1082,2026-07-14T13:42:09.206000Z,1784036529206,85.52
session-1784036780900-38r373,24:EC:4A:C7:F5:3A,custom-11f9db6b38bd,1083,2026-07-14T13:42:09.280000Z,1784036529280,85.5
session-1784036780900-38r373,24:EC:4A:C7:F5:3A,custom-11f9db6b38bd,1084,2026-07-14T13:42:09.368000Z,1784036529368,85.54
session-1784036780900-38r373,24:EC:4A:C7:F5:3A,custom-11f9db6b38bd,1085,2026-07-14T13:42:09.458000Z,1784036529458,85.52
session-1784036780900-38r373,24:EC:4A:C7:F5:3A,custom-11f9db6b38bd,1086,2026-07-14T13:42:09.594000Z,1784036529594,85.59
session-1784036780900-38r373,24:EC:4A:C7:F5:3A,custom-11f9db6b38bd,1087,2026-07-14T13:42:09.685000Z,1784036529685,85.54
session-1784036780900-38r373,24:EC:4A:C7:F5:3A,custom-11f9db6b38bd,1088,2026-07-14T13:42:09.775000Z,1784036529775,85.56
session-1784036780900-38r373,24:EC:4A:C7:F5:3A,custom-11f9db6b38bd,1089,2026-07-14T13:42:09.865000Z,1784036529865,85.52
session-1784036780900-38r373,24:EC:4A:C7:F5:3A,custom-11f9db6b38bd,1090,2026-07-14T13:42:09.956000Z,1784036529956,85.56
session-1784036780900-38r373,24:EC:4A:C7:F5:3A,custom-11f9db6b38bd,1091,2026-07-14T13:42:10.106000Z,1784036530106,85.52
session-1784036780900-38r373,24:EC:4A:C7:F5:3A,custom-11f9db6b38bd,1092,2026-07-14T13:42:10.180000Z,1784036530180,85.57
session-1784036780900-38r373,24:EC:4A:C7:F5:3A,custom-11f9db6b38bd,1093,2026-07-14T13:42:10.269000Z,1784036530269,85.47
session-1784036780900-38r373,24:EC:4A:C7:F5:3A,custom-11f9db6b38bd,1094,2026-07-14T13:42:10.361000Z,1784036530361,85.56
session-1784036780900-38r373,24:EC:4A:C7:F5:3A,custom-11f9db6b38bd,1095,2026-07-14T13:42:10.496000Z,1784036530496,85.54
session-1784036780900-38r373,24:EC:4A:C7:F5:3A,custom-11f9db6b38bd,1096,2026-07-14T13:42:10.584000Z,1784036530584,85.56
session-1784036780900-38r373,24:EC:4A:C7:F5:3A,custom-11f9db6b38bd,1097,2026-07-14T13:42:10.676000Z,1784036530676,85.54
session-1784036780900-38r373,24:EC:4A:C7:F5:3A,custom-11f9db6b38bd,1098,2026-07-14T13:42:10.765000Z,1784036530765,85.5
session-1784036780900-38r373,24:EC:4A:C7:F5:3A,custom-11f9db6b38bd,1099,2026-07-14T13:42:10.856000Z,1784036530856,85.56
session-1784036780900-38r373,24:EC:4A:C7:F5:3A,custom-11f9db6b38bd,1100,2026-07-14T13:42:11.007000Z,1784036531007,85.56
session-1784036780900-38r373,24:EC:4A:C7:F5:3A,custom-11f9db6b38bd,1101,2026-07-14T13:42:11.081000Z,1784036531081,85.52
session-1784036780900-38r373,24:EC:4A:C7:F5:3A,custom-11f9db6b38bd,1102,2026-07-14T13:42:11.171000Z,1784036531171,85.5
session-1784036780900-38r373,24:EC:4A:C7:F5:3A,custom-11f9db6b38bd,1103,2026-07-14T13:42:11.262000Z,1784036531262,85.52
session-1784036780900-38r373,24:EC:4A:C7:F5:3A,custom-11f9db6b38bd,1104,2026-07-14T13:42:11.395000Z,1784036531395,85.56
session-1784036780900-38r373,24:EC:4A:C7:F5:3A,custom-11f9db6b38bd,1105,2026-07-14T13:42:11.484000Z,1784036531484,85.5
session-1784036780900-38r373,24:EC:4A:C7:F5:3A,custom-11f9db6b38bd,1106,2026-07-14T13:42:11.575000Z,1784036531575,85.57
session-1784036780900-38r373,24:EC:4A:C7:F5:3A,custom-11f9db6b38bd,1107,2026-07-14T13:42:11.668000Z,1784036531668,85.52
session-1784036780900-38r373,24:EC:4A:C7:F5:3A,custom-11f9db6b38bd,1108,2026-07-14T13:42:11.757000Z,1784036531757,85.54
session-1784036780900-38r373,24:EC:4A:C7:F5:3A,custom-11f9db6b38bd,1109,2026-07-14T13:42:11.908000Z,1784036531908,85.54
session-1784036780900-38r373,24:EC:4A:C7:F5:3A,custom-11f9db6b38bd,1110,2026-07-14T13:42:11.981000Z,1784036531981,85.59
session-1784036780900-38r373,24:EC:4A:C7:F5:3A,custom-11f9db6b38bd,1111,2026-07-14T13:42:12.071000Z,1784036532071,85.57
session-1784036780900-38r373,24:EC:4A:C7:F5:3A,custom-11f9db6b38bd,1112,2026-07-14T13:42:12.162000Z,1784036532162,85.52
session-1784036780900-38r373,24:EC:4A:C7:F5:3A,custom-11f9db6b38bd,1113,2026-07-14T13:42:12.296000Z,1784036532296,85.54
session-1784036780900-38r373,24:EC:4A:C7:F5:3A,custom-11f9db6b38bd,1114,2026-07-14T13:42:12.386000Z,1784036532386,85.47
session-1784036780900-38r373,24:EC:4A:C7:F5:3A,custom-11f9db6b38bd,1115,2026-07-14T13:42:12.473000Z,1784036532473,85.49
session-1784036780900-38r373,24:EC:4A:C7:F5:3A,custom-11f9db6b38bd,1116,2026-07-14T13:42:12.565000Z,1784036532565,85.56
session-1784036780900-38r373,24:EC:4A:C7:F5:3A,custom-11f9db6b38bd,1117,2026-07-14T13:42:12.655000Z,1784036532655,85.5
session-1784036780900-38r373,24:EC:4A:C7:F5:3A,custom-11f9db6b38bd,1118,2026-07-14T13:42:12.806000Z,1784036532806,85.49
session-1784036780900-38r373,24:EC:4A:C7:F5:3A,custom-11f9db6b38bd,1119,2026-07-14T13:42:12.881000Z,1784036532881,85.98
session-1784036780900-38r373,24:EC:4A:C7:F5:3A,custom-11f9db6b38bd,1120,2026-07-14T13:42:12.970000Z,1784036532970,85.98
session-1784036780900-38r373,24:EC:4A:C7:F5:3A,custom-11f9db6b38bd,1121,2026-07-14T13:42:13.063000Z,1784036533063,85.52
session-1784036780900-38r373,24:EC:4A:C7:F5:3A,custom-11f9db6b38bd,1122,2026-07-14T13:42:13.196000Z,1784036533196,85.52
session-1784036780900-38r373,24:EC:4A:C7:F5:3A,custom-11f9db6b38bd,1123,2026-07-14T13:42:13.285000Z,1784036533285,85.49
session-1784036780900-38r373,24:EC:4A:C7:F5:3A,custom-11f9db6b38bd,1124,2026-07-14T13:42:13.376000Z,1784036533376,85.5
session-1784036780900-38r373,24:EC:4A:C7:F5:3A,custom-11f9db6b38bd,1125,2026-07-14T13:42:13.466000Z,1784036533466,85.5
session-1784036780900-38r373,24:EC:4A:C7:F5:3A,custom-11f9db6b38bd,1126,2026-07-14T13:42:13.557000Z,1784036533557,85.5
session-1784036780900-38r373,24:EC:4A:C7:F5:3A,custom-11f9db6b38bd,1127,2026-07-14T13:42:13.706000Z,1784036533706,85.56
session-1784036780900-38r373,24:EC:4A:C7:F5:3A,custom-11f9db6b38bd,1128,2026-07-14T13:42:13.781000Z,1784036533781,85.5
session-1784036780900-38r373,24:EC:4A:C7:F5:3A,custom-11f9db6b38bd,1129,2026-07-14T13:42:13.872000Z,1784036533872,85.49
session-1784036780900-38r373,24:EC:4A:C7:F5:3A,custom-11f9db6b38bd,1130,2026-07-14T13:42:13.961000Z,1784036533961,85.54
session-1784036780900-38r373,24:EC:4A:C7:F5:3A,custom-11f9db6b38bd,1131,2026-07-14T13:42:14.095000Z,1784036534095,85.52
session-1784036780900-38r373,24:EC:4A:C7:F5:3A,custom-11f9db6b38bd,1132,2026-07-14T13:42:14.186000Z,1784036534186,85.91
session-1784036780900-38r373,24:EC:4A:C7:F5:3A,custom-11f9db6b38bd,1133,2026-07-14T13:42:14.276000Z,1784036534276,85.92
session-1784036780900-38r373,24:EC:4A:C7:F5:3A,custom-11f9db6b38bd,1134,2026-07-14T13:42:14.365000Z,1784036534365,85.91
session-1784036780900-38r373,24:EC:4A:C7:F5:3A,custom-11f9db6b38bd,1135,2026-07-14T13:42:14.459000Z,1784036534459,86.38
session-1784036780900-38r373,24:EC:4A:C7:F5:3A,custom-11f9db6b38bd,1136,2026-07-14T13:42:14.606000Z,1784036534606,85.94
session-1784036780900-38r373,24:EC:4A:C7:F5:3A,custom-11f9db6b38bd,1137,2026-07-14T13:42:14.680000Z,1784036534680,85.96
session-1784036780900-38r373,24:EC:4A:C7:F5:3A,custom-11f9db6b38bd,1138,2026-07-14T13:42:14.772000Z,1784036534772,85.98
session-1784036780900-38r373,24:EC:4A:C7:F5:3A,custom-11f9db6b38bd,1139,2026-07-14T13:42:14.861000Z,1784036534861,85.59
session-1784036780900-38r373,24:EC:4A:C7:F5:3A,custom-11f9db6b38bd,1140,2026-07-14T13:42:14.996000Z,1784036534996,86.03
session-1784036780900-38r373,24:EC:4A:C7:F5:3A,custom-11f9db6b38bd,1141,2026-07-14T13:42:15.085000Z,1784036535085,85.61
session-1784036780900-38r373,24:EC:4A:C7:F5:3A,custom-11f9db6b38bd,1142,2026-07-14T13:42:15.176000Z,1784036535176,85.59
session-1784036780900-38r373,24:EC:4A:C7:F5:3A,custom-11f9db6b38bd,1143,2026-07-14T13:42:15.266000Z,1784036535266,85.59
session-1784036780900-38r373,24:EC:4A:C7:F5:3A,custom-11f9db6b38bd,1144,2026-07-14T13:42:15.356000Z,1784036535356,86.17
session-1784036780900-38r373,24:EC:4A:C7:F5:3A,custom-11f9db6b38bd,1145,2026-07-14T13:42:15.507000Z,1784036535507,85.63
session-1784036780900-38r373,24:EC:4A:C7:F5:3A,custom-11f9db6b38bd,1146,2026-07-14T13:42:15.580000Z,1784036535580,85.56
session-1784036780900-38r373,24:EC:4A:C7:F5:3A,custom-11f9db6b38bd,1147,2026-07-14T13:42:15.673000Z,1784036535673,86.15
session-1784036780900-38r373,24:EC:4A:C7:F5:3A,custom-11f9db6b38bd,1148,2026-07-14T13:42:15.761000Z,1784036535761,85.63
session-1784036780900-38r373,24:EC:4A:C7:F5:3A,custom-11f9db6b38bd,1149,2026-07-14T13:42:15.896000Z,1784036535896,85.63
session-1784036780900-38r373,24:EC:4A:C7:F5:3A,custom-11f9db6b38bd,1150,2026-07-14T13:42:15.985000Z,1784036535985,85.59
session-1784036780900-38r373,24:EC:4A:C7:F5:3A,custom-11f9db6b38bd,1151,2026-07-14T13:42:16.077000Z,1784036536077,85.63
session-1784036780900-38r373,24:EC:4A:C7:F5:3A,custom-11f9db6b38bd,1152,2026-07-14T13:42:16.168000Z,1784036536168,85.63
session-1784036780900-38r373,24:EC:4A:C7:F5:3A,custom-11f9db6b38bd,1153,2026-07-14T13:42:16.256000Z,1784036536256,85.73
session-1784036780900-38r373,24:EC:4A:C7:F5:3A,custom-11f9db6b38bd,1154,2026-07-14T13:42:16.407000Z,1784036536407,85.61
session-1784036780900-38r373,24:EC:4A:C7:F5:3A,custom-11f9db6b38bd,1155,2026-07-14T13:42:16.481000Z,1784036536481,85.59
session-1784036780900-38r373,24:EC:4A:C7:F5:3A,custom-11f9db6b38bd,1156,2026-07-14T13:42:16.571000Z,1784036536571,86.13
session-1784036780900-38r373,24:EC:4A:C7:F5:3A,custom-11f9db6b38bd,1157,2026-07-14T13:42:16.660000Z,1784036536660,86.12
session-1784036780900-38r373,24:EC:4A:C7:F5:3A,custom-11f9db6b38bd,1158,2026-07-14T13:42:16.796000Z,1784036536796,85.68
session-1784036780900-38r373,24:EC:4A:C7:F5:3A,custom-11f9db6b38bd,1159,2026-07-14T13:42:16.887000Z,1784036536887,85.7
session-1784036780900-38r373,24:EC:4A:C7:F5:3A,custom-11f9db6b38bd,1160,2026-07-14T13:42:16.975000Z,1784036536975,85.23
session-1784036780900-38r373,24:EC:4A:C7:F5:3A,custom-11f9db6b38bd,1161,2026-07-14T13:42:17.127000Z,1784036537127,85.23
session-1784036780900-38r373,24:EC:4A:C7:F5:3A,custom-11f9db6b38bd,1162,2026-07-14T13:42:17.156000Z,1784036537156,85.33
session-1784036780900-38r373,24:EC:4A:C7:F5:3A,custom-11f9db6b38bd,1163,2026-07-14T13:42:17.307000Z,1784036537307,85.3
session-1784036780900-38r373,24:EC:4A:C7:F5:3A,custom-11f9db6b38bd,1164,2026-07-14T13:42:17.380000Z,1784036537380,85.75
session-1784036780900-38r373,24:EC:4A:C7:F5:3A,custom-11f9db6b38bd,1165,2026-07-14T13:42:17.469000Z,1784036537469,85.71
session-1784036780900-38r373,24:EC:4A:C7:F5:3A,custom-11f9db6b38bd,1166,2026-07-14T13:42:17.560000Z,1784036537560,85.77
session-1784036780900-38r373,24:EC:4A:C7:F5:3A,custom-11f9db6b38bd,1167,2026-07-14T13:42:17.696000Z,1784036537696,85.77
session-1784036780900-38r373,24:EC:4A:C7:F5:3A,custom-11f9db6b38bd,1168,2026-07-14T13:42:17.785000Z,1784036537785,85.75
session-1784036780900-38r373,24:EC:4A:C7:F5:3A,custom-11f9db6b38bd,1169,2026-07-14T13:42:17.875000Z,1784036537875,85.75
session-1784036780900-38r373,24:EC:4A:C7:F5:3A,custom-11f9db6b38bd,1170,2026-07-14T13:42:17.964000Z,1784036537964,85.73
session-1784036780900-38r373,24:EC:4A:C7:F5:3A,custom-11f9db6b38bd,1171,2026-07-14T13:42:18.055000Z,1784036538055,85.77
session-1784036780900-38r373,24:EC:4A:C7:F5:3A,custom-11f9db6b38bd,1172,2026-07-14T13:42:18.206000Z,1784036538206,85.82
session-1784036780900-38r373,24:EC:4A:C7:F5:3A,custom-11f9db6b38bd,1173,2026-07-14T13:42:18.280000Z,1784036538280,85.73
session-1784036780900-38r373,24:EC:4A:C7:F5:3A,custom-11f9db6b38bd,1174,2026-07-14T13:42:18.371000Z,1784036538371,85.78
session-1784036780900-38r373,24:EC:4A:C7:F5:3A,custom-11f9db6b38bd,1175,2026-07-14T13:42:18.460000Z,1784036538460,85.77
session-1784036780900-38r373,24:EC:4A:C7:F5:3A,custom-11f9db6b38bd,1176,2026-07-14T13:42:18.595000Z,1784036538595,85.75
session-1784036780900-38r373,24:EC:4A:C7:F5:3A,custom-11f9db6b38bd,1177,2026-07-14T13:42:18.685000Z,1784036538685,85.71
session-1784036780900-38r373,24:EC:4A:C7:F5:3A,custom-11f9db6b38bd,1178,2026-07-14T13:42:18.774000Z,1784036538774,85.78
session-1784036780900-38r373,24:EC:4A:C7:F5:3A,custom-11f9db6b38bd,1179,2026-07-14T13:42:18.865000Z,1784036538865,85.73
session-1784036780900-38r373,24:EC:4A:C7:F5:3A,custom-11f9db6b38bd,1180,2026-07-14T13:42:18.956000Z,1784036538956,85.73
session-1784036780900-38r373,24:EC:4A:C7:F5:3A,custom-11f9db6b38bd,1181,2026-07-14T13:42:19.107000Z,1784036539107,85.78
session-1784036780900-38r373,24:EC:4A:C7:F5:3A,custom-11f9db6b38bd,1182,2026-07-14T13:42:19.179000Z,1784036539179,85.82
session-1784036780900-38r373,24:EC:4A:C7:F5:3A,custom-11f9db6b38bd,1183,2026-07-14T13:42:19.268000Z,1784036539268,85.87
session-1784036780900-38r373,24:EC:4A:C7:F5:3A,custom-11f9db6b38bd,1184,2026-07-14T13:42:19.360000Z,1784036539360,85.78
session-1784036780900-38r373,24:EC:4A:C7:F5:3A,custom-11f9db6b38bd,1185,2026-07-14T13:42:19.494000Z,1784036539494,85.84
session-1784036780900-38r373,24:EC:4A:C7:F5:3A,custom-11f9db6b38bd,1186,2026-07-14T13:42:19.585000Z,1784036539585,85.78
session-1784036780900-38r373,24:EC:4A:C7:F5:3A,custom-11f9db6b38bd,1187,2026-07-14T13:42:19.676000Z,1784036539676,85.35
session-1784036780900-38r373,24:EC:4A:C7:F5:3A,custom-11f9db6b38bd,1188,2026-07-14T13:42:19.765000Z,1784036539765,85.82
session-1784036780900-38r373,24:EC:4A:C7:F5:3A,custom-11f9db6b38bd,1189,2026-07-14T13:42:19.857000Z,1784036539857,85.85
session-1784036780900-38r373,24:EC:4A:C7:F5:3A,custom-11f9db6b38bd,1190,2026-07-14T13:42:20.007000Z,1784036540007,85.3
session-1784036780900-38r373,24:EC:4A:C7:F5:3A,custom-11f9db6b38bd,1191,2026-07-14T13:42:20.080000Z,1784036540080,85.77
session-1784036780900-38r373,24:EC:4A:C7:F5:3A,custom-11f9db6b38bd,1192,2026-07-14T13:42:20.171000Z,1784036540171,85.8
session-1784036780900-38r373,24:EC:4A:C7:F5:3A,custom-11f9db6b38bd,1193,2026-07-14T13:42:20.260000Z,1784036540260,85.84
session-1784036780900-38r373,24:EC:4A:C7:F5:3A,custom-11f9db6b38bd,1194,2026-07-14T13:42:20.395000Z,1784036540395,85.87
session-1784036780900-38r373,24:EC:4A:C7:F5:3A,custom-11f9db6b38bd,1195,2026-07-14T13:42:20.485000Z,1784036540485,85.78
session-1784036780900-38r373,24:EC:4A:C7:F5:3A,custom-11f9db6b38bd,1196,2026-07-14T13:42:20.575000Z,1784036540575,85.31
session-1784036780900-38r373,24:EC:4A:C7:F5:3A,custom-11f9db6b38bd,1197,2026-07-14T13:42:20.665000Z,1784036540665,85.37
session-1784036780900-38r373,24:EC:4A:C7:F5:3A,custom-11f9db6b38bd,1198,2026-07-14T13:42:20.756000Z,1784036540756,85.84
session-1784036780900-38r373,24:EC:4A:C7:F5:3A,custom-11f9db6b38bd,1199,2026-07-14T13:42:20.905000Z,1784036540905,85.73
session-1784036780900-38r373,24:EC:4A:C7:F5:3A,custom-11f9db6b38bd,1200,2026-07-14T13:42:20.979000Z,1784036540979,85.73
session-1784036780900-38r373,24:EC:4A:C7:F5:3A,custom-11f9db6b38bd,1201,2026-07-14T13:42:21.070000Z,1784036541070,85.7
session-1784036780900-38r373,24:EC:4A:C7:F5:3A,custom-11f9db6b38bd,1202,2026-07-14T13:42:21.159000Z,1784036541159,85.7
session-1784036780900-38r373,24:EC:4A:C7:F5:3A,custom-11f9db6b38bd,1203,2026-07-14T13:42:21.296000Z,1784036541296,85.71
session-1784036780900-38r373,24:EC:4A:C7:F5:3A,custom-11f9db6b38bd,1204,2026-07-14T13:42:21.385000Z,1784036541385,85.8
session-1784036780900-38r373,24:EC:4A:C7:F5:3A,custom-11f9db6b38bd,1205,2026-07-14T13:42:21.475000Z,1784036541475,85.31
session-1784036780900-38r373,24:EC:4A:C7:F5:3A,custom-11f9db6b38bd,1206,2026-07-14T13:42:21.564000Z,1784036541564,85.8
session-1784036780900-38r373,24:EC:4A:C7:F5:3A,custom-11f9db6b38bd,1207,2026-07-14T13:42:21.655000Z,1784036541655,85.8
session-1784036780900-38r373,24:EC:4A:C7:F5:3A,custom-11f9db6b38bd,1208,2026-07-14T13:42:21.806000Z,1784036541806,85.77
session-1784036780900-38r373,24:EC:4A:C7:F5:3A,custom-11f9db6b38bd,1209,2026-07-14T13:42:21.880000Z,1784036541880,85.3
session-1784036780900-38r373,24:EC:4A:C7:F5:3A,custom-11f9db6b38bd,1210,2026-07-14T13:42:21.970000Z,1784036541970,85.3
session-1784036780900-38r373,24:EC:4A:C7:F5:3A,custom-11f9db6b38bd,1211,2026-07-14T13:42:22.061000Z,1784036542061,85.31
session-1784036780900-38r373,24:EC:4A:C7:F5:3A,custom-11f9db6b38bd,1212,2026-07-14T13:42:22.195000Z,1784036542195,85.73
session-1784036780900-38r373,24:EC:4A:C7:F5:3A,custom-11f9db6b38bd,1213,2026-07-14T13:42:22.285000Z,1784036542285,85.75
session-1784036780900-38r373,24:EC:4A:C7:F5:3A,custom-11f9db6b38bd,1214,2026-07-14T13:42:22.374000Z,1784036542374,85.66
session-1784036780900-38r373,24:EC:4A:C7:F5:3A,custom-11f9db6b38bd,1215,2026-07-14T13:42:22.466000Z,1784036542466,85.71
session-1784036780900-38r373,24:EC:4A:C7:F5:3A,custom-11f9db6b38bd,1216,2026-07-14T13:42:22.553000Z,1784036542553,85.7
session-1784036780900-38r373,24:EC:4A:C7:F5:3A,custom-11f9db6b38bd,1217,2026-07-14T13:42:22.706000Z,1784036542706,85.7
session-1784036780900-38r373,24:EC:4A:C7:F5:3A,custom-11f9db6b38bd,1218,2026-07-14T13:42:22.780000Z,1784036542780,85.7
session-1784036780900-38r373,24:EC:4A:C7:F5:3A,custom-11f9db6b38bd,1219,2026-07-14T13:42:22.869000Z,1784036542869,85.71
session-1784036780900-38r373,24:EC:4A:C7:F5:3A,custom-11f9db6b38bd,1220,2026-07-14T13:42:23.020000Z,1784036543020,85.71
session-1784036780900-38r373,24:EC:4A:C7:F5:3A,custom-11f9db6b38bd,1221,2026-07-14T13:42:23.094000Z,1784036543094,85.7
session-1784036780900-38r373,24:EC:4A:C7:F5:3A,custom-11f9db6b38bd,1222,2026-07-14T13:42:23.184000Z,1784036543184,85.7
session-1784036780900-38r373,24:EC:4A:C7:F5:3A,custom-11f9db6b38bd,1223,2026-07-14T13:42:23.276000Z,1784036543276,85.57
session-1784036780900-38r373,24:EC:4A:C7:F5:3A,custom-11f9db6b38bd,1224,2026-07-14T13:42:23.365000Z,1784036543365,86.15
session-1784036780900-38r373,24:EC:4A:C7:F5:3A,custom-11f9db6b38bd,1225,2026-07-14T13:42:23.456000Z,1784036543456,85.73
session-1784036780900-38r373,24:EC:4A:C7:F5:3A,custom-11f9db6b38bd,1226,2026-07-14T13:42:23.607000Z,1784036543607,85.17
session-1784036780900-38r373,24:EC:4A:C7:F5:3A,custom-11f9db6b38bd,1227,2026-07-14T13:42:23.680000Z,1784036543680,85.75
session-1784036780900-38r373,24:EC:4A:C7:F5:3A,custom-11f9db6b38bd,1228,2026-07-14T13:42:23.771000Z,1784036543771,85.63
session-1784036780900-38r373,24:EC:4A:C7:F5:3A,custom-11f9db6b38bd,1229,2026-07-14T13:42:23.861000Z,1784036543861,85.71
session-1784036780900-38r373,24:EC:4A:C7:F5:3A,custom-11f9db6b38bd,1230,2026-07-14T13:42:23.994000Z,1784036543994,85.68
session-1784036780900-38r373,24:EC:4A:C7:F5:3A,custom-11f9db6b38bd,1231,2026-07-14T13:42:24.085000Z,1784036544085,85.71
session-1784036780900-38r373,24:EC:4A:C7:F5:3A,custom-11f9db6b38bd,1232,2026-07-14T13:42:24.175000Z,1784036544175,85.7
session-1784036780900-38r373,24:EC:4A:C7:F5:3A,custom-11f9db6b38bd,1233,2026-07-14T13:42:24.265000Z,1784036544265,85.68
session-1784036780900-38r373,24:EC:4A:C7:F5:3A,custom-11f9db6b38bd,1234,2026-07-14T13:42:24.401000Z,1784036544401,85.73
session-1784036780900-38r373,24:EC:4A:C7:F5:3A,custom-11f9db6b38bd,1235,2026-07-14T13:42:24.491000Z,1784036544491,85.73
session-1784036780900-38r373,24:EC:4A:C7:F5:3A,custom-11f9db6b38bd,1236,2026-07-14T13:42:24.581000Z,1784036544581,85.71
session-1784036780900-38r373,24:EC:4A:C7:F5:3A,custom-11f9db6b38bd,1237,2026-07-14T13:42:24.669000Z,1784036544669,85.7
session-1784036780900-38r373,24:EC:4A:C7:F5:3A,custom-11f9db6b38bd,1238,2026-07-14T13:42:24.759000Z,1784036544759,85.7
session-1784036780900-38r373,24:EC:4A:C7:F5:3A,custom-11f9db6b38bd,1239,2026-07-14T13:42:24.896000Z,1784036544896,85.7
session-1784036780900-38r373,24:EC:4A:C7:F5:3A,custom-11f9db6b38bd,1240,2026-07-14T13:42:24.984000Z,1784036544984,85.68
session-1784036780900-38r373,24:EC:4A:C7:F5:3A,custom-11f9db6b38bd,1241,2026-07-14T13:42:25.075000Z,1784036545075,85.71
session-1784036780900-38r373,24:EC:4A:C7:F5:3A,custom-11f9db6b38bd,1242,2026-07-14T13:42:25.165000Z,1784036545165,85.24
session-1784036780900-38r373,24:EC:4A:C7:F5:3A,custom-11f9db6b38bd,1243,2026-07-14T13:42:25.255000Z,1784036545255,85.16
session-1784036780900-38r373,24:EC:4A:C7:F5:3A,custom-11f9db6b38bd,1244,2026-07-14T13:42:25.406000Z,1784036545406,85.71
session-1784036780900-38r373,24:EC:4A:C7:F5:3A,custom-11f9db6b38bd,1245,2026-07-14T13:42:25.478000Z,1784036545478,85.68
session-1784036780900-38r373,24:EC:4A:C7:F5:3A,custom-11f9db6b38bd,1246,2026-07-14T13:42:25.569000Z,1784036545569,85.66
session-1784036780900-38r373,24:EC:4A:C7:F5:3A,custom-11f9db6b38bd,1247,2026-07-14T13:42:25.660000Z,1784036545660,85.71
session-1784036780900-38r373,24:EC:4A:C7:F5:3A,custom-11f9db6b38bd,1248,2026-07-14T13:42:25.796000Z,1784036545796,85.68
session-1784036780900-38r373,24:EC:4A:C7:F5:3A,custom-11f9db6b38bd,1249,2026-07-14T13:42:25.885000Z,1784036545885,85.71
session-1784036780900-38r373,24:EC:4A:C7:F5:3A,custom-11f9db6b38bd,1250,2026-07-14T13:42:25.975000Z,1784036545975,85.7
session-1784036780900-38r373,24:EC:4A:C7:F5:3A,custom-11f9db6b38bd,1251,2026-07-14T13:42:26.065000Z,1784036546065,85.68
session-1784036780900-38r373,24:EC:4A:C7:F5:3A,custom-11f9db6b38bd,1252,2026-07-14T13:42:26.155000Z,1784036546155,85.71
session-1784036780900-38r373,24:EC:4A:C7:F5:3A,custom-11f9db6b38bd,1253,2026-07-14T13:42:26.306000Z,1784036546306,85.71
session-1784036780900-38r373,24:EC:4A:C7:F5:3A,custom-11f9db6b38bd,1254,2026-07-14T13:42:26.380000Z,1784036546380,85.7
session-1784036780900-38r373,24:EC:4A:C7:F5:3A,custom-11f9db6b38bd,1255,2026-07-14T13:42:26.469000Z,1784036546469,85.73
session-1784036780900-38r373,24:EC:4A:C7:F5:3A,custom-11f9db6b38bd,1256,2026-07-14T13:42:26.559000Z,1784036546559,85.3
session-1784036780900-38r373,24:EC:4A:C7:F5:3A,custom-11f9db6b38bd,1257,2026-07-14T13:42:26.695000Z,1784036546695,85.31
session-1784036780900-38r373,24:EC:4A:C7:F5:3A,custom-11f9db6b38bd,1258,2026-07-14T13:42:26.784000Z,1784036546784,85.71
session-1784036780900-38r373,24:EC:4A:C7:F5:3A,custom-11f9db6b38bd,1259,2026-07-14T13:42:26.875000Z,1784036546875,85.7
session-1784036780900-38r373,24:EC:4A:C7:F5:3A,custom-11f9db6b38bd,1260,2026-07-14T13:42:26.963000Z,1784036546963,85.75
session-1784036780900-38r373,24:EC:4A:C7:F5:3A,custom-11f9db6b38bd,1261,2026-07-14T13:42:27.054000Z,1784036547054,85.71
session-1784036780900-38r373,24:EC:4A:C7:F5:3A,custom-11f9db6b38bd,1262,2026-07-14T13:42:27.205000Z,1784036547205,85.7
session-1784036780900-38r373,24:EC:4A:C7:F5:3A,custom-11f9db6b38bd,1263,2026-07-14T13:42:27.280000Z,1784036547280,85.73
session-1784036780900-38r373,24:EC:4A:C7:F5:3A,custom-11f9db6b38bd,1264,2026-07-14T13:42:27.435000Z,1784036547435,85.71
session-1784036780900-38r373,24:EC:4A:C7:F5:3A,custom-11f9db6b38bd,1265,2026-07-14T13:42:27.460000Z,1784036547460,85.7
session-1784036780900-38r373,24:EC:4A:C7:F5:3A,custom-11f9db6b38bd,1266,2026-07-14T13:42:27.595000Z,1784036547595,85.73
session-1784036780900-38r373,24:EC:4A:C7:F5:3A,custom-11f9db6b38bd,1267,2026-07-14T13:42:27.685000Z,1784036547685,85.75
session-1784036780900-38r373,24:EC:4A:C7:F5:3A,custom-11f9db6b38bd,1268,2026-07-14T13:42:27.775000Z,1784036547775,85.73
session-1784036780900-38r373,24:EC:4A:C7:F5:3A,custom-11f9db6b38bd,1269,2026-07-14T13:42:27.865000Z,1784036547865,85.7
session-1784036780900-38r373,24:EC:4A:C7:F5:3A,custom-11f9db6b38bd,1270,2026-07-14T13:42:27.954000Z,1784036547954,85.7
session-1784036780900-38r373,24:EC:4A:C7:F5:3A,custom-11f9db6b38bd,1271,2026-07-14T13:42:28.105000Z,1784036548105,85.71
session-1784036780900-38r373,24:EC:4A:C7:F5:3A,custom-11f9db6b38bd,1272,2026-07-14T13:42:28.180000Z,1784036548180,85.73
session-1784036780900-38r373,24:EC:4A:C7:F5:3A,custom-11f9db6b38bd,1273,2026-07-14T13:42:28.271000Z,1784036548271,85.75
session-1784036780900-38r373,24:EC:4A:C7:F5:3A,custom-11f9db6b38bd,1274,2026-07-14T13:42:28.360000Z,1784036548360,85.7
session-1784036780900-38r373,24:EC:4A:C7:F5:3A,custom-11f9db6b38bd,1275,2026-07-14T13:42:28.495000Z,1784036548495,85.71
session-1784036780900-38r373,24:EC:4A:C7:F5:3A,custom-11f9db6b38bd,1276,2026-07-14T13:42:28.586000Z,1784036548586,85.68
session-1784036780900-38r373,24:EC:4A:C7:F5:3A,custom-11f9db6b38bd,1277,2026-07-14T13:42:28.676000Z,1784036548676,85.73
session-1784036780900-38r373,24:EC:4A:C7:F5:3A,custom-11f9db6b38bd,1278,2026-07-14T13:42:28.766000Z,1784036548766,85.73
session-1784036780900-38r373,24:EC:4A:C7:F5:3A,custom-11f9db6b38bd,1279,2026-07-14T13:42:28.854000Z,1784036548854,85.71
session-1784036780900-38r373,24:EC:4A:C7:F5:3A,custom-11f9db6b38bd,1280,2026-07-14T13:42:29.005000Z,1784036549005,85.7
session-1784036780900-38r373,24:EC:4A:C7:F5:3A,custom-11f9db6b38bd,1281,2026-07-14T13:42:29.124000Z,1784036549124,85.66
session-1784036780900-38r373,24:EC:4A:C7:F5:3A,custom-11f9db6b38bd,1282,2026-07-14T13:42:29.169000Z,1784036549169,85.68
session-1784036780900-38r373,24:EC:4A:C7:F5:3A,custom-11f9db6b38bd,1283,2026-07-14T13:42:29.259000Z,1784036549259,85.73
session-1784036780900-38r373,24:EC:4A:C7:F5:3A,custom-11f9db6b38bd,1284,2026-07-14T13:42:29.395000Z,1784036549395,85.75
session-1784036780900-38r373,24:EC:4A:C7:F5:3A,custom-11f9db6b38bd,1285,2026-07-14T13:42:29.485000Z,1784036549485,85.24
session-1784036780900-38r373,24:EC:4A:C7:F5:3A,custom-11f9db6b38bd,1286,2026-07-14T13:42:29.576000Z,1784036549576,85.71
session-1784036780900-38r373,24:EC:4A:C7:F5:3A,custom-11f9db6b38bd,1287,2026-07-14T13:42:29.666000Z,1784036549666,85.71
session-1784036780900-38r373,24:EC:4A:C7:F5:3A,custom-11f9db6b38bd,1288,2026-07-14T13:42:29.757000Z,1784036549757,85.75
session-1784036780900-38r373,24:EC:4A:C7:F5:3A,custom-11f9db6b38bd,1289,2026-07-14T13:42:29.906000Z,1784036549906,85.71
session-1784036780900-38r373,24:EC:4A:C7:F5:3A,custom-11f9db6b38bd,1290,2026-07-14T13:42:29.980000Z,1784036549980,85.7
session-1784036780900-38r373,24:EC:4A:C7:F5:3A,custom-11f9db6b38bd,1291,2026-07-14T13:42:30.115000Z,1784036550115,85.66
session-1784036780900-38r373,24:EC:4A:C7:F5:3A,custom-11f9db6b38bd,1292,2026-07-14T13:42:30.160000Z,1784036550160,85.73
session-1784036780900-38r373,24:EC:4A:C7:F5:3A,custom-11f9db6b38bd,1293,2026-07-14T13:42:30.295000Z,1784036550295,85.68
session-1784036780900-38r373,24:EC:4A:C7:F5:3A,custom-11f9db6b38bd,1294,2026-07-14T13:42:30.385000Z,1784036550385,85.71
session-1784036780900-38r373,24:EC:4A:C7:F5:3A,custom-11f9db6b38bd,1295,2026-07-14T13:42:30.475000Z,1784036550475,85.7
session-1784036780900-38r373,24:EC:4A:C7:F5:3A,custom-11f9db6b38bd,1296,2026-07-14T13:42:30.565000Z,1784036550565,85.73
session-1784036780900-38r373,24:EC:4A:C7:F5:3A,custom-11f9db6b38bd,1297,2026-07-14T13:42:30.656000Z,1784036550656,85.26
session-1784036780900-38r373,24:EC:4A:C7:F5:3A,custom-11f9db6b38bd,1298,2026-07-14T13:42:30.807000Z,1784036550807,85.7
session-1784036780900-38r373,24:EC:4A:C7:F5:3A,custom-11f9db6b38bd,1299,2026-07-14T13:42:30.880000Z,1784036550880,85.73
session-1784036780900-38r373,24:EC:4A:C7:F5:3A,custom-11f9db6b38bd,1300,2026-07-14T13:42:30.970000Z,1784036550970,85.77
session-1784036780900-38r373,24:EC:4A:C7:F5:3A,custom-11f9db6b38bd,1301,2026-07-14T13:42:31.060000Z,1784036551060,85.77
session-1784036780900-38r373,24:EC:4A:C7:F5:3A,custom-11f9db6b38bd,1302,2026-07-14T13:42:31.196000Z,1784036551196,85.78
session-1784036780900-38r373,24:EC:4A:C7:F5:3A,custom-11f9db6b38bd,1303,2026-07-14T13:42:31.284000Z,1784036551284,85.78
session-1784036780900-38r373,24:EC:4A:C7:F5:3A,custom-11f9db6b38bd,1304,2026-07-14T13:42:31.375000Z,1784036551375,85.78
session-1784036780900-38r373,24:EC:4A:C7:F5:3A,custom-11f9db6b38bd,1305,2026-07-14T13:42:31.466000Z,1784036551466,85.37
session-1784036780900-38r373,24:EC:4A:C7:F5:3A,custom-11f9db6b38bd,1306,2026-07-14T13:42:31.555000Z,1784036551555,85.4
session-1784036780900-38r373,24:EC:4A:C7:F5:3A,custom-11f9db6b38bd,1307,2026-07-14T13:42:31.706000Z,1784036551706,85.35
session-1784036780900-38r373,24:EC:4A:C7:F5:3A,custom-11f9db6b38bd,1308,2026-07-14T13:42:31.780000Z,1784036551780,85.78
session-1784036780900-38r373,24:EC:4A:C7:F5:3A,custom-11f9db6b38bd,1309,2026-07-14T13:42:31.872000Z,1784036551872,85.77
session-1784036780900-38r373,24:EC:4A:C7:F5:3A,custom-11f9db6b38bd,1310,2026-07-14T13:42:31.961000Z,1784036551961,85.68
session-1784036780900-38r373,24:EC:4A:C7:F5:3A,custom-11f9db6b38bd,1311,2026-07-14T13:42:32.095000Z,1784036552095,86.13
session-1784036780900-38r373,24:EC:4A:C7:F5:3A,custom-11f9db6b38bd,1312,2026-07-14T13:42:32.185000Z,1784036552185,85.68
session-1784036780900-38r373,24:EC:4A:C7:F5:3A,custom-11f9db6b38bd,1313,2026-07-14T13:42:32.276000Z,1784036552276,85.71
session-1784036780900-38r373,24:EC:4A:C7:F5:3A,custom-11f9db6b38bd,1314,2026-07-14T13:42:32.366000Z,1784036552366,85.68
session-1784036780900-38r373,24:EC:4A:C7:F5:3A,custom-11f9db6b38bd,1315,2026-07-14T13:42:32.457000Z,1784036552457,85.73
session-1784036780900-38r373,24:EC:4A:C7:F5:3A,custom-11f9db6b38bd,1316,2026-07-14T13:42:32.608000Z,1784036552608,85.71
session-1784036780900-38r373,24:EC:4A:C7:F5:3A,custom-11f9db6b38bd,1317,2026-07-14T13:42:32.680000Z,1784036552680,85.7
session-1784036780900-38r373,24:EC:4A:C7:F5:3A,custom-11f9db6b38bd,1318,2026-07-14T13:42:32.770000Z,1784036552770,85.7
session-1784036780900-38r373,24:EC:4A:C7:F5:3A,custom-11f9db6b38bd,1319,2026-07-14T13:42:32.862000Z,1784036552862,85.68
session-1784036780900-38r373,24:EC:4A:C7:F5:3A,custom-11f9db6b38bd,1320,2026-07-14T13:42:32.996000Z,1784036552996,85.73
session-1784036780900-38r373,24:EC:4A:C7:F5:3A,custom-11f9db6b38bd,1321,2026-07-14T13:42:33.086000Z,1784036553086,85.73
session-1784036780900-38r373,24:EC:4A:C7:F5:3A,custom-11f9db6b38bd,1322,2026-07-14T13:42:33.174000Z,1784036553174,86.17
session-1784036780900-38r373,24:EC:4A:C7:F5:3A,custom-11f9db6b38bd,1323,2026-07-14T13:42:33.266000Z,1784036553266,85.63
session-1784036780900-38r373,24:EC:4A:C7:F5:3A,custom-11f9db6b38bd,1324,2026-07-14T13:42:33.357000Z,1784036553357,85.63
session-1784036780900-38r373,24:EC:4A:C7:F5:3A,custom-11f9db6b38bd,1325,2026-07-14T13:42:33.508000Z,1784036553508,85.63
session-1784036780900-38r373,24:EC:4A:C7:F5:3A,custom-11f9db6b38bd,1326,2026-07-14T13:42:33.579000Z,1784036553579,85.73
session-1784036780900-38r373,24:EC:4A:C7:F5:3A,custom-11f9db6b38bd,1327,2026-07-14T13:42:33.671000Z,1784036553671,85.7
session-1784036780900-38r373,24:EC:4A:C7:F5:3A,custom-11f9db6b38bd,1328,2026-07-14T13:42:33.761000Z,1784036553761,85.73
session-1784036780900-38r373,24:EC:4A:C7:F5:3A,custom-11f9db6b38bd,1329,2026-07-14T13:42:33.896000Z,1784036553896,85.7
session-1784036780900-38r373,24:EC:4A:C7:F5:3A,custom-11f9db6b38bd,1330,2026-07-14T13:42:33.987000Z,1784036553987,85.14
session-1784036780900-38r373,24:EC:4A:C7:F5:3A,custom-11f9db6b38bd,1331,2026-07-14T13:42:34.075000Z,1784036554075,85.28
session-1784036780900-38r373,24:EC:4A:C7:F5:3A,custom-11f9db6b38bd,1332,2026-07-14T13:42:34.211000Z,1784036554211,85.28
session-1784036780900-38r373,24:EC:4A:C7:F5:3A,custom-11f9db6b38bd,1333,2026-07-14T13:42:34.255000Z,1784036554255,85.3
session-1784036780900-38r373,24:EC:4A:C7:F5:3A,custom-11f9db6b38bd,1334,2026-07-14T13:42:34.405000Z,1784036554405,85.28
session-1784036780900-38r373,24:EC:4A:C7:F5:3A,custom-11f9db6b38bd,1335,2026-07-14T13:42:34.482000Z,1784036554482,85.71
session-1784036780900-38r373,24:EC:4A:C7:F5:3A,custom-11f9db6b38bd,1336,2026-07-14T13:42:34.570000Z,1784036554570,86.13
session-1784036780900-38r373,24:EC:4A:C7:F5:3A,custom-11f9db6b38bd,1337,2026-07-14T13:42:34.660000Z,1784036554660,86.08
session-1784036780900-38r373,24:EC:4A:C7:F5:3A,custom-11f9db6b38bd,1338,2026-07-14T13:42:34.797000Z,1784036554797,85.59
session-1784036780900-38r373,24:EC:4A:C7:F5:3A,custom-11f9db6b38bd,1339,2026-07-14T13:42:34.887000Z,1784036554887,85.73
session-1784036780900-38r373,24:EC:4A:C7:F5:3A,custom-11f9db6b38bd,1340,2026-07-14T13:42:34.974000Z,1784036554974,85.71
session-1784036780900-38r373,24:EC:4A:C7:F5:3A,custom-11f9db6b38bd,1341,2026-07-14T13:42:35.066000Z,1784036555066,85.7
session-1784036780900-38r373,24:EC:4A:C7:F5:3A,custom-11f9db6b38bd,1342,2026-07-14T13:42:35.201000Z,1784036555201,85.61
session-1784036780900-38r373,24:EC:4A:C7:F5:3A,custom-11f9db6b38bd,1343,2026-07-14T13:42:35.289000Z,1784036555289,85.7
session-1784036780900-38r373,24:EC:4A:C7:F5:3A,custom-11f9db6b38bd,1344,2026-07-14T13:42:35.380000Z,1784036555380,85.66
session-1784036780900-38r373,24:EC:4A:C7:F5:3A,custom-11f9db6b38bd,1345,2026-07-14T13:42:35.470000Z,1784036555470,85.61
session-1784036780900-38r373,24:EC:4A:C7:F5:3A,custom-11f9db6b38bd,1346,2026-07-14T13:42:35.561000Z,1784036555561,86.05
session-1784036780900-38r373,24:EC:4A:C7:F5:3A,custom-11f9db6b38bd,1347,2026-07-14T13:42:35.697000Z,1784036555697,85.73
session-1784036780900-38r373,24:EC:4A:C7:F5:3A,custom-11f9db6b38bd,1348,2026-07-14T13:42:35.786000Z,1784036555786,85.16
session-1784036780900-38r373,24:EC:4A:C7:F5:3A,custom-11f9db6b38bd,1349,2026-07-14T13:42:35.922000Z,1784036555922,85.19
session-1784036780900-38r373,24:EC:4A:C7:F5:3A,custom-11f9db6b38bd,1350,2026-07-14T13:42:35.965000Z,1784036555965,85.28
session-1784036780900-38r373,24:EC:4A:C7:F5:3A,custom-11f9db6b38bd,1351,2026-07-14T13:42:36.055000Z,1784036556055,85.28
session-1784036780900-38r373,24:EC:4A:C7:F5:3A,custom-11f9db6b38bd,1352,2026-07-14T13:42:36.207000Z,1784036556207,85.28
session-1784036780900-38r373,24:EC:4A:C7:F5:3A,custom-11f9db6b38bd,1353,2026-07-14T13:42:36.279000Z,1784036556279,85.28
session-1784036780900-38r373,24:EC:4A:C7:F5:3A,custom-11f9db6b38bd,1354,2026-07-14T13:42:36.371000Z,1784036556371,85.73
session-1784036780900-38r373,24:EC:4A:C7:F5:3A,custom-11f9db6b38bd,1355,2026-07-14T13:42:36.461000Z,1784036556461,85.73
session-1784036780900-38r373,24:EC:4A:C7:F5:3A,custom-11f9db6b38bd,1356,2026-07-14T13:42:36.594000Z,1784036556594,85.71
session-1784036780900-38r373,24:EC:4A:C7:F5:3A,custom-11f9db6b38bd,1357,2026-07-14T13:42:36.684000Z,1784036556684,85.7
session-1784036780900-38r373,24:EC:4A:C7:F5:3A,custom-11f9db6b38bd,1358,2026-07-14T13:42:36.775000Z,1784036556775,85.71
session-1784036780900-38r373,24:EC:4A:C7:F5:3A,custom-11f9db6b38bd,1359,2026-07-14T13:42:36.865000Z,1784036556865,85.7
session-1784036780900-38r373,24:EC:4A:C7:F5:3A,custom-11f9db6b38bd,1360,2026-07-14T13:42:36.955000Z,1784036556955,85.71
session-1784036780900-38r373,24:EC:4A:C7:F5:3A,custom-11f9db6b38bd,1361,2026-07-14T13:42:37.107000Z,1784036557107,85.71
session-1784036780900-38r373,24:EC:4A:C7:F5:3A,custom-11f9db6b38bd,1362,2026-07-14T13:42:37.180000Z,1784036557180,85.16
session-1784036780900-38r373,24:EC:4A:C7:F5:3A,custom-11f9db6b38bd,1363,2026-07-14T13:42:37.271000Z,1784036557271,85.16
session-1784036780900-38r373,24:EC:4A:C7:F5:3A,custom-11f9db6b38bd,1364,2026-07-14T13:42:37.360000Z,1784036557360,85.12
session-1784036780900-38r373,24:EC:4A:C7:F5:3A,custom-11f9db6b38bd,1365,2026-07-14T13:42:37.494000Z,1784036557494,85.19
session-1784036780900-38r373,24:EC:4A:C7:F5:3A,custom-11f9db6b38bd,1366,2026-07-14T13:42:37.585000Z,1784036557585,85.1
session-1784036780900-38r373,24:EC:4A:C7:F5:3A,custom-11f9db6b38bd,1367,2026-07-14T13:42:37.676000Z,1784036557676,85.71
session-1784036780900-38r373,24:EC:4A:C7:F5:3A,custom-11f9db6b38bd,1368,2026-07-14T13:42:37.765000Z,1784036557765,85.59
session-1784036780900-38r373,24:EC:4A:C7:F5:3A,custom-11f9db6b38bd,1369,2026-07-14T13:42:37.857000Z,1784036557857,86.06
session-1784036780900-38r373,24:EC:4A:C7:F5:3A,custom-11f9db6b38bd,1370,2026-07-14T13:42:38.008000Z,1784036558008,85.61
session-1784036780900-38r373,24:EC:4A:C7:F5:3A,custom-11f9db6b38bd,1371,2026-07-14T13:42:38.080000Z,1784036558080,85.73
session-1784036780900-38r373,24:EC:4A:C7:F5:3A,custom-11f9db6b38bd,1372,2026-07-14T13:42:38.170000Z,1784036558170,85.7
session-1784036780900-38r373,24:EC:4A:C7:F5:3A,custom-11f9db6b38bd,1373,2026-07-14T13:42:38.261000Z,1784036558261,85.7
session-1784036780900-38r373,24:EC:4A:C7:F5:3A,custom-11f9db6b38bd,1374,2026-07-14T13:42:38.396000Z,1784036558396,85.7
session-1784036780900-38r373,24:EC:4A:C7:F5:3A,custom-11f9db6b38bd,1375,2026-07-14T13:42:38.482000Z,1784036558482,85.68
session-1784036780900-38r373,24:EC:4A:C7:F5:3A,custom-11f9db6b38bd,1376,2026-07-14T13:42:38.575000Z,1784036558575,85.7
session-1784036780900-38r373,24:EC:4A:C7:F5:3A,custom-11f9db6b38bd,1377,2026-07-14T13:42:38.665000Z,1784036558665,85.68
session-1784036780900-38r373,24:EC:4A:C7:F5:3A,custom-11f9db6b38bd,1378,2026-07-14T13:42:38.756000Z,1784036558756,85.71
session-1784036780900-38r373,24:EC:4A:C7:F5:3A,custom-11f9db6b38bd,1379,2026-07-14T13:42:38.908000Z,1784036558908,85.7
session-1784036780900-38r373,24:EC:4A:C7:F5:3A,custom-11f9db6b38bd,1380,2026-07-14T13:42:39.070000Z,1784036559070,85.75
session-1784036780900-38r373,24:EC:4A:C7:F5:3A,custom-11f9db6b38bd,1381,2026-07-14T13:42:39.071000Z,1784036559071,85.71
session-1784036780900-38r373,24:EC:4A:C7:F5:3A,custom-11f9db6b38bd,1382,2026-07-14T13:42:39.159000Z,1784036559159,85.7
session-1784036780900-38r373,24:EC:4A:C7:F5:3A,custom-11f9db6b38bd,1383,2026-07-14T13:42:39.295000Z,1784036559295,85.73
session-1784036780900-38r373,24:EC:4A:C7:F5:3A,custom-11f9db6b38bd,1384,2026-07-14T13:42:39.387000Z,1784036559387,85.71
session-1784036780900-38r373,24:EC:4A:C7:F5:3A,custom-11f9db6b38bd,1385,2026-07-14T13:42:39.475000Z,1784036559475,85.7
session-1784036780900-38r373,24:EC:4A:C7:F5:3A,custom-11f9db6b38bd,1386,2026-07-14T13:42:39.565000Z,1784036559565,85.68
session-1784036780900-38r373,24:EC:4A:C7:F5:3A,custom-11f9db6b38bd,1387,2026-07-14T13:42:39.656000Z,1784036559656,85.68
session-1784036780900-38r373,24:EC:4A:C7:F5:3A,custom-11f9db6b38bd,1388,2026-07-14T13:42:39.806000Z,1784036559806,85.19
session-1784036780900-38r373,24:EC:4A:C7:F5:3A,custom-11f9db6b38bd,1389,2026-07-14T13:42:39.880000Z,1784036559880,85.28
session-1784036780900-38r373,24:EC:4A:C7:F5:3A,custom-11f9db6b38bd,1390,2026-07-14T13:42:39.970000Z,1784036559970,85.28
session-1784036780900-38r373,24:EC:4A:C7:F5:3A,custom-11f9db6b38bd,1391,2026-07-14T13:42:40.060000Z,1784036560060,85.28
session-1784036780900-38r373,24:EC:4A:C7:F5:3A,custom-11f9db6b38bd,1392,2026-07-14T13:42:40.196000Z,1784036560196,85.28
session-1784036780900-38r373,24:EC:4A:C7:F5:3A,custom-11f9db6b38bd,1393,2026-07-14T13:42:40.285000Z,1784036560285,85.24
session-1784036780900-38r373,24:EC:4A:C7:F5:3A,custom-11f9db6b38bd,1394,2026-07-14T13:42:40.375000Z,1784036560375,85.16
session-1784036780900-38r373,24:EC:4A:C7:F5:3A,custom-11f9db6b38bd,1395,2026-07-14T13:42:40.466000Z,1784036560466,85.17
session-1784036780900-38r373,24:EC:4A:C7:F5:3A,custom-11f9db6b38bd,1396,2026-07-14T13:42:40.554000Z,1784036560554,85.16
session-1784036780900-38r373,24:EC:4A:C7:F5:3A,custom-11f9db6b38bd,1397,2026-07-14T13:42:40.705000Z,1784036560705,85.66
session-1784036780900-38r373,24:EC:4A:C7:F5:3A,custom-11f9db6b38bd,1398,2026-07-14T13:42:40.781000Z,1784036560781,85.73
session-1784036780900-38r373,24:EC:4A:C7:F5:3A,custom-11f9db6b38bd,1399,2026-07-14T13:42:40.870000Z,1784036560870,85.71
session-1784036780900-38r373,24:EC:4A:C7:F5:3A,custom-11f9db6b38bd,1400,2026-07-14T13:42:40.962000Z,1784036560962,85.7
session-1784036780900-38r373,24:EC:4A:C7:F5:3A,custom-11f9db6b38bd,1401,2026-07-14T13:42:41.095000Z,1784036561095,85.66
session-1784036780900-38r373,24:EC:4A:C7:F5:3A,custom-11f9db6b38bd,1402,2026-07-14T13:42:41.185000Z,1784036561185,85.57
session-1784036780900-38r373,24:EC:4A:C7:F5:3A,custom-11f9db6b38bd,1403,2026-07-14T13:42:41.276000Z,1784036561276,85.63
session-1784036780900-38r373,24:EC:4A:C7:F5:3A,custom-11f9db6b38bd,1404,2026-07-14T13:42:41.365000Z,1784036561365,85.61
session-1784036780900-38r373,24:EC:4A:C7:F5:3A,custom-11f9db6b38bd,1405,2026-07-14T13:42:41.456000Z,1784036561456,85.59
session-1784036780900-38r373,24:EC:4A:C7:F5:3A,custom-11f9db6b38bd,1406,2026-07-14T13:42:41.607000Z,1784036561607,85.57
session-1784036780900-38r373,24:EC:4A:C7:F5:3A,custom-11f9db6b38bd,1407,2026-07-14T13:42:41.680000Z,1784036561680,85.63
session-1784036780900-38r373,24:EC:4A:C7:F5:3A,custom-11f9db6b38bd,1408,2026-07-14T13:42:41.770000Z,1784036561770,85.56
session-1784036780900-38r373,24:EC:4A:C7:F5:3A,custom-11f9db6b38bd,1409,2026-07-14T13:42:41.859000Z,1784036561859,85.63
session-1784036780900-38r373,24:EC:4A:C7:F5:3A,custom-11f9db6b38bd,1410,2026-07-14T13:42:41.994000Z,1784036561994,85.71
session-1784036780900-38r373,24:EC:4A:C7:F5:3A,custom-11f9db6b38bd,1411,2026-07-14T13:42:42.085000Z,1784036562085,85.7
session-1784036780900-38r373,24:EC:4A:C7:F5:3A,custom-11f9db6b38bd,1412,2026-07-14T13:42:42.174000Z,1784036562174,85.68
session-1784036780900-38r373,24:EC:4A:C7:F5:3A,custom-11f9db6b38bd,1413,2026-07-14T13:42:42.264000Z,1784036562264,85.73
session-1784036780900-38r373,24:EC:4A:C7:F5:3A,custom-11f9db6b38bd,1414,2026-07-14T13:42:42.353000Z,1784036562353,85.68
session-1784036780900-38r373,24:EC:4A:C7:F5:3A,custom-11f9db6b38bd,1415,2026-07-14T13:42:42.488000Z,1784036562488,85.73
session-1784036780900-38r373,24:EC:4A:C7:F5:3A,custom-11f9db6b38bd,1416,2026-07-14T13:42:42.578000Z,1784036562578,85.71
session-1784036780900-38r373,24:EC:4A:C7:F5:3A,custom-11f9db6b38bd,1417,2026-07-14T13:42:42.669000Z,1784036562669,85.66
session-1784036780900-38r373,24:EC:4A:C7:F5:3A,custom-11f9db6b38bd,1418,2026-07-14T13:42:42.760000Z,1784036562760,85.73
session-1784036780900-38r373,24:EC:4A:C7:F5:3A,custom-11f9db6b38bd,1419,2026-07-14T13:42:42.911000Z,1784036562911,85.73
session-1784036780900-38r373,24:EC:4A:C7:F5:3A,custom-11f9db6b38bd,1420,2026-07-14T13:42:42.984000Z,1784036562984,85.73
session-1784036780900-38r373,24:EC:4A:C7:F5:3A,custom-11f9db6b38bd,1421,2026-07-14T13:42:43.074000Z,1784036563074,85.71
session-1784036780900-38r373,24:EC:4A:C7:F5:3A,custom-11f9db6b38bd,1422,2026-07-14T13:42:43.165000Z,1784036563165,85.71
session-1784036780900-38r373,24:EC:4A:C7:F5:3A,custom-11f9db6b38bd,1423,2026-07-14T13:42:43.254000Z,1784036563254,85.66
session-1784036780900-38r373,24:EC:4A:C7:F5:3A,custom-11f9db6b38bd,1424,2026-07-14T13:42:43.404000Z,1784036563404,85.73
session-1784036780900-38r373,24:EC:4A:C7:F5:3A,custom-11f9db6b38bd,1425,2026-07-14T13:42:43.524000Z,1784036563524,85.16
session-1784036780900-38r373,24:EC:4A:C7:F5:3A,custom-11f9db6b38bd,1426,2026-07-14T13:42:43.568000Z,1784036563568,85.73
session-1784036780900-38r373,24:EC:4A:C7:F5:3A,custom-11f9db6b38bd,1427,2026-07-14T13:42:43.660000Z,1784036563660,85.24
session-1784036780900-38r373,24:EC:4A:C7:F5:3A,custom-11f9db6b38bd,1428,2026-07-14T13:42:43.795000Z,1784036563795,85.26
session-1784036780900-38r373,24:EC:4A:C7:F5:3A,custom-11f9db6b38bd,1429,2026-07-14T13:42:43.885000Z,1784036563885,85.26
session-1784036780900-38r373,24:EC:4A:C7:F5:3A,custom-11f9db6b38bd,1430,2026-07-14T13:42:43.975000Z,1784036563975,85.7
session-1784036780900-38r373,24:EC:4A:C7:F5:3A,custom-11f9db6b38bd,1431,2026-07-14T13:42:44.065000Z,1784036564065,85.24
session-1784036780900-38r373,24:EC:4A:C7:F5:3A,custom-11f9db6b38bd,1432,2026-07-14T13:42:44.156000Z,1784036564156,85.66
session-1784036780900-38r373,24:EC:4A:C7:F5:3A,custom-11f9db6b38bd,1433,2026-07-14T13:42:44.307000Z,1784036564307,85.71
session-1784036780900-38r373,24:EC:4A:C7:F5:3A,custom-11f9db6b38bd,1434,2026-07-14T13:42:44.380000Z,1784036564380,85.68
session-1784036780900-38r373,24:EC:4A:C7:F5:3A,custom-11f9db6b38bd,1435,2026-07-14T13:42:44.469000Z,1784036564469,85.73
session-1784036780900-38r373,24:EC:4A:C7:F5:3A,custom-11f9db6b38bd,1436,2026-07-14T13:42:44.559000Z,1784036564559,85.71
session-1784036780900-38r373,24:EC:4A:C7:F5:3A,custom-11f9db6b38bd,1437,2026-07-14T13:42:44.695000Z,1784036564695,85.7
session-1784036780900-38r373,24:EC:4A:C7:F5:3A,custom-11f9db6b38bd,1438,2026-07-14T13:42:44.785000Z,1784036564785,85.59
session-1784036780900-38r373,24:EC:4A:C7:F5:3A,custom-11f9db6b38bd,1439,2026-07-14T13:42:44.876000Z,1784036564876,86.05
session-1784036780900-38r373,24:EC:4A:C7:F5:3A,custom-11f9db6b38bd,1440,2026-07-14T13:42:44.966000Z,1784036564966,86.12
session-1784036780900-38r373,24:EC:4A:C7:F5:3A,custom-11f9db6b38bd,1441,2026-07-14T13:42:45.057000Z,1784036565057,85.57
session-1784036780900-38r373,24:EC:4A:C7:F5:3A,custom-11f9db6b38bd,1442,2026-07-14T13:42:45.207000Z,1784036565207,85.71
session-1784036780900-38r373,24:EC:4A:C7:F5:3A,custom-11f9db6b38bd,1443,2026-07-14T13:42:45.280000Z,1784036565280,85.68
session-1784036780900-38r373,24:EC:4A:C7:F5:3A,custom-11f9db6b38bd,1444,2026-07-14T13:42:45.371000Z,1784036565371,85.14
session-1784036780900-38r373,24:EC:4A:C7:F5:3A,custom-11f9db6b38bd,1445,2026-07-14T13:42:45.458000Z,1784036565458,85.71
session-1784036780900-38r373,24:EC:4A:C7:F5:3A,custom-11f9db6b38bd,1446,2026-07-14T13:42:45.595000Z,1784036565595,85.14
session-1784036780900-38r373,24:EC:4A:C7:F5:3A,custom-11f9db6b38bd,1447,2026-07-14T13:42:45.686000Z,1784036565686,85.71
session-1784036780900-38r373,24:EC:4A:C7:F5:3A,custom-11f9db6b38bd,1448,2026-07-14T13:42:45.775000Z,1784036565775,85.7
session-1784036780900-38r373,24:EC:4A:C7:F5:3A,custom-11f9db6b38bd,1449,2026-07-14T13:42:45.866000Z,1784036565866,85.17
session-1784036780900-38r373,24:EC:4A:C7:F5:3A,custom-11f9db6b38bd,1450,2026-07-14T13:42:45.957000Z,1784036565957,85.28
session-1784036780900-38r373,24:EC:4A:C7:F5:3A,custom-11f9db6b38bd,1451,2026-07-14T13:42:46.109000Z,1784036566109,85.3
session-1784036780900-38r373,24:EC:4A:C7:F5:3A,custom-11f9db6b38bd,1452,2026-07-14T13:42:46.180000Z,1784036566180,85.28
session-1784036780900-38r373,24:EC:4A:C7:F5:3A,custom-11f9db6b38bd,1453,2026-07-14T13:42:46.272000Z,1784036566272,85.73
session-1784036780900-38r373,24:EC:4A:C7:F5:3A,custom-11f9db6b38bd,1454,2026-07-14T13:42:46.360000Z,1784036566360,85.71
session-1784036780900-38r373,24:EC:4A:C7:F5:3A,custom-11f9db6b38bd,1455,2026-07-14T13:42:46.496000Z,1784036566496,85.24
session-1784036780900-38r373,24:EC:4A:C7:F5:3A,custom-11f9db6b38bd,1456,2026-07-14T13:42:46.584000Z,1784036566584,85.24
session-1784036780900-38r373,24:EC:4A:C7:F5:3A,custom-11f9db6b38bd,1457,2026-07-14T13:42:46.675000Z,1784036566675,85.7
session-1784036780900-38r373,24:EC:4A:C7:F5:3A,custom-11f9db6b38bd,1458,2026-07-14T13:42:46.810000Z,1784036566810,85.7
session-1784036780900-38r373,24:EC:4A:C7:F5:3A,custom-11f9db6b38bd,1459,2026-07-14T13:42:46.854000Z,1784036566854,86.17
session-1784036780900-38r373,24:EC:4A:C7:F5:3A,custom-11f9db6b38bd,1460,2026-07-14T13:42:47.006000Z,1784036567006,85.73
session-1784036780900-38r373,24:EC:4A:C7:F5:3A,custom-11f9db6b38bd,1461,2026-07-14T13:42:47.079000Z,1784036567079,85.71
session-1784036780900-38r373,24:EC:4A:C7:F5:3A,custom-11f9db6b38bd,1462,2026-07-14T13:42:47.169000Z,1784036567169,85.7
session-1784036780900-38r373,24:EC:4A:C7:F5:3A,custom-11f9db6b38bd,1463,2026-07-14T13:42:47.260000Z,1784036567260,85.68
session-1784036780900-38r373,24:EC:4A:C7:F5:3A,custom-11f9db6b38bd,1464,2026-07-14T13:42:47.396000Z,1784036567396,85.68
session-1784036780900-38r373,24:EC:4A:C7:F5:3A,custom-11f9db6b38bd,1465,2026-07-14T13:42:47.483000Z,1784036567483,85.68
session-1784036780900-38r373,24:EC:4A:C7:F5:3A,custom-11f9db6b38bd,1466,2026-07-14T13:42:47.573000Z,1784036567573,85.7
session-1784036780900-38r373,24:EC:4A:C7:F5:3A,custom-11f9db6b38bd,1467,2026-07-14T13:42:47.664000Z,1784036567664,85.31
session-1784036780900-38r373,24:EC:4A:C7:F5:3A,custom-11f9db6b38bd,1468,2026-07-14T13:42:47.754000Z,1784036567754,85.3
session-1784036780900-38r373,24:EC:4A:C7:F5:3A,custom-11f9db6b38bd,1469,2026-07-14T13:42:47.906000Z,1784036567906,85.3
session-1784036780900-38r373,24:EC:4A:C7:F5:3A,custom-11f9db6b38bd,1470,2026-07-14T13:42:47.979000Z,1784036567979,85.28
session-1784036780900-38r373,24:EC:4A:C7:F5:3A,custom-11f9db6b38bd,1471,2026-07-14T13:42:48.069000Z,1784036568069,85.28
session-1784036780900-38r373,24:EC:4A:C7:F5:3A,custom-11f9db6b38bd,1472,2026-07-14T13:42:48.159000Z,1784036568159,85.28
session-1784036780900-38r373,24:EC:4A:C7:F5:3A,custom-11f9db6b38bd,1473,2026-07-14T13:42:48.294000Z,1784036568294,85.28
session-1784036780900-38r373,24:EC:4A:C7:F5:3A,custom-11f9db6b38bd,1474,2026-07-14T13:42:48.385000Z,1784036568385,85.28
session-1784036780900-38r373,24:EC:4A:C7:F5:3A,custom-11f9db6b38bd,1475,2026-07-14T13:42:48.473000Z,1784036568473,85.28
session-1784036780900-38r373,24:EC:4A:C7:F5:3A,custom-11f9db6b38bd,1476,2026-07-14T13:42:48.609000Z,1784036568609,85.26
session-1784036780900-38r373,24:EC:4A:C7:F5:3A,custom-11f9db6b38bd,1477,2026-07-14T13:42:48.653000Z,1784036568653,85.28
session-1784036780900-38r373,24:EC:4A:C7:F5:3A,custom-11f9db6b38bd,1478,2026-07-14T13:42:48.804000Z,1784036568804,85.71
session-1784036780900-38r373,24:EC:4A:C7:F5:3A,custom-11f9db6b38bd,1479,2026-07-14T13:42:48.879000Z,1784036568879,85.7
session-1784036780900-38r373,24:EC:4A:C7:F5:3A,custom-11f9db6b38bd,1480,2026-07-14T13:42:48.969000Z,1784036568969,85.7
session-1784036780900-38r373,24:EC:4A:C7:F5:3A,custom-11f9db6b38bd,1481,2026-07-14T13:42:49.059000Z,1784036569059,85.68
session-1784036780900-38r373,24:EC:4A:C7:F5:3A,custom-11f9db6b38bd,1482,2026-07-14T13:42:49.194000Z,1784036569194,85.59
session-1784036780900-38r373,24:EC:4A:C7:F5:3A,custom-11f9db6b38bd,1483,2026-07-14T13:42:49.284000Z,1784036569284,85.7
session-1784036780900-38r373,24:EC:4A:C7:F5:3A,custom-11f9db6b38bd,1484,2026-07-14T13:42:49.375000Z,1784036569375,85.57
session-1784036780900-38r373,24:EC:4A:C7:F5:3A,custom-11f9db6b38bd,1485,2026-07-14T13:42:49.464000Z,1784036569464,86.13
session-1784036780900-38r373,24:EC:4A:C7:F5:3A,custom-11f9db6b38bd,1486,2026-07-14T13:42:49.555000Z,1784036569555,85.63
session-1784036780900-38r373,24:EC:4A:C7:F5:3A,custom-11f9db6b38bd,1487,2026-07-14T13:42:49.706000Z,1784036569706,85.63
session-1784036780900-38r373,24:EC:4A:C7:F5:3A,custom-11f9db6b38bd,1488,2026-07-14T13:42:49.778000Z,1784036569778,85.63
session-1784036780900-38r373,24:EC:4A:C7:F5:3A,custom-11f9db6b38bd,1489,2026-07-14T13:42:49.870000Z,1784036569870,85.71
session-1784036780900-38r373,24:EC:4A:C7:F5:3A,custom-11f9db6b38bd,1490,2026-07-14T13:42:49.961000Z,1784036569961,85.7
session-1784036780900-38r373,24:EC:4A:C7:F5:3A,custom-11f9db6b38bd,1491,2026-07-14T13:42:50.094000Z,1784036570094,85.68
session-1784036780900-38r373,24:EC:4A:C7:F5:3A,custom-11f9db6b38bd,1492,2026-07-14T13:42:50.185000Z,1784036570185,85.7
session-1784036780900-38r373,24:EC:4A:C7:F5:3A,custom-11f9db6b38bd,1493,2026-07-14T13:42:50.275000Z,1784036570275,85.7
session-1784036780900-38r373,24:EC:4A:C7:F5:3A,custom-11f9db6b38bd,1494,2026-07-14T13:42:50.365000Z,1784036570365,85.7
session-1784036780900-38r373,24:EC:4A:C7:F5:3A,custom-11f9db6b38bd,1495,2026-07-14T13:42:50.454000Z,1784036570454,85.57
session-1784036780900-38r373,24:EC:4A:C7:F5:3A,custom-11f9db6b38bd,1496,2026-07-14T13:42:50.606000Z,1784036570606,85.63
session-1784036780900-38r373,24:EC:4A:C7:F5:3A,custom-11f9db6b38bd,1497,2026-07-14T13:42:50.679000Z,1784036570679,85.64
session-1784036780900-38r373,24:EC:4A:C7:F5:3A,custom-11f9db6b38bd,1498,2026-07-14T13:42:50.770000Z,1784036570770,85.59
session-1784036780900-38r373,24:EC:4A:C7:F5:3A,custom-11f9db6b38bd,1499,2026-07-14T13:42:50.859000Z,1784036570859,86.15
session-1784036780900-38r373,24:EC:4A:C7:F5:3A,custom-11f9db6b38bd,1500,2026-07-14T13:42:50.994000Z,1784036570994,85.71
session-1784036780900-38r373,24:EC:4A:C7:F5:3A,custom-11f9db6b38bd,1501,2026-07-14T13:42:51.083000Z,1784036571083,85.68
session-1784036780900-38r373,24:EC:4A:C7:F5:3A,custom-11f9db6b38bd,1502,2026-07-14T13:42:51.174000Z,1784036571174,85.71
session-1784036780900-38r373,24:EC:4A:C7:F5:3A,custom-11f9db6b38bd,1503,2026-07-14T13:42:51.264000Z,1784036571264,85.71
session-1784036780900-38r373,24:EC:4A:C7:F5:3A,custom-11f9db6b38bd,1504,2026-07-14T13:42:51.354000Z,1784036571354,85.26
session-1784036780900-38r373,24:EC:4A:C7:F5:3A,custom-11f9db6b38bd,1505,2026-07-14T13:42:51.504000Z,1784036571504,85.16
session-1784036780900-38r373,24:EC:4A:C7:F5:3A,custom-11f9db6b38bd,1506,2026-07-14T13:42:51.579000Z,1784036571579,85.17
session-1784036780900-38r373,24:EC:4A:C7:F5:3A,custom-11f9db6b38bd,1507,2026-07-14T13:42:51.669000Z,1784036571669,85.28
session-1784036780900-38r373,24:EC:4A:C7:F5:3A,custom-11f9db6b38bd,1508,2026-07-14T13:42:51.759000Z,1784036571759,85.68
session-1784036780900-38r373,24:EC:4A:C7:F5:3A,custom-11f9db6b38bd,1509,2026-07-14T13:42:51.893000Z,1784036571893,85.71
session-1784036780900-38r373,24:EC:4A:C7:F5:3A,custom-11f9db6b38bd,1510,2026-07-14T13:42:52.030000Z,1784036572030,85.7
session-1784036780900-38r373,24:EC:4A:C7:F5:3A,custom-11f9db6b38bd,1511,2026-07-14T13:42:52.073000Z,1784036572073,85.75
session-1784036780900-38r373,24:EC:4A:C7:F5:3A,custom-11f9db6b38bd,1512,2026-07-14T13:42:52.164000Z,1784036572164,85.3
session-1784036780900-38r373,24:EC:4A:C7:F5:3A,custom-11f9db6b38bd,1513,2026-07-14T13:42:52.256000Z,1784036572256,85.3
session-1784036780900-38r373,24:EC:4A:C7:F5:3A,custom-11f9db6b38bd,1514,2026-07-14T13:42:52.406000Z,1784036572406,85.3
session-1784036780900-38r373,24:EC:4A:C7:F5:3A,custom-11f9db6b38bd,1515,2026-07-14T13:42:52.478000Z,1784036572478,85.28
session-1784036780900-38r373,24:EC:4A:C7:F5:3A,custom-11f9db6b38bd,1516,2026-07-14T13:42:52.568000Z,1784036572568,85.71
session-1784036780900-38r373,24:EC:4A:C7:F5:3A,custom-11f9db6b38bd,1517,2026-07-14T13:42:52.659000Z,1784036572659,85.7
session-1784036780900-38r373,24:EC:4A:C7:F5:3A,custom-11f9db6b38bd,1518,2026-07-14T13:42:52.794000Z,1784036572794,85.68
session-1784036780900-38r373,24:EC:4A:C7:F5:3A,custom-11f9db6b38bd,1519,2026-07-14T13:42:52.886000Z,1784036572886,85.71
session-1784036780900-38r373,24:EC:4A:C7:F5:3A,custom-11f9db6b38bd,1520,2026-07-14T13:42:52.974000Z,1784036572974,85.26
session-1784036780900-38r373,24:EC:4A:C7:F5:3A,custom-11f9db6b38bd,1521,2026-07-14T13:42:53.064000Z,1784036573064,85.26
session-1784036780900-38r373,24:EC:4A:C7:F5:3A,custom-11f9db6b38bd,1522,2026-07-14T13:42:53.155000Z,1784036573155,85.24
session-1784036780900-38r373,24:EC:4A:C7:F5:3A,custom-11f9db6b38bd,1523,2026-07-14T13:42:53.306000Z,1784036573306,85.68
session-1784036780900-38r373,24:EC:4A:C7:F5:3A,custom-11f9db6b38bd,1524,2026-07-14T13:42:53.424000Z,1784036573424,85.3
session-1784036780900-38r373,24:EC:4A:C7:F5:3A,custom-11f9db6b38bd,1525,2026-07-14T13:42:53.469000Z,1784036573469,85.3
session-1784036780900-38r373,24:EC:4A:C7:F5:3A,custom-11f9db6b38bd,1526,2026-07-14T13:42:53.559000Z,1784036573559,85.28
session-1784036780900-38r373,24:EC:4A:C7:F5:3A,custom-11f9db6b38bd,1527,2026-07-14T13:42:53.693000Z,1784036573693,85.66
session-1784036780900-38r373,24:EC:4A:C7:F5:3A,custom-11f9db6b38bd,1528,2026-07-14T13:42:53.784000Z,1784036573784,85.75
session-1784036780900-38r373,24:EC:4A:C7:F5:3A,custom-11f9db6b38bd,1529,2026-07-14T13:42:53.875000Z,1784036573875,85.73
session-1784036780900-38r373,24:EC:4A:C7:F5:3A,custom-11f9db6b38bd,1530,2026-07-14T13:42:53.965000Z,1784036573965,85.71
session-1784036780900-38r373,24:EC:4A:C7:F5:3A,custom-11f9db6b38bd,1531,2026-07-14T13:42:54.055000Z,1784036574055,85.59
session-1784036780900-38r373,24:EC:4A:C7:F5:3A,custom-11f9db6b38bd,1532,2026-07-14T13:42:54.205000Z,1784036574205,85.63
session-1784036780900-38r373,24:EC:4A:C7:F5:3A,custom-11f9db6b38bd,1533,2026-07-14T13:42:54.278000Z,1784036574278,85.63
session-1784036780900-38r373,24:EC:4A:C7:F5:3A,custom-11f9db6b38bd,1534,2026-07-14T13:42:54.370000Z,1784036574370,85.73
session-1784036780900-38r373,24:EC:4A:C7:F5:3A,custom-11f9db6b38bd,1535,2026-07-14T13:42:54.464000Z,1784036574464,85.7
session-1784036780900-38r373,24:EC:4A:C7:F5:3A,custom-11f9db6b38bd,1536,2026-07-14T13:42:54.595000Z,1784036574595,85.71
session-1784036780900-38r373,24:EC:4A:C7:F5:3A,custom-11f9db6b38bd,1537,2026-07-14T13:42:54.684000Z,1784036574684,85.68
session-1784036780900-38r373,24:EC:4A:C7:F5:3A,custom-11f9db6b38bd,1538,2026-07-14T13:42:54.775000Z,1784036574775,85.68
session-1784036780900-38r373,24:EC:4A:C7:F5:3A,custom-11f9db6b38bd,1539,2026-07-14T13:42:54.864000Z,1784036574864,85.14
session-1784036780900-38r373,24:EC:4A:C7:F5:3A,custom-11f9db6b38bd,1540,2026-07-14T13:42:54.954000Z,1784036574954,85.71
session-1784036780900-38r373,24:EC:4A:C7:F5:3A,custom-11f9db6b38bd,1541,2026-07-14T13:42:55.105000Z,1784036575105,85.7
session-1784036780900-38r373,24:EC:4A:C7:F5:3A,custom-11f9db6b38bd,1542,2026-07-14T13:42:55.180000Z,1784036575180,85.12
session-1784036780900-38r373,24:EC:4A:C7:F5:3A,custom-11f9db6b38bd,1543,2026-07-14T13:42:55.269000Z,1784036575269,85.71
session-1784036780900-38r373,24:EC:4A:C7:F5:3A,custom-11f9db6b38bd,1544,2026-07-14T13:42:55.359000Z,1784036575359,85.68
session-1784036780900-38r373,24:EC:4A:C7:F5:3A,custom-11f9db6b38bd,1545,2026-07-14T13:42:55.495000Z,1784036575495,85.16
session-1784036780900-38r373,24:EC:4A:C7:F5:3A,custom-11f9db6b38bd,1546,2026-07-14T13:42:55.584000Z,1784036575584,85.64
session-1784036780900-38r373,24:EC:4A:C7:F5:3A,custom-11f9db6b38bd,1547,2026-07-14T13:42:55.675000Z,1784036575675,85.56
session-1784036780900-38r373,24:EC:4A:C7:F5:3A,custom-11f9db6b38bd,1548,2026-07-14T13:42:55.764000Z,1784036575764,85.59
session-1784036780900-38r373,24:EC:4A:C7:F5:3A,custom-11f9db6b38bd,1549,2026-07-14T13:42:55.854000Z,1784036575854,85.59
session-1784036780900-38r373,24:EC:4A:C7:F5:3A,custom-11f9db6b38bd,1550,2026-07-14T13:42:56.005000Z,1784036576005,85.63
session-1784036780900-38r373,24:EC:4A:C7:F5:3A,custom-11f9db6b38bd,1551,2026-07-14T13:42:56.079000Z,1784036576079,85.54
session-1784036780900-38r373,24:EC:4A:C7:F5:3A,custom-11f9db6b38bd,1552,2026-07-14T13:42:56.169000Z,1784036576169,85.59
session-1784036780900-38r373,24:EC:4A:C7:F5:3A,custom-11f9db6b38bd,1553,2026-07-14T13:42:56.259000Z,1784036576259,85.63
session-1784036780900-38r373,24:EC:4A:C7:F5:3A,custom-11f9db6b38bd,1554,2026-07-14T13:42:56.410000Z,1784036576410,85.59
session-1784036780900-38r373,24:EC:4A:C7:F5:3A,custom-11f9db6b38bd,1555,2026-07-14T13:42:56.530000Z,1784036576530,85.64
session-1784036780900-38r373,24:EC:4A:C7:F5:3A,custom-11f9db6b38bd,1556,2026-07-14T13:42:56.573000Z,1784036576573,85.57
session-1784036780900-38r373,24:EC:4A:C7:F5:3A,custom-11f9db6b38bd,1557,2026-07-14T13:42:56.664000Z,1784036576664,85.57
session-1784036780900-38r373,24:EC:4A:C7:F5:3A,custom-11f9db6b38bd,1558,2026-07-14T13:42:56.755000Z,1784036576755,85.61
session-1784036780900-38r373,24:EC:4A:C7:F5:3A,custom-11f9db6b38bd,1559,2026-07-14T13:42:56.907000Z,1784036576907,85.61
session-1784036780900-38r373,24:EC:4A:C7:F5:3A,custom-11f9db6b38bd,1560,2026-07-14T13:42:56.978000Z,1784036576978,85.16
session-1784036780900-38r373,24:EC:4A:C7:F5:3A,custom-11f9db6b38bd,1561,2026-07-14T13:42:57.069000Z,1784036577069,85.61
session-1784036780900-38r373,24:EC:4A:C7:F5:3A,custom-11f9db6b38bd,1562,2026-07-14T13:42:57.160000Z,1784036577160,85.59
session-1784036780900-38r373,24:EC:4A:C7:F5:3A,custom-11f9db6b38bd,1563,2026-07-14T13:42:57.295000Z,1784036577295,85.64
session-1784036780900-38r373,24:EC:4A:C7:F5:3A,custom-11f9db6b38bd,1564,2026-07-14T13:42:57.383000Z,1784036577383,85.07
session-1784036780900-38r373,24:EC:4A:C7:F5:3A,custom-11f9db6b38bd,1565,2026-07-14T13:42:57.475000Z,1784036577475,85.16
session-1784036780900-38r373,24:EC:4A:C7:F5:3A,custom-11f9db6b38bd,1566,2026-07-14T13:42:57.563000Z,1784036577563,85.12
session-1784036780900-38r373,24:EC:4A:C7:F5:3A,custom-11f9db6b38bd,1567,2026-07-14T13:42:57.654000Z,1784036577654,85.61
session-1784036780900-38r373,24:EC:4A:C7:F5:3A,custom-11f9db6b38bd,1568,2026-07-14T13:42:57.806000Z,1784036577806,85.59
session-1784036780900-38r373,24:EC:4A:C7:F5:3A,custom-11f9db6b38bd,1569,2026-07-14T13:42:57.879000Z,1784036577879,85.59
session-1784036780900-38r373,24:EC:4A:C7:F5:3A,custom-11f9db6b38bd,1570,2026-07-14T13:42:57.969000Z,1784036577969,85.57
session-1784036780900-38r373,24:EC:4A:C7:F5:3A,custom-11f9db6b38bd,1571,2026-07-14T13:42:58.060000Z,1784036578060,85.56
session-1784036780900-38r373,24:EC:4A:C7:F5:3A,custom-11f9db6b38bd,1572,2026-07-14T13:42:58.192000Z,1784036578192,85.59
session-1784036780900-38r373,24:EC:4A:C7:F5:3A,custom-11f9db6b38bd,1573,2026-07-14T13:42:58.284000Z,1784036578284,85.54
session-1784036780900-38r373,24:EC:4A:C7:F5:3A,custom-11f9db6b38bd,1574,2026-07-14T13:42:58.374000Z,1784036578374,85.59
session-1784036780900-38r373,24:EC:4A:C7:F5:3A,custom-11f9db6b38bd,1575,2026-07-14T13:42:58.465000Z,1784036578465,85.59
session-1784036780900-38r373,24:EC:4A:C7:F5:3A,custom-11f9db6b38bd,1576,2026-07-14T13:42:58.554000Z,1784036578554,85.54
session-1784036780900-38r373,24:EC:4A:C7:F5:3A,custom-11f9db6b38bd,1577,2026-07-14T13:42:58.705000Z,1784036578705,85.57
session-1784036780900-38r373,24:EC:4A:C7:F5:3A,custom-11f9db6b38bd,1578,2026-07-14T13:42:58.779000Z,1784036578779,85.57
session-1784036780900-38r373,24:EC:4A:C7:F5:3A,custom-11f9db6b38bd,1579,2026-07-14T13:42:58.869000Z,1784036578869,85.52
session-1784036780900-38r373,24:EC:4A:C7:F5:3A,custom-11f9db6b38bd,1580,2026-07-14T13:42:58.959000Z,1784036578959,85.56
session-1784036780900-38r373,24:EC:4A:C7:F5:3A,custom-11f9db6b38bd,1581,2026-07-14T13:42:59.093000Z,1784036579093,85.52
session-1784036780900-38r373,24:EC:4A:C7:F5:3A,custom-11f9db6b38bd,1582,2026-07-14T13:42:59.185000Z,1784036579185,85.56
session-1784036780900-38r373,24:EC:4A:C7:F5:3A,custom-11f9db6b38bd,1583,2026-07-14T13:42:59.274000Z,1784036579274,85.5
session-1784036780900-38r373,24:EC:4A:C7:F5:3A,custom-11f9db6b38bd,1584,2026-07-14T13:42:59.364000Z,1784036579364,85.5
session-1784036780900-38r373,24:EC:4A:C7:F5:3A,custom-11f9db6b38bd,1585,2026-07-14T13:42:59.455000Z,1784036579455,85.56
session-1784036780900-38r373,24:EC:4A:C7:F5:3A,custom-11f9db6b38bd,1586,2026-07-14T13:42:59.606000Z,1784036579606,85.52
session-1784036780900-38r373,24:EC:4A:C7:F5:3A,custom-11f9db6b38bd,1587,2026-07-14T13:42:59.679000Z,1784036579679,85.54
session-1784036780900-38r373,24:EC:4A:C7:F5:3A,custom-11f9db6b38bd,1588,2026-07-14T13:42:59.769000Z,1784036579769,85.52
session-1784036780900-38r373,24:EC:4A:C7:F5:3A,custom-11f9db6b38bd,1589,2026-07-14T13:42:59.859000Z,1784036579859,85.49
session-1784036780900-38r373,24:EC:4A:C7:F5:3A,custom-11f9db6b38bd,1590,2026-07-14T13:42:59.994000Z,1784036579994,85.52
session-1784036780900-38r373,24:EC:4A:C7:F5:3A,custom-11f9db6b38bd,1591,2026-07-14T13:43:00.084000Z,1784036580084,85.52
session-1784036780900-38r373,24:EC:4A:C7:F5:3A,custom-11f9db6b38bd,1592,2026-07-14T13:43:00.175000Z,1784036580175,85.5
session-1784036780900-38r373,24:EC:4A:C7:F5:3A,custom-11f9db6b38bd,1593,2026-07-14T13:43:00.264000Z,1784036580264,85.5
session-1784036780900-38r373,24:EC:4A:C7:F5:3A,custom-11f9db6b38bd,1594,2026-07-14T13:43:00.354000Z,1784036580354,85.52
session-1784036780900-38r373,24:EC:4A:C7:F5:3A,custom-11f9db6b38bd,1595,2026-07-14T13:43:00.504000Z,1784036580504,85.56
session-1784036780900-38r373,24:EC:4A:C7:F5:3A,custom-11f9db6b38bd,1596,2026-07-14T13:43:00.578000Z,1784036580578,85.52
session-1784036780900-38r373,24:EC:4A:C7:F5:3A,custom-11f9db6b38bd,1597,2026-07-14T13:43:00.673000Z,1784036580673,85.54
session-1784036780900-38r373,24:EC:4A:C7:F5:3A,custom-11f9db6b38bd,1598,2026-07-14T13:43:00.759000Z,1784036580759,85.5
session-1784036780900-38r373,24:EC:4A:C7:F5:3A,custom-11f9db6b38bd,1599,2026-07-14T13:43:00.894000Z,1784036580894,85.49
session-1784036780900-38r373,24:EC:4A:C7:F5:3A,custom-11f9db6b38bd,1600,2026-07-14T13:43:00.983000Z,1784036580983,85.52
session-1784036780900-38r373,24:EC:4A:C7:F5:3A,custom-11f9db6b38bd,1601,2026-07-14T13:43:01.073000Z,1784036581073,85.54
session-1784036780900-38r373,24:EC:4A:C7:F5:3A,custom-11f9db6b38bd,1602,2026-07-14T13:43:01.164000Z,1784036581164,85.05
session-1784036780900-38r373,24:EC:4A:C7:F5:3A,custom-11f9db6b38bd,1603,2026-07-14T13:43:01.254000Z,1784036581254,85.52
session-1784036780900-38r373,24:EC:4A:C7:F5:3A,custom-11f9db6b38bd,1604,2026-07-14T13:43:01.405000Z,1784036581405,85.56
session-1784036780900-38r373,24:EC:4A:C7:F5:3A,custom-11f9db6b38bd,1605,2026-07-14T13:43:01.479000Z,1784036581479,85.54
session-1784036780900-38r373,24:EC:4A:C7:F5:3A,custom-11f9db6b38bd,1606,2026-07-14T13:43:01.568000Z,1784036581568,85.5
session-1784036780900-38r373,24:EC:4A:C7:F5:3A,custom-11f9db6b38bd,1607,2026-07-14T13:43:01.660000Z,1784036581660,85.49
session-1784036780900-38r373,24:EC:4A:C7:F5:3A,custom-11f9db6b38bd,1608,2026-07-14T13:43:01.793000Z,1784036581793,85.54
session-1784036780900-38r373,24:EC:4A:C7:F5:3A,custom-11f9db6b38bd,1609,2026-07-14T13:43:01.884000Z,1784036581884,85.5
session-1784036780900-38r373,24:EC:4A:C7:F5:3A,custom-11f9db6b38bd,1610,2026-07-14T13:43:01.975000Z,1784036581975,85.49
session-1784036780900-38r373,24:EC:4A:C7:F5:3A,custom-11f9db6b38bd,1611,2026-07-14T13:43:02.065000Z,1784036582065,85.54
session-1784036780900-38r373,24:EC:4A:C7:F5:3A,custom-11f9db6b38bd,1612,2026-07-14T13:43:02.155000Z,1784036582155,85.52
session-1784036780900-38r373,24:EC:4A:C7:F5:3A,custom-11f9db6b38bd,1613,2026-07-14T13:43:02.306000Z,1784036582306,85.52
session-1784036780900-38r373,24:EC:4A:C7:F5:3A,custom-11f9db6b38bd,1614,2026-07-14T13:43:02.380000Z,1784036582380,85.92
session-1784036780900-38r373,24:EC:4A:C7:F5:3A,custom-11f9db6b38bd,1615,2026-07-14T13:43:02.468000Z,1784036582468,85.92
session-1784036780900-38r373,24:EC:4A:C7:F5:3A,custom-11f9db6b38bd,1616,2026-07-14T13:43:02.558000Z,1784036582558,85.94
session-1784036780900-38r373,24:EC:4A:C7:F5:3A,custom-11f9db6b38bd,1617,2026-07-14T13:43:02.694000Z,1784036582694,85.54
session-1784036780900-38r373,24:EC:4A:C7:F5:3A,custom-11f9db6b38bd,1618,2026-07-14T13:43:02.783000Z,1784036582783,85.56
session-1784036780900-38r373,24:EC:4A:C7:F5:3A,custom-11f9db6b38bd,1619,2026-07-14T13:43:02.874000Z,1784036582874,85.59
session-1784036780900-38r373,24:EC:4A:C7:F5:3A,custom-11f9db6b38bd,1620,2026-07-14T13:43:02.965000Z,1784036582965,85.57
session-1784036780900-38r373,24:EC:4A:C7:F5:3A,custom-11f9db6b38bd,1621,2026-07-14T13:43:03.054000Z,1784036583054,85.61
session-1784036780900-38r373,24:EC:4A:C7:F5:3A,custom-11f9db6b38bd,1622,2026-07-14T13:43:03.205000Z,1784036583205,85.59
session-1784036780900-38r373,24:EC:4A:C7:F5:3A,custom-11f9db6b38bd,1623,2026-07-14T13:43:03.278000Z,1784036583278,85.59
session-1784036780900-38r373,24:EC:4A:C7:F5:3A,custom-11f9db6b38bd,1624,2026-07-14T13:43:03.369000Z,1784036583369,85.57
session-1784036780900-38r373,24:EC:4A:C7:F5:3A,custom-11f9db6b38bd,1625,2026-07-14T13:43:03.458000Z,1784036583458,85.52
session-1784036780900-38r373,24:EC:4A:C7:F5:3A,custom-11f9db6b38bd,1626,2026-07-14T13:43:03.594000Z,1784036583594,85.63
session-1784036780900-38r373,24:EC:4A:C7:F5:3A,custom-11f9db6b38bd,1627,2026-07-14T13:43:03.684000Z,1784036583684,85.09
session-1784036780900-38r373,24:EC:4A:C7:F5:3A,custom-11f9db6b38bd,1628,2026-07-14T13:43:03.773000Z,1784036583773,85.59
session-1784036780900-38r373,24:EC:4A:C7:F5:3A,custom-11f9db6b38bd,1629,2026-07-14T13:43:03.863000Z,1784036583863,85.61
session-1784036780900-38r373,24:EC:4A:C7:F5:3A,custom-11f9db6b38bd,1630,2026-07-14T13:43:03.954000Z,1784036583954,85.61
session-1784036780900-38r373,24:EC:4A:C7:F5:3A,custom-11f9db6b38bd,1631,2026-07-14T13:43:04.105000Z,1784036584105,85.17
session-1784036780900-38r373,24:EC:4A:C7:F5:3A,custom-11f9db6b38bd,1632,2026-07-14T13:43:04.179000Z,1784036584179,85.19
session-1784036780900-38r373,24:EC:4A:C7:F5:3A,custom-11f9db6b38bd,1633,2026-07-14T13:43:04.268000Z,1784036584268,85.14
session-1784036780900-38r373,24:EC:4A:C7:F5:3A,custom-11f9db6b38bd,1634,2026-07-14T13:43:04.359000Z,1784036584359,85.19
session-1784036780900-38r373,24:EC:4A:C7:F5:3A,custom-11f9db6b38bd,1635,2026-07-14T13:43:04.493000Z,1784036584493,85.17
session-1784036780900-38r373,24:EC:4A:C7:F5:3A,custom-11f9db6b38bd,1636,2026-07-14T13:43:04.583000Z,1784036584583,85.16
session-1784036780900-38r373,24:EC:4A:C7:F5:3A,custom-11f9db6b38bd,1637,2026-07-14T13:43:04.673000Z,1784036584673,85.17
session-1784036780900-38r373,24:EC:4A:C7:F5:3A,custom-11f9db6b38bd,1638,2026-07-14T13:43:04.763000Z,1784036584763,85.68
session-1784036780900-38r373,24:EC:4A:C7:F5:3A,custom-11f9db6b38bd,1639,2026-07-14T13:43:04.855000Z,1784036584855,85.14
session-1784036780900-38r373,24:EC:4A:C7:F5:3A,custom-11f9db6b38bd,1640,2026-07-14T13:43:05.007000Z,1784036585007,85.17
session-1784036780900-38r373,24:EC:4A:C7:F5:3A,custom-11f9db6b38bd,1641,2026-07-14T13:43:05.079000Z,1784036585079,85.19
session-1784036780900-38r373,24:EC:4A:C7:F5:3A,custom-11f9db6b38bd,1642,2026-07-14T13:43:05.168000Z,1784036585168,85.68
session-1784036780900-38r373,24:EC:4A:C7:F5:3A,custom-11f9db6b38bd,1643,2026-07-14T13:43:05.259000Z,1784036585259,85.61
session-1784036780900-38r373,24:EC:4A:C7:F5:3A,custom-11f9db6b38bd,1644,2026-07-14T13:43:05.410000Z,1784036585410,85.57
session-1784036780900-38r373,24:EC:4A:C7:F5:3A,custom-11f9db6b38bd,1645,2026-07-14T13:43:05.481000Z,1784036585481,85.61
session-1784036780900-38r373,24:EC:4A:C7:F5:3A,custom-11f9db6b38bd,1646,2026-07-14T13:43:05.573000Z,1784036585573,85.59
session-1784036780900-38r373,24:EC:4A:C7:F5:3A,custom-11f9db6b38bd,1647,2026-07-14T13:43:05.665000Z,1784036585665,85.63
session-1784036780900-38r373,24:EC:4A:C7:F5:3A,custom-11f9db6b38bd,1648,2026-07-14T13:43:05.754000Z,1784036585754,85.56
session-1784036780900-38r373,24:EC:4A:C7:F5:3A,custom-11f9db6b38bd,1649,2026-07-14T13:43:05.905000Z,1784036585905,85.73
session-1784036780900-38r373,24:EC:4A:C7:F5:3A,custom-11f9db6b38bd,1650,2026-07-14T13:43:05.978000Z,1784036585978,85.71
session-1784036780900-38r373,24:EC:4A:C7:F5:3A,custom-11f9db6b38bd,1651,2026-07-14T13:43:06.070000Z,1784036586070,85.14
session-1784036780900-38r373,24:EC:4A:C7:F5:3A,custom-11f9db6b38bd,1652,2026-07-14T13:43:06.160000Z,1784036586160,85.19
session-1784036780900-38r373,24:EC:4A:C7:F5:3A,custom-11f9db6b38bd,1653,2026-07-14T13:43:06.294000Z,1784036586294,85.31
session-1784036780900-38r373,24:EC:4A:C7:F5:3A,custom-11f9db6b38bd,1654,2026-07-14T13:43:06.384000Z,1784036586384,85.3
session-1784036780900-38r373,24:EC:4A:C7:F5:3A,custom-11f9db6b38bd,1655,2026-07-14T13:43:06.474000Z,1784036586474,85.21
session-1784036780900-38r373,24:EC:4A:C7:F5:3A,custom-11f9db6b38bd,1656,2026-07-14T13:43:06.564000Z,1784036586564,85.26
session-1784036780900-38r373,24:EC:4A:C7:F5:3A,custom-11f9db6b38bd,1657,2026-07-14T13:43:06.655000Z,1784036586655,85.66
session-1784036780900-38r373,24:EC:4A:C7:F5:3A,custom-11f9db6b38bd,1658,2026-07-14T13:43:06.806000Z,1784036586806,85.3
session-1784036780900-38r373,24:EC:4A:C7:F5:3A,custom-11f9db6b38bd,1659,2026-07-14T13:43:06.879000Z,1784036586879,85.3
session-1784036780900-38r373,24:EC:4A:C7:F5:3A,custom-11f9db6b38bd,1660,2026-07-14T13:43:06.968000Z,1784036586968,85.73
session-1784036780900-38r373,24:EC:4A:C7:F5:3A,custom-11f9db6b38bd,1661,2026-07-14T13:43:07.060000Z,1784036587060,85.71
session-1784036780900-38r373,24:EC:4A:C7:F5:3A,custom-11f9db6b38bd,1662,2026-07-14T13:43:07.194000Z,1784036587194,85.73
session-1784036780900-38r373,24:EC:4A:C7:F5:3A,custom-11f9db6b38bd,1663,2026-07-14T13:43:07.284000Z,1784036587284,85.8
session-1784036780900-38r373,24:EC:4A:C7:F5:3A,custom-11f9db6b38bd,1664,2026-07-14T13:43:07.374000Z,1784036587374,85.31
session-1784036780900-38r373,24:EC:4A:C7:F5:3A,custom-11f9db6b38bd,1665,2026-07-14T13:43:07.464000Z,1784036587464,85.77
session-1784036780900-38r373,24:EC:4A:C7:F5:3A,custom-11f9db6b38bd,1666,2026-07-14T13:43:07.552000Z,1784036587552,86.13
session-1784036780900-38r373,24:EC:4A:C7:F5:3A,custom-11f9db6b38bd,1667,2026-07-14T13:43:07.704000Z,1784036587704,85.63
session-1784036780900-38r373,24:EC:4A:C7:F5:3A,custom-11f9db6b38bd,1668,2026-07-14T13:43:07.779000Z,1784036587779,85.68
session-1784036780900-38r373,24:EC:4A:C7:F5:3A,custom-11f9db6b38bd,1669,2026-07-14T13:43:07.868000Z,1784036587868,85.7
session-1784036780900-38r373,24:EC:4A:C7:F5:3A,custom-11f9db6b38bd,1670,2026-07-14T13:43:07.959000Z,1784036587959,85.68
session-1784036780900-38r373,24:EC:4A:C7:F5:3A,custom-11f9db6b38bd,1671,2026-07-14T13:43:08.095000Z,1784036588095,85.73
session-1784036780900-38r373,24:EC:4A:C7:F5:3A,custom-11f9db6b38bd,1672,2026-07-14T13:43:08.184000Z,1784036588184,85.73
session-1784036780900-38r373,24:EC:4A:C7:F5:3A,custom-11f9db6b38bd,1673,2026-07-14T13:43:08.274000Z,1784036588274,85.7
session-1784036780900-38r373,24:EC:4A:C7:F5:3A,custom-11f9db6b38bd,1674,2026-07-14T13:43:08.365000Z,1784036588365,85.75
session-1784036780900-38r373,24:EC:4A:C7:F5:3A,custom-11f9db6b38bd,1675,2026-07-14T13:43:08.456000Z,1784036588456,85.78
session-1784036780900-38r373,24:EC:4A:C7:F5:3A,custom-11f9db6b38bd,1676,2026-07-14T13:43:08.605000Z,1784036588605,85.75
session-1784036780900-38r373,24:EC:4A:C7:F5:3A,custom-11f9db6b38bd,1677,2026-07-14T13:43:08.679000Z,1784036588679,85.7
session-1784036780900-38r373,24:EC:4A:C7:F5:3A,custom-11f9db6b38bd,1678,2026-07-14T13:43:08.770000Z,1784036588770,86.17
session-1784036780900-38r373,24:EC:4A:C7:F5:3A,custom-11f9db6b38bd,1679,2026-07-14T13:43:08.860000Z,1784036588860,86.17
session-1784036780900-38r373,24:EC:4A:C7:F5:3A,custom-11f9db6b38bd,1680,2026-07-14T13:43:08.995000Z,1784036588995,85.75
session-1784036780900-38r373,24:EC:4A:C7:F5:3A,custom-11f9db6b38bd,1681,2026-07-14T13:43:09.131000Z,1784036589131,85.73
session-1784036780900-38r373,24:EC:4A:C7:F5:3A,custom-11f9db6b38bd,1682,2026-07-14T13:43:09.174000Z,1784036589174,85.73
session-1784036780900-38r373,24:EC:4A:C7:F5:3A,custom-11f9db6b38bd,1683,2026-07-14T13:43:09.266000Z,1784036589266,85.77
session-1784036780900-38r373,24:EC:4A:C7:F5:3A,custom-11f9db6b38bd,1684,2026-07-14T13:43:09.354000Z,1784036589354,85.73
session-1784036780900-38r373,24:EC:4A:C7:F5:3A,custom-11f9db6b38bd,1685,2026-07-14T13:43:09.505000Z,1784036589505,85.73
session-1784036780900-38r373,24:EC:4A:C7:F5:3A,custom-11f9db6b38bd,1686,2026-07-14T13:43:09.580000Z,1784036589580,85.26
session-1784036780900-38r373,24:EC:4A:C7:F5:3A,custom-11f9db6b38bd,1687,2026-07-14T13:43:09.669000Z,1784036589669,85.28
session-1784036780900-38r373,24:EC:4A:C7:F5:3A,custom-11f9db6b38bd,1688,2026-07-14T13:43:09.758000Z,1784036589758,85.38
session-1784036780900-38r373,24:EC:4A:C7:F5:3A,custom-11f9db6b38bd,1689,2026-07-14T13:43:09.895000Z,1784036589895,85.33
session-1784036780900-38r373,24:EC:4A:C7:F5:3A,custom-11f9db6b38bd,1690,2026-07-14T13:43:09.986000Z,1784036589986,85.77
session-1784036780900-38r373,24:EC:4A:C7:F5:3A,custom-11f9db6b38bd,1691,2026-07-14T13:43:10.076000Z,1784036590076,85.73
session-1784036780900-38r373,24:EC:4A:C7:F5:3A,custom-11f9db6b38bd,1692,2026-07-14T13:43:10.164000Z,1784036590164,85.71
session-1784036780900-38r373,24:EC:4A:C7:F5:3A,custom-11f9db6b38bd,1693,2026-07-14T13:43:10.254000Z,1784036590254,85.68
session-1784036780900-38r373,24:EC:4A:C7:F5:3A,custom-11f9db6b38bd,1694,2026-07-14T13:43:10.405000Z,1784036590405,85.66
session-1784036780900-38r373,24:EC:4A:C7:F5:3A,custom-11f9db6b38bd,1695,2026-07-14T13:43:10.480000Z,1784036590480,85.71
session-1784036780900-38r373,24:EC:4A:C7:F5:3A,custom-11f9db6b38bd,1696,2026-07-14T13:43:10.570000Z,1784036590570,85.68
session-1784036780900-38r373,24:EC:4A:C7:F5:3A,custom-11f9db6b38bd,1697,2026-07-14T13:43:10.659000Z,1784036590659,85.7
session-1784036780900-38r373,24:EC:4A:C7:F5:3A,custom-11f9db6b38bd,1698,2026-07-14T13:43:10.794000Z,1784036590794,85.7
session-1784036780900-38r373,24:EC:4A:C7:F5:3A,custom-11f9db6b38bd,1699,2026-07-14T13:43:10.886000Z,1784036590886,86.13
session-1784036780900-38r373,24:EC:4A:C7:F5:3A,custom-11f9db6b38bd,1700,2026-07-14T13:43:10.977000Z,1784036590977,86.19
session-1784036780900-38r373,24:EC:4A:C7:F5:3A,custom-11f9db6b38bd,1701,2026-07-14T13:43:11.065000Z,1784036591065,86.59
session-1784036780900-38r373,24:EC:4A:C7:F5:3A,custom-11f9db6b38bd,1702,2026-07-14T13:43:11.156000Z,1784036591156,86.15
session-1784036780900-38r373,24:EC:4A:C7:F5:3A,custom-11f9db6b38bd,1703,2026-07-14T13:43:11.308000Z,1784036591308,86.17
session-1784036780900-38r373,24:EC:4A:C7:F5:3A,custom-11f9db6b38bd,1704,2026-07-14T13:43:11.381000Z,1784036591381,85.73
session-1784036780900-38r373,24:EC:4A:C7:F5:3A,custom-11f9db6b38bd,1705,2026-07-14T13:43:11.470000Z,1784036591470,85.73
session-1784036780900-38r373,24:EC:4A:C7:F5:3A,custom-11f9db6b38bd,1706,2026-07-14T13:43:11.559000Z,1784036591559,85.7
session-1784036780900-38r373,24:EC:4A:C7:F5:3A,custom-11f9db6b38bd,1707,2026-07-14T13:43:11.694000Z,1784036591694,85.8
session-1784036780900-38r373,24:EC:4A:C7:F5:3A,custom-11f9db6b38bd,1708,2026-07-14T13:43:11.784000Z,1784036591784,85.31
session-1784036780900-38r373,24:EC:4A:C7:F5:3A,custom-11f9db6b38bd,1709,2026-07-14T13:43:11.874000Z,1784036591874,85.3
session-1784036780900-38r373,24:EC:4A:C7:F5:3A,custom-11f9db6b38bd,1710,2026-07-14T13:43:11.964000Z,1784036591964,85.71
session-1784036780900-38r373,24:EC:4A:C7:F5:3A,custom-11f9db6b38bd,1711,2026-07-14T13:43:12.054000Z,1784036592054,85.71
session-1784036780900-38r373,24:EC:4A:C7:F5:3A,custom-11f9db6b38bd,1712,2026-07-14T13:43:12.205000Z,1784036592205,85.24
session-1784036780900-38r373,24:EC:4A:C7:F5:3A,custom-11f9db6b38bd,1713,2026-07-14T13:43:12.279000Z,1784036592279,85.68
session-1784036780900-38r373,24:EC:4A:C7:F5:3A,custom-11f9db6b38bd,1714,2026-07-14T13:43:12.369000Z,1784036592369,85.73
session-1784036780900-38r373,24:EC:4A:C7:F5:3A,custom-11f9db6b38bd,1715,2026-07-14T13:43:12.460000Z,1784036592460,85.73
session-1784036780900-38r373,24:EC:4A:C7:F5:3A,custom-11f9db6b38bd,1716,2026-07-14T13:43:12.595000Z,1784036592595,85.71
session-1784036780900-38r373,24:EC:4A:C7:F5:3A,custom-11f9db6b38bd,1717,2026-07-14T13:43:12.685000Z,1784036592685,85.68
session-1784036780900-38r373,24:EC:4A:C7:F5:3A,custom-11f9db6b38bd,1718,2026-07-14T13:43:12.773000Z,1784036592773,85.71
session-1784036780900-38r373,24:EC:4A:C7:F5:3A,custom-11f9db6b38bd,1719,2026-07-14T13:43:12.865000Z,1784036592865,85.7
session-1784036780900-38r373,24:EC:4A:C7:F5:3A,custom-11f9db6b38bd,1720,2026-07-14T13:43:12.954000Z,1784036592954,85.24
session-1784036780900-38r373,24:EC:4A:C7:F5:3A,custom-11f9db6b38bd,1721,2026-07-14T13:43:13.104000Z,1784036593104,85.68
session-1784036780900-38r373,24:EC:4A:C7:F5:3A,custom-11f9db6b38bd,1722,2026-07-14T13:43:13.180000Z,1784036593180,85.7
session-1784036780900-38r373,24:EC:4A:C7:F5:3A,custom-11f9db6b38bd,1723,2026-07-14T13:43:13.269000Z,1784036593269,85.7
session-1784036780900-38r373,24:EC:4A:C7:F5:3A,custom-11f9db6b38bd,1724,2026-07-14T13:43:13.360000Z,1784036593360,85.73
session-1784036780900-38r373,24:EC:4A:C7:F5:3A,custom-11f9db6b38bd,1725,2026-07-14T13:43:13.493000Z,1784036593493,85.73
session-1784036780900-38r373,24:EC:4A:C7:F5:3A,custom-11f9db6b38bd,1726,2026-07-14T13:43:13.630000Z,1784036593630,85.73
session-1784036780900-38r373,24:EC:4A:C7:F5:3A,custom-11f9db6b38bd,1727,2026-07-14T13:43:13.673000Z,1784036593673,85.63
session-1784036780900-38r373,24:EC:4A:C7:F5:3A,custom-11f9db6b38bd,1728,2026-07-14T13:43:13.765000Z,1784036593765,85.71
session-1784036780900-38r373,24:EC:4A:C7:F5:3A,custom-11f9db6b38bd,1729,2026-07-14T13:43:13.916000Z,1784036593916,85.26
session-1784036780900-38r373,24:EC:4A:C7:F5:3A,custom-11f9db6b38bd,1730,2026-07-14T13:43:13.989000Z,1784036593989,85.71
session-1784036780900-38r373,24:EC:4A:C7:F5:3A,custom-11f9db6b38bd,1731,2026-07-14T13:43:14.078000Z,1784036594078,85.3
session-1784036780900-38r373,24:EC:4A:C7:F5:3A,custom-11f9db6b38bd,1732,2026-07-14T13:43:14.169000Z,1784036594169,85.75
session-1784036780900-38r373,24:EC:4A:C7:F5:3A,custom-11f9db6b38bd,1733,2026-07-14T13:43:14.259000Z,1784036594259,85.78
session-1784036780900-38r373,24:EC:4A:C7:F5:3A,custom-11f9db6b38bd,1734,2026-07-14T13:43:14.395000Z,1784036594395,85.26
session-1784036780900-38r373,24:EC:4A:C7:F5:3A,custom-11f9db6b38bd,1735,2026-07-14T13:43:14.484000Z,1784036594484,85.7
session-1784036780900-38r373,24:EC:4A:C7:F5:3A,custom-11f9db6b38bd,1736,2026-07-14T13:43:14.574000Z,1784036594574,85.7
session-1784036780900-38r373,24:EC:4A:C7:F5:3A,custom-11f9db6b38bd,1737,2026-07-14T13:43:14.664000Z,1784036594664,85.68
session-1784036780900-38r373,24:EC:4A:C7:F5:3A,custom-11f9db6b38bd,1738,2026-07-14T13:43:14.754000Z,1784036594754,85.7
session-1784036780900-38r373,24:EC:4A:C7:F5:3A,custom-11f9db6b38bd,1739,2026-07-14T13:43:14.905000Z,1784036594905,85.24
session-1784036780900-38r373,24:EC:4A:C7:F5:3A,custom-11f9db6b38bd,1740,2026-07-14T13:43:14.978000Z,1784036594978,85.77
session-1784036780900-38r373,24:EC:4A:C7:F5:3A,custom-11f9db6b38bd,1741,2026-07-14T13:43:15.115000Z,1784036595115,85.71
session-1784036780900-38r373,24:EC:4A:C7:F5:3A,custom-11f9db6b38bd,1742,2026-07-14T13:43:15.158000Z,1784036595158,85.68
session-1784036780900-38r373,24:EC:4A:C7:F5:3A,custom-11f9db6b38bd,1743,2026-07-14T13:43:15.294000Z,1784036595294,85.77
session-1784036780900-38r373,24:EC:4A:C7:F5:3A,custom-11f9db6b38bd,1744,2026-07-14T13:43:15.383000Z,1784036595383,85.35
session-1784036780900-38r373,24:EC:4A:C7:F5:3A,custom-11f9db6b38bd,1745,2026-07-14T13:43:15.473000Z,1784036595473,85.37
session-1784036780900-38r373,24:EC:4A:C7:F5:3A,custom-11f9db6b38bd,1746,2026-07-14T13:43:15.564000Z,1784036595564,85.38
session-1784036780900-38r373,24:EC:4A:C7:F5:3A,custom-11f9db6b38bd,1747,2026-07-14T13:43:15.654000Z,1784036595654,85.8
session-1784036780900-38r373,24:EC:4A:C7:F5:3A,custom-11f9db6b38bd,1748,2026-07-14T13:43:15.804000Z,1784036595804,85.84
session-1784036780900-38r373,24:EC:4A:C7:F5:3A,custom-11f9db6b38bd,1749,2026-07-14T13:43:15.879000Z,1784036595879,85.77
session-1784036780900-38r373,24:EC:4A:C7:F5:3A,custom-11f9db6b38bd,1750,2026-07-14T13:43:15.968000Z,1784036595968,85.78
session-1784036780900-38r373,24:EC:4A:C7:F5:3A,custom-11f9db6b38bd,1751,2026-07-14T13:43:16.059000Z,1784036596059,85.8
session-1784036780900-38r373,24:EC:4A:C7:F5:3A,custom-11f9db6b38bd,1752,2026-07-14T13:43:16.195000Z,1784036596195,85.77
session-1784036780900-38r373,24:EC:4A:C7:F5:3A,custom-11f9db6b38bd,1753,2026-07-14T13:43:16.285000Z,1784036596285,85.8
session-1784036780900-38r373,24:EC:4A:C7:F5:3A,custom-11f9db6b38bd,1754,2026-07-14T13:43:16.373000Z,1784036596373,85.78
session-1784036780900-38r373,24:EC:4A:C7:F5:3A,custom-11f9db6b38bd,1755,2026-07-14T13:43:16.463000Z,1784036596463,85.77
session-1784036780900-38r373,24:EC:4A:C7:F5:3A,custom-11f9db6b38bd,1756,2026-07-14T13:43:16.554000Z,1784036596554,85.75
session-1784036780900-38r373,24:EC:4A:C7:F5:3A,custom-11f9db6b38bd,1757,2026-07-14T13:43:16.704000Z,1784036596704,85.77
session-1784036780900-38r373,24:EC:4A:C7:F5:3A,custom-11f9db6b38bd,1758,2026-07-14T13:43:16.779000Z,1784036596779,85.73
session-1784036780900-38r373,24:EC:4A:C7:F5:3A,custom-11f9db6b38bd,1759,2026-07-14T13:43:16.869000Z,1784036596869,85.28
session-1784036780900-38r373,24:EC:4A:C7:F5:3A,custom-11f9db6b38bd,1760,2026-07-14T13:43:16.958000Z,1784036596958,85.78
session-1784036780900-38r373,24:EC:4A:C7:F5:3A,custom-11f9db6b38bd,1761,2026-07-14T13:43:17.094000Z,1784036597094,85.37
session-1784036780900-38r373,24:EC:4A:C7:F5:3A,custom-11f9db6b38bd,1762,2026-07-14T13:43:17.184000Z,1784036597184,85.8
session-1784036780900-38r373,24:EC:4A:C7:F5:3A,custom-11f9db6b38bd,1763,2026-07-14T13:43:17.274000Z,1784036597274,85.84
session-1784036780900-38r373,24:EC:4A:C7:F5:3A,custom-11f9db6b38bd,1764,2026-07-14T13:43:17.363000Z,1784036597363,85.78
session-1784036780900-38r373,24:EC:4A:C7:F5:3A,custom-11f9db6b38bd,1765,2026-07-14T13:43:17.454000Z,1784036597454,85.37
session-1784036780900-38r373,24:EC:4A:C7:F5:3A,custom-11f9db6b38bd,1766,2026-07-14T13:43:17.603000Z,1784036597603,85.84
session-1784036780900-38r373,24:EC:4A:C7:F5:3A,custom-11f9db6b38bd,1767,2026-07-14T13:43:17.679000Z,1784036597679,85.78
session-1784036780900-38r373,24:EC:4A:C7:F5:3A,custom-11f9db6b38bd,1768,2026-07-14T13:43:17.769000Z,1784036597769,85.33
session-1784036780900-38r373,24:EC:4A:C7:F5:3A,custom-11f9db6b38bd,1769,2026-07-14T13:43:17.858000Z,1784036597858,85.8
session-1784036780900-38r373,24:EC:4A:C7:F5:3A,custom-11f9db6b38bd,1770,2026-07-14T13:43:17.994000Z,1784036597994,85.82
session-1784036780900-38r373,24:EC:4A:C7:F5:3A,custom-11f9db6b38bd,1771,2026-07-14T13:43:18.082000Z,1784036598082,85.75
session-1784036780900-38r373,24:EC:4A:C7:F5:3A,custom-11f9db6b38bd,1772,2026-07-14T13:43:18.173000Z,1784036598173,85.77
session-1784036780900-38r373,24:EC:4A:C7:F5:3A,custom-11f9db6b38bd,1773,2026-07-14T13:43:18.264000Z,1784036598264,85.78
session-1784036780900-38r373,24:EC:4A:C7:F5:3A,custom-11f9db6b38bd,1774,2026-07-14T13:43:18.355000Z,1784036598355,85.85
session-1784036780900-38r373,24:EC:4A:C7:F5:3A,custom-11f9db6b38bd,1775,2026-07-14T13:43:18.507000Z,1784036598507,85.8
session-1784036780900-38r373,24:EC:4A:C7:F5:3A,custom-11f9db6b38bd,1776,2026-07-14T13:43:18.578000Z,1784036598578,85.82
session-1784036780900-38r373,24:EC:4A:C7:F5:3A,custom-11f9db6b38bd,1777,2026-07-14T13:43:18.668000Z,1784036598668,85.75
session-1784036780900-38r373,24:EC:4A:C7:F5:3A,custom-11f9db6b38bd,1778,2026-07-14T13:43:18.760000Z,1784036598760,85.78
session-1784036780900-38r373,24:EC:4A:C7:F5:3A,custom-11f9db6b38bd,1779,2026-07-14T13:43:18.893000Z,1784036598893,85.68
session-1784036780900-38r373,24:EC:4A:C7:F5:3A,custom-11f9db6b38bd,1780,2026-07-14T13:43:18.983000Z,1784036598983,85.75
session-1784036780900-38r373,24:EC:4A:C7:F5:3A,custom-11f9db6b38bd,1781,2026-07-14T13:43:19.073000Z,1784036599073,85.8
session-1784036780900-38r373,24:EC:4A:C7:F5:3A,custom-11f9db6b38bd,1782,2026-07-14T13:43:19.163000Z,1784036599163,85.35
session-1784036780900-38r373,24:EC:4A:C7:F5:3A,custom-11f9db6b38bd,1783,2026-07-14T13:43:19.252000Z,1784036599252,85.77
session-1784036780900-38r373,24:EC:4A:C7:F5:3A,custom-11f9db6b38bd,1784,2026-07-14T13:43:19.403000Z,1784036599403,85.8
session-1784036780900-38r373,24:EC:4A:C7:F5:3A,custom-11f9db6b38bd,1785,2026-07-14T13:43:19.479000Z,1784036599479,85.75
session-1784036780900-38r373,24:EC:4A:C7:F5:3A,custom-11f9db6b38bd,1786,2026-07-14T13:43:19.569000Z,1784036599569,85.8
session-1784036780900-38r373,24:EC:4A:C7:F5:3A,custom-11f9db6b38bd,1787,2026-07-14T13:43:19.659000Z,1784036599659,85.78
session-1784036780900-38r373,24:EC:4A:C7:F5:3A,custom-11f9db6b38bd,1788,2026-07-14T13:43:19.795000Z,1784036599795,85.75
session-1784036780900-38r373,24:EC:4A:C7:F5:3A,custom-11f9db6b38bd,1789,2026-07-14T13:43:19.885000Z,1784036599885,85.75
session-1784036780900-38r373,24:EC:4A:C7:F5:3A,custom-11f9db6b38bd,1790,2026-07-14T13:43:20.020000Z,1784036600020,85.8
session-1784036780900-38r373,24:EC:4A:C7:F5:3A,custom-11f9db6b38bd,1791,2026-07-14T13:43:20.065000Z,1784036600065,85.77
session-1784036780900-38r373,24:EC:4A:C7:F5:3A,custom-11f9db6b38bd,1792,2026-07-14T13:43:20.155000Z,1784036600155,85.78
session-1784036780900-38r373,24:EC:4A:C7:F5:3A,custom-11f9db6b38bd,1793,2026-07-14T13:43:20.305000Z,1784036600305,85.82
session-1784036780900-38r373,24:EC:4A:C7:F5:3A,custom-11f9db6b38bd,1794,2026-07-14T13:43:20.379000Z,1784036600379,85.78
session-1784036780900-38r373,24:EC:4A:C7:F5:3A,custom-11f9db6b38bd,1795,2026-07-14T13:43:20.469000Z,1784036600469,85.82
session-1784036780900-38r373,24:EC:4A:C7:F5:3A,custom-11f9db6b38bd,1796,2026-07-14T13:43:20.561000Z,1784036600561,85.84
session-1784036780900-38r373,24:EC:4A:C7:F5:3A,custom-11f9db6b38bd,1797,2026-07-14T13:43:20.695000Z,1784036600695,85.77
session-1784036780900-38r373,24:EC:4A:C7:F5:3A,custom-11f9db6b38bd,1798,2026-07-14T13:43:20.785000Z,1784036600785,85.8
session-1784036780900-38r373,24:EC:4A:C7:F5:3A,custom-11f9db6b38bd,1799,2026-07-14T13:43:20.875000Z,1784036600875,85.84
session-1784036780900-38r373,24:EC:4A:C7:F5:3A,custom-11f9db6b38bd,1800,2026-07-14T13:43:20.964000Z,1784036600964,85.78
session-1784036780900-38r373,24:EC:4A:C7:F5:3A,custom-11f9db6b38bd,1801,2026-07-14T13:43:21.054000Z,1784036601054,85.8
session-1784036780900-38r373,24:EC:4A:C7:F5:3A,custom-11f9db6b38bd,1802,2026-07-14T13:43:21.206000Z,1784036601206,85.75
session-1784036780900-38r373,24:EC:4A:C7:F5:3A,custom-11f9db6b38bd,1803,2026-07-14T13:43:21.278000Z,1784036601278,85.77
session-1784036780900-38r373,24:EC:4A:C7:F5:3A,custom-11f9db6b38bd,1804,2026-07-14T13:43:21.368000Z,1784036601368,85.8
session-1784036780900-38r373,24:EC:4A:C7:F5:3A,custom-11f9db6b38bd,1805,2026-07-14T13:43:21.459000Z,1784036601459,85.75
session-1784036780900-38r373,24:EC:4A:C7:F5:3A,custom-11f9db6b38bd,1806,2026-07-14T13:43:21.594000Z,1784036601594,85.78
session-1784036780900-38r373,24:EC:4A:C7:F5:3A,custom-11f9db6b38bd,1807,2026-07-14T13:43:21.683000Z,1784036601683,85.77
session-1784036780900-38r373,24:EC:4A:C7:F5:3A,custom-11f9db6b38bd,1808,2026-07-14T13:43:21.774000Z,1784036601774,85.75
session-1784036780900-38r373,24:EC:4A:C7:F5:3A,custom-11f9db6b38bd,1809,2026-07-14T13:43:21.863000Z,1784036601863,85.71
session-1784036780900-38r373,24:EC:4A:C7:F5:3A,custom-11f9db6b38bd,1810,2026-07-14T13:43:21.953000Z,1784036601953,85.73
session-1784036780900-38r373,24:EC:4A:C7:F5:3A,custom-11f9db6b38bd,1811,2026-07-14T13:43:22.104000Z,1784036602104,85.78
session-1784036780900-38r373,24:EC:4A:C7:F5:3A,custom-11f9db6b38bd,1812,2026-07-14T13:43:22.179000Z,1784036602179,85.75
session-1784036780900-38r373,24:EC:4A:C7:F5:3A,custom-11f9db6b38bd,1813,2026-07-14T13:43:22.269000Z,1784036602269,85.73
session-1784036780900-38r373,24:EC:4A:C7:F5:3A,custom-11f9db6b38bd,1814,2026-07-14T13:43:22.359000Z,1784036602359,85.75
session-1784036780900-38r373,24:EC:4A:C7:F5:3A,custom-11f9db6b38bd,1815,2026-07-14T13:43:22.493000Z,1784036602493,85.78
session-1784036780900-38r373,24:EC:4A:C7:F5:3A,custom-11f9db6b38bd,1816,2026-07-14T13:43:22.583000Z,1784036602583,85.71
session-1784036780900-38r373,24:EC:4A:C7:F5:3A,custom-11f9db6b38bd,1817,2026-07-14T13:43:22.718000Z,1784036602718,86.22
session-1784036780900-38r373,24:EC:4A:C7:F5:3A,custom-11f9db6b38bd,1818,2026-07-14T13:43:22.764000Z,1784036602764,85.78
session-1784036780900-38r373,24:EC:4A:C7:F5:3A,custom-11f9db6b38bd,1819,2026-07-14T13:43:22.855000Z,1784036602855,85.8
session-1784036780900-38r373,24:EC:4A:C7:F5:3A,custom-11f9db6b38bd,1820,2026-07-14T13:43:23.006000Z,1784036603006,85.75
session-1784036780900-38r373,24:EC:4A:C7:F5:3A,custom-11f9db6b38bd,1821,2026-07-14T13:43:23.124000Z,1784036603124,85.77
session-1784036780900-38r373,24:EC:4A:C7:F5:3A,custom-11f9db6b38bd,1822,2026-07-14T13:43:23.169000Z,1784036603169,85.73
session-1784036780900-38r373,24:EC:4A:C7:F5:3A,custom-11f9db6b38bd,1823,2026-07-14T13:43:23.259000Z,1784036603259,85.78
session-1784036780900-38r373,24:EC:4A:C7:F5:3A,custom-11f9db6b38bd,1824,2026-07-14T13:43:23.394000Z,1784036603394,85.73
session-1784036780900-38r373,24:EC:4A:C7:F5:3A,custom-11f9db6b38bd,1825,2026-07-14T13:43:23.482000Z,1784036603482,85.78
session-1784036780900-38r373,24:EC:4A:C7:F5:3A,custom-11f9db6b38bd,1826,2026-07-14T13:43:23.574000Z,1784036603574,85.8
session-1784036780900-38r373,24:EC:4A:C7:F5:3A,custom-11f9db6b38bd,1827,2026-07-14T13:43:23.665000Z,1784036603665,85.78
session-1784036780900-38r373,24:EC:4A:C7:F5:3A,custom-11f9db6b38bd,1828,2026-07-14T13:43:23.753000Z,1784036603753,85.8
session-1784036780900-38r373,24:EC:4A:C7:F5:3A,custom-11f9db6b38bd,1829,2026-07-14T13:43:23.905000Z,1784036603905,85.82
session-1784036780900-38r373,24:EC:4A:C7:F5:3A,custom-11f9db6b38bd,1830,2026-07-14T13:43:23.978000Z,1784036603978,85.75
session-1784036780900-38r373,24:EC:4A:C7:F5:3A,custom-11f9db6b38bd,1831,2026-07-14T13:43:24.068000Z,1784036604068,85.78
session-1784036780900-38r373,24:EC:4A:C7:F5:3A,custom-11f9db6b38bd,1832,2026-07-14T13:43:24.161000Z,1784036604161,85.73
session-1784036780900-38r373,24:EC:4A:C7:F5:3A,custom-11f9db6b38bd,1833,2026-07-14T13:43:24.295000Z,1784036604295,85.78
session-1784036780900-38r373,24:EC:4A:C7:F5:3A,custom-11f9db6b38bd,1834,2026-07-14T13:43:24.428000Z,1784036604428,85.75
session-1784036780900-38r373,24:EC:4A:C7:F5:3A,custom-11f9db6b38bd,1835,2026-07-14T13:43:24.473000Z,1784036604473,85.78
session-1784036780900-38r373,24:EC:4A:C7:F5:3A,custom-11f9db6b38bd,1836,2026-07-14T13:43:24.564000Z,1784036604564,85.82
session-1784036780900-38r373,24:EC:4A:C7:F5:3A,custom-11f9db6b38bd,1837,2026-07-14T13:43:24.654000Z,1784036604654,85.77
session-1784036780900-38r373,24:EC:4A:C7:F5:3A,custom-11f9db6b38bd,1838,2026-07-14T13:43:24.805000Z,1784036604805,85.78
session-1784036780900-38r373,24:EC:4A:C7:F5:3A,custom-11f9db6b38bd,1839,2026-07-14T13:43:24.969000Z,1784036604969,85.77
session-1784036780900-38r373,24:EC:4A:C7:F5:3A,custom-11f9db6b38bd,1840,2026-07-14T13:43:24.970000Z,1784036604970,85.78
session-1784036780900-38r373,24:EC:4A:C7:F5:3A,custom-11f9db6b38bd,1841,2026-07-14T13:43:25.105000Z,1784036605105,85.8
session-1784036780900-38r373,24:EC:4A:C7:F5:3A,custom-11f9db6b38bd,1842,2026-07-14T13:43:25.194000Z,1784036605194,85.77
session-1784036780900-38r373,24:EC:4A:C7:F5:3A,custom-11f9db6b38bd,1843,2026-07-14T13:43:25.284000Z,1784036605284,85.7
session-1784036780900-38r373,24:EC:4A:C7:F5:3A,custom-11f9db6b38bd,1844,2026-07-14T13:43:25.373000Z,1784036605373,85.78
session-1784036780900-38r373,24:EC:4A:C7:F5:3A,custom-11f9db6b38bd,1845,2026-07-14T13:43:25.463000Z,1784036605463,85.75
session-1784036780900-38r373,24:EC:4A:C7:F5:3A,custom-11f9db6b38bd,1846,2026-07-14T13:43:25.552000Z,1784036605552,85.73
session-1784036780900-38r373,24:EC:4A:C7:F5:3A,custom-11f9db6b38bd,1847,2026-07-14T13:43:25.703000Z,1784036605703,85.77
session-1784036780900-38r373,24:EC:4A:C7:F5:3A,custom-11f9db6b38bd,1848,2026-07-14T13:43:25.778000Z,1784036605778,85.7
session-1784036780900-38r373,24:EC:4A:C7:F5:3A,custom-11f9db6b38bd,1849,2026-07-14T13:43:25.867000Z,1784036605867,85.75
session-1784036780900-38r373,24:EC:4A:C7:F5:3A,custom-11f9db6b38bd,1850,2026-07-14T13:43:25.958000Z,1784036605958,85.7
session-1784036780900-38r373,24:EC:4A:C7:F5:3A,custom-11f9db6b38bd,1851,2026-07-14T13:43:26.093000Z,1784036606093,85.73
session-1784036780900-38r373,24:EC:4A:C7:F5:3A,custom-11f9db6b38bd,1852,2026-07-14T13:43:26.184000Z,1784036606184,85.7
session-1784036780900-38r373,24:EC:4A:C7:F5:3A,custom-11f9db6b38bd,1853,2026-07-14T13:43:26.274000Z,1784036606274,85.71
session-1784036780900-38r373,24:EC:4A:C7:F5:3A,custom-11f9db6b38bd,1854,2026-07-14T13:43:26.363000Z,1784036606363,85.26
session-1784036780900-38r373,24:EC:4A:C7:F5:3A,custom-11f9db6b38bd,1855,2026-07-14T13:43:26.459000Z,1784036606459,85.7
session-1784036780900-38r373,24:EC:4A:C7:F5:3A,custom-11f9db6b38bd,1856,2026-07-14T13:43:26.605000Z,1784036606605,85.68
session-1784036780900-38r373,24:EC:4A:C7:F5:3A,custom-11f9db6b38bd,1857,2026-07-14T13:43:26.679000Z,1784036606679,85.7
session-1784036780900-38r373,24:EC:4A:C7:F5:3A,custom-11f9db6b38bd,1858,2026-07-14T13:43:26.769000Z,1784036606769,85.66
session-1784036780900-38r373,24:EC:4A:C7:F5:3A,custom-11f9db6b38bd,1859,2026-07-14T13:43:26.904000Z,1784036606904,85.24
session-1784036780900-38r373,24:EC:4A:C7:F5:3A,custom-11f9db6b38bd,1860,2026-07-14T13:43:27.040000Z,1784036607040,85.24
session-1784036780900-38r373,24:EC:4A:C7:F5:3A,custom-11f9db6b38bd,1861,2026-07-14T13:43:27.083000Z,1784036607083,85.24
session-1784036780900-38r373,24:EC:4A:C7:F5:3A,custom-11f9db6b38bd,1862,2026-07-14T13:43:27.174000Z,1784036607174,85.26
session-1784036780900-38r373,24:EC:4A:C7:F5:3A,custom-11f9db6b38bd,1863,2026-07-14T13:43:27.264000Z,1784036607264,85.24
session-1784036780900-38r373,24:EC:4A:C7:F5:3A,custom-11f9db6b38bd,1864,2026-07-14T13:43:27.354000Z,1784036607354,85.24
session-1784036780900-38r373,24:EC:4A:C7:F5:3A,custom-11f9db6b38bd,1865,2026-07-14T13:43:27.507000Z,1784036607507,85.26
session-1784036780900-38r373,24:EC:4A:C7:F5:3A,custom-11f9db6b38bd,1866,2026-07-14T13:43:27.578000Z,1784036607578,85.68
session-1784036780900-38r373,24:EC:4A:C7:F5:3A,custom-11f9db6b38bd,1867,2026-07-14T13:43:27.713000Z,1784036607713,85.73
session-1784036780900-38r373,24:EC:4A:C7:F5:3A,custom-11f9db6b38bd,1868,2026-07-14T13:43:27.759000Z,1784036607759,85.73
session-1784036780900-38r373,24:EC:4A:C7:F5:3A,custom-11f9db6b38bd,1869,2026-07-14T13:43:27.893000Z,1784036607893,85.71
session-1784036780900-38r373,24:EC:4A:C7:F5:3A,custom-11f9db6b38bd,1870,2026-07-14T13:43:27.983000Z,1784036607983,85.57
session-1784036780900-38r373,24:EC:4A:C7:F5:3A,custom-11f9db6b38bd,1871,2026-07-14T13:43:28.074000Z,1784036608074,85.71
session-1784036780900-38r373,24:EC:4A:C7:F5:3A,custom-11f9db6b38bd,1872,2026-07-14T13:43:28.165000Z,1784036608165,85.59
session-1784036780900-38r373,24:EC:4A:C7:F5:3A,custom-11f9db6b38bd,1873,2026-07-14T13:43:28.254000Z,1784036608254,85.61
session-1784036780900-38r373,24:EC:4A:C7:F5:3A,custom-11f9db6b38bd,1874,2026-07-14T13:43:28.405000Z,1784036608405,85.57
session-1784036780900-38r373,24:EC:4A:C7:F5:3A,custom-11f9db6b38bd,1875,2026-07-14T13:43:28.479000Z,1784036608479,85.98
session-1784036780900-38r373,24:EC:4A:C7:F5:3A,custom-11f9db6b38bd,1876,2026-07-14T13:43:28.569000Z,1784036608569,85.92
session-1784036780900-38r373,24:EC:4A:C7:F5:3A,custom-11f9db6b38bd,1877,2026-07-14T13:43:28.659000Z,1784036608659,85.91
session-1784036780900-38r373,24:EC:4A:C7:F5:3A,custom-11f9db6b38bd,1878,2026-07-14T13:43:28.794000Z,1784036608794,86.39
session-1784036780900-38r373,24:EC:4A:C7:F5:3A,custom-11f9db6b38bd,1879,2026-07-14T13:43:28.883000Z,1784036608883,85.96
session-1784036780900-38r373,24:EC:4A:C7:F5:3A,custom-11f9db6b38bd,1880,2026-07-14T13:43:28.974000Z,1784036608974,85.71
session-1784036780900-38r373,24:EC:4A:C7:F5:3A,custom-11f9db6b38bd,1881,2026-07-14T13:43:29.065000Z,1784036609065,85.17
session-1784036780900-38r373,24:EC:4A:C7:F5:3A,custom-11f9db6b38bd,1882,2026-07-14T13:43:29.155000Z,1784036609155,85.75
session-1784036780900-38r373,24:EC:4A:C7:F5:3A,custom-11f9db6b38bd,1883,2026-07-14T13:43:29.306000Z,1784036609306,85.3
session-1784036780900-38r373,24:EC:4A:C7:F5:3A,custom-11f9db6b38bd,1884,2026-07-14T13:43:29.378000Z,1784036609378,85.3
session-1784036780900-38r373,24:EC:4A:C7:F5:3A,custom-11f9db6b38bd,1885,2026-07-14T13:43:29.471000Z,1784036609471,85.3
session-1784036780900-38r373,24:EC:4A:C7:F5:3A,custom-11f9db6b38bd,1886,2026-07-14T13:43:29.559000Z,1784036609559,85.71
session-1784036780900-38r373,24:EC:4A:C7:F5:3A,custom-11f9db6b38bd,1887,2026-07-14T13:43:29.694000Z,1784036609694,85.7
session-1784036780900-38r373,24:EC:4A:C7:F5:3A,custom-11f9db6b38bd,1888,2026-07-14T13:43:29.784000Z,1784036609784,85.68
session-1784036780900-38r373,24:EC:4A:C7:F5:3A,custom-11f9db6b38bd,1889,2026-07-14T13:43:29.920000Z,1784036609920,85.68
session-1784036780900-38r373,24:EC:4A:C7:F5:3A,custom-11f9db6b38bd,1890,2026-07-14T13:43:29.964000Z,1784036609964,85.23
session-1784036780900-38r373,24:EC:4A:C7:F5:3A,custom-11f9db6b38bd,1891,2026-07-14T13:43:30.056000Z,1784036610056,85.68
session-1784036780900-38r373,24:EC:4A:C7:F5:3A,custom-11f9db6b38bd,1892,2026-07-14T13:43:30.207000Z,1784036610207,85.63
session-1784036780900-38r373,24:EC:4A:C7:F5:3A,custom-11f9db6b38bd,1893,2026-07-14T13:43:30.279000Z,1784036610279,85.71
session-1784036780900-38r373,24:EC:4A:C7:F5:3A,custom-11f9db6b38bd,1894,2026-07-14T13:43:30.370000Z,1784036610370,85.7
session-1784036780900-38r373,24:EC:4A:C7:F5:3A,custom-11f9db6b38bd,1895,2026-07-14T13:43:30.461000Z,1784036610461,85.28
session-1784036780900-38r373,24:EC:4A:C7:F5:3A,custom-11f9db6b38bd,1896,2026-07-14T13:43:30.593000Z,1784036610593,85.73
session-1784036780900-38r373,24:EC:4A:C7:F5:3A,custom-11f9db6b38bd,1897,2026-07-14T13:43:30.684000Z,1784036610684,85.7
session-1784036780900-38r373,24:EC:4A:C7:F5:3A,custom-11f9db6b38bd,1898,2026-07-14T13:43:30.773000Z,1784036610773,85.7
session-1784036780900-38r373,24:EC:4A:C7:F5:3A,custom-11f9db6b38bd,1899,2026-07-14T13:43:30.862000Z,1784036610862,85.71
session-1784036780900-38r373,24:EC:4A:C7:F5:3A,custom-11f9db6b38bd,1900,2026-07-14T13:43:30.954000Z,1784036610954,85.21
session-1784036780900-38r373,24:EC:4A:C7:F5:3A,custom-11f9db6b38bd,1901,2026-07-14T13:43:31.105000Z,1784036611105,85.66
session-1784036780900-38r373,24:EC:4A:C7:F5:3A,custom-11f9db6b38bd,1902,2026-07-14T13:43:31.226000Z,1784036611226,85.73
session-1784036780900-38r373,24:EC:4A:C7:F5:3A,custom-11f9db6b38bd,1903,2026-07-14T13:43:31.268000Z,1784036611268,85.57
session-1784036780900-38r373,24:EC:4A:C7:F5:3A,custom-11f9db6b38bd,1904,2026-07-14T13:43:31.359000Z,1784036611359,85.64
session-1784036780900-38r373,24:EC:4A:C7:F5:3A,custom-11f9db6b38bd,1905,2026-07-14T13:43:31.493000Z,1784036611493,85.66
session-1784036780900-38r373,24:EC:4A:C7:F5:3A,custom-11f9db6b38bd,1906,2026-07-14T13:43:31.584000Z,1784036611584,85.57
session-1784036780900-38r373,24:EC:4A:C7:F5:3A,custom-11f9db6b38bd,1907,2026-07-14T13:43:31.674000Z,1784036611674,85.56
session-1784036780900-38r373,24:EC:4A:C7:F5:3A,custom-11f9db6b38bd,1908,2026-07-14T13:43:31.764000Z,1784036611764,85.54
session-1784036780900-38r373,24:EC:4A:C7:F5:3A,custom-11f9db6b38bd,1909,2026-07-14T13:43:31.856000Z,1784036611856,85.56
session-1784036780900-38r373,24:EC:4A:C7:F5:3A,custom-11f9db6b38bd,1910,2026-07-14T13:43:32.007000Z,1784036612007,85.52
session-1784036780900-38r373,24:EC:4A:C7:F5:3A,custom-11f9db6b38bd,1911,2026-07-14T13:43:32.079000Z,1784036612079,85.57
session-1784036780900-38r373,24:EC:4A:C7:F5:3A,custom-11f9db6b38bd,1912,2026-07-14T13:43:32.169000Z,1784036612169,85.98
session-1784036780900-38r373,24:EC:4A:C7:F5:3A,custom-11f9db6b38bd,1913,2026-07-14T13:43:32.261000Z,1784036612261,85.99
session-1784036780900-38r373,24:EC:4A:C7:F5:3A,custom-11f9db6b38bd,1914,2026-07-14T13:43:32.394000Z,1784036612394,86.05
session-1784036780900-38r373,24:EC:4A:C7:F5:3A,custom-11f9db6b38bd,1915,2026-07-14T13:43:32.484000Z,1784036612484,85.52
session-1784036780900-38r373,24:EC:4A:C7:F5:3A,custom-11f9db6b38bd,1916,2026-07-14T13:43:32.574000Z,1784036612574,85.63
session-1784036780900-38r373,24:EC:4A:C7:F5:3A,custom-11f9db6b38bd,1917,2026-07-14T13:43:32.708000Z,1784036612708,85.57
session-1784036780900-38r373,24:EC:4A:C7:F5:3A,custom-11f9db6b38bd,1918,2026-07-14T13:43:32.753000Z,1784036612753,85.16
session-1784036780900-38r373,24:EC:4A:C7:F5:3A,custom-11f9db6b38bd,1919,2026-07-14T13:43:32.905000Z,1784036612905,85.19
session-1784036780900-38r373,24:EC:4A:C7:F5:3A,custom-11f9db6b38bd,1920,2026-07-14T13:43:32.979000Z,1784036612979,85.26
session-1784036780900-38r373,24:EC:4A:C7:F5:3A,custom-11f9db6b38bd,1921,2026-07-14T13:43:33.070000Z,1784036613070,85.23
session-1784036780900-38r373,24:EC:4A:C7:F5:3A,custom-11f9db6b38bd,1922,2026-07-14T13:43:33.159000Z,1784036613159,85.14
session-1784036780900-38r373,24:EC:4A:C7:F5:3A,custom-11f9db6b38bd,1923,2026-07-14T13:43:33.294000Z,1784036613294,85.63
session-1784036780900-38r373,24:EC:4A:C7:F5:3A,custom-11f9db6b38bd,1924,2026-07-14T13:43:33.385000Z,1784036613385,86.05
session-1784036780900-38r373,24:EC:4A:C7:F5:3A,custom-11f9db6b38bd,1925,2026-07-14T13:43:33.473000Z,1784036613473,85.61
session-1784036780900-38r373,24:EC:4A:C7:F5:3A,custom-11f9db6b38bd,1926,2026-07-14T13:43:33.563000Z,1784036613563,85.61
session-1784036780900-38r373,24:EC:4A:C7:F5:3A,custom-11f9db6b38bd,1927,2026-07-14T13:43:33.654000Z,1784036613654,85.61
session-1784036780900-38r373,24:EC:4A:C7:F5:3A,custom-11f9db6b38bd,1928,2026-07-14T13:43:33.805000Z,1784036613805,85.68
session-1784036780900-38r373,24:EC:4A:C7:F5:3A,custom-11f9db6b38bd,1929,2026-07-14T13:43:33.878000Z,1784036613878,85.28
session-1784036780900-38r373,24:EC:4A:C7:F5:3A,custom-11f9db6b38bd,1930,2026-07-14T13:43:33.969000Z,1784036613969,85.28
session-1784036780900-38r373,24:EC:4A:C7:F5:3A,custom-11f9db6b38bd,1931,2026-07-14T13:43:34.059000Z,1784036614059,85.28
session-1784036780900-38r373,24:EC:4A:C7:F5:3A,custom-11f9db6b38bd,1932,2026-07-14T13:43:34.194000Z,1784036614194,85.71
session-1784036780900-38r373,24:EC:4A:C7:F5:3A,custom-11f9db6b38bd,1933,2026-07-14T13:43:34.284000Z,1784036614284,85.75
session-1784036780900-38r373,24:EC:4A:C7:F5:3A,custom-11f9db6b38bd,1934,2026-07-14T13:43:34.373000Z,1784036614373,85.68
session-1784036780900-38r373,24:EC:4A:C7:F5:3A,custom-11f9db6b38bd,1935,2026-07-14T13:43:34.463000Z,1784036614463,86.15
session-1784036780900-38r373,24:EC:4A:C7:F5:3A,custom-11f9db6b38bd,1936,2026-07-14T13:43:34.554000Z,1784036614554,86.26
session-1784036780900-38r373,24:EC:4A:C7:F5:3A,custom-11f9db6b38bd,1937,2026-07-14T13:43:34.705000Z,1784036614705,85.49
session-1784036780900-38r373,24:EC:4A:C7:F5:3A,custom-11f9db6b38bd,1938,2026-07-14T13:43:34.780000Z,1784036614780,85.47
session-1784036780900-38r373,24:EC:4A:C7:F5:3A,custom-11f9db6b38bd,1939,2026-07-14T13:43:34.871000Z,1784036614871,85.42
session-1784036780900-38r373,24:EC:4A:C7:F5:3A,custom-11f9db6b38bd,1940,2026-07-14T13:43:34.961000Z,1784036614961,85.84
session-1784036780900-38r373,24:EC:4A:C7:F5:3A,custom-11f9db6b38bd,1941,2026-07-14T13:43:35.093000Z,1784036615093,85.8
session-1784036780900-38r373,24:EC:4A:C7:F5:3A,custom-11f9db6b38bd,1942,2026-07-14T13:43:35.184000Z,1784036615184,85.33
session-1784036780900-38r373,24:EC:4A:C7:F5:3A,custom-11f9db6b38bd,1943,2026-07-14T13:43:35.275000Z,1784036615275,85.75
session-1784036780900-38r373,24:EC:4A:C7:F5:3A,custom-11f9db6b38bd,1944,2026-07-14T13:43:35.364000Z,1784036615364,85.28
session-1784036780900-38r373,24:EC:4A:C7:F5:3A,custom-11f9db6b38bd,1945,2026-07-14T13:43:35.454000Z,1784036615454,85.71
session-1784036780900-38r373,24:EC:4A:C7:F5:3A,custom-11f9db6b38bd,1946,2026-07-14T13:43:35.605000Z,1784036615605,85.7
session-1784036780900-38r373,24:EC:4A:C7:F5:3A,custom-11f9db6b38bd,1947,2026-07-14T13:43:35.680000Z,1784036615680,85.68
session-1784036780900-38r373,24:EC:4A:C7:F5:3A,custom-11f9db6b38bd,1948,2026-07-14T13:43:35.769000Z,1784036615769,85.73
session-1784036780900-38r373,24:EC:4A:C7:F5:3A,custom-11f9db6b38bd,1949,2026-07-14T13:43:35.859000Z,1784036615859,85.68
session-1784036780900-38r373,24:EC:4A:C7:F5:3A,custom-11f9db6b38bd,1950,2026-07-14T13:43:35.994000Z,1784036615994,85.7
session-1784036780900-38r373,24:EC:4A:C7:F5:3A,custom-11f9db6b38bd,1951,2026-07-14T13:43:36.084000Z,1784036616084,85.73
session-1784036780900-38r373,24:EC:4A:C7:F5:3A,custom-11f9db6b38bd,1952,2026-07-14T13:43:36.174000Z,1784036616174,85.7
session-1784036780900-38r373,24:EC:4A:C7:F5:3A,custom-11f9db6b38bd,1953,2026-07-14T13:43:36.265000Z,1784036616265,85.68
session-1784036780900-38r373,24:EC:4A:C7:F5:3A,custom-11f9db6b38bd,1954,2026-07-14T13:43:36.354000Z,1784036616354,85.73
session-1784036780900-38r373,24:EC:4A:C7:F5:3A,custom-11f9db6b38bd,1955,2026-07-14T13:43:36.505000Z,1784036616505,85.73
session-1784036780900-38r373,24:EC:4A:C7:F5:3A,custom-11f9db6b38bd,1956,2026-07-14T13:43:36.578000Z,1784036616578,85.71
session-1784036780900-38r373,24:EC:4A:C7:F5:3A,custom-11f9db6b38bd,1957,2026-07-14T13:43:36.671000Z,1784036616671,85.7
session-1784036780900-38r373,24:EC:4A:C7:F5:3A,custom-11f9db6b38bd,1958,2026-07-14T13:43:36.758000Z,1784036616758,85.66
session-1784036780900-38r373,24:EC:4A:C7:F5:3A,custom-11f9db6b38bd,1959,2026-07-14T13:43:36.893000Z,1784036616893,85.73
session-1784036780900-38r373,24:EC:4A:C7:F5:3A,custom-11f9db6b38bd,1960,2026-07-14T13:43:36.984000Z,1784036616984,85.68
session-1784036780900-38r373,24:EC:4A:C7:F5:3A,custom-11f9db6b38bd,1961,2026-07-14T13:43:37.073000Z,1784036617073,85.71
session-1784036780900-38r373,24:EC:4A:C7:F5:3A,custom-11f9db6b38bd,1962,2026-07-14T13:43:37.166000Z,1784036617166,85.73
session-1784036780900-38r373,24:EC:4A:C7:F5:3A,custom-11f9db6b38bd,1963,2026-07-14T13:43:37.253000Z,1784036617253,85.7
session-1784036780900-38r373,24:EC:4A:C7:F5:3A,custom-11f9db6b38bd,1964,2026-07-14T13:43:37.405000Z,1784036617405,85.68
session-1784036780900-38r373,24:EC:4A:C7:F5:3A,custom-11f9db6b38bd,1965,2026-07-14T13:43:37.478000Z,1784036617478,86.13
session-1784036780900-38r373,24:EC:4A:C7:F5:3A,custom-11f9db6b38bd,1966,2026-07-14T13:43:37.569000Z,1784036617569,85.75
session-1784036780900-38r373,24:EC:4A:C7:F5:3A,custom-11f9db6b38bd,1967,2026-07-14T13:43:37.660000Z,1784036617660,85.8
session-1784036780900-38r373,24:EC:4A:C7:F5:3A,custom-11f9db6b38bd,1968,2026-07-14T13:43:37.796000Z,1784036617796,85.82
session-1784036780900-38r373,24:EC:4A:C7:F5:3A,custom-11f9db6b38bd,1969,2026-07-14T13:43:37.882000Z,1784036617882,85.77
session-1784036780900-38r373,24:EC:4A:C7:F5:3A,custom-11f9db6b38bd,1970,2026-07-14T13:43:37.974000Z,1784036617974,85.31
session-1784036780900-38r373,24:EC:4A:C7:F5:3A,custom-11f9db6b38bd,1971,2026-07-14T13:43:38.064000Z,1784036618064,85.3
session-1784036780900-38r373,24:EC:4A:C7:F5:3A,custom-11f9db6b38bd,1972,2026-07-14T13:43:38.156000Z,1784036618156,85.33
session-1784036780900-38r373,24:EC:4A:C7:F5:3A,custom-11f9db6b38bd,1973,2026-07-14T13:43:38.307000Z,1784036618307,85.8
session-1784036780900-38r373,24:EC:4A:C7:F5:3A,custom-11f9db6b38bd,1974,2026-07-14T13:43:38.379000Z,1784036618379,85.77
session-1784036780900-38r373,24:EC:4A:C7:F5:3A,custom-11f9db6b38bd,1975,2026-07-14T13:43:38.467000Z,1784036618467,85.73
session-1784036780900-38r373,24:EC:4A:C7:F5:3A,custom-11f9db6b38bd,1976,2026-07-14T13:43:38.559000Z,1784036618559,85.73
session-1784036780900-38r373,24:EC:4A:C7:F5:3A,custom-11f9db6b38bd,1977,2026-07-14T13:43:38.694000Z,1784036618694,85.73
session-1784036780900-38r373,24:EC:4A:C7:F5:3A,custom-11f9db6b38bd,1978,2026-07-14T13:43:38.783000Z,1784036618783,85.71
session-1784036780900-38r373,24:EC:4A:C7:F5:3A,custom-11f9db6b38bd,1979,2026-07-14T13:43:38.874000Z,1784036618874,85.68
session-1784036780900-38r373,24:EC:4A:C7:F5:3A,custom-11f9db6b38bd,1980,2026-07-14T13:43:38.964000Z,1784036618964,85.66
session-1784036780900-38r373,24:EC:4A:C7:F5:3A,custom-11f9db6b38bd,1981,2026-07-14T13:43:39.054000Z,1784036619054,85.73
session-1784036780900-38r373,24:EC:4A:C7:F5:3A,custom-11f9db6b38bd,1982,2026-07-14T13:43:39.205000Z,1784036619205,85.7
session-1784036780900-38r373,24:EC:4A:C7:F5:3A,custom-11f9db6b38bd,1983,2026-07-14T13:43:39.324000Z,1784036619324,85.7
session-1784036780900-38r373,24:EC:4A:C7:F5:3A,custom-11f9db6b38bd,1984,2026-07-14T13:43:39.369000Z,1784036619369,85.73
session-1784036780900-38r373,24:EC:4A:C7:F5:3A,custom-11f9db6b38bd,1985,2026-07-14T13:43:39.459000Z,1784036619459,85.7
session-1784036780900-38r373,24:EC:4A:C7:F5:3A,custom-11f9db6b38bd,1986,2026-07-14T13:43:39.610000Z,1784036619610,85.7
session-1784036780900-38r373,24:EC:4A:C7:F5:3A,custom-11f9db6b38bd,1987,2026-07-14T13:43:39.684000Z,1784036619684,85.68
session-1784036780900-38r373,24:EC:4A:C7:F5:3A,custom-11f9db6b38bd,1988,2026-07-14T13:43:39.775000Z,1784036619775,85.73
session-1784036780900-38r373,24:EC:4A:C7:F5:3A,custom-11f9db6b38bd,1989,2026-07-14T13:43:39.862000Z,1784036619862,85.71
session-1784036780900-38r373,24:EC:4A:C7:F5:3A,custom-11f9db6b38bd,1990,2026-07-14T13:43:39.955000Z,1784036619955,85.28
session-1784036780900-38r373,24:EC:4A:C7:F5:3A,custom-11f9db6b38bd,1991,2026-07-14T13:43:40.105000Z,1784036620105,85.24
session-1784036780900-38r373,24:EC:4A:C7:F5:3A,custom-11f9db6b38bd,1992,2026-07-14T13:43:40.178000Z,1784036620178,85.77
session-1784036780900-38r373,24:EC:4A:C7:F5:3A,custom-11f9db6b38bd,1993,2026-07-14T13:43:40.271000Z,1784036620271,85.75
session-1784036780900-38r373,24:EC:4A:C7:F5:3A,custom-11f9db6b38bd,1994,2026-07-14T13:43:40.359000Z,1784036620359,85.71
session-1784036780900-38r373,24:EC:4A:C7:F5:3A,custom-11f9db6b38bd,1995,2026-07-14T13:43:40.495000Z,1784036620495,85.77
session-1784036780900-38r373,24:EC:4A:C7:F5:3A,custom-11f9db6b38bd,1996,2026-07-14T13:43:40.584000Z,1784036620584,85.78
session-1784036780900-38r373,24:EC:4A:C7:F5:3A,custom-11f9db6b38bd,1997,2026-07-14T13:43:40.676000Z,1784036620676,85.75
session-1784036780900-38r373,24:EC:4A:C7:F5:3A,custom-11f9db6b38bd,1998,2026-07-14T13:43:40.765000Z,1784036620765,85.78
session-1784036780900-38r373,24:EC:4A:C7:F5:3A,custom-11f9db6b38bd,1999,2026-07-14T13:43:40.856000Z,1784036620856,85.75
session-1784036780900-38r373,24:EC:4A:C7:F5:3A,custom-11f9db6b38bd,2000,2026-07-14T13:43:41.007000Z,1784036621007,85.78
session-1784036780900-38r373,24:EC:4A:C7:F5:3A,custom-11f9db6b38bd,2001,2026-07-14T13:43:41.079000Z,1784036621079,85.78
session-1784036780900-38r373,24:EC:4A:C7:F5:3A,custom-11f9db6b38bd,2002,2026-07-14T13:43:41.169000Z,1784036621169,85.77
session-1784036780900-38r373,24:EC:4A:C7:F5:3A,custom-11f9db6b38bd,2003,2026-07-14T13:43:41.259000Z,1784036621259,85.31
session-1784036780900-38r373,24:EC:4A:C7:F5:3A,custom-11f9db6b38bd,2004,2026-07-14T13:43:41.395000Z,1784036621395,85.3
session-1784036780900-38r373,24:EC:4A:C7:F5:3A,custom-11f9db6b38bd,2005,2026-07-14T13:43:41.484000Z,1784036621484,85.28
session-1784036780900-38r373,24:EC:4A:C7:F5:3A,custom-11f9db6b38bd,2006,2026-07-14T13:43:41.574000Z,1784036621574,85.8
session-1784036780900-38r373,24:EC:4A:C7:F5:3A,custom-11f9db6b38bd,2007,2026-07-14T13:43:41.709000Z,1784036621709,85.28
session-1784036780900-38r373,24:EC:4A:C7:F5:3A,custom-11f9db6b38bd,2008,2026-07-14T13:43:41.755000Z,1784036621755,85.3
session-1784036780900-38r373,24:EC:4A:C7:F5:3A,custom-11f9db6b38bd,2009,2026-07-14T13:43:41.906000Z,1784036621906,85.31
session-1784036780900-38r373,24:EC:4A:C7:F5:3A,custom-11f9db6b38bd,2010,2026-07-14T13:43:41.979000Z,1784036621979,85.28
session-1784036780900-38r373,24:EC:4A:C7:F5:3A,custom-11f9db6b38bd,2011,2026-07-14T13:43:42.070000Z,1784036622070,85.33
session-1784036780900-38r373,24:EC:4A:C7:F5:3A,custom-11f9db6b38bd,2012,2026-07-14T13:43:42.161000Z,1784036622161,85.77
session-1784036780900-38r373,24:EC:4A:C7:F5:3A,custom-11f9db6b38bd,2013,2026-07-14T13:43:42.294000Z,1784036622294,85.78
session-1784036780900-38r373,24:EC:4A:C7:F5:3A,custom-11f9db6b38bd,2014,2026-07-14T13:43:42.384000Z,1784036622384,85.7
session-1784036780900-38r373,24:EC:4A:C7:F5:3A,custom-11f9db6b38bd,2015,2026-07-14T13:43:42.474000Z,1784036622474,85.8
session-1784036780900-38r373,24:EC:4A:C7:F5:3A,custom-11f9db6b38bd,2016,2026-07-14T13:43:42.564000Z,1784036622564,85.38
session-1784036780900-38r373,24:EC:4A:C7:F5:3A,custom-11f9db6b38bd,2017,2026-07-14T13:43:42.653000Z,1784036622653,85.42
session-1784036780900-38r373,24:EC:4A:C7:F5:3A,custom-11f9db6b38bd,2018,2026-07-14T13:43:42.805000Z,1784036622805,85.37
session-1784036780900-38r373,24:EC:4A:C7:F5:3A,custom-11f9db6b38bd,2019,2026-07-14T13:43:42.878000Z,1784036622878,85.42
session-1784036780900-38r373,24:EC:4A:C7:F5:3A,custom-11f9db6b38bd,2020,2026-07-14T13:43:42.970000Z,1784036622970,85.38
session-1784036780900-38r373,24:EC:4A:C7:F5:3A,custom-11f9db6b38bd,2021,2026-07-14T13:43:43.060000Z,1784036623060,85.33
session-1784036780900-38r373,24:EC:4A:C7:F5:3A,custom-11f9db6b38bd,2022,2026-07-14T13:43:43.194000Z,1784036623194,85.33
session-1784036780900-38r373,24:EC:4A:C7:F5:3A,custom-11f9db6b38bd,2023,2026-07-14T13:43:43.286000Z,1784036623286,86.2
session-1784036780900-38r373,24:EC:4A:C7:F5:3A,custom-11f9db6b38bd,2024,2026-07-14T13:43:43.376000Z,1784036623376,85.75
session-1784036780900-38r373,24:EC:4A:C7:F5:3A,custom-11f9db6b38bd,2025,2026-07-14T13:43:43.465000Z,1784036623465,85.8
session-1784036780900-38r373,24:EC:4A:C7:F5:3A,custom-11f9db6b38bd,2026,2026-07-14T13:43:43.555000Z,1784036623555,85.35
session-1784036780900-38r373,24:EC:4A:C7:F5:3A,custom-11f9db6b38bd,2027,2026-07-14T13:43:43.706000Z,1784036623706,85.82
session-1784036780900-38r373,24:EC:4A:C7:F5:3A,custom-11f9db6b38bd,2028,2026-07-14T13:43:43.825000Z,1784036623825,85.78
session-1784036780900-38r373,24:EC:4A:C7:F5:3A,custom-11f9db6b38bd,2029,2026-07-14T13:43:43.869000Z,1784036623869,85.35
session-1784036780900-38r373,24:EC:4A:C7:F5:3A,custom-11f9db6b38bd,2030,2026-07-14T13:43:43.961000Z,1784036623961,85.91
session-1784036780900-38r373,24:EC:4A:C7:F5:3A,custom-11f9db6b38bd,2031,2026-07-14T13:43:44.094000Z,1784036624094,85.91
session-1784036780900-38r373,24:EC:4A:C7:F5:3A,custom-11f9db6b38bd,2032,2026-07-14T13:43:44.185000Z,1784036624185,85.91
session-1784036780900-38r373,24:EC:4A:C7:F5:3A,custom-11f9db6b38bd,2033,2026-07-14T13:43:44.274000Z,1784036624274,85.38
session-1784036780900-38r373,24:EC:4A:C7:F5:3A,custom-11f9db6b38bd,2034,2026-07-14T13:43:44.365000Z,1784036624365,85.96
session-1784036780900-38r373,24:EC:4A:C7:F5:3A,custom-11f9db6b38bd,2035,2026-07-14T13:43:44.453000Z,1784036624453,85.84
session-1784036780900-38r373,24:EC:4A:C7:F5:3A,custom-11f9db6b38bd,2036,2026-07-14T13:43:44.605000Z,1784036624605,85.84
session-1784036780900-38r373,24:EC:4A:C7:F5:3A,custom-11f9db6b38bd,2037,2026-07-14T13:43:44.680000Z,1784036624680,85.84
session-1784036780900-38r373,24:EC:4A:C7:F5:3A,custom-11f9db6b38bd,2038,2026-07-14T13:43:44.771000Z,1784036624771,85.92
session-1784036780900-38r373,24:EC:4A:C7:F5:3A,custom-11f9db6b38bd,2039,2026-07-14T13:43:44.861000Z,1784036624861,85.37
session-1784036780900-38r373,24:EC:4A:C7:F5:3A,custom-11f9db6b38bd,2040,2026-07-14T13:43:44.994000Z,1784036624994,85.38
session-1784036780900-38r373,24:EC:4A:C7:F5:3A,custom-11f9db6b38bd,2041,2026-07-14T13:43:45.084000Z,1784036625084,85.8
session-1784036780900-38r373,24:EC:4A:C7:F5:3A,custom-11f9db6b38bd,2042,2026-07-14T13:43:45.174000Z,1784036625174,85.33
session-1784036780900-38r373,24:EC:4A:C7:F5:3A,custom-11f9db6b38bd,2043,2026-07-14T13:43:45.263000Z,1784036625263,85.3
session-1784036780900-38r373,24:EC:4A:C7:F5:3A,custom-11f9db6b38bd,2044,2026-07-14T13:43:45.354000Z,1784036625354,85.77
session-1784036780900-38r373,24:EC:4A:C7:F5:3A,custom-11f9db6b38bd,2045,2026-07-14T13:43:45.504000Z,1784036625504,85.78
session-1784036780900-38r373,24:EC:4A:C7:F5:3A,custom-11f9db6b38bd,2046,2026-07-14T13:43:45.578000Z,1784036625578,85.82
session-1784036780900-38r373,24:EC:4A:C7:F5:3A,custom-11f9db6b38bd,2047,2026-07-14T13:43:45.671000Z,1784036625671,85.82
session-1784036780900-38r373,24:EC:4A:C7:F5:3A,custom-11f9db6b38bd,2048,2026-07-14T13:43:45.760000Z,1784036625760,85.73
session-1784036780900-38r373,24:EC:4A:C7:F5:3A,custom-11f9db6b38bd,2049,2026-07-14T13:43:45.893000Z,1784036625893,85.82
session-1784036780900-38r373,24:EC:4A:C7:F5:3A,custom-11f9db6b38bd,2050,2026-07-14T13:43:45.984000Z,1784036625984,85.84
session-1784036780900-38r373,24:EC:4A:C7:F5:3A,custom-11f9db6b38bd,2051,2026-07-14T13:43:46.074000Z,1784036626074,85.84
session-1784036780900-38r373,24:EC:4A:C7:F5:3A,custom-11f9db6b38bd,2052,2026-07-14T13:43:46.164000Z,1784036626164,85.35
session-1784036780900-38r373,24:EC:4A:C7:F5:3A,custom-11f9db6b38bd,2053,2026-07-14T13:43:46.255000Z,1784036626255,85.84
session-1784036780900-38r373,24:EC:4A:C7:F5:3A,custom-11f9db6b38bd,2054,2026-07-14T13:43:46.405000Z,1784036626405,85.85
session-1784036780900-38r373,24:EC:4A:C7:F5:3A,custom-11f9db6b38bd,2055,2026-07-14T13:43:46.478000Z,1784036626478,85.78
session-1784036780900-38r373,24:EC:4A:C7:F5:3A,custom-11f9db6b38bd,2056,2026-07-14T13:43:46.569000Z,1784036626569,85.82
session-1784036780900-38r373,24:EC:4A:C7:F5:3A,custom-11f9db6b38bd,2057,2026-07-14T13:43:46.660000Z,1784036626660,85.85
session-1784036780900-38r373,24:EC:4A:C7:F5:3A,custom-11f9db6b38bd,2058,2026-07-14T13:43:46.795000Z,1784036626795,85.35
session-1784036780900-38r373,24:EC:4A:C7:F5:3A,custom-11f9db6b38bd,2059,2026-07-14T13:43:46.884000Z,1784036626884,85.82
session-1784036780900-38r373,24:EC:4A:C7:F5:3A,custom-11f9db6b38bd,2060,2026-07-14T13:43:46.975000Z,1784036626975,85.78
session-1784036780900-38r373,24:EC:4A:C7:F5:3A,custom-11f9db6b38bd,2061,2026-07-14T13:43:47.065000Z,1784036627065,85.8
session-1784036780900-38r373,24:EC:4A:C7:F5:3A,custom-11f9db6b38bd,2062,2026-07-14T13:43:47.153000Z,1784036627153,85.77
session-1784036780900-38r373,24:EC:4A:C7:F5:3A,custom-11f9db6b38bd,2063,2026-07-14T13:43:47.304000Z,1784036627304,85.3
session-1784036780900-38r373,24:EC:4A:C7:F5:3A,custom-11f9db6b38bd,2064,2026-07-14T13:43:47.424000Z,1784036627424,85.28
session-1784036780900-38r373,24:EC:4A:C7:F5:3A,custom-11f9db6b38bd,2065,2026-07-14T13:43:47.468000Z,1784036627468,85.77
session-1784036780900-38r373,24:EC:4A:C7:F5:3A,custom-11f9db6b38bd,2066,2026-07-14T13:43:47.558000Z,1784036627558,85.73
session-1784036780900-38r373,24:EC:4A:C7:F5:3A,custom-11f9db6b38bd,2067,2026-07-14T13:43:47.693000Z,1784036627693,85.73
session-1784036780900-38r373,24:EC:4A:C7:F5:3A,custom-11f9db6b38bd,2068,2026-07-14T13:43:47.784000Z,1784036627784,85.35
session-1784036780900-38r373,24:EC:4A:C7:F5:3A,custom-11f9db6b38bd,2069,2026-07-14T13:43:47.874000Z,1784036627874,85.31
session-1784036780900-38r373,24:EC:4A:C7:F5:3A,custom-11f9db6b38bd,2070,2026-07-14T13:43:47.963000Z,1784036627963,85.31
session-1784036780900-38r373,24:EC:4A:C7:F5:3A,custom-11f9db6b38bd,2071,2026-07-14T13:43:48.054000Z,1784036628054,85.28
session-1784036780900-38r373,24:EC:4A:C7:F5:3A,custom-11f9db6b38bd,2072,2026-07-14T13:43:48.205000Z,1784036628205,85.73
session-1784036780900-38r373,24:EC:4A:C7:F5:3A,custom-11f9db6b38bd,2073,2026-07-14T13:43:48.277000Z,1784036628277,85.7
session-1784036780900-38r373,24:EC:4A:C7:F5:3A,custom-11f9db6b38bd,2074,2026-07-14T13:43:48.369000Z,1784036628369,85.7
session-1784036780900-38r373,24:EC:4A:C7:F5:3A,custom-11f9db6b38bd,2075,2026-07-14T13:43:48.458000Z,1784036628458,85.68
session-1784036780900-38r373,24:EC:4A:C7:F5:3A,custom-11f9db6b38bd,2076,2026-07-14T13:43:48.594000Z,1784036628594,85.73
session-1784036780900-38r373,24:EC:4A:C7:F5:3A,custom-11f9db6b38bd,2077,2026-07-14T13:43:48.683000Z,1784036628683,85.73
session-1784036780900-38r373,24:EC:4A:C7:F5:3A,custom-11f9db6b38bd,2078,2026-07-14T13:43:48.773000Z,1784036628773,85.7
session-1784036780900-38r373,24:EC:4A:C7:F5:3A,custom-11f9db6b38bd,2079,2026-07-14T13:43:48.864000Z,1784036628864,85.7
session-1784036780900-38r373,24:EC:4A:C7:F5:3A,custom-11f9db6b38bd,2080,2026-07-14T13:43:48.952000Z,1784036628952,85.71
session-1784036780900-38r373,24:EC:4A:C7:F5:3A,custom-11f9db6b38bd,2081,2026-07-14T13:43:49.103000Z,1784036629103,85.57
session-1784036780900-38r373,24:EC:4A:C7:F5:3A,custom-11f9db6b38bd,2082,2026-07-14T13:43:49.179000Z,1784036629179,86.05
session-1784036780900-38r373,24:EC:4A:C7:F5:3A,custom-11f9db6b38bd,2083,2026-07-14T13:43:49.269000Z,1784036629269,86.06
session-1784036780900-38r373,24:EC:4A:C7:F5:3A,custom-11f9db6b38bd,2084,2026-07-14T13:43:49.358000Z,1784036629358,85.99
session-1784036780900-38r373,24:EC:4A:C7:F5:3A,custom-11f9db6b38bd,2085,2026-07-14T13:43:49.493000Z,1784036629493,86.03
session-1784036780900-38r373,24:EC:4A:C7:F5:3A,custom-11f9db6b38bd,2086,2026-07-14T13:43:49.584000Z,1784036629584,86.05
session-1784036780900-38r373,24:EC:4A:C7:F5:3A,custom-11f9db6b38bd,2087,2026-07-14T13:43:49.673000Z,1784036629673,86.1
session-1784036780900-38r373,24:EC:4A:C7:F5:3A,custom-11f9db6b38bd,2088,2026-07-14T13:43:49.764000Z,1784036629764,85.73
session-1784036780900-38r373,24:EC:4A:C7:F5:3A,custom-11f9db6b38bd,2089,2026-07-14T13:43:49.854000Z,1784036629854,85.71
session-1784036780900-38r373,24:EC:4A:C7:F5:3A,custom-11f9db6b38bd,2090,2026-07-14T13:43:50.004000Z,1784036630004,85.7
session-1784036780900-38r373,24:EC:4A:C7:F5:3A,custom-11f9db6b38bd,2091,2026-07-14T13:43:50.078000Z,1784036630078,85.73
session-1784036780900-38r373,24:EC:4A:C7:F5:3A,custom-11f9db6b38bd,2092,2026-07-14T13:43:50.168000Z,1784036630168,85.24
session-1784036780900-38r373,24:EC:4A:C7:F5:3A,custom-11f9db6b38bd,2093,2026-07-14T13:43:50.258000Z,1784036630258,85.26
session-1784036780900-38r373,24:EC:4A:C7:F5:3A,custom-11f9db6b38bd,2094,2026-07-14T13:43:50.393000Z,1784036630393,85.31
session-1784036780900-38r373,24:EC:4A:C7:F5:3A,custom-11f9db6b38bd,2095,2026-07-14T13:43:50.484000Z,1784036630484,86.06
session-1784036780900-38r373,24:EC:4A:C7:F5:3A,custom-11f9db6b38bd,2096,2026-07-14T13:43:50.572000Z,1784036630572,85.73
session-1784036780900-38r373,24:EC:4A:C7:F5:3A,custom-11f9db6b38bd,2097,2026-07-14T13:43:50.663000Z,1784036630663,85.28
session-1784036780900-38r373,24:EC:4A:C7:F5:3A,custom-11f9db6b38bd,2098,2026-07-14T13:43:50.753000Z,1784036630753,85.75
session-1784036780900-38r373,24:EC:4A:C7:F5:3A,custom-11f9db6b38bd,2099,2026-07-14T13:43:50.904000Z,1784036630904,85.75
session-1784036780900-38r373,24:EC:4A:C7:F5:3A,custom-11f9db6b38bd,2100,2026-07-14T13:43:50.978000Z,1784036630978,85.7
session-1784036780900-38r373,24:EC:4A:C7:F5:3A,custom-11f9db6b38bd,2101,2026-07-14T13:43:51.068000Z,1784036631068,86.2
session-1784036780900-38r373,24:EC:4A:C7:F5:3A,custom-11f9db6b38bd,2102,2026-07-14T13:43:51.158000Z,1784036631158,85.3
session-1784036780900-38r373,24:EC:4A:C7:F5:3A,custom-11f9db6b38bd,2103,2026-07-14T13:43:51.294000Z,1784036631294,85.71
session-1784036780900-38r373,24:EC:4A:C7:F5:3A,custom-11f9db6b38bd,2104,2026-07-14T13:43:51.428000Z,1784036631428,86.29
session-1784036780900-38r373,24:EC:4A:C7:F5:3A,custom-11f9db6b38bd,2105,2026-07-14T13:43:51.473000Z,1784036631473,85.78
session-1784036780900-38r373,24:EC:4A:C7:F5:3A,custom-11f9db6b38bd,2106,2026-07-14T13:43:51.562000Z,1784036631562,85.78
session-1784036780900-38r373,24:EC:4A:C7:F5:3A,custom-11f9db6b38bd,2107,2026-07-14T13:43:51.653000Z,1784036631653,85.33
session-1784036780900-38r373,24:EC:4A:C7:F5:3A,custom-11f9db6b38bd,2108,2026-07-14T13:43:51.805000Z,1784036631805,85.73
session-1784036780900-38r373,24:EC:4A:C7:F5:3A,custom-11f9db6b38bd,2109,2026-07-14T13:43:51.878000Z,1784036631878,85.77
session-1784036780900-38r373,24:EC:4A:C7:F5:3A,custom-11f9db6b38bd,2110,2026-07-14T13:43:52.014000Z,1784036632014,85.33
session-1784036780900-38r373,24:EC:4A:C7:F5:3A,custom-11f9db6b38bd,2111,2026-07-14T13:43:52.058000Z,1784036632058,85.82
session-1784036780900-38r373,24:EC:4A:C7:F5:3A,custom-11f9db6b38bd,2112,2026-07-14T13:43:52.193000Z,1784036632193,85.84
session-1784036780900-38r373,24:EC:4A:C7:F5:3A,custom-11f9db6b38bd,2113,2026-07-14T13:43:52.328000Z,1784036632328,86.45
session-1784036780900-38r373,24:EC:4A:C7:F5:3A,custom-11f9db6b38bd,2114,2026-07-14T13:43:52.372000Z,1784036632372,85.8
session-1784036780900-38r373,24:EC:4A:C7:F5:3A,custom-11f9db6b38bd,2115,2026-07-14T13:43:52.461000Z,1784036632461,85.75
session-1784036780900-38r373,24:EC:4A:C7:F5:3A,custom-11f9db6b38bd,2116,2026-07-14T13:43:52.553000Z,1784036632553,85.73
session-1784036780900-38r373,24:EC:4A:C7:F5:3A,custom-11f9db6b38bd,2117,2026-07-14T13:43:52.704000Z,1784036632704,85.75
session-1784036780900-38r373,24:EC:4A:C7:F5:3A,custom-11f9db6b38bd,2118,2026-07-14T13:43:52.777000Z,1784036632777,85.8
session-1784036780900-38r373,24:EC:4A:C7:F5:3A,custom-11f9db6b38bd,2119,2026-07-14T13:43:52.868000Z,1784036632868,85.73
session-1784036780900-38r373,24:EC:4A:C7:F5:3A,custom-11f9db6b38bd,2120,2026-07-14T13:43:52.959000Z,1784036632959,85.78
session-1784036780900-38r373,24:EC:4A:C7:F5:3A,custom-11f9db6b38bd,2121,2026-07-14T13:43:53.110000Z,1784036633110,85.8
session-1784036780900-38r373,24:EC:4A:C7:F5:3A,custom-11f9db6b38bd,2122,2026-07-14T13:43:53.183000Z,1784036633183,85.3
session-1784036780900-38r373,24:EC:4A:C7:F5:3A,custom-11f9db6b38bd,2123,2026-07-14T13:43:53.273000Z,1784036633273,85.35
session-1784036780900-38r373,24:EC:4A:C7:F5:3A,custom-11f9db6b38bd,2124,2026-07-14T13:43:53.364000Z,1784036633364,85.33
session-1784036780900-38r373,24:EC:4A:C7:F5:3A,custom-11f9db6b38bd,2125,2026-07-14T13:43:53.452000Z,1784036633452,85.26
session-1784036780900-38r373,24:EC:4A:C7:F5:3A,custom-11f9db6b38bd,2126,2026-07-14T13:43:53.604000Z,1784036633604,85.8
session-1784036780900-38r373,24:EC:4A:C7:F5:3A,custom-11f9db6b38bd,2127,2026-07-14T13:43:53.677000Z,1784036633677,85.73
session-1784036780900-38r373,24:EC:4A:C7:F5:3A,custom-11f9db6b38bd,2128,2026-07-14T13:43:53.768000Z,1784036633768,85.75
session-1784036780900-38r373,24:EC:4A:C7:F5:3A,custom-11f9db6b38bd,2129,2026-07-14T13:43:53.858000Z,1784036633858,85.35
session-1784036780900-38r373,24:EC:4A:C7:F5:3A,custom-11f9db6b38bd,2130,2026-07-14T13:43:53.994000Z,1784036633994,85.37
session-1784036780900-38r373,24:EC:4A:C7:F5:3A,custom-11f9db6b38bd,2131,2026-07-14T13:43:54.084000Z,1784036634084,85.78
session-1784036780900-38r373,24:EC:4A:C7:F5:3A,custom-11f9db6b38bd,2132,2026-07-14T13:43:54.173000Z,1784036634173,86.22
session-1784036780900-38r373,24:EC:4A:C7:F5:3A,custom-11f9db6b38bd,2133,2026-07-14T13:43:54.263000Z,1784036634263,85.71
session-1784036780900-38r373,24:EC:4A:C7:F5:3A,custom-11f9db6b38bd,2134,2026-07-14T13:43:54.354000Z,1784036634354,86.24
session-1784036780900-38r373,24:EC:4A:C7:F5:3A,custom-11f9db6b38bd,2135,2026-07-14T13:43:54.505000Z,1784036634505,85.77
session-1784036780900-38r373,24:EC:4A:C7:F5:3A,custom-11f9db6b38bd,2136,2026-07-14T13:43:54.578000Z,1784036634578,86.17
session-1784036780900-38r373,24:EC:4A:C7:F5:3A,custom-11f9db6b38bd,2137,2026-07-14T13:43:54.668000Z,1784036634668,85.73
session-1784036780900-38r373,24:EC:4A:C7:F5:3A,custom-11f9db6b38bd,2138,2026-07-14T13:43:54.757000Z,1784036634757,85.75
session-1784036780900-38r373,24:EC:4A:C7:F5:3A,custom-11f9db6b38bd,2139,2026-07-14T13:43:54.909000Z,1784036634909,85.75
session-1784036780900-38r373,24:EC:4A:C7:F5:3A,custom-11f9db6b38bd,2140,2026-07-14T13:43:54.983000Z,1784036634983,85.7
session-1784036780900-38r373,24:EC:4A:C7:F5:3A,custom-11f9db6b38bd,2141,2026-07-14T13:43:55.073000Z,1784036635073,85.68
session-1784036780900-38r373,24:EC:4A:C7:F5:3A,custom-11f9db6b38bd,2142,2026-07-14T13:43:55.163000Z,1784036635163,85.7
session-1784036780900-38r373,24:EC:4A:C7:F5:3A,custom-11f9db6b38bd,2143,2026-07-14T13:43:55.297000Z,1784036635297,85.68
session-1784036780900-38r373,24:EC:4A:C7:F5:3A,custom-11f9db6b38bd,2144,2026-07-14T13:43:55.389000Z,1784036635389,85.7
session-1784036780900-38r373,24:EC:4A:C7:F5:3A,custom-11f9db6b38bd,2145,2026-07-14T13:43:55.477000Z,1784036635477,85.28
session-1784036780900-38r373,24:EC:4A:C7:F5:3A,custom-11f9db6b38bd,2146,2026-07-14T13:43:55.567000Z,1784036635567,85.73
session-1784036780900-38r373,24:EC:4A:C7:F5:3A,custom-11f9db6b38bd,2147,2026-07-14T13:43:55.658000Z,1784036635658,85.16
session-1784036780900-38r373,24:EC:4A:C7:F5:3A,custom-11f9db6b38bd,2148,2026-07-14T13:43:55.792000Z,1784036635792,85.19
session-1784036780900-38r373,24:EC:4A:C7:F5:3A,custom-11f9db6b38bd,2149,2026-07-14T13:43:55.883000Z,1784036635883,85.17
session-1784036780900-38r373,24:EC:4A:C7:F5:3A,custom-11f9db6b38bd,2150,2026-07-14T13:43:55.972000Z,1784036635972,85.71
session-1784036780900-38r373,24:EC:4A:C7:F5:3A,custom-11f9db6b38bd,2151,2026-07-14T13:43:56.063000Z,1784036636063,86.13
session-1784036780900-38r373,24:EC:4A:C7:F5:3A,custom-11f9db6b38bd,2152,2026-07-14T13:43:56.199000Z,1784036636199,85.68
session-1784036780900-38r373,24:EC:4A:C7:F5:3A,custom-11f9db6b38bd,2153,2026-07-14T13:43:56.333000Z,1784036636333,85.7
session-1784036780900-38r373,24:EC:4A:C7:F5:3A,custom-11f9db6b38bd,2154,2026-07-14T13:43:56.377000Z,1784036636377,85.73
session-1784036780900-38r373,24:EC:4A:C7:F5:3A,custom-11f9db6b38bd,2155,2026-07-14T13:43:56.466000Z,1784036636466,85.77
session-1784036780900-38r373,24:EC:4A:C7:F5:3A,custom-11f9db6b38bd,2156,2026-07-14T13:43:56.558000Z,1784036636558,85.75
session-1784036780900-38r373,24:EC:4A:C7:F5:3A,custom-11f9db6b38bd,2157,2026-07-14T13:43:56.709000Z,1784036636709,86.17
session-1784036780900-38r373,24:EC:4A:C7:F5:3A,custom-11f9db6b38bd,2158,2026-07-14T13:43:56.784000Z,1784036636784,85.73
session-1784036780900-38r373,24:EC:4A:C7:F5:3A,custom-11f9db6b38bd,2159,2026-07-14T13:43:56.872000Z,1784036636872,85.71
session-1784036780900-38r373,24:EC:4A:C7:F5:3A,custom-11f9db6b38bd,2160,2026-07-14T13:43:56.963000Z,1784036636963,86.15
session-1784036780900-38r373,24:EC:4A:C7:F5:3A,custom-11f9db6b38bd,2161,2026-07-14T13:43:57.054000Z,1784036637054,86.12
session-1784036780900-38r373,24:EC:4A:C7:F5:3A,custom-11f9db6b38bd,2162,2026-07-14T13:43:57.205000Z,1784036637205,85.68
session-1784036780900-38r373,24:EC:4A:C7:F5:3A,custom-11f9db6b38bd,2163,2026-07-14T13:43:57.277000Z,1784036637277,85.75
session-1784036780900-38r373,24:EC:4A:C7:F5:3A,custom-11f9db6b38bd,2164,2026-07-14T13:43:57.369000Z,1784036637369,85.71
session-1784036780900-38r373,24:EC:4A:C7:F5:3A,custom-11f9db6b38bd,2165,2026-07-14T13:43:57.458000Z,1784036637458,85.7
session-1784036780900-38r373,24:EC:4A:C7:F5:3A,custom-11f9db6b38bd,2166,2026-07-14T13:43:57.592000Z,1784036637592,85.66
session-1784036780900-38r373,24:EC:4A:C7:F5:3A,custom-11f9db6b38bd,2167,2026-07-14T13:43:57.683000Z,1784036637683,85.68
session-1784036780900-38r373,24:EC:4A:C7:F5:3A,custom-11f9db6b38bd,2168,2026-07-14T13:43:57.774000Z,1784036637774,85.73
session-1784036780900-38r373,24:EC:4A:C7:F5:3A,custom-11f9db6b38bd,2169,2026-07-14T13:43:57.864000Z,1784036637864,85.26
session-1784036780900-38r373,24:EC:4A:C7:F5:3A,custom-11f9db6b38bd,2170,2026-07-14T13:43:57.956000Z,1784036637956,85.7
session-1784036780900-38r373,24:EC:4A:C7:F5:3A,custom-11f9db6b38bd,2171,2026-07-14T13:43:58.105000Z,1784036638105,85.16
session-1784036780900-38r373,24:EC:4A:C7:F5:3A,custom-11f9db6b38bd,2172,2026-07-14T13:43:58.178000Z,1784036638178,85.73
session-1784036780900-38r373,24:EC:4A:C7:F5:3A,custom-11f9db6b38bd,2173,2026-07-14T13:43:58.268000Z,1784036638268,85.71
session-1784036780900-38r373,24:EC:4A:C7:F5:3A,custom-11f9db6b38bd,2174,2026-07-14T13:43:58.359000Z,1784036638359,85.7
session-1784036780900-38r373,24:EC:4A:C7:F5:3A,custom-11f9db6b38bd,2175,2026-07-14T13:43:58.493000Z,1784036638493,85.14
session-1784036780900-38r373,24:EC:4A:C7:F5:3A,custom-11f9db6b38bd,2176,2026-07-14T13:43:58.583000Z,1784036638583,85.7
session-1784036780900-38r373,24:EC:4A:C7:F5:3A,custom-11f9db6b38bd,2177,2026-07-14T13:43:58.673000Z,1784036638673,85.68
session-1784036780900-38r373,24:EC:4A:C7:F5:3A,custom-11f9db6b38bd,2178,2026-07-14T13:43:58.762000Z,1784036638762,85.59
session-1784036780900-38r373,24:EC:4A:C7:F5:3A,custom-11f9db6b38bd,2179,2026-07-14T13:43:58.853000Z,1784036638853,85.61
session-1784036780900-38r373,24:EC:4A:C7:F5:3A,custom-11f9db6b38bd,2180,2026-07-14T13:43:59.004000Z,1784036639004,85.57
session-1784036780900-38r373,24:EC:4A:C7:F5:3A,custom-11f9db6b38bd,2181,2026-07-14T13:43:59.077000Z,1784036639077,85.56
session-1784036780900-38r373,24:EC:4A:C7:F5:3A,custom-11f9db6b38bd,2182,2026-07-14T13:43:59.168000Z,1784036639168,86.01
session-1784036780900-38r373,24:EC:4A:C7:F5:3A,custom-11f9db6b38bd,2183,2026-07-14T13:43:59.303000Z,1784036639303,85.57
session-1784036780900-38r373,24:EC:4A:C7:F5:3A,custom-11f9db6b38bd,2184,2026-07-14T13:43:59.393000Z,1784036639393,85.68
session-1784036780900-38r373,24:EC:4A:C7:F5:3A,custom-11f9db6b38bd,2185,2026-07-14T13:43:59.481000Z,1784036639481,85.26
session-1784036780900-38r373,24:EC:4A:C7:F5:3A,custom-11f9db6b38bd,2186,2026-07-14T13:43:59.573000Z,1784036639573,85.26
session-1784036780900-38r373,24:EC:4A:C7:F5:3A,custom-11f9db6b38bd,2187,2026-07-14T13:43:59.663000Z,1784036639663,85.7
session-1784036780900-38r373,24:EC:4A:C7:F5:3A,custom-11f9db6b38bd,2188,2026-07-14T13:43:59.752000Z,1784036639752,85.75
session-1784036780900-38r373,24:EC:4A:C7:F5:3A,custom-11f9db6b38bd,2189,2026-07-14T13:43:59.905000Z,1784036639905,86.17
session-1784036780900-38r373,24:EC:4A:C7:F5:3A,custom-11f9db6b38bd,2190,2026-07-14T13:44:00.022000Z,1784036640022,85.52
session-1784036780900-38r373,24:EC:4A:C7:F5:3A,custom-11f9db6b38bd,2191,2026-07-14T13:44:00.066000Z,1784036640066,85.26
session-1784036780900-38r373,24:EC:4A:C7:F5:3A,custom-11f9db6b38bd,2192,2026-07-14T13:44:00.156000Z,1784036640156,85.7
session-1784036780900-38r373,24:EC:4A:C7:F5:3A,custom-11f9db6b38bd,2193,2026-07-14T13:44:00.293000Z,1784036640293,85.73
session-1784036780900-38r373,24:EC:4A:C7:F5:3A,custom-11f9db6b38bd,2194,2026-07-14T13:44:00.382000Z,1784036640382,85.77
session-1784036780900-38r373,24:EC:4A:C7:F5:3A,custom-11f9db6b38bd,2195,2026-07-14T13:44:00.472000Z,1784036640472,85.71
session-1784036780900-38r373,24:EC:4A:C7:F5:3A,custom-11f9db6b38bd,2196,2026-07-14T13:44:00.563000Z,1784036640563,85.28
session-1784036780900-38r373,24:EC:4A:C7:F5:3A,custom-11f9db6b38bd,2197,2026-07-14T13:44:00.653000Z,1784036640653,85.26
session-1784036780900-38r373,24:EC:4A:C7:F5:3A,custom-11f9db6b38bd,2198,2026-07-14T13:44:00.804000Z,1784036640804,85.8
session-1784036780900-38r373,24:EC:4A:C7:F5:3A,custom-11f9db6b38bd,2199,2026-07-14T13:44:00.878000Z,1784036640878,86.13
session-1784036780900-38r373,24:EC:4A:C7:F5:3A,custom-11f9db6b38bd,2200,2026-07-14T13:44:00.974000Z,1784036640974,85.7
session-1784036780900-38r373,24:EC:4A:C7:F5:3A,custom-11f9db6b38bd,2201,2026-07-14T13:44:01.058000Z,1784036641058,86.17
session-1784036780900-38r373,24:EC:4A:C7:F5:3A,custom-11f9db6b38bd,2202,2026-07-14T13:44:01.193000Z,1784036641193,86.17
session-1784036780900-38r373,24:EC:4A:C7:F5:3A,custom-11f9db6b38bd,2203,2026-07-14T13:44:01.283000Z,1784036641283,85.71
session-1784036780900-38r373,24:EC:4A:C7:F5:3A,custom-11f9db6b38bd,2204,2026-07-14T13:44:01.419000Z,1784036641419,85.17
session-1784036780900-38r373,24:EC:4A:C7:F5:3A,custom-11f9db6b38bd,2205,2026-07-14T13:44:01.465000Z,1784036641465,85.21
session-1784036780900-38r373,24:EC:4A:C7:F5:3A,custom-11f9db6b38bd,2206,2026-07-14T13:44:01.553000Z,1784036641553,85.57
session-1784036780900-38r373,24:EC:4A:C7:F5:3A,custom-11f9db6b38bd,2207,2026-07-14T13:44:01.704000Z,1784036641704,86.15
session-1784036780900-38r373,24:EC:4A:C7:F5:3A,custom-11f9db6b38bd,2208,2026-07-14T13:44:01.778000Z,1784036641778,85.17
session-1784036780900-38r373,24:EC:4A:C7:F5:3A,custom-11f9db6b38bd,2209,2026-07-14T13:44:01.868000Z,1784036641868,85.68
session-1784036780900-38r373,24:EC:4A:C7:F5:3A,custom-11f9db6b38bd,2210,2026-07-14T13:44:01.957000Z,1784036641957,85.14
session-1784036780900-38r373,24:EC:4A:C7:F5:3A,custom-11f9db6b38bd,2211,2026-07-14T13:44:02.095000Z,1784036642095,85.19
session-1784036780900-38r373,24:EC:4A:C7:F5:3A,custom-11f9db6b38bd,2212,2026-07-14T13:44:02.184000Z,1784036642184,85.19
session-1784036780900-38r373,24:EC:4A:C7:F5:3A,custom-11f9db6b38bd,2213,2026-07-14T13:44:02.273000Z,1784036642273,85.59
session-1784036780900-38r373,24:EC:4A:C7:F5:3A,custom-11f9db6b38bd,2214,2026-07-14T13:44:02.362000Z,1784036642362,85.57
session-1784036780900-38r373,24:EC:4A:C7:F5:3A,custom-11f9db6b38bd,2215,2026-07-14T13:44:02.453000Z,1784036642453,85.57
session-1784036780900-38r373,24:EC:4A:C7:F5:3A,custom-11f9db6b38bd,2216,2026-07-14T13:44:02.604000Z,1784036642604,85.61
session-1784036780900-38r373,24:EC:4A:C7:F5:3A,custom-11f9db6b38bd,2217,2026-07-14T13:44:02.679000Z,1784036642679,85.54
session-1784036780900-38r373,24:EC:4A:C7:F5:3A,custom-11f9db6b38bd,2218,2026-07-14T13:44:02.768000Z,1784036642768,85.59
session-1784036780900-38r373,24:EC:4A:C7:F5:3A,custom-11f9db6b38bd,2219,2026-07-14T13:44:02.859000Z,1784036642859,85.63
session-1784036780900-38r373,24:EC:4A:C7:F5:3A,custom-11f9db6b38bd,2220,2026-07-14T13:44:02.994000Z,1784036642994,85.57
session-1784036780900-38r373,24:EC:4A:C7:F5:3A,custom-11f9db6b38bd,2221,2026-07-14T13:44:03.083000Z,1784036643083,86.52
session-1784036780900-38r373,24:EC:4A:C7:F5:3A,custom-11f9db6b38bd,2222,2026-07-14T13:44:03.173000Z,1784036643173,85.56
session-1784036780900-38r373,24:EC:4A:C7:F5:3A,custom-11f9db6b38bd,2223,2026-07-14T13:44:03.262000Z,1784036643262,85.5
session-1784036780900-38r373,24:EC:4A:C7:F5:3A,custom-11f9db6b38bd,2224,2026-07-14T13:44:03.353000Z,1784036643353,86.05
session-1784036780900-38r373,24:EC:4A:C7:F5:3A,custom-11f9db6b38bd,2225,2026-07-14T13:44:03.503000Z,1784036643503,86.01
session-1784036780900-38r373,24:EC:4A:C7:F5:3A,custom-11f9db6b38bd,2226,2026-07-14T13:44:03.578000Z,1784036643578,85.56
session-1784036780900-38r373,24:EC:4A:C7:F5:3A,custom-11f9db6b38bd,2227,2026-07-14T13:44:03.668000Z,1784036643668,85.73
session-1784036780900-38r373,24:EC:4A:C7:F5:3A,custom-11f9db6b38bd,2228,2026-07-14T13:44:03.759000Z,1784036643759,85.73
session-1784036780900-38r373,24:EC:4A:C7:F5:3A,custom-11f9db6b38bd,2229,2026-07-14T13:44:03.894000Z,1784036643894,85.73
session-1784036780900-38r373,24:EC:4A:C7:F5:3A,custom-11f9db6b38bd,2230,2026-07-14T13:44:03.981000Z,1784036643981,85.73
session-1784036780900-38r373,24:EC:4A:C7:F5:3A,custom-11f9db6b38bd,2231,2026-07-14T13:44:04.073000Z,1784036644073,85.24
session-1784036780900-38r373,24:EC:4A:C7:F5:3A,custom-11f9db6b38bd,2232,2026-07-14T13:44:04.163000Z,1784036644163,85.24
session-1784036780900-38r373,24:EC:4A:C7:F5:3A,custom-11f9db6b38bd,2233,2026-07-14T13:44:04.252000Z,1784036644252,85.7
session-1784036780900-38r373,24:EC:4A:C7:F5:3A,custom-11f9db6b38bd,2234,2026-07-14T13:44:04.402000Z,1784036644402,85.71
session-1784036780900-38r373,24:EC:4A:C7:F5:3A,custom-11f9db6b38bd,2235,2026-07-14T13:44:04.477000Z,1784036644477,85.7
session-1784036780900-38r373,24:EC:4A:C7:F5:3A,custom-11f9db6b38bd,2236,2026-07-14T13:44:04.568000Z,1784036644568,85.28
session-1784036780900-38r373,24:EC:4A:C7:F5:3A,custom-11f9db6b38bd,2237,2026-07-14T13:44:04.657000Z,1784036644657,85.71
session-1784036780900-38r373,24:EC:4A:C7:F5:3A,custom-11f9db6b38bd,2238,2026-07-14T13:44:04.793000Z,1784036644793,85.7
session-1784036780900-38r373,24:EC:4A:C7:F5:3A,custom-11f9db6b38bd,2239,2026-07-14T13:44:04.882000Z,1784036644882,85.68
session-1784036780900-38r373,24:EC:4A:C7:F5:3A,custom-11f9db6b38bd,2240,2026-07-14T13:44:05.018000Z,1784036645018,85.73
session-1784036780900-38r373,24:EC:4A:C7:F5:3A,custom-11f9db6b38bd,2241,2026-07-14T13:44:05.062000Z,1784036645062,85.71
session-1784036780900-38r373,24:EC:4A:C7:F5:3A,custom-11f9db6b38bd,2242,2026-07-14T13:44:05.153000Z,1784036645153,85.71
session-1784036780900-38r373,24:EC:4A:C7:F5:3A,custom-11f9db6b38bd,2243,2026-07-14T13:44:05.303000Z,1784036645303,86.19
session-1784036780900-38r373,24:EC:4A:C7:F5:3A,custom-11f9db6b38bd,2244,2026-07-14T13:44:05.376000Z,1784036645376,85.71
session-1784036780900-38r373,24:EC:4A:C7:F5:3A,custom-11f9db6b38bd,2245,2026-07-14T13:44:05.468000Z,1784036645468,85.7
session-1784036780900-38r373,24:EC:4A:C7:F5:3A,custom-11f9db6b38bd,2246,2026-07-14T13:44:05.559000Z,1784036645559,85.3
session-1784036780900-38r373,24:EC:4A:C7:F5:3A,custom-11f9db6b38bd,2247,2026-07-14T13:44:05.694000Z,1784036645694,85.73
session-1784036780900-38r373,24:EC:4A:C7:F5:3A,custom-11f9db6b38bd,2248,2026-07-14T13:44:05.829000Z,1784036645829,85.7
session-1784036780900-38r373,24:EC:4A:C7:F5:3A,custom-11f9db6b38bd,2249,2026-07-14T13:44:05.872000Z,1784036645872,85.73
session-1784036780900-38r373,24:EC:4A:C7:F5:3A,custom-11f9db6b38bd,2250,2026-07-14T13:44:05.964000Z,1784036645964,85.75
session-1784036780900-38r373,24:EC:4A:C7:F5:3A,custom-11f9db6b38bd,2251,2026-07-14T13:44:06.053000Z,1784036646053,85.73
session-1784036780900-38r373,24:EC:4A:C7:F5:3A,custom-11f9db6b38bd,2252,2026-07-14T13:44:06.203000Z,1784036646203,85.71
session-1784036780900-38r373,24:EC:4A:C7:F5:3A,custom-11f9db6b38bd,2253,2026-07-14T13:44:06.277000Z,1784036646277,85.7
session-1784036780900-38r373,24:EC:4A:C7:F5:3A,custom-11f9db6b38bd,2254,2026-07-14T13:44:06.368000Z,1784036646368,85.75
session-1784036780900-38r373,24:EC:4A:C7:F5:3A,custom-11f9db6b38bd,2255,2026-07-14T13:44:06.458000Z,1784036646458,85.77
session-1784036780900-38r373,24:EC:4A:C7:F5:3A,custom-11f9db6b38bd,2256,2026-07-14T13:44:06.594000Z,1784036646594,85.78
session-1784036780900-38r373,24:EC:4A:C7:F5:3A,custom-11f9db6b38bd,2257,2026-07-14T13:44:06.683000Z,1784036646683,85.82
session-1784036780900-38r373,24:EC:4A:C7:F5:3A,custom-11f9db6b38bd,2258,2026-07-14T13:44:06.774000Z,1784036646774,85.73
session-1784036780900-38r373,24:EC:4A:C7:F5:3A,custom-11f9db6b38bd,2259,2026-07-14T13:44:06.864000Z,1784036646864,85.28
session-1784036780900-38r373,24:EC:4A:C7:F5:3A,custom-11f9db6b38bd,2260,2026-07-14T13:44:06.952000Z,1784036646952,85.28
session-1784036780900-38r373,24:EC:4A:C7:F5:3A,custom-11f9db6b38bd,2261,2026-07-14T13:44:07.103000Z,1784036647103,85.7
session-1784036780900-38r373,24:EC:4A:C7:F5:3A,custom-11f9db6b38bd,2262,2026-07-14T13:44:07.178000Z,1784036647178,85.7
session-1784036780900-38r373,24:EC:4A:C7:F5:3A,custom-11f9db6b38bd,2263,2026-07-14T13:44:07.267000Z,1784036647267,85.68
session-1784036780900-38r373,24:EC:4A:C7:F5:3A,custom-11f9db6b38bd,2264,2026-07-14T13:44:07.358000Z,1784036647358,85.73
session-1784036780900-38r373,24:EC:4A:C7:F5:3A,custom-11f9db6b38bd,2265,2026-07-14T13:44:07.491000Z,1784036647491,85.7
session-1784036780900-38r373,24:EC:4A:C7:F5:3A,custom-11f9db6b38bd,2266,2026-07-14T13:44:07.584000Z,1784036647584,86.05
session-1784036780900-38r373,24:EC:4A:C7:F5:3A,custom-11f9db6b38bd,2267,2026-07-14T13:44:07.672000Z,1784036647672,85.75
session-1784036780900-38r373,24:EC:4A:C7:F5:3A,custom-11f9db6b38bd,2268,2026-07-14T13:44:07.762000Z,1784036647762,85.73
session-1784036780900-38r373,24:EC:4A:C7:F5:3A,custom-11f9db6b38bd,2269,2026-07-14T13:44:07.853000Z,1784036647853,85.7
session-1784036780900-38r373,24:EC:4A:C7:F5:3A,custom-11f9db6b38bd,2270,2026-07-14T13:44:08.004000Z,1784036648004,85.28
session-1784036780900-38r373,24:EC:4A:C7:F5:3A,custom-11f9db6b38bd,2271,2026-07-14T13:44:08.076000Z,1784036648076,85.35
session-1784036780900-38r373,24:EC:4A:C7:F5:3A,custom-11f9db6b38bd,2272,2026-07-14T13:44:08.168000Z,1784036648168,86.19
session-1784036780900-38r373,24:EC:4A:C7:F5:3A,custom-11f9db6b38bd,2273,2026-07-14T13:44:08.257000Z,1784036648257,85.82
session-1784036780900-38r373,24:EC:4A:C7:F5:3A,custom-11f9db6b38bd,2274,2026-07-14T13:44:08.393000Z,1784036648393,85.85
session-1784036780900-38r373,24:EC:4A:C7:F5:3A,custom-11f9db6b38bd,2275,2026-07-14T13:44:08.481000Z,1784036648481,86.38
session-1784036780900-38r373,24:EC:4A:C7:F5:3A,custom-11f9db6b38bd,2276,2026-07-14T13:44:08.573000Z,1784036648573,86.22
session-1784036780900-38r373,24:EC:4A:C7:F5:3A,custom-11f9db6b38bd,2277,2026-07-14T13:44:08.663000Z,1784036648663,85.75
session-1784036780900-38r373,24:EC:4A:C7:F5:3A,custom-11f9db6b38bd,2278,2026-07-14T13:44:08.753000Z,1784036648753,85.78
session-1784036780900-38r373,24:EC:4A:C7:F5:3A,custom-11f9db6b38bd,2279,2026-07-14T13:44:08.905000Z,1784036648905,85.24
session-1784036780900-38r373,24:EC:4A:C7:F5:3A,custom-11f9db6b38bd,2280,2026-07-14T13:44:08.978000Z,1784036648978,85.68
session-1784036780900-38r373,24:EC:4A:C7:F5:3A,custom-11f9db6b38bd,2281,2026-07-14T13:44:09.068000Z,1784036649068,85.7
session-1784036780900-38r373,24:EC:4A:C7:F5:3A,custom-11f9db6b38bd,2282,2026-07-14T13:44:09.202000Z,1784036649202,85.68
session-1784036780900-38r373,24:EC:4A:C7:F5:3A,custom-11f9db6b38bd,2283,2026-07-14T13:44:09.292000Z,1784036649292,85.73
session-1784036780900-38r373,24:EC:4A:C7:F5:3A,custom-11f9db6b38bd,2284,2026-07-14T13:44:09.383000Z,1784036649383,86.66
session-1784036780900-38r373,24:EC:4A:C7:F5:3A,custom-11f9db6b38bd,2285,2026-07-14T13:44:09.472000Z,1784036649472,85.71
session-1784036780900-38r373,24:EC:4A:C7:F5:3A,custom-11f9db6b38bd,2286,2026-07-14T13:44:09.608000Z,1784036649608,85.7
session-1784036780900-38r373,24:EC:4A:C7:F5:3A,custom-11f9db6b38bd,2287,2026-07-14T13:44:09.653000Z,1784036649653,85.31
session-1784036780900-38r373,24:EC:4A:C7:F5:3A,custom-11f9db6b38bd,2288,2026-07-14T13:44:09.804000Z,1784036649804,85.35
session-1784036780900-38r373,24:EC:4A:C7:F5:3A,custom-11f9db6b38bd,2289,2026-07-14T13:44:09.877000Z,1784036649877,85.77
session-1784036780900-38r373,24:EC:4A:C7:F5:3A,custom-11f9db6b38bd,2290,2026-07-14T13:44:09.968000Z,1784036649968,86.2
session-1784036780900-38r373,24:EC:4A:C7:F5:3A,custom-11f9db6b38bd,2291,2026-07-14T13:44:10.057000Z,1784036650057,86.15
session-1784036780900-38r373,24:EC:4A:C7:F5:3A,custom-11f9db6b38bd,2292,2026-07-14T13:44:10.192000Z,1784036650192,85.71
session-1784036780900-38r373,24:EC:4A:C7:F5:3A,custom-11f9db6b38bd,2293,2026-07-14T13:44:10.283000Z,1784036650283,85.85
session-1784036780900-38r373,24:EC:4A:C7:F5:3A,custom-11f9db6b38bd,2294,2026-07-14T13:44:10.374000Z,1784036650374,85.28
session-1784036780900-38r373,24:EC:4A:C7:F5:3A,custom-11f9db6b38bd,2295,2026-07-14T13:44:10.466000Z,1784036650466,85.71
session-1784036780900-38r373,24:EC:4A:C7:F5:3A,custom-11f9db6b38bd,2296,2026-07-14T13:44:10.552000Z,1784036650552,85.71
session-1784036780900-38r373,24:EC:4A:C7:F5:3A,custom-11f9db6b38bd,2297,2026-07-14T13:44:10.704000Z,1784036650704,85.7
session-1784036780900-38r373,24:EC:4A:C7:F5:3A,custom-11f9db6b38bd,2298,2026-07-14T13:44:10.777000Z,1784036650777,85.75
session-1784036780900-38r373,24:EC:4A:C7:F5:3A,custom-11f9db6b38bd,2299,2026-07-14T13:44:10.867000Z,1784036650867,85.7
session-1784036780900-38r373,24:EC:4A:C7:F5:3A,custom-11f9db6b38bd,2300,2026-07-14T13:44:10.960000Z,1784036650960,86.12
session-1784036780900-38r373,24:EC:4A:C7:F5:3A,custom-11f9db6b38bd,2301,2026-07-14T13:44:11.093000Z,1784036651093,85.75
session-1784036780900-38r373,24:EC:4A:C7:F5:3A,custom-11f9db6b38bd,2302,2026-07-14T13:44:11.184000Z,1784036651184,85.33
session-1784036780900-38r373,24:EC:4A:C7:F5:3A,custom-11f9db6b38bd,2303,2026-07-14T13:44:11.273000Z,1784036651273,85.33
session-1784036780900-38r373,24:EC:4A:C7:F5:3A,custom-11f9db6b38bd,2304,2026-07-14T13:44:11.363000Z,1784036651363,85.85
session-1784036780900-38r373,24:EC:4A:C7:F5:3A,custom-11f9db6b38bd,2305,2026-07-14T13:44:11.453000Z,1784036651453,85.35
session-1784036780900-38r373,24:EC:4A:C7:F5:3A,custom-11f9db6b38bd,2306,2026-07-14T13:44:11.604000Z,1784036651604,85.4
session-1784036780900-38r373,24:EC:4A:C7:F5:3A,custom-11f9db6b38bd,2307,2026-07-14T13:44:11.681000Z,1784036651681,85.24
session-1784036780900-38r373,24:EC:4A:C7:F5:3A,custom-11f9db6b38bd,2308,2026-07-14T13:44:11.814000Z,1784036651814,85.96
session-1784036780900-38r373,24:EC:4A:C7:F5:3A,custom-11f9db6b38bd,2309,2026-07-14T13:44:11.904000Z,1784036651904,85.42
session-1784036780900-38r373,24:EC:4A:C7:F5:3A,custom-11f9db6b38bd,2310,2026-07-14T13:44:11.993000Z,1784036651993,85.84
session-1784036780900-38r373,24:EC:4A:C7:F5:3A,custom-11f9db6b38bd,2311,2026-07-14T13:44:12.083000Z,1784036652083,85.85
session-1784036780900-38r373,24:EC:4A:C7:F5:3A,custom-11f9db6b38bd,2312,2026-07-14T13:44:12.173000Z,1784036652173,85.85
session-1784036780900-38r373,24:EC:4A:C7:F5:3A,custom-11f9db6b38bd,2313,2026-07-14T13:44:12.263000Z,1784036652263,85.84
session-1784036780900-38r373,24:EC:4A:C7:F5:3A,custom-11f9db6b38bd,2314,2026-07-14T13:44:12.352000Z,1784036652352,85.84
session-1784036780900-38r373,24:EC:4A:C7:F5:3A,custom-11f9db6b38bd,2315,2026-07-14T13:44:12.503000Z,1784036652503,85.42
session-1784036780900-38r373,24:EC:4A:C7:F5:3A,custom-11f9db6b38bd,2316,2026-07-14T13:44:12.577000Z,1784036652577,84.96
session-1784036780900-38r373,24:EC:4A:C7:F5:3A,custom-11f9db6b38bd,2317,2026-07-14T13:44:12.667000Z,1784036652667,85.35
session-1784036780900-38r373,24:EC:4A:C7:F5:3A,custom-11f9db6b38bd,2318,2026-07-14T13:44:12.758000Z,1784036652758,85.37
session-1784036780900-38r373,24:EC:4A:C7:F5:3A,custom-11f9db6b38bd,2319,2026-07-14T13:44:12.893000Z,1784036652893,85.42
session-1784036780900-38r373,24:EC:4A:C7:F5:3A,custom-11f9db6b38bd,2320,2026-07-14T13:44:12.983000Z,1784036652983,85.92
session-1784036780900-38r373,24:EC:4A:C7:F5:3A,custom-11f9db6b38bd,2321,2026-07-14T13:44:13.073000Z,1784036653073,85.82
session-1784036780900-38r373,24:EC:4A:C7:F5:3A,custom-11f9db6b38bd,2322,2026-07-14T13:44:13.164000Z,1784036653164,85.85
session-1784036780900-38r373,24:EC:4A:C7:F5:3A,custom-11f9db6b38bd,2323,2026-07-14T13:44:13.252000Z,1784036653252,85.84
session-1784036780900-38r373,24:EC:4A:C7:F5:3A,custom-11f9db6b38bd,2324,2026-07-14T13:44:13.403000Z,1784036653403,85.77
session-1784036780900-38r373,24:EC:4A:C7:F5:3A,custom-11f9db6b38bd,2325,2026-07-14T13:44:13.478000Z,1784036653478,85.12
session-1784036780900-38r373,24:EC:4A:C7:F5:3A,custom-11f9db6b38bd,2326,2026-07-14T13:44:13.569000Z,1784036653569,85.28
session-1784036780900-38r373,24:EC:4A:C7:F5:3A,custom-11f9db6b38bd,2327,2026-07-14T13:44:13.659000Z,1784036653659,85.24
session-1784036780900-38r373,24:EC:4A:C7:F5:3A,custom-11f9db6b38bd,2328,2026-07-14T13:44:13.793000Z,1784036653793,85.75
session-1784036780900-38r373,24:EC:4A:C7:F5:3A,custom-11f9db6b38bd,2329,2026-07-14T13:44:13.885000Z,1784036653885,85.73
session-1784036780900-38r373,24:EC:4A:C7:F5:3A,custom-11f9db6b38bd,2330,2026-07-14T13:44:13.972000Z,1784036653972,85.75
session-1784036780900-38r373,24:EC:4A:C7:F5:3A,custom-11f9db6b38bd,2331,2026-07-14T13:44:14.064000Z,1784036654064,85.73
session-1784036780900-38r373,24:EC:4A:C7:F5:3A,custom-11f9db6b38bd,2332,2026-07-14T13:44:14.155000Z,1784036654155,85.68
session-1784036780900-38r373,24:EC:4A:C7:F5:3A,custom-11f9db6b38bd,2333,2026-07-14T13:44:14.305000Z,1784036654305,85.68
session-1784036780900-38r373,24:EC:4A:C7:F5:3A,custom-11f9db6b38bd,2334,2026-07-14T13:44:14.376000Z,1784036654376,84.82
session-1784036780900-38r373,24:EC:4A:C7:F5:3A,custom-11f9db6b38bd,2335,2026-07-14T13:44:14.469000Z,1784036654469,85.28
session-1784036780900-38r373,24:EC:4A:C7:F5:3A,custom-11f9db6b38bd,2336,2026-07-14T13:44:14.558000Z,1784036654558,85.71
session-1784036780900-38r373,24:EC:4A:C7:F5:3A,custom-11f9db6b38bd,2337,2026-07-14T13:44:14.695000Z,1784036654695,85.73
session-1784036780900-38r373,24:EC:4A:C7:F5:3A,custom-11f9db6b38bd,2338,2026-07-14T13:44:14.784000Z,1784036654784,85.3
session-1784036780900-38r373,24:EC:4A:C7:F5:3A,custom-11f9db6b38bd,2339,2026-07-14T13:44:14.873000Z,1784036654873,85.3
session-1784036780900-38r373,24:EC:4A:C7:F5:3A,custom-11f9db6b38bd,2340,2026-07-14T13:44:14.964000Z,1784036654964,85.28
session-1784036780900-38r373,24:EC:4A:C7:F5:3A,custom-11f9db6b38bd,2341,2026-07-14T13:44:15.054000Z,1784036655054,85.28
session-1784036780900-38r373,24:EC:4A:C7:F5:3A,custom-11f9db6b38bd,2342,2026-07-14T13:44:15.206000Z,1784036655206,85.28
session-1784036780900-38r373,24:EC:4A:C7:F5:3A,custom-11f9db6b38bd,2343,2026-07-14T13:44:15.278000Z,1784036655278,85.26
session-1784036780900-38r373,24:EC:4A:C7:F5:3A,custom-11f9db6b38bd,2344,2026-07-14T13:44:15.370000Z,1784036655370,85.26
session-1784036780900-38r373,24:EC:4A:C7:F5:3A,custom-11f9db6b38bd,2345,2026-07-14T13:44:15.463000Z,1784036655463,85.26
session-1784036780900-38r373,24:EC:4A:C7:F5:3A,custom-11f9db6b38bd,2346,2026-07-14T13:44:15.594000Z,1784036655594,85.73
session-1784036780900-38r373,24:EC:4A:C7:F5:3A,custom-11f9db6b38bd,2347,2026-07-14T13:44:15.684000Z,1784036655684,85.71
session-1784036780900-38r373,24:EC:4A:C7:F5:3A,custom-11f9db6b38bd,2348,2026-07-14T13:44:15.774000Z,1784036655774,85.71
session-1784036780900-38r373,24:EC:4A:C7:F5:3A,custom-11f9db6b38bd,2349,2026-07-14T13:44:15.864000Z,1784036655864,85.73
session-1784036780900-38r373,24:EC:4A:C7:F5:3A,custom-11f9db6b38bd,2350,2026-07-14T13:44:15.954000Z,1784036655954,85.28
session-1784036780900-38r373,24:EC:4A:C7:F5:3A,custom-11f9db6b38bd,2351,2026-07-14T13:44:16.105000Z,1784036656105,85.28
session-1784036780900-38r373,24:EC:4A:C7:F5:3A,custom-11f9db6b38bd,2352,2026-07-14T13:44:16.177000Z,1784036656177,85.73
session-1784036780900-38r373,24:EC:4A:C7:F5:3A,custom-11f9db6b38bd,2353,2026-07-14T13:44:16.313000Z,1784036656313,85.71
session-1784036780900-38r373,24:EC:4A:C7:F5:3A,custom-11f9db6b38bd,2354,2026-07-14T13:44:16.358000Z,1784036656358,85.71
session-1784036780900-38r373,24:EC:4A:C7:F5:3A,custom-11f9db6b38bd,2355,2026-07-14T13:44:16.493000Z,1784036656493,85.68
session-1784036780900-38r373,24:EC:4A:C7:F5:3A,custom-11f9db6b38bd,2356,2026-07-14T13:44:16.584000Z,1784036656584,85.73
session-1784036780900-38r373,24:EC:4A:C7:F5:3A,custom-11f9db6b38bd,2357,2026-07-14T13:44:16.673000Z,1784036656673,85.71
session-1784036780900-38r373,24:EC:4A:C7:F5:3A,custom-11f9db6b38bd,2358,2026-07-14T13:44:16.763000Z,1784036656763,85.68
session-1784036780900-38r373,24:EC:4A:C7:F5:3A,custom-11f9db6b38bd,2359,2026-07-14T13:44:16.854000Z,1784036656854,85.73
session-1784036780900-38r373,24:EC:4A:C7:F5:3A,custom-11f9db6b38bd,2360,2026-07-14T13:44:17.004000Z,1784036657004,85.73
session-1784036780900-38r373,24:EC:4A:C7:F5:3A,custom-11f9db6b38bd,2361,2026-07-14T13:44:17.078000Z,1784036657078,85.71
session-1784036780900-38r373,24:EC:4A:C7:F5:3A,custom-11f9db6b38bd,2362,2026-07-14T13:44:17.168000Z,1784036657168,85.7
session-1784036780900-38r373,24:EC:4A:C7:F5:3A,custom-11f9db6b38bd,2363,2026-07-14T13:44:17.303000Z,1784036657303,85.66
session-1784036780900-38r373,24:EC:4A:C7:F5:3A,custom-11f9db6b38bd,2364,2026-07-14T13:44:17.395000Z,1784036657395,85.68
session-1784036780900-38r373,24:EC:4A:C7:F5:3A,custom-11f9db6b38bd,2365,2026-07-14T13:44:17.481000Z,1784036657481,85.28
session-1784036780900-38r373,24:EC:4A:C7:F5:3A,custom-11f9db6b38bd,2366,2026-07-14T13:44:17.573000Z,1784036657573,85.71
session-1784036780900-38r373,24:EC:4A:C7:F5:3A,custom-11f9db6b38bd,2367,2026-07-14T13:44:17.661000Z,1784036657661,85.71
session-1784036780900-38r373,24:EC:4A:C7:F5:3A,custom-11f9db6b38bd,2368,2026-07-14T13:44:17.753000Z,1784036657753,85.26
session-1784036780900-38r373,24:EC:4A:C7:F5:3A,custom-11f9db6b38bd,2369,2026-07-14T13:44:17.904000Z,1784036657904,85.66
session-1784036780900-38r373,24:EC:4A:C7:F5:3A,custom-11f9db6b38bd,2370,2026-07-14T13:44:18.023000Z,1784036658023,85.73
session-1784036780900-38r373,24:EC:4A:C7:F5:3A,custom-11f9db6b38bd,2371,2026-07-14T13:44:18.066000Z,1784036658066,85.73
session-1784036780900-38r373,24:EC:4A:C7:F5:3A,custom-11f9db6b38bd,2372,2026-07-14T13:44:18.158000Z,1784036658158,85.71
session-1784036780900-38r373,24:EC:4A:C7:F5:3A,custom-11f9db6b38bd,2373,2026-07-14T13:44:18.292000Z,1784036658292,85.71
session-1784036780900-38r373,24:EC:4A:C7:F5:3A,custom-11f9db6b38bd,2374,2026-07-14T13:44:18.382000Z,1784036658382,85.8
session-1784036780900-38r373,24:EC:4A:C7:F5:3A,custom-11f9db6b38bd,2375,2026-07-14T13:44:18.472000Z,1784036658472,85.38
session-1784036780900-38r373,24:EC:4A:C7:F5:3A,custom-11f9db6b38bd,2376,2026-07-14T13:44:18.608000Z,1784036658608,85.94
session-1784036780900-38r373,24:EC:4A:C7:F5:3A,custom-11f9db6b38bd,2377,2026-07-14T13:44:18.652000Z,1784036658652,85.37
session-1784036780900-38r373,24:EC:4A:C7:F5:3A,custom-11f9db6b38bd,2378,2026-07-14T13:44:18.804000Z,1784036658804,85.85
session-1784036780900-38r373,24:EC:4A:C7:F5:3A,custom-11f9db6b38bd,2379,2026-07-14T13:44:18.878000Z,1784036658878,85.92
session-1784036780900-38r373,24:EC:4A:C7:F5:3A,custom-11f9db6b38bd,2380,2026-07-14T13:44:18.968000Z,1784036658968,85.78
session-1784036780900-38r373,24:EC:4A:C7:F5:3A,custom-11f9db6b38bd,2381,2026-07-14T13:44:19.056000Z,1784036659056,85.37
session-1784036780900-38r373,24:EC:4A:C7:F5:3A,custom-11f9db6b38bd,2382,2026-07-14T13:44:19.193000Z,1784036659193,85.82
session-1784036780900-38r373,24:EC:4A:C7:F5:3A,custom-11f9db6b38bd,2383,2026-07-14T13:44:19.282000Z,1784036659282,85.8
session-1784036780900-38r373,24:EC:4A:C7:F5:3A,custom-11f9db6b38bd,2384,2026-07-14T13:44:19.373000Z,1784036659373,85.84
session-1784036780900-38r373,24:EC:4A:C7:F5:3A,custom-11f9db6b38bd,2385,2026-07-14T13:44:19.463000Z,1784036659463,85.75
session-1784036780900-38r373,24:EC:4A:C7:F5:3A,custom-11f9db6b38bd,2386,2026-07-14T13:44:19.555000Z,1784036659555,85.26
session-1784036780900-38r373,24:EC:4A:C7:F5:3A,custom-11f9db6b38bd,2387,2026-07-14T13:44:19.706000Z,1784036659706,85.73
session-1784036780900-38r373,24:EC:4A:C7:F5:3A,custom-11f9db6b38bd,2388,2026-07-14T13:44:19.778000Z,1784036659778,85.75
session-1784036780900-38r373,24:EC:4A:C7:F5:3A,custom-11f9db6b38bd,2389,2026-07-14T13:44:19.868000Z,1784036659868,85.7
session-1784036780900-38r373,24:EC:4A:C7:F5:3A,custom-11f9db6b38bd,2390,2026-07-14T13:44:19.958000Z,1784036659958,85.7
session-1784036780900-38r373,24:EC:4A:C7:F5:3A,custom-11f9db6b38bd,2391,2026-07-14T13:44:20.093000Z,1784036660093,85.7
session-1784036780900-38r373,24:EC:4A:C7:F5:3A,custom-11f9db6b38bd,2392,2026-07-14T13:44:20.182000Z,1784036660182,85.68
session-1784036780900-38r373,24:EC:4A:C7:F5:3A,custom-11f9db6b38bd,2393,2026-07-14T13:44:20.273000Z,1784036660273,85.73
session-1784036780900-38r373,24:EC:4A:C7:F5:3A,custom-11f9db6b38bd,2394,2026-07-14T13:44:20.363000Z,1784036660363,85.71
session-1784036780900-38r373,24:EC:4A:C7:F5:3A,custom-11f9db6b38bd,2395,2026-07-14T13:44:20.497000Z,1784036660497,85.68
session-1784036780900-38r373,24:EC:4A:C7:F5:3A,custom-11f9db6b38bd,2396,2026-07-14T13:44:20.589000Z,1784036660589,86.19
session-1784036780900-38r373,24:EC:4A:C7:F5:3A,custom-11f9db6b38bd,2397,2026-07-14T13:44:20.677000Z,1784036660677,85.73
session-1784036780900-38r373,24:EC:4A:C7:F5:3A,custom-11f9db6b38bd,2398,2026-07-14T13:44:20.813000Z,1784036660813,85.78
session-1784036780900-38r373,24:EC:4A:C7:F5:3A,custom-11f9db6b38bd,2399,2026-07-14T13:44:20.858000Z,1784036660858,85.75
session-1784036780900-38r373,24:EC:4A:C7:F5:3A,custom-11f9db6b38bd,2400,2026-07-14T13:44:20.993000Z,1784036660993,85.75
session-1784036780900-38r373,24:EC:4A:C7:F5:3A,custom-11f9db6b38bd,2401,2026-07-14T13:44:21.082000Z,1784036661082,85.28
session-1784036780900-38r373,24:EC:4A:C7:F5:3A,custom-11f9db6b38bd,2402,2026-07-14T13:44:21.172000Z,1784036661172,85.31
session-1784036780900-38r373,24:EC:4A:C7:F5:3A,custom-11f9db6b38bd,2403,2026-07-14T13:44:21.262000Z,1784036661262,85.33
session-1784036780900-38r373,24:EC:4A:C7:F5:3A,custom-11f9db6b38bd,2404,2026-07-14T13:44:21.353000Z,1784036661353,85.28
session-1784036780900-38r373,24:EC:4A:C7:F5:3A,custom-11f9db6b38bd,2405,2026-07-14T13:44:21.504000Z,1784036661504,85.31
session-1784036780900-38r373,24:EC:4A:C7:F5:3A,custom-11f9db6b38bd,2406,2026-07-14T13:44:21.578000Z,1784036661578,85.71
session-1784036780900-38r373,24:EC:4A:C7:F5:3A,custom-11f9db6b38bd,2407,2026-07-14T13:44:21.712000Z,1784036661712,86.46
session-1784036780900-38r373,24:EC:4A:C7:F5:3A,custom-11f9db6b38bd,2408,2026-07-14T13:44:21.756000Z,1784036661756,87.32
session-1784036780900-38r373,24:EC:4A:C7:F5:3A,custom-11f9db6b38bd,2409,2026-07-14T13:44:21.893000Z,1784036661893,86.45
session-1784036780900-38r373,24:EC:4A:C7:F5:3A,custom-11f9db6b38bd,2410,2026-07-14T13:44:21.983000Z,1784036661983,86.08
session-1784036780900-38r373,24:EC:4A:C7:F5:3A,custom-11f9db6b38bd,2411,2026-07-14T13:44:22.072000Z,1784036662072,85.26
session-1784036780900-38r373,24:EC:4A:C7:F5:3A,custom-11f9db6b38bd,2412,2026-07-14T13:44:22.161000Z,1784036662161,85.28
session-1784036780900-38r373,24:EC:4A:C7:F5:3A,custom-11f9db6b38bd,2413,2026-07-14T13:44:22.252000Z,1784036662252,85.26
session-1784036780900-38r373,24:EC:4A:C7:F5:3A,custom-11f9db6b38bd,2414,2026-07-14T13:44:22.404000Z,1784036662404,85.26
session-1784036780900-38r373,24:EC:4A:C7:F5:3A,custom-11f9db6b38bd,2415,2026-07-14T13:44:22.477000Z,1784036662477,85.24
session-1784036780900-38r373,24:EC:4A:C7:F5:3A,custom-11f9db6b38bd,2416,2026-07-14T13:44:22.567000Z,1784036662567,85.66
session-1784036780900-38r373,24:EC:4A:C7:F5:3A,custom-11f9db6b38bd,2417,2026-07-14T13:44:22.658000Z,1784036662658,85.7
session-1784036780900-38r373,24:EC:4A:C7:F5:3A,custom-11f9db6b38bd,2418,2026-07-14T13:44:22.792000Z,1784036662792,85.77
session-1784036780900-38r373,24:EC:4A:C7:F5:3A,custom-11f9db6b38bd,2419,2026-07-14T13:44:22.881000Z,1784036662881,85.75
session-1784036780900-38r373,24:EC:4A:C7:F5:3A,custom-11f9db6b38bd,2420,2026-07-14T13:44:22.973000Z,1784036662973,85.31
session-1784036780900-38r373,24:EC:4A:C7:F5:3A,custom-11f9db6b38bd,2421,2026-07-14T13:44:23.064000Z,1784036663064,85.3
session-1784036780900-38r373,24:EC:4A:C7:F5:3A,custom-11f9db6b38bd,2422,2026-07-14T13:44:23.154000Z,1784036663154,85.71
session-1784036780900-38r373,24:EC:4A:C7:F5:3A,custom-11f9db6b38bd,2423,2026-07-14T13:44:23.304000Z,1784036663304,86.13
session-1784036780900-38r373,24:EC:4A:C7:F5:3A,custom-11f9db6b38bd,2424,2026-07-14T13:44:23.378000Z,1784036663378,85.7
session-1784036780900-38r373,24:EC:4A:C7:F5:3A,custom-11f9db6b38bd,2425,2026-07-14T13:44:23.468000Z,1784036663468,85.26
session-1784036780900-38r373,24:EC:4A:C7:F5:3A,custom-11f9db6b38bd,2426,2026-07-14T13:44:23.558000Z,1784036663558,85.68
session-1784036780900-38r373,24:EC:4A:C7:F5:3A,custom-11f9db6b38bd,2427,2026-07-14T13:44:23.693000Z,1784036663693,85.14
session-1784036780900-38r373,24:EC:4A:C7:F5:3A,custom-11f9db6b38bd,2428,2026-07-14T13:44:23.782000Z,1784036663782,85.7
session-1784036780900-38r373,24:EC:4A:C7:F5:3A,custom-11f9db6b38bd,2429,2026-07-14T13:44:23.873000Z,1784036663873,85.14
session-1784036780900-38r373,24:EC:4A:C7:F5:3A,custom-11f9db6b38bd,2430,2026-07-14T13:44:23.963000Z,1784036663963,85.3
session-1784036780900-38r373,24:EC:4A:C7:F5:3A,custom-11f9db6b38bd,2431,2026-07-14T13:44:24.052000Z,1784036664052,85.3
session-1784036780900-38r373,24:EC:4A:C7:F5:3A,custom-11f9db6b38bd,2432,2026-07-14T13:44:24.203000Z,1784036664203,85.75
session-1784036780900-38r373,24:EC:4A:C7:F5:3A,custom-11f9db6b38bd,2433,2026-07-14T13:44:24.278000Z,1784036664278,85.71
session-1784036780900-38r373,24:EC:4A:C7:F5:3A,custom-11f9db6b38bd,2434,2026-07-14T13:44:24.412000Z,1784036664412,85.59
session-1784036780900-38r373,24:EC:4A:C7:F5:3A,custom-11f9db6b38bd,2435,2026-07-14T13:44:24.457000Z,1784036664457,85.7
session-1784036780900-38r373,24:EC:4A:C7:F5:3A,custom-11f9db6b38bd,2436,2026-07-14T13:44:24.592000Z,1784036664592,85.68
session-1784036780900-38r373,24:EC:4A:C7:F5:3A,custom-11f9db6b38bd,2437,2026-07-14T13:44:24.682000Z,1784036664682,85.75
session-1784036780900-38r373,24:EC:4A:C7:F5:3A,custom-11f9db6b38bd,2438,2026-07-14T13:44:24.772000Z,1784036664772,85.19
session-1784036780900-38r373,24:EC:4A:C7:F5:3A,custom-11f9db6b38bd,2439,2026-07-14T13:44:24.863000Z,1784036664863,85.26
session-1784036780900-38r373,24:EC:4A:C7:F5:3A,custom-11f9db6b38bd,2440,2026-07-14T13:44:24.952000Z,1784036664952,85.28
session-1784036780900-38r373,24:EC:4A:C7:F5:3A,custom-11f9db6b38bd,2441,2026-07-14T13:44:25.103000Z,1784036665103,85.71
session-1784036780900-38r373,24:EC:4A:C7:F5:3A,custom-11f9db6b38bd,2442,2026-07-14T13:44:25.176000Z,1784036665176,85.68
session-1784036780900-38r373,24:EC:4A:C7:F5:3A,custom-11f9db6b38bd,2443,2026-07-14T13:44:25.267000Z,1784036665267,85.24
session-1784036780900-38r373,24:EC:4A:C7:F5:3A,custom-11f9db6b38bd,2444,2026-07-14T13:44:25.357000Z,1784036665357,85.24
session-1784036780900-38r373,24:EC:4A:C7:F5:3A,custom-11f9db6b38bd,2445,2026-07-14T13:44:25.492000Z,1784036665492,85.14
session-1784036780900-38r373,24:EC:4A:C7:F5:3A,custom-11f9db6b38bd,2446,2026-07-14T13:44:25.583000Z,1784036665583,85.17
session-1784036780900-38r373,24:EC:4A:C7:F5:3A,custom-11f9db6b38bd,2447,2026-07-14T13:44:25.672000Z,1784036665672,85.71
session-1784036780900-38r373,24:EC:4A:C7:F5:3A,custom-11f9db6b38bd,2448,2026-07-14T13:44:25.762000Z,1784036665762,85.68
session-1784036780900-38r373,24:EC:4A:C7:F5:3A,custom-11f9db6b38bd,2449,2026-07-14T13:44:25.897000Z,1784036665897,85.59
session-1784036780900-38r373,24:EC:4A:C7:F5:3A,custom-11f9db6b38bd,2450,2026-07-14T13:44:25.987000Z,1784036665987,85.71
session-1784036780900-38r373,24:EC:4A:C7:F5:3A,custom-11f9db6b38bd,2451,2026-07-14T13:44:26.078000Z,1784036666078,85.66
session-1784036780900-38r373,24:EC:4A:C7:F5:3A,custom-11f9db6b38bd,2452,2026-07-14T13:44:26.167000Z,1784036666167,85.73
session-1784036780900-38r373,24:EC:4A:C7:F5:3A,custom-11f9db6b38bd,2453,2026-07-14T13:44:26.256000Z,1784036666256,85.7
session-1784036780900-38r373,24:EC:4A:C7:F5:3A,custom-11f9db6b38bd,2454,2026-07-14T13:44:26.393000Z,1784036666393,85.57
session-1784036780900-38r373,24:EC:4A:C7:F5:3A,custom-11f9db6b38bd,2455,2026-07-14T13:44:26.482000Z,1784036666482,86.05
session-1784036780900-38r373,24:EC:4A:C7:F5:3A,custom-11f9db6b38bd,2456,2026-07-14T13:44:26.571000Z,1784036666571,86.03
session-1784036780900-38r373,24:EC:4A:C7:F5:3A,custom-11f9db6b38bd,2457,2026-07-14T13:44:26.662000Z,1784036666662,85.56
session-1784036780900-38r373,24:EC:4A:C7:F5:3A,custom-11f9db6b38bd,2458,2026-07-14T13:44:26.752000Z,1784036666752,85.59
session-1784036780900-38r373,24:EC:4A:C7:F5:3A,custom-11f9db6b38bd,2459,2026-07-14T13:44:26.903000Z,1784036666903,85.59
session-1784036780900-38r373,24:EC:4A:C7:F5:3A,custom-11f9db6b38bd,2460,2026-07-14T13:44:26.977000Z,1784036666977,85.73
session-1784036780900-38r373,24:EC:4A:C7:F5:3A,custom-11f9db6b38bd,2461,2026-07-14T13:44:27.067000Z,1784036667067,85.19
session-1784036780900-38r373,24:EC:4A:C7:F5:3A,custom-11f9db6b38bd,2462,2026-07-14T13:44:27.158000Z,1784036667158,85.71
session-1784036780900-38r373,24:EC:4A:C7:F5:3A,custom-11f9db6b38bd,2463,2026-07-14T13:44:27.292000Z,1784036667292,85.7
session-1784036780900-38r373,24:EC:4A:C7:F5:3A,custom-11f9db6b38bd,2464,2026-07-14T13:44:27.383000Z,1784036667383,85.7
session-1784036780900-38r373,24:EC:4A:C7:F5:3A,custom-11f9db6b38bd,2465,2026-07-14T13:44:27.473000Z,1784036667473,85.68
session-1784036780900-38r373,24:EC:4A:C7:F5:3A,custom-11f9db6b38bd,2466,2026-07-14T13:44:27.564000Z,1784036667564,85.59
session-1784036780900-38r373,24:EC:4A:C7:F5:3A,custom-11f9db6b38bd,2467,2026-07-14T13:44:27.653000Z,1784036667653,85.57
session-1784036780900-38r373,24:EC:4A:C7:F5:3A,custom-11f9db6b38bd,2468,2026-07-14T13:44:27.804000Z,1784036667804,85.71
session-1784036780900-38r373,24:EC:4A:C7:F5:3A,custom-11f9db6b38bd,2469,2026-07-14T13:44:27.877000Z,1784036667877,85.7
session-1784036780900-38r373,24:EC:4A:C7:F5:3A,custom-11f9db6b38bd,2470,2026-07-14T13:44:27.967000Z,1784036667967,85.66
session-1784036780900-38r373,24:EC:4A:C7:F5:3A,custom-11f9db6b38bd,2471,2026-07-14T13:44:28.057000Z,1784036668057,85.7
session-1784036780900-38r373,24:EC:4A:C7:F5:3A,custom-11f9db6b38bd,2472,2026-07-14T13:44:28.192000Z,1784036668192,85.68
session-1784036780900-38r373,24:EC:4A:C7:F5:3A,custom-11f9db6b38bd,2473,2026-07-14T13:44:28.283000Z,1784036668283,85.7
session-1784036780900-38r373,24:EC:4A:C7:F5:3A,custom-11f9db6b38bd,2474,2026-07-14T13:44:28.372000Z,1784036668372,85.75
session-1784036780900-38r373,24:EC:4A:C7:F5:3A,custom-11f9db6b38bd,2475,2026-07-14T13:44:28.462000Z,1784036668462,85.63
session-1784036780900-38r373,24:EC:4A:C7:F5:3A,custom-11f9db6b38bd,2476,2026-07-14T13:44:28.553000Z,1784036668553,85.73
session-1784036780900-38r373,24:EC:4A:C7:F5:3A,custom-11f9db6b38bd,2477,2026-07-14T13:44:28.688000Z,1784036668688,85.17
session-1784036780900-38r373,24:EC:4A:C7:F5:3A,custom-11f9db6b38bd,2478,2026-07-14T13:44:28.777000Z,1784036668777,85.19
session-1784036780900-38r373,24:EC:4A:C7:F5:3A,custom-11f9db6b38bd,2479,2026-07-14T13:44:28.867000Z,1784036668867,85.68
session-1784036780900-38r373,24:EC:4A:C7:F5:3A,custom-11f9db6b38bd,2480,2026-07-14T13:44:28.958000Z,1784036668958,85.66
session-1784036780900-38r373,24:EC:4A:C7:F5:3A,custom-11f9db6b38bd,2481,2026-07-14T13:44:29.093000Z,1784036669093,85.64
session-1784036780900-38r373,24:EC:4A:C7:F5:3A,custom-11f9db6b38bd,2482,2026-07-14T13:44:29.181000Z,1784036669181,85.59
session-1784036780900-38r373,24:EC:4A:C7:F5:3A,custom-11f9db6b38bd,2483,2026-07-14T13:44:29.272000Z,1784036669272,85.63
session-1784036780900-38r373,24:EC:4A:C7:F5:3A,custom-11f9db6b38bd,2484,2026-07-14T13:44:29.362000Z,1784036669362,85.71
session-1784036780900-38r373,24:EC:4A:C7:F5:3A,custom-11f9db6b38bd,2485,2026-07-14T13:44:29.452000Z,1784036669452,85.7
session-1784036780900-38r373,24:EC:4A:C7:F5:3A,custom-11f9db6b38bd,2486,2026-07-14T13:44:29.604000Z,1784036669604,85.24
session-1784036780900-38r373,24:EC:4A:C7:F5:3A,custom-11f9db6b38bd,2487,2026-07-14T13:44:29.678000Z,1784036669678,85.24
session-1784036780900-38r373,24:EC:4A:C7:F5:3A,custom-11f9db6b38bd,2488,2026-07-14T13:44:29.767000Z,1784036669767,85.26
session-1784036780900-38r373,24:EC:4A:C7:F5:3A,custom-11f9db6b38bd,2489,2026-07-14T13:44:29.859000Z,1784036669859,85.24
session-1784036780900-38r373,24:EC:4A:C7:F5:3A,custom-11f9db6b38bd,2490,2026-07-14T13:44:29.992000Z,1784036669992,85.16
session-1784036780900-38r373,24:EC:4A:C7:F5:3A,custom-11f9db6b38bd,2491,2026-07-14T13:44:30.084000Z,1784036670084,85.7
session-1784036780900-38r373,24:EC:4A:C7:F5:3A,custom-11f9db6b38bd,2492,2026-07-14T13:44:30.171000Z,1784036670171,85.7
session-1784036780900-38r373,24:EC:4A:C7:F5:3A,custom-11f9db6b38bd,2493,2026-07-14T13:44:30.261000Z,1784036670261,85.68
session-1784036780900-38r373,24:EC:4A:C7:F5:3A,custom-11f9db6b38bd,2494,2026-07-14T13:44:30.351000Z,1784036670351,85.16
session-1784036780900-38r373,24:EC:4A:C7:F5:3A,custom-11f9db6b38bd,2495,2026-07-14T13:44:30.502000Z,1784036670502,85.28
session-1784036780900-38r373,24:EC:4A:C7:F5:3A,custom-11f9db6b38bd,2496,2026-07-14T13:44:30.576000Z,1784036670576,85.28
session-1784036780900-38r373,24:EC:4A:C7:F5:3A,custom-11f9db6b38bd,2497,2026-07-14T13:44:30.667000Z,1784036670667,85.31
session-1784036780900-38r373,24:EC:4A:C7:F5:3A,custom-11f9db6b38bd,2498,2026-07-14T13:44:30.756000Z,1784036670756,85.16
session-1784036780900-38r373,24:EC:4A:C7:F5:3A,custom-11f9db6b38bd,2499,2026-07-14T13:44:30.891000Z,1784036670891,85.63
session-1784036780900-38r373,24:EC:4A:C7:F5:3A,custom-11f9db6b38bd,2500,2026-07-14T13:44:30.981000Z,1784036670981,85.16
session-1784036780900-38r373,24:EC:4A:C7:F5:3A,custom-11f9db6b38bd,2501,2026-07-14T13:44:31.072000Z,1784036671072,85.28
session-1784036780900-38r373,24:EC:4A:C7:F5:3A,custom-11f9db6b38bd,2502,2026-07-14T13:44:31.163000Z,1784036671163,85.3
session-1784036780900-38r373,24:EC:4A:C7:F5:3A,custom-11f9db6b38bd,2503,2026-07-14T13:44:31.253000Z,1784036671253,85.73
session-1784036780900-38r373,24:EC:4A:C7:F5:3A,custom-11f9db6b38bd,2504,2026-07-14T13:44:31.404000Z,1784036671404,85.73
session-1784036780900-38r373,24:EC:4A:C7:F5:3A,custom-11f9db6b38bd,2505,2026-07-14T13:44:31.477000Z,1784036671477,85.68
session-1784036780900-38r373,24:EC:4A:C7:F5:3A,custom-11f9db6b38bd,2506,2026-07-14T13:44:31.567000Z,1784036671567,85.75
session-1784036780900-38r373,24:EC:4A:C7:F5:3A,custom-11f9db6b38bd,2507,2026-07-14T13:44:31.657000Z,1784036671657,85.3
session-1784036780900-38r373,24:EC:4A:C7:F5:3A,custom-11f9db6b38bd,2508,2026-07-14T13:44:31.792000Z,1784036671792,85.3
session-1784036780900-38r373,24:EC:4A:C7:F5:3A,custom-11f9db6b38bd,2509,2026-07-14T13:44:31.884000Z,1784036671884,85.71
session-1784036780900-38r373,24:EC:4A:C7:F5:3A,custom-11f9db6b38bd,2510,2026-07-14T13:44:32.018000Z,1784036672018,86.05
session-1784036780900-38r373,24:EC:4A:C7:F5:3A,custom-11f9db6b38bd,2511,2026-07-14T13:44:32.063000Z,1784036672063,85.59
session-1784036780900-38r373,24:EC:4A:C7:F5:3A,custom-11f9db6b38bd,2512,2026-07-14T13:44:32.153000Z,1784036672153,85.71
session-1784036780900-38r373,24:EC:4A:C7:F5:3A,custom-11f9db6b38bd,2513,2026-07-14T13:44:32.303000Z,1784036672303,85.68
session-1784036780900-38r373,24:EC:4A:C7:F5:3A,custom-11f9db6b38bd,2514,2026-07-14T13:44:32.378000Z,1784036672378,85.14
session-1784036780900-38r373,24:EC:4A:C7:F5:3A,custom-11f9db6b38bd,2515,2026-07-14T13:44:32.466000Z,1784036672466,85.28
session-1784036780900-38r373,24:EC:4A:C7:F5:3A,custom-11f9db6b38bd,2516,2026-07-14T13:44:32.558000Z,1784036672558,85.71
session-1784036780900-38r373,24:EC:4A:C7:F5:3A,custom-11f9db6b38bd,2517,2026-07-14T13:44:32.693000Z,1784036672693,85.7
session-1784036780900-38r373,24:EC:4A:C7:F5:3A,custom-11f9db6b38bd,2518,2026-07-14T13:44:32.782000Z,1784036672782,85.71
session-1784036780900-38r373,24:EC:4A:C7:F5:3A,custom-11f9db6b38bd,2519,2026-07-14T13:44:32.872000Z,1784036672872,85.57
session-1784036780900-38r373,24:EC:4A:C7:F5:3A,custom-11f9db6b38bd,2520,2026-07-14T13:44:32.963000Z,1784036672963,85.61
session-1784036780900-38r373,24:EC:4A:C7:F5:3A,custom-11f9db6b38bd,2521,2026-07-14T13:44:33.054000Z,1784036673054,85.57
session-1784036780900-38r373,24:EC:4A:C7:F5:3A,custom-11f9db6b38bd,2522,2026-07-14T13:44:33.204000Z,1784036673204,85.59
session-1784036780900-38r373,24:EC:4A:C7:F5:3A,custom-11f9db6b38bd,2523,2026-07-14T13:44:33.278000Z,1784036673278,85.59
session-1784036780900-38r373,24:EC:4A:C7:F5:3A,custom-11f9db6b38bd,2524,2026-07-14T13:44:33.368000Z,1784036673368,85.54
session-1784036780900-38r373,24:EC:4A:C7:F5:3A,custom-11f9db6b38bd,2525,2026-07-14T13:44:33.457000Z,1784036673457,85.56
session-1784036780900-38r373,24:EC:4A:C7:F5:3A,custom-11f9db6b38bd,2526,2026-07-14T13:44:33.608000Z,1784036673608,85.57
session-1784036780900-38r373,24:EC:4A:C7:F5:3A,custom-11f9db6b38bd,2527,2026-07-14T13:44:33.682000Z,1784036673682,85.14
session-1784036780900-38r373,24:EC:4A:C7:F5:3A,custom-11f9db6b38bd,2528,2026-07-14T13:44:33.817000Z,1784036673817,85.17
session-1784036780900-38r373,24:EC:4A:C7:F5:3A,custom-11f9db6b38bd,2529,2026-07-14T13:44:33.907000Z,1784036673907,85.63
session-1784036780900-38r373,24:EC:4A:C7:F5:3A,custom-11f9db6b38bd,2530,2026-07-14T13:44:33.951000Z,1784036673951,85.68
session-1784036780900-38r373,24:EC:4A:C7:F5:3A,custom-11f9db6b38bd,2531,2026-07-14T13:44:34.101000Z,1784036674101,85.71
session-1784036780900-38r373,24:EC:4A:C7:F5:3A,custom-11f9db6b38bd,2532,2026-07-14T13:44:34.176000Z,1784036674176,85.7
session-1784036780900-38r373,24:EC:4A:C7:F5:3A,custom-11f9db6b38bd,2533,2026-07-14T13:44:34.266000Z,1784036674266,85.71
session-1784036780900-38r373,24:EC:4A:C7:F5:3A,custom-11f9db6b38bd,2534,2026-07-14T13:44:34.357000Z,1784036674357,85.7
session-1784036780900-38r373,24:EC:4A:C7:F5:3A,custom-11f9db6b38bd,2535,2026-07-14T13:44:34.493000Z,1784036674493,85.68
session-1784036780900-38r373,24:EC:4A:C7:F5:3A,custom-11f9db6b38bd,2536,2026-07-14T13:44:34.628000Z,1784036674628,85.61
session-1784036780900-38r373,24:EC:4A:C7:F5:3A,custom-11f9db6b38bd,2537,2026-07-14T13:44:34.672000Z,1784036674672,85.7
session-1784036780900-38r373,24:EC:4A:C7:F5:3A,custom-11f9db6b38bd,2538,2026-07-14T13:44:34.760000Z,1784036674760,85.68
session-1784036780900-38r373,24:EC:4A:C7:F5:3A,custom-11f9db6b38bd,2539,2026-07-14T13:44:34.853000Z,1784036674853,85.57
session-1784036780900-38r373,24:EC:4A:C7:F5:3A,custom-11f9db6b38bd,2540,2026-07-14T13:44:35.003000Z,1784036675003,85.7
session-1784036780900-38r373,24:EC:4A:C7:F5:3A,custom-11f9db6b38bd,2541,2026-07-14T13:44:35.077000Z,1784036675077,85.68
session-1784036780900-38r373,24:EC:4A:C7:F5:3A,custom-11f9db6b38bd,2542,2026-07-14T13:44:35.167000Z,1784036675167,85.73
session-1784036780900-38r373,24:EC:4A:C7:F5:3A,custom-11f9db6b38bd,2543,2026-07-14T13:44:35.257000Z,1784036675257,85.61
session-1784036780900-38r373,24:EC:4A:C7:F5:3A,custom-11f9db6b38bd,2544,2026-07-14T13:44:35.393000Z,1784036675393,85.68
session-1784036780900-38r373,24:EC:4A:C7:F5:3A,custom-11f9db6b38bd,2545,2026-07-14T13:44:35.479000Z,1784036675479,85.66
session-1784036780900-38r373,24:EC:4A:C7:F5:3A,custom-11f9db6b38bd,2546,2026-07-14T13:44:35.571000Z,1784036675571,85.7
session-1784036780900-38r373,24:EC:4A:C7:F5:3A,custom-11f9db6b38bd,2547,2026-07-14T13:44:35.664000Z,1784036675664,85.68
session-1784036780900-38r373,24:EC:4A:C7:F5:3A,custom-11f9db6b38bd,2548,2026-07-14T13:44:35.753000Z,1784036675753,85.7
session-1784036780900-38r373,24:EC:4A:C7:F5:3A,custom-11f9db6b38bd,2549,2026-07-14T13:44:35.904000Z,1784036675904,85.68
session-1784036780900-38r373,24:EC:4A:C7:F5:3A,custom-11f9db6b38bd,2550,2026-07-14T13:44:35.977000Z,1784036675977,85.14
session-1784036780900-38r373,24:EC:4A:C7:F5:3A,custom-11f9db6b38bd,2551,2026-07-14T13:44:36.068000Z,1784036676068,85.73
session-1784036780900-38r373,24:EC:4A:C7:F5:3A,custom-11f9db6b38bd,2552,2026-07-14T13:44:36.159000Z,1784036676159,85.24
session-1784036780900-38r373,24:EC:4A:C7:F5:3A,custom-11f9db6b38bd,2553,2026-07-14T13:44:36.292000Z,1784036676292,85.26
session-1784036780900-38r373,24:EC:4A:C7:F5:3A,custom-11f9db6b38bd,2554,2026-07-14T13:44:36.383000Z,1784036676383,85.14
session-1784036780900-38r373,24:EC:4A:C7:F5:3A,custom-11f9db6b38bd,2555,2026-07-14T13:44:36.474000Z,1784036676474,85.7
session-1784036780900-38r373,24:EC:4A:C7:F5:3A,custom-11f9db6b38bd,2556,2026-07-14T13:44:36.563000Z,1784036676563,86.01
session-1784036780900-38r373,24:EC:4A:C7:F5:3A,custom-11f9db6b38bd,2557,2026-07-14T13:44:36.653000Z,1784036676653,86.01
session-1784036780900-38r373,24:EC:4A:C7:F5:3A,custom-11f9db6b38bd,2558,2026-07-14T13:44:36.803000Z,1784036676803,85.56
session-1784036780900-38r373,24:EC:4A:C7:F5:3A,custom-11f9db6b38bd,2559,2026-07-14T13:44:36.876000Z,1784036676876,85.57
session-1784036780900-38r373,24:EC:4A:C7:F5:3A,custom-11f9db6b38bd,2560,2026-07-14T13:44:36.968000Z,1784036676968,85.57
session-1784036780900-38r373,24:EC:4A:C7:F5:3A,custom-11f9db6b38bd,2561,2026-07-14T13:44:37.057000Z,1784036677057,85.54
session-1784036780900-38r373,24:EC:4A:C7:F5:3A,custom-11f9db6b38bd,2562,2026-07-14T13:44:37.193000Z,1784036677193,85.63
session-1784036780900-38r373,24:EC:4A:C7:F5:3A,custom-11f9db6b38bd,2563,2026-07-14T13:44:37.282000Z,1784036677282,85.12
session-1784036780900-38r373,24:EC:4A:C7:F5:3A,custom-11f9db6b38bd,2564,2026-07-14T13:44:37.373000Z,1784036677373,85.59
session-1784036780900-38r373,24:EC:4A:C7:F5:3A,custom-11f9db6b38bd,2565,2026-07-14T13:44:37.461000Z,1784036677461,85.59
session-1784036780900-38r373,24:EC:4A:C7:F5:3A,custom-11f9db6b38bd,2566,2026-07-14T13:44:37.552000Z,1784036677552,85.63
session-1784036780900-38r373,24:EC:4A:C7:F5:3A,custom-11f9db6b38bd,2567,2026-07-14T13:44:37.703000Z,1784036677703,85.56
session-1784036780900-38r373,24:EC:4A:C7:F5:3A,custom-11f9db6b38bd,2568,2026-07-14T13:44:37.777000Z,1784036677777,85.64
session-1784036780900-38r373,24:EC:4A:C7:F5:3A,custom-11f9db6b38bd,2569,2026-07-14T13:44:37.868000Z,1784036677868,85.12
session-1784036780900-38r373,24:EC:4A:C7:F5:3A,custom-11f9db6b38bd,2570,2026-07-14T13:44:37.957000Z,1784036677957,85.71
session-1784036780900-38r373,24:EC:4A:C7:F5:3A,custom-11f9db6b38bd,2571,2026-07-14T13:44:38.092000Z,1784036678092,85.7
session-1784036780900-38r373,24:EC:4A:C7:F5:3A,custom-11f9db6b38bd,2572,2026-07-14T13:44:38.182000Z,1784036678182,85.71
session-1784036780900-38r373,24:EC:4A:C7:F5:3A,custom-11f9db6b38bd,2573,2026-07-14T13:44:38.317000Z,1784036678317,85.71
session-1784036780900-38r373,24:EC:4A:C7:F5:3A,custom-11f9db6b38bd,2574,2026-07-14T13:44:38.363000Z,1784036678363,85.7
session-1784036780900-38r373,24:EC:4A:C7:F5:3A,custom-11f9db6b38bd,2575,2026-07-14T13:44:38.451000Z,1784036678451,85.71
session-1784036780900-38r373,24:EC:4A:C7:F5:3A,custom-11f9db6b38bd,2576,2026-07-14T13:44:38.602000Z,1784036678602,86.03
session-1784036780900-38r373,24:EC:4A:C7:F5:3A,custom-11f9db6b38bd,2577,2026-07-14T13:44:38.676000Z,1784036678676,86.05
session-1784036780900-38r373,24:EC:4A:C7:F5:3A,custom-11f9db6b38bd,2578,2026-07-14T13:44:38.767000Z,1784036678767,86.03
session-1784036780900-38r373,24:EC:4A:C7:F5:3A,custom-11f9db6b38bd,2579,2026-07-14T13:44:38.857000Z,1784036678857,85.57
session-1784036780900-38r373,24:EC:4A:C7:F5:3A,custom-11f9db6b38bd,2580,2026-07-14T13:44:38.992000Z,1784036678992,85.63
session-1784036780900-38r373,24:EC:4A:C7:F5:3A,custom-11f9db6b38bd,2581,2026-07-14T13:44:39.082000Z,1784036679082,85.7
session-1784036780900-38r373,24:EC:4A:C7:F5:3A,custom-11f9db6b38bd,2582,2026-07-14T13:44:39.172000Z,1784036679172,85.7
session-1784036780900-38r373,24:EC:4A:C7:F5:3A,custom-11f9db6b38bd,2583,2026-07-14T13:44:39.261000Z,1784036679261,85.3
session-1784036780900-38r373,24:EC:4A:C7:F5:3A,custom-11f9db6b38bd,2584,2026-07-14T13:44:39.352000Z,1784036679352,85.3
session-1784036780900-38r373,24:EC:4A:C7:F5:3A,custom-11f9db6b38bd,2585,2026-07-14T13:44:39.503000Z,1784036679503,85.73
session-1784036780900-38r373,24:EC:4A:C7:F5:3A,custom-11f9db6b38bd,2586,2026-07-14T13:44:39.576000Z,1784036679576,85.7
session-1784036780900-38r373,24:EC:4A:C7:F5:3A,custom-11f9db6b38bd,2587,2026-07-14T13:44:39.668000Z,1784036679668,85.68
session-1784036780900-38r373,24:EC:4A:C7:F5:3A,custom-11f9db6b38bd,2588,2026-07-14T13:44:39.758000Z,1784036679758,85.73
session-1784036780900-38r373,24:EC:4A:C7:F5:3A,custom-11f9db6b38bd,2589,2026-07-14T13:44:39.891000Z,1784036679891,85.73
session-1784036780900-38r373,24:EC:4A:C7:F5:3A,custom-11f9db6b38bd,2590,2026-07-14T13:44:39.981000Z,1784036679981,85.63
session-1784036780900-38r373,24:EC:4A:C7:F5:3A,custom-11f9db6b38bd,2591,2026-07-14T13:44:40.073000Z,1784036680073,85.68
session-1784036780900-38r373,24:EC:4A:C7:F5:3A,custom-11f9db6b38bd,2592,2026-07-14T13:44:40.163000Z,1784036680163,85.68
session-1784036780900-38r373,24:EC:4A:C7:F5:3A,custom-11f9db6b38bd,2593,2026-07-14T13:44:40.253000Z,1784036680253,85.21
session-1784036780900-38r373,24:EC:4A:C7:F5:3A,custom-11f9db6b38bd,2594,2026-07-14T13:44:40.403000Z,1784036680403,85.68
session-1784036780900-38r373,24:EC:4A:C7:F5:3A,custom-11f9db6b38bd,2595,2026-07-14T13:44:40.475000Z,1784036680475,85.68
session-1784036780900-38r373,24:EC:4A:C7:F5:3A,custom-11f9db6b38bd,2596,2026-07-14T13:44:40.567000Z,1784036680567,85.73
session-1784036780900-38r373,24:EC:4A:C7:F5:3A,custom-11f9db6b38bd,2597,2026-07-14T13:44:40.657000Z,1784036680657,85.71
session-1784036780900-38r373,24:EC:4A:C7:F5:3A,custom-11f9db6b38bd,2598,2026-07-14T13:44:40.793000Z,1784036680793,85.12
session-1784036780900-38r373,24:EC:4A:C7:F5:3A,custom-11f9db6b38bd,2599,2026-07-14T13:44:40.882000Z,1784036680882,85.61
session-1784036780900-38r373,24:EC:4A:C7:F5:3A,custom-11f9db6b38bd,2600,2026-07-14T13:44:40.973000Z,1784036680973,85.16
session-1784036780900-38r373,24:EC:4A:C7:F5:3A,custom-11f9db6b38bd,2601,2026-07-14T13:44:41.062000Z,1784036681062,85.63
session-1784036780900-38r373,24:EC:4A:C7:F5:3A,custom-11f9db6b38bd,2602,2026-07-14T13:44:41.153000Z,1784036681153,85.61
session-1784036780900-38r373,24:EC:4A:C7:F5:3A,custom-11f9db6b38bd,2603,2026-07-14T13:44:41.304000Z,1784036681304,85.57
session-1784036780900-38r373,24:EC:4A:C7:F5:3A,custom-11f9db6b38bd,2604,2026-07-14T13:44:41.377000Z,1784036681377,85.59
session-1784036780900-38r373,24:EC:4A:C7:F5:3A,custom-11f9db6b38bd,2605,2026-07-14T13:44:41.467000Z,1784036681467,85.61
session-1784036780900-38r373,24:EC:4A:C7:F5:3A,custom-11f9db6b38bd,2606,2026-07-14T13:44:41.557000Z,1784036681557,85.56
session-1784036780900-38r373,24:EC:4A:C7:F5:3A,custom-11f9db6b38bd,2607,2026-07-14T13:44:41.692000Z,1784036681692,85.59
session-1784036780900-38r373,24:EC:4A:C7:F5:3A,custom-11f9db6b38bd,2608,2026-07-14T13:44:41.782000Z,1784036681782,85.61
session-1784036780900-38r373,24:EC:4A:C7:F5:3A,custom-11f9db6b38bd,2609,2026-07-14T13:44:41.872000Z,1784036681872,85.56
session-1784036780900-38r373,24:EC:4A:C7:F5:3A,custom-11f9db6b38bd,2610,2026-07-14T13:44:42.008000Z,1784036682008,85.09
session-1784036780900-38r373,24:EC:4A:C7:F5:3A,custom-11f9db6b38bd,2611,2026-07-14T13:44:42.051000Z,1784036682051,85.59
session-1784036780900-38r373,24:EC:4A:C7:F5:3A,custom-11f9db6b38bd,2612,2026-07-14T13:44:42.202000Z,1784036682202,85.54
session-1784036780900-38r373,24:EC:4A:C7:F5:3A,custom-11f9db6b38bd,2613,2026-07-14T13:44:42.276000Z,1784036682276,85.57
session-1784036780900-38r373,24:EC:4A:C7:F5:3A,custom-11f9db6b38bd,2614,2026-07-14T13:44:42.412000Z,1784036682412,85.63
session-1784036780900-38r373,24:EC:4A:C7:F5:3A,custom-11f9db6b38bd,2615,2026-07-14T13:44:42.456000Z,1784036682456,86.08
session-1784036780900-38r373,24:EC:4A:C7:F5:3A,custom-11f9db6b38bd,2616,2026-07-14T13:44:42.592000Z,1784036682592,85.56
session-1784036780900-38r373,24:EC:4A:C7:F5:3A,custom-11f9db6b38bd,2617,2026-07-14T13:44:42.727000Z,1784036682727,85.61
session-1784036780900-38r373,24:EC:4A:C7:F5:3A,custom-11f9db6b38bd,2618,2026-07-14T13:44:42.771000Z,1784036682771,85.59
session-1784036780900-38r373,24:EC:4A:C7:F5:3A,custom-11f9db6b38bd,2619,2026-07-14T13:44:42.861000Z,1784036682861,85.61
session-1784036780900-38r373,24:EC:4A:C7:F5:3A,custom-11f9db6b38bd,2620,2026-07-14T13:44:42.951000Z,1784036682951,85.52
session-1784036780900-38r373,24:EC:4A:C7:F5:3A,custom-11f9db6b38bd,2621,2026-07-14T13:44:43.102000Z,1784036683102,85.57
session-1784036780900-38r373,24:EC:4A:C7:F5:3A,custom-11f9db6b38bd,2622,2026-07-14T13:44:43.177000Z,1784036683177,85.52
session-1784036780900-38r373,24:EC:4A:C7:F5:3A,custom-11f9db6b38bd,2623,2026-07-14T13:44:43.267000Z,1784036683267,85.56
session-1784036780900-38r373,24:EC:4A:C7:F5:3A,custom-11f9db6b38bd,2624,2026-07-14T13:44:43.357000Z,1784036683357,85.5
session-1784036780900-38r373,24:EC:4A:C7:F5:3A,custom-11f9db6b38bd,2625,2026-07-14T13:44:43.492000Z,1784036683492,86.03
session-1784036780900-38r373,24:EC:4A:C7:F5:3A,custom-11f9db6b38bd,2626,2026-07-14T13:44:43.582000Z,1784036683582,86.05
session-1784036780900-38r373,24:EC:4A:C7:F5:3A,custom-11f9db6b38bd,2627,2026-07-14T13:44:43.672000Z,1784036683672,85.73
session-1784036780900-38r373,24:EC:4A:C7:F5:3A,custom-11f9db6b38bd,2628,2026-07-14T13:44:43.763000Z,1784036683763,85.28
session-1784036780900-38r373,24:EC:4A:C7:F5:3A,custom-11f9db6b38bd,2629,2026-07-14T13:44:43.853000Z,1784036683853,85.3
session-1784036780900-38r373,24:EC:4A:C7:F5:3A,custom-11f9db6b38bd,2630,2026-07-14T13:44:44.004000Z,1784036684004,85.28
session-1784036780900-38r373,24:EC:4A:C7:F5:3A,custom-11f9db6b38bd,2631,2026-07-14T13:44:44.076000Z,1784036684076,85.3
session-1784036780900-38r373,24:EC:4A:C7:F5:3A,custom-11f9db6b38bd,2632,2026-07-14T13:44:44.168000Z,1784036684168,85.28
session-1784036780900-38r373,24:EC:4A:C7:F5:3A,custom-11f9db6b38bd,2633,2026-07-14T13:44:44.257000Z,1784036684257,85.28
session-1784036780900-38r373,24:EC:4A:C7:F5:3A,custom-11f9db6b38bd,2634,2026-07-14T13:44:44.391000Z,1784036684391,85.73
session-1784036780900-38r373,24:EC:4A:C7:F5:3A,custom-11f9db6b38bd,2635,2026-07-14T13:44:44.480000Z,1784036684480,85.71
session-1784036780900-38r373,24:EC:4A:C7:F5:3A,custom-11f9db6b38bd,2636,2026-07-14T13:44:44.570000Z,1784036684570,85.14
session-1784036780900-38r373,24:EC:4A:C7:F5:3A,custom-11f9db6b38bd,2637,2026-07-14T13:44:44.664000Z,1784036684664,85.73
session-1784036780900-38r373,24:EC:4A:C7:F5:3A,custom-11f9db6b38bd,2638,2026-07-14T13:44:44.754000Z,1784036684754,85.16
session-1784036780900-38r373,24:EC:4A:C7:F5:3A,custom-11f9db6b38bd,2639,2026-07-14T13:44:44.905000Z,1784036684905,85.17
session-1784036780900-38r373,24:EC:4A:C7:F5:3A,custom-11f9db6b38bd,2640,2026-07-14T13:44:44.979000Z,1784036684979,85.64
session-1784036780900-38r373,24:EC:4A:C7:F5:3A,custom-11f9db6b38bd,2641,2026-07-14T13:44:45.068000Z,1784036685068,85.56
session-1784036780900-38r373,24:EC:4A:C7:F5:3A,custom-11f9db6b38bd,2642,2026-07-14T13:44:45.159000Z,1784036685159,85.59
session-1784036780900-38r373,24:EC:4A:C7:F5:3A,custom-11f9db6b38bd,2643,2026-07-14T13:44:45.294000Z,1784036685294,85.61
session-1784036780900-38r373,24:EC:4A:C7:F5:3A,custom-11f9db6b38bd,2644,2026-07-14T13:44:45.384000Z,1784036685384,85.56
session-1784036780900-38r373,24:EC:4A:C7:F5:3A,custom-11f9db6b38bd,2645,2026-07-14T13:44:45.471000Z,1784036685471,85.61
session-1784036780900-38r373,24:EC:4A:C7:F5:3A,custom-11f9db6b38bd,2646,2026-07-14T13:44:45.609000Z,1784036685609,85.63
session-1784036780900-38r373,24:EC:4A:C7:F5:3A,custom-11f9db6b38bd,2647,2026-07-14T13:44:45.654000Z,1784036685654,85.71
session-1784036780900-38r373,24:EC:4A:C7:F5:3A,custom-11f9db6b38bd,2648,2026-07-14T13:44:45.805000Z,1784036685805,85.16
session-1784036780900-38r373,24:EC:4A:C7:F5:3A,custom-11f9db6b38bd,2649,2026-07-14T13:44:45.875000Z,1784036685875,85.71
session-1784036780900-38r373,24:EC:4A:C7:F5:3A,custom-11f9db6b38bd,2650,2026-07-14T13:44:45.969000Z,1784036685969,85.7
session-1784036780900-38r373,24:EC:4A:C7:F5:3A,custom-11f9db6b38bd,2651,2026-07-14T13:44:46.058000Z,1784036686058,85.28
session-1784036780900-38r373,24:EC:4A:C7:F5:3A,custom-11f9db6b38bd,2652,2026-07-14T13:44:46.190000Z,1784036686190,85.71
session-1784036780900-38r373,24:EC:4A:C7:F5:3A,custom-11f9db6b38bd,2653,2026-07-14T13:44:46.282000Z,1784036686282,85.26
session-1784036780900-38r373,24:EC:4A:C7:F5:3A,custom-11f9db6b38bd,2654,2026-07-14T13:44:46.373000Z,1784036686373,85.24
session-1784036780900-38r373,24:EC:4A:C7:F5:3A,custom-11f9db6b38bd,2655,2026-07-14T13:44:46.467000Z,1784036686467,85.26
session-1784036780900-38r373,24:EC:4A:C7:F5:3A,custom-11f9db6b38bd,2656,2026-07-14T13:44:46.553000Z,1784036686553,85.24
session-1784036780900-38r373,24:EC:4A:C7:F5:3A,custom-11f9db6b38bd,2657,2026-07-14T13:44:46.704000Z,1784036686704,85.26
session-1784036780900-38r373,24:EC:4A:C7:F5:3A,custom-11f9db6b38bd,2658,2026-07-14T13:44:46.822000Z,1784036686822,85.68
session-1784036780900-38r373,24:EC:4A:C7:F5:3A,custom-11f9db6b38bd,2659,2026-07-14T13:44:46.868000Z,1784036686868,85.75
session-1784036780900-38r373,24:EC:4A:C7:F5:3A,custom-11f9db6b38bd,2660,2026-07-14T13:44:46.959000Z,1784036686959,85.19
session-1784036780900-38r373,24:EC:4A:C7:F5:3A,custom-11f9db6b38bd,2661,2026-07-14T13:44:47.092000Z,1784036687092,85.24
session-1784036780900-38r373,24:EC:4A:C7:F5:3A,custom-11f9db6b38bd,2662,2026-07-14T13:44:47.182000Z,1784036687182,85.26
session-1784036780900-38r373,24:EC:4A:C7:F5:3A,custom-11f9db6b38bd,2663,2026-07-14T13:44:47.272000Z,1784036687272,85.26
session-1784036780900-38r373,24:EC:4A:C7:F5:3A,custom-11f9db6b38bd,2664,2026-07-14T13:44:47.363000Z,1784036687363,85.68
session-1784036780900-38r373,24:EC:4A:C7:F5:3A,custom-11f9db6b38bd,2665,2026-07-14T13:44:47.451000Z,1784036687451,85.7
session-1784036780900-38r373,24:EC:4A:C7:F5:3A,custom-11f9db6b38bd,2666,2026-07-14T13:44:47.603000Z,1784036687603,85.68
session-1784036780900-38r373,24:EC:4A:C7:F5:3A,custom-11f9db6b38bd,2667,2026-07-14T13:44:47.676000Z,1784036687676,86.22
session-1784036780900-38r373,24:EC:4A:C7:F5:3A,custom-11f9db6b38bd,2668,2026-07-14T13:44:47.767000Z,1784036687767,85.78
session-1784036780900-38r373,24:EC:4A:C7:F5:3A,custom-11f9db6b38bd,2669,2026-07-14T13:44:47.857000Z,1784036687857,85.8
session-1784036780900-38r373,24:EC:4A:C7:F5:3A,custom-11f9db6b38bd,2670,2026-07-14T13:44:48.009000Z,1784036688009,85.7
session-1784036780900-38r373,24:EC:4A:C7:F5:3A,custom-11f9db6b38bd,2671,2026-07-14T13:44:48.082000Z,1784036688082,85.68
session-1784036780900-38r373,24:EC:4A:C7:F5:3A,custom-11f9db6b38bd,2672,2026-07-14T13:44:48.172000Z,1784036688172,85.75
session-1784036780900-38r373,24:EC:4A:C7:F5:3A,custom-11f9db6b38bd,2673,2026-07-14T13:44:48.322000Z,1784036688322,85.73
session-1784036780900-38r373,24:EC:4A:C7:F5:3A,custom-11f9db6b38bd,2674,2026-07-14T13:44:48.351000Z,1784036688351,85.7
session-1784036780900-38r373,24:EC:4A:C7:F5:3A,custom-11f9db6b38bd,2675,2026-07-14T13:44:48.503000Z,1784036688503,85.59
session-1784036780900-38r373,24:EC:4A:C7:F5:3A,custom-11f9db6b38bd,2676,2026-07-14T13:44:48.578000Z,1784036688578,86.15
session-1784036780900-38r373,24:EC:4A:C7:F5:3A,custom-11f9db6b38bd,2677,2026-07-14T13:44:48.668000Z,1784036688668,85.61
session-1784036780900-38r373,24:EC:4A:C7:F5:3A,custom-11f9db6b38bd,2678,2026-07-14T13:44:48.757000Z,1784036688757,85.64
session-1784036780900-38r373,24:EC:4A:C7:F5:3A,custom-11f9db6b38bd,2679,2026-07-14T13:44:48.892000Z,1784036688892,85.68
session-1784036780900-38r373,24:EC:4A:C7:F5:3A,custom-11f9db6b38bd,2680,2026-07-14T13:44:48.984000Z,1784036688984,85.12
session-1784036780900-38r373,24:EC:4A:C7:F5:3A,custom-11f9db6b38bd,2681,2026-07-14T13:44:49.073000Z,1784036689073,85.71
session-1784036780900-38r373,24:EC:4A:C7:F5:3A,custom-11f9db6b38bd,2682,2026-07-14T13:44:49.161000Z,1784036689161,85.14
session-1784036780900-38r373,24:EC:4A:C7:F5:3A,custom-11f9db6b38bd,2683,2026-07-14T13:44:49.252000Z,1784036689252,85.19
session-1784036780900-38r373,24:EC:4A:C7:F5:3A,custom-11f9db6b38bd,2684,2026-07-14T13:44:49.403000Z,1784036689403,85.71
session-1784036780900-38r373,24:EC:4A:C7:F5:3A,custom-11f9db6b38bd,2685,2026-07-14T13:44:49.480000Z,1784036689480,85.28
session-1784036780900-38r373,24:EC:4A:C7:F5:3A,custom-11f9db6b38bd,2686,2026-07-14T13:44:49.566000Z,1784036689566,85.31
session-1784036780900-38r373,24:EC:4A:C7:F5:3A,custom-11f9db6b38bd,2687,2026-07-14T13:44:49.658000Z,1784036689658,85.31
session-1784036780900-38r373,24:EC:4A:C7:F5:3A,custom-11f9db6b38bd,2688,2026-07-14T13:44:49.809000Z,1784036689809,85.37
session-1784036780900-38r373,24:EC:4A:C7:F5:3A,custom-11f9db6b38bd,2689,2026-07-14T13:44:49.882000Z,1784036689882,86.22
session-1784036780900-38r373,24:EC:4A:C7:F5:3A,custom-11f9db6b38bd,2690,2026-07-14T13:44:49.972000Z,1784036689972,85.73
session-1784036780900-38r373,24:EC:4A:C7:F5:3A,custom-11f9db6b38bd,2691,2026-07-14T13:44:50.108000Z,1784036690108,85.3
session-1784036780900-38r373,24:EC:4A:C7:F5:3A,custom-11f9db6b38bd,2692,2026-07-14T13:44:50.152000Z,1784036690152,85.78
session-1784036780900-38r373,24:EC:4A:C7:F5:3A,custom-11f9db6b38bd,2693,2026-07-14T13:44:50.303000Z,1784036690303,85.28
session-1784036780900-38r373,24:EC:4A:C7:F5:3A,custom-11f9db6b38bd,2694,2026-07-14T13:44:50.378000Z,1784036690378,85.75
session-1784036780900-38r373,24:EC:4A:C7:F5:3A,custom-11f9db6b38bd,2695,2026-07-14T13:44:50.466000Z,1784036690466,85.71
session-1784036780900-38r373,24:EC:4A:C7:F5:3A,custom-11f9db6b38bd,2696,2026-07-14T13:44:50.557000Z,1784036690557,85.75
session-1784036780900-38r373,24:EC:4A:C7:F5:3A,custom-11f9db6b38bd,2697,2026-07-14T13:44:50.693000Z,1784036690693,85.71
session-1784036780900-38r373,24:EC:4A:C7:F5:3A,custom-11f9db6b38bd,2698,2026-07-14T13:44:50.782000Z,1784036690782,85.7
session-1784036780900-38r373,24:EC:4A:C7:F5:3A,custom-11f9db6b38bd,2699,2026-07-14T13:44:50.872000Z,1784036690872,85.68
session-1784036780900-38r373,24:EC:4A:C7:F5:3A,custom-11f9db6b38bd,2700,2026-07-14T13:44:50.962000Z,1784036690962,85.73
session-1784036780900-38r373,24:EC:4A:C7:F5:3A,custom-11f9db6b38bd,2701,2026-07-14T13:44:51.052000Z,1784036691052,85.71
session-1784036780900-38r373,24:EC:4A:C7:F5:3A,custom-11f9db6b38bd,2702,2026-07-14T13:44:51.203000Z,1784036691203,85.7
session-1784036780900-38r373,24:EC:4A:C7:F5:3A,custom-11f9db6b38bd,2703,2026-07-14T13:44:51.277000Z,1784036691277,86.12
session-1784036780900-38r373,24:EC:4A:C7:F5:3A,custom-11f9db6b38bd,2704,2026-07-14T13:44:51.412000Z,1784036691412,85.73
session-1784036780900-38r373,24:EC:4A:C7:F5:3A,custom-11f9db6b38bd,2705,2026-07-14T13:44:51.461000Z,1784036691461,85.63
session-1784036780900-38r373,24:EC:4A:C7:F5:3A,custom-11f9db6b38bd,2706,2026-07-14T13:44:51.593000Z,1784036691593,85.73
session-1784036780900-38r373,24:EC:4A:C7:F5:3A,custom-11f9db6b38bd,2707,2026-07-14T13:44:51.727000Z,1784036691727,85.75
session-1784036780900-38r373,24:EC:4A:C7:F5:3A,custom-11f9db6b38bd,2708,2026-07-14T13:44:51.772000Z,1784036691772,85.35
session-1784036780900-38r373,24:EC:4A:C7:F5:3A,custom-11f9db6b38bd,2709,2026-07-14T13:44:51.861000Z,1784036691861,85.78
session-1784036780900-38r373,24:EC:4A:C7:F5:3A,custom-11f9db6b38bd,2710,2026-07-14T13:44:51.952000Z,1784036691952,85.94
session-1784036780900-38r373,24:EC:4A:C7:F5:3A,custom-11f9db6b38bd,2711,2026-07-14T13:44:52.103000Z,1784036692103,85.38
session-1784036780900-38r373,24:EC:4A:C7:F5:3A,custom-11f9db6b38bd,2712,2026-07-14T13:44:52.175000Z,1784036692175,85.4
session-1784036780900-38r373,24:EC:4A:C7:F5:3A,custom-11f9db6b38bd,2713,2026-07-14T13:44:52.265000Z,1784036692265,85.54
session-1784036780900-38r373,24:EC:4A:C7:F5:3A,custom-11f9db6b38bd,2714,2026-07-14T13:44:52.357000Z,1784036692357,85.91
session-1784036780900-38r373,24:EC:4A:C7:F5:3A,custom-11f9db6b38bd,2715,2026-07-14T13:44:52.490000Z,1784036692490,85.91
session-1784036780900-38r373,24:EC:4A:C7:F5:3A,custom-11f9db6b38bd,2716,2026-07-14T13:44:52.582000Z,1784036692582,85.42
session-1784036780900-38r373,24:EC:4A:C7:F5:3A,custom-11f9db6b38bd,2717,2026-07-14T13:44:52.672000Z,1784036692672,85.96
session-1784036780900-38r373,24:EC:4A:C7:F5:3A,custom-11f9db6b38bd,2718,2026-07-14T13:44:52.763000Z,1784036692763,85.92
session-1784036780900-38r373,24:EC:4A:C7:F5:3A,custom-11f9db6b38bd,2719,2026-07-14T13:44:52.850000Z,1784036692850,85.91
session-1784036780900-38r373,24:EC:4A:C7:F5:3A,custom-11f9db6b38bd,2720,2026-07-14T13:44:53.002000Z,1784036693002,85.37
session-1784036780900-38r373,24:EC:4A:C7:F5:3A,custom-11f9db6b38bd,2721,2026-07-14T13:44:53.076000Z,1784036693076,85.37
session-1784036780900-38r373,24:EC:4A:C7:F5:3A,custom-11f9db6b38bd,2722,2026-07-14T13:44:53.168000Z,1784036693168,85.82
session-1784036780900-38r373,24:EC:4A:C7:F5:3A,custom-11f9db6b38bd,2723,2026-07-14T13:44:53.256000Z,1784036693256,85.77
session-1784036780900-38r373,24:EC:4A:C7:F5:3A,custom-11f9db6b38bd,2724,2026-07-14T13:44:53.392000Z,1784036693392,85.8
session-1784036780900-38r373,24:EC:4A:C7:F5:3A,custom-11f9db6b38bd,2725,2026-07-14T13:44:53.481000Z,1784036693481,85.82
session-1784036780900-38r373,24:EC:4A:C7:F5:3A,custom-11f9db6b38bd,2726,2026-07-14T13:44:53.571000Z,1784036693571,85.75
session-1784036780900-38r373,24:EC:4A:C7:F5:3A,custom-11f9db6b38bd,2727,2026-07-14T13:44:53.663000Z,1784036693663,85.75
session-1784036780900-38r373,24:EC:4A:C7:F5:3A,custom-11f9db6b38bd,2728,2026-07-14T13:44:53.752000Z,1784036693752,85.75
session-1784036780900-38r373,24:EC:4A:C7:F5:3A,custom-11f9db6b38bd,2729,2026-07-14T13:44:53.902000Z,1784036693902,85.3
session-1784036780900-38r373,24:EC:4A:C7:F5:3A,custom-11f9db6b38bd,2730,2026-07-14T13:44:53.976000Z,1784036693976,85.77
session-1784036780900-38r373,24:EC:4A:C7:F5:3A,custom-11f9db6b38bd,2731,2026-07-14T13:44:54.067000Z,1784036694067,85.8
session-1784036780900-38r373,24:EC:4A:C7:F5:3A,custom-11f9db6b38bd,2732,2026-07-14T13:44:54.158000Z,1784036694158,85.8
session-1784036780900-38r373,24:EC:4A:C7:F5:3A,custom-11f9db6b38bd,2733,2026-07-14T13:44:54.293000Z,1784036694293,85.37
session-1784036780900-38r373,24:EC:4A:C7:F5:3A,custom-11f9db6b38bd,2734,2026-07-14T13:44:54.383000Z,1784036694383,85.3
session-1784036780900-38r373,24:EC:4A:C7:F5:3A,custom-11f9db6b38bd,2735,2026-07-14T13:44:54.472000Z,1784036694472,85.26
session-1784036780900-38r373,24:EC:4A:C7:F5:3A,custom-11f9db6b38bd,2736,2026-07-14T13:44:54.562000Z,1784036694562,85.73
session-1784036780900-38r373,24:EC:4A:C7:F5:3A,custom-11f9db6b38bd,2737,2026-07-14T13:44:54.653000Z,1784036694653,85.8
session-1784036780900-38r373,24:EC:4A:C7:F5:3A,custom-11f9db6b38bd,2738,2026-07-14T13:44:54.804000Z,1784036694804,85.82
session-1784036780900-38r373,24:EC:4A:C7:F5:3A,custom-11f9db6b38bd,2739,2026-07-14T13:44:54.879000Z,1784036694879,85.78
session-1784036780900-38r373,24:EC:4A:C7:F5:3A,custom-11f9db6b38bd,2740,2026-07-14T13:44:54.968000Z,1784036694968,85.3
session-1784036780900-38r373,24:EC:4A:C7:F5:3A,custom-11f9db6b38bd,2741,2026-07-14T13:44:55.058000Z,1784036695058,85.78
session-1784036780900-38r373,24:EC:4A:C7:F5:3A,custom-11f9db6b38bd,2742,2026-07-14T13:44:55.190000Z,1784036695190,85.73
session-1784036780900-38r373,24:EC:4A:C7:F5:3A,custom-11f9db6b38bd,2743,2026-07-14T13:44:55.283000Z,1784036695283,85.24
session-1784036780900-38r373,24:EC:4A:C7:F5:3A,custom-11f9db6b38bd,2744,2026-07-14T13:44:55.373000Z,1784036695373,85.68
session-1784036780900-38r373,24:EC:4A:C7:F5:3A,custom-11f9db6b38bd,2745,2026-07-14T13:44:55.461000Z,1784036695461,85.7
session-1784036780900-38r373,24:EC:4A:C7:F5:3A,custom-11f9db6b38bd,2746,2026-07-14T13:44:55.551000Z,1784036695551,85.23
session-1784036780900-38r373,24:EC:4A:C7:F5:3A,custom-11f9db6b38bd,2747,2026-07-14T13:44:55.702000Z,1784036695702,85.75
session-1784036780900-38r373,24:EC:4A:C7:F5:3A,custom-11f9db6b38bd,2748,2026-07-14T13:44:55.776000Z,1784036695776,85.73
session-1784036780900-38r373,24:EC:4A:C7:F5:3A,custom-11f9db6b38bd,2749,2026-07-14T13:44:55.867000Z,1784036695867,85.7
session-1784036780900-38r373,24:EC:4A:C7:F5:3A,custom-11f9db6b38bd,2750,2026-07-14T13:44:55.956000Z,1784036695956,85.7
session-1784036780900-38r373,24:EC:4A:C7:F5:3A,custom-11f9db6b38bd,2751,2026-07-14T13:44:56.092000Z,1784036696092,85.68
session-1784036780900-38r373,24:EC:4A:C7:F5:3A,custom-11f9db6b38bd,2752,2026-07-14T13:44:56.183000Z,1784036696183,85.7
session-1784036780900-38r373,24:EC:4A:C7:F5:3A,custom-11f9db6b38bd,2753,2026-07-14T13:44:56.272000Z,1784036696272,85.68
session-1784036780900-38r373,24:EC:4A:C7:F5:3A,custom-11f9db6b38bd,2754,2026-07-14T13:44:56.361000Z,1784036696361,85.73
session-1784036780900-38r373,24:EC:4A:C7:F5:3A,custom-11f9db6b38bd,2755,2026-07-14T13:44:56.452000Z,1784036696452,85.71
session-1784036780900-38r373,24:EC:4A:C7:F5:3A,custom-11f9db6b38bd,2756,2026-07-14T13:44:56.603000Z,1784036696603,85.71
session-1784036780900-38r373,24:EC:4A:C7:F5:3A,custom-11f9db6b38bd,2757,2026-07-14T13:44:56.676000Z,1784036696676,85.75
session-1784036780900-38r373,24:EC:4A:C7:F5:3A,custom-11f9db6b38bd,2758,2026-07-14T13:44:56.812000Z,1784036696812,85.31
session-1784036780900-38r373,24:EC:4A:C7:F5:3A,custom-11f9db6b38bd,2759,2026-07-14T13:44:56.857000Z,1784036696857,85.73
session-1784036780900-38r373,24:EC:4A:C7:F5:3A,custom-11f9db6b38bd,2760,2026-07-14T13:44:56.993000Z,1784036696993,85.7
session-1784036780900-38r373,24:EC:4A:C7:F5:3A,custom-11f9db6b38bd,2761,2026-07-14T13:44:57.081000Z,1784036697081,85.73
session-1784036780900-38r373,24:EC:4A:C7:F5:3A,custom-11f9db6b38bd,2762,2026-07-14T13:44:57.172000Z,1784036697172,85.7
session-1784036780900-38r373,24:EC:4A:C7:F5:3A,custom-11f9db6b38bd,2763,2026-07-14T13:44:57.262000Z,1784036697262,85.68
session-1784036780900-38r373,24:EC:4A:C7:F5:3A,custom-11f9db6b38bd,2764,2026-07-14T13:44:57.352000Z,1784036697352,85.73
session-1784036780900-38r373,24:EC:4A:C7:F5:3A,custom-11f9db6b38bd,2765,2026-07-14T13:44:57.503000Z,1784036697503,85.73
session-1784036780900-38r373,24:EC:4A:C7:F5:3A,custom-11f9db6b38bd,2766,2026-07-14T13:44:57.576000Z,1784036697576,85.71
session-1784036780900-38r373,24:EC:4A:C7:F5:3A,custom-11f9db6b38bd,2767,2026-07-14T13:44:57.667000Z,1784036697667,85.7
session-1784036780900-38r373,24:EC:4A:C7:F5:3A,custom-11f9db6b38bd,2768,2026-07-14T13:44:57.757000Z,1784036697757,85.75
session-1784036780900-38r373,24:EC:4A:C7:F5:3A,custom-11f9db6b38bd,2769,2026-07-14T13:44:57.892000Z,1784036697892,85.73
session-1784036780900-38r373,24:EC:4A:C7:F5:3A,custom-11f9db6b38bd,2770,2026-07-14T13:44:57.982000Z,1784036697982,85.26
session-1784036780900-38r373,24:EC:4A:C7:F5:3A,custom-11f9db6b38bd,2771,2026-07-14T13:44:58.071000Z,1784036698071,85.7
session-1784036780900-38r373,24:EC:4A:C7:F5:3A,custom-11f9db6b38bd,2772,2026-07-14T13:44:58.162000Z,1784036698162,85.71
session-1784036780900-38r373,24:EC:4A:C7:F5:3A,custom-11f9db6b38bd,2773,2026-07-14T13:44:58.251000Z,1784036698251,85.68
session-1784036780900-38r373,24:EC:4A:C7:F5:3A,custom-11f9db6b38bd,2774,2026-07-14T13:44:58.402000Z,1784036698402,85.7
session-1784036780900-38r373,24:EC:4A:C7:F5:3A,custom-11f9db6b38bd,2775,2026-07-14T13:44:58.476000Z,1784036698476,85.68
session-1784036780900-38r373,24:EC:4A:C7:F5:3A,custom-11f9db6b38bd,2776,2026-07-14T13:44:58.567000Z,1784036698567,85.73
session-1784036780900-38r373,24:EC:4A:C7:F5:3A,custom-11f9db6b38bd,2777,2026-07-14T13:44:58.656000Z,1784036698656,85.61
session-1784036780900-38r373,24:EC:4A:C7:F5:3A,custom-11f9db6b38bd,2778,2026-07-14T13:44:58.792000Z,1784036698792,85.71
session-1784036780900-38r373,24:EC:4A:C7:F5:3A,custom-11f9db6b38bd,2779,2026-07-14T13:44:58.882000Z,1784036698882,85.14
session-1784036780900-38r373,24:EC:4A:C7:F5:3A,custom-11f9db6b38bd,2780,2026-07-14T13:44:58.973000Z,1784036698973,85.73
session-1784036780900-38r373,24:EC:4A:C7:F5:3A,custom-11f9db6b38bd,2781,2026-07-14T13:44:59.108000Z,1784036699108,85.7
session-1784036780900-38r373,24:EC:4A:C7:F5:3A,custom-11f9db6b38bd,2782,2026-07-14T13:44:59.152000Z,1784036699152,85.59
session-1784036780900-38r373,24:EC:4A:C7:F5:3A,custom-11f9db6b38bd,2783,2026-07-14T13:44:59.303000Z,1784036699303,85.61
session-1784036780900-38r373,24:EC:4A:C7:F5:3A,custom-11f9db6b38bd,2784,2026-07-14T13:44:59.377000Z,1784036699377,85.61
session-1784036780900-38r373,24:EC:4A:C7:F5:3A,custom-11f9db6b38bd,2785,2026-07-14T13:44:59.511000Z,1784036699511,85.61
session-1784036780900-38r373,24:EC:4A:C7:F5:3A,custom-11f9db6b38bd,2786,2026-07-14T13:44:59.556000Z,1784036699556,85.52
session-1784036780900-38r373,24:EC:4A:C7:F5:3A,custom-11f9db6b38bd,2787,2026-07-14T13:44:59.706000Z,1784036699706,85.61
session-1784036780900-38r373,24:EC:4A:C7:F5:3A,custom-11f9db6b38bd,2788,2026-07-14T13:44:59.781000Z,1784036699781,85.57
session-1784036780900-38r373,24:EC:4A:C7:F5:3A,custom-11f9db6b38bd,2789,2026-07-14T13:44:59.917000Z,1784036699917,85.57
session-1784036780900-38r373,24:EC:4A:C7:F5:3A,custom-11f9db6b38bd,2790,2026-07-14T13:45:00.006000Z,1784036700006,85.61
session-1784036780900-38r373,24:EC:4A:C7:F5:3A,custom-11f9db6b38bd,2791,2026-07-14T13:45:00.050000Z,1784036700050,86.06
session-1784036780900-38r373,24:EC:4A:C7:F5:3A,custom-11f9db6b38bd,2792,2026-07-14T13:45:00.201000Z,1784036700201,85.99
session-1784036780900-38r373,24:EC:4A:C7:F5:3A,custom-11f9db6b38bd,2793,2026-07-14T13:45:00.322000Z,1784036700322,85.54
session-1784036780900-38r373,24:EC:4A:C7:F5:3A,custom-11f9db6b38bd,2794,2026-07-14T13:45:00.366000Z,1784036700366,85.57
session-1784036780900-38r373,24:EC:4A:C7:F5:3A,custom-11f9db6b38bd,2795,2026-07-14T13:45:00.457000Z,1784036700457,85.52
session-1784036780900-38r373,24:EC:4A:C7:F5:3A,custom-11f9db6b38bd,2796,2026-07-14T13:45:00.608000Z,1784036700608,85.57
session-1784036780900-38r373,24:EC:4A:C7:F5:3A,custom-11f9db6b38bd,2797,2026-07-14T13:45:00.682000Z,1784036700682,85.57
session-1784036780900-38r373,24:EC:4A:C7:F5:3A,custom-11f9db6b38bd,2798,2026-07-14T13:45:00.772000Z,1784036700772,85.61
session-1784036780900-38r373,24:EC:4A:C7:F5:3A,custom-11f9db6b38bd,2799,2026-07-14T13:45:00.862000Z,1784036700862,85.61
session-1784036780900-38r373,24:EC:4A:C7:F5:3A,custom-11f9db6b38bd,2800,2026-07-14T13:45:00.952000Z,1784036700952,85.63
session-1784036780900-38r373,24:EC:4A:C7:F5:3A,custom-11f9db6b38bd,2801,2026-07-14T13:45:01.103000Z,1784036701103,85.63
session-1784036780900-38r373,24:EC:4A:C7:F5:3A,custom-11f9db6b38bd,2802,2026-07-14T13:45:01.177000Z,1784036701177,85.61
session-1784036780900-38r373,24:EC:4A:C7:F5:3A,custom-11f9db6b38bd,2803,2026-07-14T13:45:01.266000Z,1784036701266,85.63
session-1784036780900-38r373,24:EC:4A:C7:F5:3A,custom-11f9db6b38bd,2804,2026-07-14T13:45:01.357000Z,1784036701357,85.7
session-1784036780900-38r373,24:EC:4A:C7:F5:3A,custom-11f9db6b38bd,2805,2026-07-14T13:45:01.492000Z,1784036701492,85.7
session-1784036780900-38r373,24:EC:4A:C7:F5:3A,custom-11f9db6b38bd,2806,2026-07-14T13:45:01.582000Z,1784036701582,85.57
session-1784036780900-38r373,24:EC:4A:C7:F5:3A,custom-11f9db6b38bd,2807,2026-07-14T13:45:01.673000Z,1784036701673,85.63
session-1784036780900-38r373,24:EC:4A:C7:F5:3A,custom-11f9db6b38bd,2808,2026-07-14T13:45:01.762000Z,1784036701762,85.68
session-1784036780900-38r373,24:EC:4A:C7:F5:3A,custom-11f9db6b38bd,2809,2026-07-14T13:45:01.852000Z,1784036701852,85.73
session-1784036780900-38r373,24:EC:4A:C7:F5:3A,custom-11f9db6b38bd,2810,2026-07-14T13:45:02.004000Z,1784036702004,85.71
session-1784036780900-38r373,24:EC:4A:C7:F5:3A,custom-11f9db6b38bd,2811,2026-07-14T13:45:02.077000Z,1784036702077,85.68
session-1784036780900-38r373,24:EC:4A:C7:F5:3A,custom-11f9db6b38bd,2812,2026-07-14T13:45:02.167000Z,1784036702167,85.31
session-1784036780900-38r373,24:EC:4A:C7:F5:3A,custom-11f9db6b38bd,2813,2026-07-14T13:45:02.259000Z,1784036702259,85.3
session-1784036780900-38r373,24:EC:4A:C7:F5:3A,custom-11f9db6b38bd,2814,2026-07-14T13:45:02.393000Z,1784036702393,85.71
session-1784036780900-38r373,24:EC:4A:C7:F5:3A,custom-11f9db6b38bd,2815,2026-07-14T13:45:02.483000Z,1784036702483,85.68
session-1784036780900-38r373,24:EC:4A:C7:F5:3A,custom-11f9db6b38bd,2816,2026-07-14T13:45:02.572000Z,1784036702572,85.71
session-1784036780900-38r373,24:EC:4A:C7:F5:3A,custom-11f9db6b38bd,2817,2026-07-14T13:45:02.663000Z,1784036702663,85.7
session-1784036780900-38r373,24:EC:4A:C7:F5:3A,custom-11f9db6b38bd,2818,2026-07-14T13:45:02.799000Z,1784036702799,85.7
session-1784036780900-38r373,24:EC:4A:C7:F5:3A,custom-11f9db6b38bd,2819,2026-07-14T13:45:02.888000Z,1784036702888,85.66
session-1784036780900-38r373,24:EC:4A:C7:F5:3A,custom-11f9db6b38bd,2820,2026-07-14T13:45:02.977000Z,1784036702977,85.73
session-1784036780900-38r373,24:EC:4A:C7:F5:3A,custom-11f9db6b38bd,2821,2026-07-14T13:45:03.068000Z,1784036703068,85.28
session-1784036780900-38r373,24:EC:4A:C7:F5:3A,custom-11f9db6b38bd,2822,2026-07-14T13:45:03.203000Z,1784036703203,85.73
session-1784036780900-38r373,24:EC:4A:C7:F5:3A,custom-11f9db6b38bd,2823,2026-07-14T13:45:03.293000Z,1784036703293,85.73
session-1784036780900-38r373,24:EC:4A:C7:F5:3A,custom-11f9db6b38bd,2824,2026-07-14T13:45:03.382000Z,1784036703382,85.71
session-1784036780900-38r373,24:EC:4A:C7:F5:3A,custom-11f9db6b38bd,2825,2026-07-14T13:45:03.472000Z,1784036703472,85.71
session-1784036780900-38r373,24:EC:4A:C7:F5:3A,custom-11f9db6b38bd,2826,2026-07-14T13:45:03.564000Z,1784036703564,85.24
session-1784036780900-38r373,24:EC:4A:C7:F5:3A,custom-11f9db6b38bd,2827,2026-07-14T13:45:03.654000Z,1784036703654,85.24
session-1784036780900-38r373,24:EC:4A:C7:F5:3A,custom-11f9db6b38bd,2828,2026-07-14T13:45:03.805000Z,1784036703805,85.26
session-1784036780900-38r373,24:EC:4A:C7:F5:3A,custom-11f9db6b38bd,2829,2026-07-14T13:45:03.876000Z,1784036703876,85.68
session-1784036780900-38r373,24:EC:4A:C7:F5:3A,custom-11f9db6b38bd,2830,2026-07-14T13:45:04.013000Z,1784036704013,86.19
session-1784036780900-38r373,24:EC:4A:C7:F5:3A,custom-11f9db6b38bd,2831,2026-07-14T13:45:04.057000Z,1784036704057,85.64
session-1784036780900-38r373,24:EC:4A:C7:F5:3A,custom-11f9db6b38bd,2832,2026-07-14T13:45:04.192000Z,1784036704192,86.12
session-1784036780900-38r373,24:EC:4A:C7:F5:3A,custom-11f9db6b38bd,2833,2026-07-14T13:45:04.281000Z,1784036704281,85.73
session-1784036780900-38r373,24:EC:4A:C7:F5:3A,custom-11f9db6b38bd,2834,2026-07-14T13:45:04.372000Z,1784036704372,85.73
session-1784036780900-38r373,24:EC:4A:C7:F5:3A,custom-11f9db6b38bd,2835,2026-07-14T13:45:04.505000Z,1784036704505,85.7
session-1784036780900-38r373,24:EC:4A:C7:F5:3A,custom-11f9db6b38bd,2836,2026-07-14T13:45:04.550000Z,1784036704550,85.71
session-1784036780900-38r373,24:EC:4A:C7:F5:3A,custom-11f9db6b38bd,2837,2026-07-14T13:45:04.702000Z,1784036704702,85.68
session-1784036780900-38r373,24:EC:4A:C7:F5:3A,custom-11f9db6b38bd,2838,2026-07-14T13:45:04.776000Z,1784036704776,85.71
session-1784036780900-38r373,24:EC:4A:C7:F5:3A,custom-11f9db6b38bd,2839,2026-07-14T13:45:04.867000Z,1784036704867,85.24
session-1784036780900-38r373,24:EC:4A:C7:F5:3A,custom-11f9db6b38bd,2840,2026-07-14T13:45:04.958000Z,1784036704958,85.7
session-1784036780900-38r373,24:EC:4A:C7:F5:3A,custom-11f9db6b38bd,2841,2026-07-14T13:45:05.092000Z,1784036705092,85.7
session-1784036780900-38r373,24:EC:4A:C7:F5:3A,custom-11f9db6b38bd,2842,2026-07-14T13:45:05.182000Z,1784036705182,85.7
session-1784036780900-38r373,24:EC:4A:C7:F5:3A,custom-11f9db6b38bd,2843,2026-07-14T13:45:05.272000Z,1784036705272,85.78
session-1784036780900-38r373,24:EC:4A:C7:F5:3A,custom-11f9db6b38bd,2844,2026-07-14T13:45:05.362000Z,1784036705362,85.71
session-1784036780900-38r373,24:EC:4A:C7:F5:3A,custom-11f9db6b38bd,2845,2026-07-14T13:45:05.452000Z,1784036705452,85.7
session-1784036780900-38r373,24:EC:4A:C7:F5:3A,custom-11f9db6b38bd,2846,2026-07-14T13:45:05.604000Z,1784036705604,85.73
session-1784036780900-38r373,24:EC:4A:C7:F5:3A,custom-11f9db6b38bd,2847,2026-07-14T13:45:05.676000Z,1784036705676,85.7
session-1784036780900-38r373,24:EC:4A:C7:F5:3A,custom-11f9db6b38bd,2848,2026-07-14T13:45:05.769000Z,1784036705769,85.71
session-1784036780900-38r373,24:EC:4A:C7:F5:3A,custom-11f9db6b38bd,2849,2026-07-14T13:45:05.858000Z,1784036705858,85.73
session-1784036780900-38r373,24:EC:4A:C7:F5:3A,custom-11f9db6b38bd,2850,2026-07-14T13:45:05.994000Z,1784036705994,85.73
session-1784036780900-38r373,24:EC:4A:C7:F5:3A,custom-11f9db6b38bd,2851,2026-07-14T13:45:06.082000Z,1784036706082,85.7
session-1784036780900-38r373,24:EC:4A:C7:F5:3A,custom-11f9db6b38bd,2852,2026-07-14T13:45:06.173000Z,1784036706173,85.71
session-1784036780900-38r373,24:EC:4A:C7:F5:3A,custom-11f9db6b38bd,2853,2026-07-14T13:45:06.307000Z,1784036706307,85.7
session-1784036780900-38r373,24:EC:4A:C7:F5:3A,custom-11f9db6b38bd,2854,2026-07-14T13:45:06.351000Z,1784036706351,85.7
session-1784036780900-38r373,24:EC:4A:C7:F5:3A,custom-11f9db6b38bd,2855,2026-07-14T13:45:06.503000Z,1784036706503,85.75
session-1784036780900-38r373,24:EC:4A:C7:F5:3A,custom-11f9db6b38bd,2856,2026-07-14T13:45:06.576000Z,1784036706576,85.71
session-1784036780900-38r373,24:EC:4A:C7:F5:3A,custom-11f9db6b38bd,2857,2026-07-14T13:45:06.667000Z,1784036706667,85.75
session-1784036780900-38r373,24:EC:4A:C7:F5:3A,custom-11f9db6b38bd,2858,2026-07-14T13:45:06.758000Z,1784036706758,85.78
session-1784036780900-38r373,24:EC:4A:C7:F5:3A,custom-11f9db6b38bd,2859,2026-07-14T13:45:06.893000Z,1784036706893,85.8
session-1784036780900-38r373,24:EC:4A:C7:F5:3A,custom-11f9db6b38bd,2860,2026-07-14T13:45:06.983000Z,1784036706983,85.82
session-1784036780900-38r373,24:EC:4A:C7:F5:3A,custom-11f9db6b38bd,2861,2026-07-14T13:45:07.073000Z,1784036707073,85.78
session-1784036780900-38r373,24:EC:4A:C7:F5:3A,custom-11f9db6b38bd,2862,2026-07-14T13:45:07.163000Z,1784036707163,85.77
session-1784036780900-38r373,24:EC:4A:C7:F5:3A,custom-11f9db6b38bd,2863,2026-07-14T13:45:07.253000Z,1784036707253,85.75
session-1784036780900-38r373,24:EC:4A:C7:F5:3A,custom-11f9db6b38bd,2864,2026-07-14T13:45:07.403000Z,1784036707403,85.8
session-1784036780900-38r373,24:EC:4A:C7:F5:3A,custom-11f9db6b38bd,2865,2026-07-14T13:45:07.477000Z,1784036707477,85.77
session-1784036780900-38r373,24:EC:4A:C7:F5:3A,custom-11f9db6b38bd,2866,2026-07-14T13:45:07.568000Z,1784036707568,85.77
session-1784036780900-38r373,24:EC:4A:C7:F5:3A,custom-11f9db6b38bd,2867,2026-07-14T13:45:07.657000Z,1784036707657,85.82
session-1784036780900-38r373,24:EC:4A:C7:F5:3A,custom-11f9db6b38bd,2868,2026-07-14T13:45:07.793000Z,1784036707793,85.75
session-1784036780900-38r373,24:EC:4A:C7:F5:3A,custom-11f9db6b38bd,2869,2026-07-14T13:45:07.881000Z,1784036707881,85.77
session-1784036780900-38r373,24:EC:4A:C7:F5:3A,custom-11f9db6b38bd,2870,2026-07-14T13:45:07.972000Z,1784036707972,85.68
session-1784036780900-38r373,24:EC:4A:C7:F5:3A,custom-11f9db6b38bd,2871,2026-07-14T13:45:08.060000Z,1784036708060,85.7
session-1784036780900-38r373,24:EC:4A:C7:F5:3A,custom-11f9db6b38bd,2872,2026-07-14T13:45:08.154000Z,1784036708154,85.71
session-1784036780900-38r373,24:EC:4A:C7:F5:3A,custom-11f9db6b38bd,2873,2026-07-14T13:45:08.306000Z,1784036708306,85.73
session-1784036780900-38r373,24:EC:4A:C7:F5:3A,custom-11f9db6b38bd,2874,2026-07-14T13:45:08.377000Z,1784036708377,85.77
session-1784036780900-38r373,24:EC:4A:C7:F5:3A,custom-11f9db6b38bd,2875,2026-07-14T13:45:08.467000Z,1784036708467,85.75
session-1784036780900-38r373,24:EC:4A:C7:F5:3A,custom-11f9db6b38bd,2876,2026-07-14T13:45:08.558000Z,1784036708558,85.77
session-1784036780900-38r373,24:EC:4A:C7:F5:3A,custom-11f9db6b38bd,2877,2026-07-14T13:45:08.693000Z,1784036708693,85.71
session-1784036780900-38r373,24:EC:4A:C7:F5:3A,custom-11f9db6b38bd,2878,2026-07-14T13:45:08.827000Z,1784036708827,85.75
session-1784036780900-38r373,24:EC:4A:C7:F5:3A,custom-11f9db6b38bd,2879,2026-07-14T13:45:08.873000Z,1784036708873,85.71
session-1784036780900-38r373,24:EC:4A:C7:F5:3A,custom-11f9db6b38bd,2880,2026-07-14T13:45:08.961000Z,1784036708961,85.68
session-1784036780900-38r373,24:EC:4A:C7:F5:3A,custom-11f9db6b38bd,2881,2026-07-14T13:45:09.053000Z,1784036709053,85.73
session-1784036780900-38r373,24:EC:4A:C7:F5:3A,custom-11f9db6b38bd,2882,2026-07-14T13:45:09.204000Z,1784036709204,85.73
session-1784036780900-38r373,24:EC:4A:C7:F5:3A,custom-11f9db6b38bd,2883,2026-07-14T13:45:09.275000Z,1784036709275,85.75
session-1784036780900-38r373,24:EC:4A:C7:F5:3A,custom-11f9db6b38bd,2884,2026-07-14T13:45:09.367000Z,1784036709367,85.68
session-1784036780900-38r373,24:EC:4A:C7:F5:3A,custom-11f9db6b38bd,2885,2026-07-14T13:45:09.458000Z,1784036709458,85.7
session-1784036780900-38r373,24:EC:4A:C7:F5:3A,custom-11f9db6b38bd,2886,2026-07-14T13:45:09.591000Z,1784036709591,85.71
session-1784036780900-38r373,24:EC:4A:C7:F5:3A,custom-11f9db6b38bd,2887,2026-07-14T13:45:09.683000Z,1784036709683,85.28
session-1784036780900-38r373,24:EC:4A:C7:F5:3A,custom-11f9db6b38bd,2888,2026-07-14T13:45:09.772000Z,1784036709772,85.73
session-1784036780900-38r373,24:EC:4A:C7:F5:3A,custom-11f9db6b38bd,2889,2026-07-14T13:45:09.863000Z,1784036709863,85.31
session-1784036780900-38r373,24:EC:4A:C7:F5:3A,custom-11f9db6b38bd,2890,2026-07-14T13:45:10Z,1784036710000,85.71
session-1784036780900-38r373,24:EC:4A:C7:F5:3A,custom-11f9db6b38bd,2891,2026-07-14T13:45:10.086000Z,1784036710086,85.68
session-1784036780900-38r373,24:EC:4A:C7:F5:3A,custom-11f9db6b38bd,2892,2026-07-14T13:45:10.177000Z,1784036710177,85.68
session-1784036780900-38r373,24:EC:4A:C7:F5:3A,custom-11f9db6b38bd,2893,2026-07-14T13:45:10.267000Z,1784036710267,85.75
session-1784036780900-38r373,24:EC:4A:C7:F5:3A,custom-11f9db6b38bd,2894,2026-07-14T13:45:10.357000Z,1784036710357,85.75
session-1784036780900-38r373,24:EC:4A:C7:F5:3A,custom-11f9db6b38bd,2895,2026-07-14T13:45:10.492000Z,1784036710492,85.23
session-1784036780900-38r373,24:EC:4A:C7:F5:3A,custom-11f9db6b38bd,2896,2026-07-14T13:45:10.582000Z,1784036710582,85.23
session-1784036780900-38r373,24:EC:4A:C7:F5:3A,custom-11f9db6b38bd,2897,2026-07-14T13:45:10.673000Z,1784036710673,85.24
session-1784036780900-38r373,24:EC:4A:C7:F5:3A,custom-11f9db6b38bd,2898,2026-07-14T13:45:10.763000Z,1784036710763,85.68
session-1784036780900-38r373,24:EC:4A:C7:F5:3A,custom-11f9db6b38bd,2899,2026-07-14T13:45:10.854000Z,1784036710854,85.71
session-1784036780900-38r373,24:EC:4A:C7:F5:3A,custom-11f9db6b38bd,2900,2026-07-14T13:45:11.005000Z,1784036711005,85.73
session-1784036780900-38r373,24:EC:4A:C7:F5:3A,custom-11f9db6b38bd,2901,2026-07-14T13:45:11.077000Z,1784036711077,85.71
session-1784036780900-38r373,24:EC:4A:C7:F5:3A,custom-11f9db6b38bd,2902,2026-07-14T13:45:11.167000Z,1784036711167,85.77
session-1784036780900-38r373,24:EC:4A:C7:F5:3A,custom-11f9db6b38bd,2903,2026-07-14T13:45:11.257000Z,1784036711257,85.75
session-1784036780900-38r373,24:EC:4A:C7:F5:3A,custom-11f9db6b38bd,2904,2026-07-14T13:45:11.392000Z,1784036711392,85.7
session-1784036780900-38r373,24:EC:4A:C7:F5:3A,custom-11f9db6b38bd,2905,2026-07-14T13:45:11.480000Z,1784036711480,85.73
session-1784036780900-38r373,24:EC:4A:C7:F5:3A,custom-11f9db6b38bd,2906,2026-07-14T13:45:11.572000Z,1784036711572,85.75
session-1784036780900-38r373,24:EC:4A:C7:F5:3A,custom-11f9db6b38bd,2907,2026-07-14T13:45:11.663000Z,1784036711663,85.73
session-1784036780900-38r373,24:EC:4A:C7:F5:3A,custom-11f9db6b38bd,2908,2026-07-14T13:45:11.753000Z,1784036711753,85.68
session-1784036780900-38r373,24:EC:4A:C7:F5:3A,custom-11f9db6b38bd,2909,2026-07-14T13:45:11.904000Z,1784036711904,85.7
session-1784036780900-38r373,24:EC:4A:C7:F5:3A,custom-11f9db6b38bd,2910,2026-07-14T13:45:11.976000Z,1784036711976,85.73
session-1784036780900-38r373,24:EC:4A:C7:F5:3A,custom-11f9db6b38bd,2911,2026-07-14T13:45:12.066000Z,1784036712066,85.3
session-1784036780900-38r373,24:EC:4A:C7:F5:3A,custom-11f9db6b38bd,2912,2026-07-14T13:45:12.203000Z,1784036712203,85.28
session-1784036780900-38r373,24:EC:4A:C7:F5:3A,custom-11f9db6b38bd,2913,2026-07-14T13:45:12.291000Z,1784036712291,85.82
session-1784036780900-38r373,24:EC:4A:C7:F5:3A,custom-11f9db6b38bd,2914,2026-07-14T13:45:12.381000Z,1784036712381,85.75
session-1784036780900-38r373,24:EC:4A:C7:F5:3A,custom-11f9db6b38bd,2915,2026-07-14T13:45:12.472000Z,1784036712472,85.77
session-1784036780900-38r373,24:EC:4A:C7:F5:3A,custom-11f9db6b38bd,2916,2026-07-14T13:45:12.563000Z,1784036712563,85.75
session-1784036780900-38r373,24:EC:4A:C7:F5:3A,custom-11f9db6b38bd,2917,2026-07-14T13:45:12.652000Z,1784036712652,85.23
session-1784036780900-38r373,24:EC:4A:C7:F5:3A,custom-11f9db6b38bd,2918,2026-07-14T13:45:12.803000Z,1784036712803,85.24
session-1784036780900-38r373,24:EC:4A:C7:F5:3A,custom-11f9db6b38bd,2919,2026-07-14T13:45:12.877000Z,1784036712877,85.26
session-1784036780900-38r373,24:EC:4A:C7:F5:3A,custom-11f9db6b38bd,2920,2026-07-14T13:45:12.968000Z,1784036712968,85.68
session-1784036780900-38r373,24:EC:4A:C7:F5:3A,custom-11f9db6b38bd,2921,2026-07-14T13:45:13.058000Z,1784036713058,86.17
session-1784036780900-38r373,24:EC:4A:C7:F5:3A,custom-11f9db6b38bd,2922,2026-07-14T13:45:13.192000Z,1784036713192,85.78
session-1784036780900-38r373,24:EC:4A:C7:F5:3A,custom-11f9db6b38bd,2923,2026-07-14T13:45:13.281000Z,1784036713281,85.82
session-1784036780900-38r373,24:EC:4A:C7:F5:3A,custom-11f9db6b38bd,2924,2026-07-14T13:45:13.373000Z,1784036713373,85.77
session-1784036780900-38r373,24:EC:4A:C7:F5:3A,custom-11f9db6b38bd,2925,2026-07-14T13:45:13.462000Z,1784036713462,85.78
session-1784036780900-38r373,24:EC:4A:C7:F5:3A,custom-11f9db6b38bd,2926,2026-07-14T13:45:13.552000Z,1784036713552,85.77
session-1784036780900-38r373,24:EC:4A:C7:F5:3A,custom-11f9db6b38bd,2927,2026-07-14T13:45:13.703000Z,1784036713703,85.73
session-1784036780900-38r373,24:EC:4A:C7:F5:3A,custom-11f9db6b38bd,2928,2026-07-14T13:45:13.821000Z,1784036713821,85.78
session-1784036780900-38r373,24:EC:4A:C7:F5:3A,custom-11f9db6b38bd,2929,2026-07-14T13:45:13.867000Z,1784036713867,85.75
session-1784036780900-38r373,24:EC:4A:C7:F5:3A,custom-11f9db6b38bd,2930,2026-07-14T13:45:13.956000Z,1784036713956,85.75
session-1784036780900-38r373,24:EC:4A:C7:F5:3A,custom-11f9db6b38bd,2931,2026-07-14T13:45:14.092000Z,1784036714092,85.75
session-1784036780900-38r373,24:EC:4A:C7:F5:3A,custom-11f9db6b38bd,2932,2026-07-14T13:45:14.182000Z,1784036714182,85.7
session-1784036780900-38r373,24:EC:4A:C7:F5:3A,custom-11f9db6b38bd,2933,2026-07-14T13:45:14.274000Z,1784036714274,85.7
session-1784036780900-38r373,24:EC:4A:C7:F5:3A,custom-11f9db6b38bd,2934,2026-07-14T13:45:14.362000Z,1784036714362,85.68
session-1784036780900-38r373,24:EC:4A:C7:F5:3A,custom-11f9db6b38bd,2935,2026-07-14T13:45:14.453000Z,1784036714453,85.7
session-1784036780900-38r373,24:EC:4A:C7:F5:3A,custom-11f9db6b38bd,2936,2026-07-14T13:45:14.604000Z,1784036714604,85.71
session-1784036780900-38r373,24:EC:4A:C7:F5:3A,custom-11f9db6b38bd,2937,2026-07-14T13:45:14.679000Z,1784036714679,85.71
session-1784036780900-38r373,24:EC:4A:C7:F5:3A,custom-11f9db6b38bd,2938,2026-07-14T13:45:14.767000Z,1784036714767,85.68
session-1784036780900-38r373,24:EC:4A:C7:F5:3A,custom-11f9db6b38bd,2939,2026-07-14T13:45:14.858000Z,1784036714858,85.73
session-1784036780900-38r373,24:EC:4A:C7:F5:3A,custom-11f9db6b38bd,2940,2026-07-14T13:45:14.992000Z,1784036714992,85.73
session-1784036780900-38r373,24:EC:4A:C7:F5:3A,custom-11f9db6b38bd,2941,2026-07-14T13:45:15.080000Z,1784036715080,85.71
session-1784036780900-38r373,24:EC:4A:C7:F5:3A,custom-11f9db6b38bd,2942,2026-07-14T13:45:15.219000Z,1784036715219,85.71
session-1784036780900-38r373,24:EC:4A:C7:F5:3A,custom-11f9db6b38bd,2943,2026-07-14T13:45:15.263000Z,1784036715263,85.77
session-1784036780900-38r373,24:EC:4A:C7:F5:3A,custom-11f9db6b38bd,2944,2026-07-14T13:45:15.352000Z,1784036715352,85.75
session-1784036780900-38r373,24:EC:4A:C7:F5:3A,custom-11f9db6b38bd,2945,2026-07-14T13:45:15.503000Z,1784036715503,86.2
session-1784036780900-38r373,24:EC:4A:C7:F5:3A,custom-11f9db6b38bd,2946,2026-07-14T13:45:15.577000Z,1784036715577,85.7
session-1784036780900-38r373,24:EC:4A:C7:F5:3A,custom-11f9db6b38bd,2947,2026-07-14T13:45:15.667000Z,1784036715667,85.71
session-1784036780900-38r373,24:EC:4A:C7:F5:3A,custom-11f9db6b38bd,2948,2026-07-14T13:45:15.758000Z,1784036715758,85.71
session-1784036780900-38r373,24:EC:4A:C7:F5:3A,custom-11f9db6b38bd,2949,2026-07-14T13:45:15.892000Z,1784036715892,85.77
session-1784036780900-38r373,24:EC:4A:C7:F5:3A,custom-11f9db6b38bd,2950,2026-07-14T13:45:15.982000Z,1784036715982,85.28
session-1784036780900-38r373,24:EC:4A:C7:F5:3A,custom-11f9db6b38bd,2951,2026-07-14T13:45:16.073000Z,1784036716073,85.75
session-1784036780900-38r373,24:EC:4A:C7:F5:3A,custom-11f9db6b38bd,2952,2026-07-14T13:45:16.162000Z,1784036716162,85.77
session-1784036780900-38r373,24:EC:4A:C7:F5:3A,custom-11f9db6b38bd,2953,2026-07-14T13:45:16.252000Z,1784036716252,85.28
session-1784036780900-38r373,24:EC:4A:C7:F5:3A,custom-11f9db6b38bd,2954,2026-07-14T13:45:16.403000Z,1784036716403,85.75
session-1784036780900-38r373,24:EC:4A:C7:F5:3A,custom-11f9db6b38bd,2955,2026-07-14T13:45:16.476000Z,1784036716476,85.73
session-1784036780900-38r373,24:EC:4A:C7:F5:3A,custom-11f9db6b38bd,2956,2026-07-14T13:45:16.568000Z,1784036716568,85.28
session-1784036780900-38r373,24:EC:4A:C7:F5:3A,custom-11f9db6b38bd,2957,2026-07-14T13:45:16.658000Z,1784036716658,85.26
session-1784036780900-38r373,24:EC:4A:C7:F5:3A,custom-11f9db6b38bd,2958,2026-07-14T13:45:16.793000Z,1784036716793,85.73
session-1784036780900-38r373,24:EC:4A:C7:F5:3A,custom-11f9db6b38bd,2959,2026-07-14T13:45:16.883000Z,1784036716883,85.31
session-1784036780900-38r373,24:EC:4A:C7:F5:3A,custom-11f9db6b38bd,2960,2026-07-14T13:45:16.973000Z,1784036716973,85.73
session-1784036780900-38r373,24:EC:4A:C7:F5:3A,custom-11f9db6b38bd,2961,2026-07-14T13:45:17.063000Z,1784036717063,85.73
session-1784036780900-38r373,24:EC:4A:C7:F5:3A,custom-11f9db6b38bd,2962,2026-07-14T13:45:17.154000Z,1784036717154,85.73
session-1784036780900-38r373,24:EC:4A:C7:F5:3A,custom-11f9db6b38bd,2963,2026-07-14T13:45:17.306000Z,1784036717306,85.71
session-1784036780900-38r373,24:EC:4A:C7:F5:3A,custom-11f9db6b38bd,2964,2026-07-14T13:45:17.422000Z,1784036717422,85.28
session-1784036780900-38r373,24:EC:4A:C7:F5:3A,custom-11f9db6b38bd,2965,2026-07-14T13:45:17.467000Z,1784036717467,85.68
session-1784036780900-38r373,24:EC:4A:C7:F5:3A,custom-11f9db6b38bd,2966,2026-07-14T13:45:17.557000Z,1784036717557,85.3
session-1784036780900-38r373,24:EC:4A:C7:F5:3A,custom-11f9db6b38bd,2967,2026-07-14T13:45:17.694000Z,1784036717694,85.3
session-1784036780900-38r373,24:EC:4A:C7:F5:3A,custom-11f9db6b38bd,2968,2026-07-14T13:45:17.781000Z,1784036717781,85.37
session-1784036780900-38r373,24:EC:4A:C7:F5:3A,custom-11f9db6b38bd,2969,2026-07-14T13:45:17.871000Z,1784036717871,85.28
session-1784036780900-38r373,24:EC:4A:C7:F5:3A,custom-11f9db6b38bd,2970,2026-07-14T13:45:17.963000Z,1784036717963,85.16
session-1784036780900-38r373,24:EC:4A:C7:F5:3A,custom-11f9db6b38bd,2971,2026-07-14T13:45:18.052000Z,1784036718052,85.17
session-1784036780900-38r373,24:EC:4A:C7:F5:3A,custom-11f9db6b38bd,2972,2026-07-14T13:45:18.203000Z,1784036718203,85.71
session-1784036780900-38r373,24:EC:4A:C7:F5:3A,custom-11f9db6b38bd,2973,2026-07-14T13:45:18.276000Z,1784036718276,85.7
session-1784036780900-38r373,24:EC:4A:C7:F5:3A,custom-11f9db6b38bd,2974,2026-07-14T13:45:18.367000Z,1784036718367,85.57
session-1784036780900-38r373,24:EC:4A:C7:F5:3A,custom-11f9db6b38bd,2975,2026-07-14T13:45:18.456000Z,1784036718456,85.61
session-1784036780900-38r373,24:EC:4A:C7:F5:3A,custom-11f9db6b38bd,2976,2026-07-14T13:45:18.591000Z,1784036718591,85.61
session-1784036780900-38r373,24:EC:4A:C7:F5:3A,custom-11f9db6b38bd,2977,2026-07-14T13:45:18.682000Z,1784036718682,85.75
session-1784036780900-38r373,24:EC:4A:C7:F5:3A,custom-11f9db6b38bd,2978,2026-07-14T13:45:18.773000Z,1784036718773,85.73
session-1784036780900-38r373,24:EC:4A:C7:F5:3A,custom-11f9db6b38bd,2979,2026-07-14T13:45:18.864000Z,1784036718864,85.12
session-1784036780900-38r373,24:EC:4A:C7:F5:3A,custom-11f9db6b38bd,2980,2026-07-14T13:45:18.952000Z,1784036718952,85.61
session-1784036780900-38r373,24:EC:4A:C7:F5:3A,custom-11f9db6b38bd,2981,2026-07-14T13:45:19.103000Z,1784036719103,85.61
session-1784036780900-38r373,24:EC:4A:C7:F5:3A,custom-11f9db6b38bd,2982,2026-07-14T13:45:19.177000Z,1784036719177,85.57
session-1784036780900-38r373,24:EC:4A:C7:F5:3A,custom-11f9db6b38bd,2983,2026-07-14T13:45:19.269000Z,1784036719269,86.01
session-1784036780900-38r373,24:EC:4A:C7:F5:3A,custom-11f9db6b38bd,2984,2026-07-14T13:45:19.356000Z,1784036719356,85.57
session-1784036780900-38r373,24:EC:4A:C7:F5:3A,custom-11f9db6b38bd,2985,2026-07-14T13:45:19.492000Z,1784036719492,85.61
session-1784036780900-38r373,24:EC:4A:C7:F5:3A,custom-11f9db6b38bd,2986,2026-07-14T13:45:19.581000Z,1784036719581,85.78
session-1784036780900-38r373,24:EC:4A:C7:F5:3A,custom-11f9db6b38bd,2987,2026-07-14T13:45:19.673000Z,1784036719673,85.7
session-1784036780900-38r373,24:EC:4A:C7:F5:3A,custom-11f9db6b38bd,2988,2026-07-14T13:45:19.809000Z,1784036719809,85.14
session-1784036780900-38r373,24:EC:4A:C7:F5:3A,custom-11f9db6b38bd,2989,2026-07-14T13:45:19.853000Z,1784036719853,85.19
session-1784036780900-38r373,24:EC:4A:C7:F5:3A,custom-11f9db6b38bd,2990,2026-07-14T13:45:20.005000Z,1784036720005,85.3
session-1784036780900-38r373,24:EC:4A:C7:F5:3A,custom-11f9db6b38bd,2991,2026-07-14T13:45:20.079000Z,1784036720079,85.31
session-1784036780900-38r373,24:EC:4A:C7:F5:3A,custom-11f9db6b38bd,2992,2026-07-14T13:45:20.167000Z,1784036720167,85.19
session-1784036780900-38r373,24:EC:4A:C7:F5:3A,custom-11f9db6b38bd,2993,2026-07-14T13:45:20.258000Z,1784036720258,85.26
session-1784036780900-38r373,24:EC:4A:C7:F5:3A,custom-11f9db6b38bd,2994,2026-07-14T13:45:20.393000Z,1784036720393,85.26
session-1784036780900-38r373,24:EC:4A:C7:F5:3A,custom-11f9db6b38bd,2995,2026-07-14T13:45:20.481000Z,1784036720481,85.24
session-1784036780900-38r373,24:EC:4A:C7:F5:3A,custom-11f9db6b38bd,2996,2026-07-14T13:45:20.572000Z,1784036720572,85.26
session-1784036780900-38r373,24:EC:4A:C7:F5:3A,custom-11f9db6b38bd,2997,2026-07-14T13:45:20.663000Z,1784036720663,85.14
session-1784036780900-38r373,24:EC:4A:C7:F5:3A,custom-11f9db6b38bd,2998,2026-07-14T13:45:20.752000Z,1784036720752,85.73
session-1784036780900-38r373,24:EC:4A:C7:F5:3A,custom-11f9db6b38bd,2999,2026-07-14T13:45:20.903000Z,1784036720903,85.7
session-1784036780900-38r373,24:EC:4A:C7:F5:3A,custom-11f9db6b38bd,3000,2026-07-14T13:45:20.976000Z,1784036720976,85.71
session-1784036780900-38r373,24:EC:4A:C7:F5:3A,custom-11f9db6b38bd,3001,2026-07-14T13:45:21.068000Z,1784036721068,85.26
session-1784036780900-38r373,24:EC:4A:C7:F5:3A,custom-11f9db6b38bd,3002,2026-07-14T13:45:21.157000Z,1784036721157,85.28
session-1784036780900-38r373,24:EC:4A:C7:F5:3A,custom-11f9db6b38bd,3003,2026-07-14T13:45:21.292000Z,1784036721292,85.68
session-1784036780900-38r373,24:EC:4A:C7:F5:3A,custom-11f9db6b38bd,3004,2026-07-14T13:45:21.381000Z,1784036721381,86.52
session-1784036780900-38r373,24:EC:4A:C7:F5:3A,custom-11f9db6b38bd,3005,2026-07-14T13:45:21.473000Z,1784036721473,85.68
session-1784036780900-38r373,24:EC:4A:C7:F5:3A,custom-11f9db6b38bd,3006,2026-07-14T13:45:21.561000Z,1784036721561,85.75
session-1784036780900-38r373,24:EC:4A:C7:F5:3A,custom-11f9db6b38bd,3007,2026-07-14T13:45:21.652000Z,1784036721652,85.63
session-1784036780900-38r373,24:EC:4A:C7:F5:3A,custom-11f9db6b38bd,3008,2026-07-14T13:45:21.803000Z,1784036721803,86.5
session-1784036780900-38r373,24:EC:4A:C7:F5:3A,custom-11f9db6b38bd,3009,2026-07-14T13:45:21.876000Z,1784036721876,86.17
session-1784036780900-38r373,24:EC:4A:C7:F5:3A,custom-11f9db6b38bd,3010,2026-07-14T13:45:21.965000Z,1784036721965,85.73
session-1784036780900-38r373,24:EC:4A:C7:F5:3A,custom-11f9db6b38bd,3011,2026-07-14T13:45:22.056000Z,1784036722056,85.7
session-1784036780900-38r373,24:EC:4A:C7:F5:3A,custom-11f9db6b38bd,3012,2026-07-14T13:45:22.208000Z,1784036722208,85.7
session-1784036780900-38r373,24:EC:4A:C7:F5:3A,custom-11f9db6b38bd,3013,2026-07-14T13:45:22.280000Z,1784036722280,85.68
session-1784036780900-38r373,24:EC:4A:C7:F5:3A,custom-11f9db6b38bd,3014,2026-07-14T13:45:22.416000Z,1784036722416,85.7
session-1784036780900-38r373,24:EC:4A:C7:F5:3A,custom-11f9db6b38bd,3015,2026-07-14T13:45:22.464000Z,1784036722464,85.57
session-1784036780900-38r373,24:EC:4A:C7:F5:3A,custom-11f9db6b38bd,3016,2026-07-14T13:45:22.549000Z,1784036722549,86.15
session-1784036780900-38r373,24:EC:4A:C7:F5:3A,custom-11f9db6b38bd,3017,2026-07-14T13:45:22.700000Z,1784036722700,85.66
session-1784036780900-38r373,24:EC:4A:C7:F5:3A,custom-11f9db6b38bd,3018,2026-07-14T13:45:22.776000Z,1784036722776,85.28
session-1784036780900-38r373,24:EC:4A:C7:F5:3A,custom-11f9db6b38bd,3019,2026-07-14T13:45:22.913000Z,1784036722913,85.68
session-1784036780900-38r373,24:EC:4A:C7:F5:3A,custom-11f9db6b38bd,3020,2026-07-14T13:45:22.957000Z,1784036722957,85.73
session-1784036780900-38r373,24:EC:4A:C7:F5:3A,custom-11f9db6b38bd,3021,2026-07-14T13:45:23.090000Z,1784036723090,85.73
session-1784036780900-38r373,24:EC:4A:C7:F5:3A,custom-11f9db6b38bd,3022,2026-07-14T13:45:23.182000Z,1784036723182,85.7
session-1784036780900-38r373,24:EC:4A:C7:F5:3A,custom-11f9db6b38bd,3023,2026-07-14T13:45:23.316000Z,1784036723316,85.68
session-1784036780900-38r373,24:EC:4A:C7:F5:3A,custom-11f9db6b38bd,3024,2026-07-14T13:45:23.361000Z,1784036723361,85.71
session-1784036780900-38r373,24:EC:4A:C7:F5:3A,custom-11f9db6b38bd,3025,2026-07-14T13:45:23.451000Z,1784036723451,85.7
session-1784036780900-38r373,24:EC:4A:C7:F5:3A,custom-11f9db6b38bd,3026,2026-07-14T13:45:23.602000Z,1784036723602,85.68
session-1784036780900-38r373,24:EC:4A:C7:F5:3A,custom-11f9db6b38bd,3027,2026-07-14T13:45:23.677000Z,1784036723677,85.7
session-1784036780900-38r373,24:EC:4A:C7:F5:3A,custom-11f9db6b38bd,3028,2026-07-14T13:45:23.766000Z,1784036723766,85.66
session-1784036780900-38r373,24:EC:4A:C7:F5:3A,custom-11f9db6b38bd,3029,2026-07-14T13:45:23.857000Z,1784036723857,86.15
session-1784036780900-38r373,24:EC:4A:C7:F5:3A,custom-11f9db6b38bd,3030,2026-07-14T13:45:23.991000Z,1784036723991,85.33
session-1784036780900-38r373,24:EC:4A:C7:F5:3A,custom-11f9db6b38bd,3031,2026-07-14T13:45:24.082000Z,1784036724082,85.75
session-1784036780900-38r373,24:EC:4A:C7:F5:3A,custom-11f9db6b38bd,3032,2026-07-14T13:45:24.171000Z,1784036724171,86.24
session-1784036780900-38r373,24:EC:4A:C7:F5:3A,custom-11f9db6b38bd,3033,2026-07-14T13:45:24.261000Z,1784036724261,85.85
session-1784036780900-38r373,24:EC:4A:C7:F5:3A,custom-11f9db6b38bd,3034,2026-07-14T13:45:24.351000Z,1784036724351,85.8
session-1784036780900-38r373,24:EC:4A:C7:F5:3A,custom-11f9db6b38bd,3035,2026-07-14T13:45:24.502000Z,1784036724502,86.27
session-1784036780900-38r373,24:EC:4A:C7:F5:3A,custom-11f9db6b38bd,3036,2026-07-14T13:45:24.576000Z,1784036724576,86.22
session-1784036780900-38r373,24:EC:4A:C7:F5:3A,custom-11f9db6b38bd,3037,2026-07-14T13:45:24.668000Z,1784036724668,85.73
session-1784036780900-38r373,24:EC:4A:C7:F5:3A,custom-11f9db6b38bd,3038,2026-07-14T13:45:24.756000Z,1784036724756,85.8
session-1784036780900-38r373,24:EC:4A:C7:F5:3A,custom-11f9db6b38bd,3039,2026-07-14T13:45:24.892000Z,1784036724892,85.28
session-1784036780900-38r373,24:EC:4A:C7:F5:3A,custom-11f9db6b38bd,3040,2026-07-14T13:45:24.981000Z,1784036724981,85.7
session-1784036780900-38r373,24:EC:4A:C7:F5:3A,custom-11f9db6b38bd,3041,2026-07-14T13:45:25.071000Z,1784036725071,85.75
session-1784036780900-38r373,24:EC:4A:C7:F5:3A,custom-11f9db6b38bd,3042,2026-07-14T13:45:25.162000Z,1784036725162,85.7
session-1784036780900-38r373,24:EC:4A:C7:F5:3A,custom-11f9db6b38bd,3043,2026-07-14T13:45:25.296000Z,1784036725296,85.73
session-1784036780900-38r373,24:EC:4A:C7:F5:3A,custom-11f9db6b38bd,3044,2026-07-14T13:45:25.385000Z,1784036725385,85.14
session-1784036780900-38r373,24:EC:4A:C7:F5:3A,custom-11f9db6b38bd,3045,2026-07-14T13:45:25.476000Z,1784036725476,85.5
session-1784036780900-38r373,24:EC:4A:C7:F5:3A,custom-11f9db6b38bd,3046,2026-07-14T13:45:25.566000Z,1784036725566,85.71
session-1784036780900-38r373,24:EC:4A:C7:F5:3A,custom-11f9db6b38bd,3047,2026-07-14T13:45:25.656000Z,1784036725656,85.7
session-1784036780900-38r373,24:EC:4A:C7:F5:3A,custom-11f9db6b38bd,3048,2026-07-14T13:45:25.791000Z,1784036725791,85.57
session-1784036780900-38r373,24:EC:4A:C7:F5:3A,custom-11f9db6b38bd,3049,2026-07-14T13:45:25.881000Z,1784036725881,86.01
session-1784036780900-38r373,24:EC:4A:C7:F5:3A,custom-11f9db6b38bd,3050,2026-07-14T13:45:25.973000Z,1784036725973,85.57
session-1784036780900-38r373,24:EC:4A:C7:F5:3A,custom-11f9db6b38bd,3051,2026-07-14T13:45:26.062000Z,1784036726062,85.63
session-1784036780900-38r373,24:EC:4A:C7:F5:3A,custom-11f9db6b38bd,3052,2026-07-14T13:45:26.153000Z,1784036726153,85.14
session-1784036780900-38r373,24:EC:4A:C7:F5:3A,custom-11f9db6b38bd,3053,2026-07-14T13:45:26.304000Z,1784036726304,85.64
session-1784036780900-38r373,24:EC:4A:C7:F5:3A,custom-11f9db6b38bd,3054,2026-07-14T13:45:26.376000Z,1784036726376,85.38
session-1784036780900-38r373,24:EC:4A:C7:F5:3A,custom-11f9db6b38bd,3055,2026-07-14T13:45:26.466000Z,1784036726466,86.05
session-1784036780900-38r373,24:EC:4A:C7:F5:3A,custom-11f9db6b38bd,3056,2026-07-14T13:45:26.556000Z,1784036726556,86.17
session-1784036780900-38r373,24:EC:4A:C7:F5:3A,custom-11f9db6b38bd,3057,2026-07-14T13:45:26.691000Z,1784036726691,85.71
session-1784036780900-38r373,24:EC:4A:C7:F5:3A,custom-11f9db6b38bd,3058,2026-07-14T13:45:26.781000Z,1784036726781,85.16
session-1784036780900-38r373,24:EC:4A:C7:F5:3A,custom-11f9db6b38bd,3059,2026-07-14T13:45:26.872000Z,1784036726872,85.73
session-1784036780900-38r373,24:EC:4A:C7:F5:3A,custom-11f9db6b38bd,3060,2026-07-14T13:45:26.962000Z,1784036726962,85.73
session-1784036780900-38r373,24:EC:4A:C7:F5:3A,custom-11f9db6b38bd,3061,2026-07-14T13:45:27.052000Z,1784036727052,85.73
session-1784036780900-38r373,24:EC:4A:C7:F5:3A,custom-11f9db6b38bd,3062,2026-07-14T13:45:27.204000Z,1784036727204,85.28
session-1784036780900-38r373,24:EC:4A:C7:F5:3A,custom-11f9db6b38bd,3063,2026-07-14T13:45:27.276000Z,1784036727276,84.82
session-1784036780900-38r373,24:EC:4A:C7:F5:3A,custom-11f9db6b38bd,3064,2026-07-14T13:45:27.366000Z,1784036727366,85.73
session-1784036780900-38r373,24:EC:4A:C7:F5:3A,custom-11f9db6b38bd,3065,2026-07-14T13:45:27.457000Z,1784036727457,85.75
session-1784036780900-38r373,24:EC:4A:C7:F5:3A,custom-11f9db6b38bd,3066,2026-07-14T13:45:27.607000Z,1784036727607,85.71
session-1784036780900-38r373,24:EC:4A:C7:F5:3A,custom-11f9db6b38bd,3067,2026-07-14T13:45:27.726000Z,1784036727726,85.71
session-1784036780900-38r373,24:EC:4A:C7:F5:3A,custom-11f9db6b38bd,3068,2026-07-14T13:45:27.770000Z,1784036727770,85.16
session-1784036780900-38r373,24:EC:4A:C7:F5:3A,custom-11f9db6b38bd,3069,2026-07-14T13:45:27.861000Z,1784036727861,85.7
session-1784036780900-38r373,24:EC:4A:C7:F5:3A,custom-11f9db6b38bd,3070,2026-07-14T13:45:28.012000Z,1784036728012,85.68
session-1784036780900-38r373,24:EC:4A:C7:F5:3A,custom-11f9db6b38bd,3071,2026-07-14T13:45:28.085000Z,1784036728085,85.66
session-1784036780900-38r373,24:EC:4A:C7:F5:3A,custom-11f9db6b38bd,3072,2026-07-14T13:45:28.177000Z,1784036728177,85.73
session-1784036780900-38r373,24:EC:4A:C7:F5:3A,custom-11f9db6b38bd,3073,2026-07-14T13:45:28.267000Z,1784036728267,85.73
session-1784036780900-38r373,24:EC:4A:C7:F5:3A,custom-11f9db6b38bd,3074,2026-07-14T13:45:28.355000Z,1784036728355,85.24
session-1784036780900-38r373,24:EC:4A:C7:F5:3A,custom-11f9db6b38bd,3075,2026-07-14T13:45:28.492000Z,1784036728492,85.78
session-1784036780900-38r373,24:EC:4A:C7:F5:3A,custom-11f9db6b38bd,3076,2026-07-14T13:45:28.580000Z,1784036728580,85.75
session-1784036780900-38r373,24:EC:4A:C7:F5:3A,custom-11f9db6b38bd,3077,2026-07-14T13:45:28.717000Z,1784036728717,85.68
session-1784036780900-38r373,24:EC:4A:C7:F5:3A,custom-11f9db6b38bd,3078,2026-07-14T13:45:28.760000Z,1784036728760,86.13
session-1784036780900-38r373,24:EC:4A:C7:F5:3A,custom-11f9db6b38bd,3079,2026-07-14T13:45:28.851000Z,1784036728851,85.73
session-1784036780900-38r373,24:EC:4A:C7:F5:3A,custom-11f9db6b38bd,3080,2026-07-14T13:45:29.001000Z,1784036729001,85.28
session-1784036780900-38r373,24:EC:4A:C7:F5:3A,custom-11f9db6b38bd,3081,2026-07-14T13:45:29.077000Z,1784036729077,84.91
session-1784036780900-38r373,24:EC:4A:C7:F5:3A,custom-11f9db6b38bd,3082,2026-07-14T13:45:29.166000Z,1784036729166,85.28
session-1784036780900-38r373,24:EC:4A:C7:F5:3A,custom-11f9db6b38bd,3083,2026-07-14T13:45:29.256000Z,1784036729256,85.28
session-1784036780900-38r373,24:EC:4A:C7:F5:3A,custom-11f9db6b38bd,3084,2026-07-14T13:45:29.390000Z,1784036729390,85.28
session-1784036780900-38r373,24:EC:4A:C7:F5:3A,custom-11f9db6b38bd,3085,2026-07-14T13:45:29.480000Z,1784036729480,85.73
session-1784036780900-38r373,24:EC:4A:C7:F5:3A,custom-11f9db6b38bd,3086,2026-07-14T13:45:29.571000Z,1784036729571,85.78
session-1784036780900-38r373,24:EC:4A:C7:F5:3A,custom-11f9db6b38bd,3087,2026-07-14T13:45:29.662000Z,1784036729662,85.7
session-1784036780900-38r373,24:EC:4A:C7:F5:3A,custom-11f9db6b38bd,3088,2026-07-14T13:45:29.751000Z,1784036729751,85.7
session-1784036780900-38r373,24:EC:4A:C7:F5:3A,custom-11f9db6b38bd,3089,2026-07-14T13:45:29.901000Z,1784036729901,85.7
session-1784036780900-38r373,24:EC:4A:C7:F5:3A,custom-11f9db6b38bd,3090,2026-07-14T13:45:29.977000Z,1784036729977,85.68
session-1784036780900-38r373,24:EC:4A:C7:F5:3A,custom-11f9db6b38bd,3091,2026-07-14T13:45:30.065000Z,1784036730065,85.7
session-1784036780900-38r373,24:EC:4A:C7:F5:3A,custom-11f9db6b38bd,3092,2026-07-14T13:45:30.156000Z,1784036730156,85.7
session-1784036780900-38r373,24:EC:4A:C7:F5:3A,custom-11f9db6b38bd,3093,2026-07-14T13:45:30.306000Z,1784036730306,85.24
session-1784036780900-38r373,24:EC:4A:C7:F5:3A,custom-11f9db6b38bd,3094,2026-07-14T13:45:30.379000Z,1784036730379,85.24
session-1784036780900-38r373,24:EC:4A:C7:F5:3A,custom-11f9db6b38bd,3095,2026-07-14T13:45:30.513000Z,1784036730513,85.26
session-1784036780900-38r373,24:EC:4A:C7:F5:3A,custom-11f9db6b38bd,3096,2026-07-14T13:45:30.558000Z,1784036730558,85.23
session-1784036780900-38r373,24:EC:4A:C7:F5:3A,custom-11f9db6b38bd,3097,2026-07-14T13:45:30.649000Z,1784036730649,85.31
session-1784036780900-38r373,24:EC:4A:C7:F5:3A,custom-11f9db6b38bd,3098,2026-07-14T13:45:30.799000Z,1784036730799,85.73
session-1784036780900-38r373,24:EC:4A:C7:F5:3A,custom-11f9db6b38bd,3099,2026-07-14T13:45:30.874000Z,1784036730874,85.68
session-1784036780900-38r373,24:EC:4A:C7:F5:3A,custom-11f9db6b38bd,3100,2026-07-14T13:45:30.966000Z,1784036730966,85.7
session-1784036780900-38r373,24:EC:4A:C7:F5:3A,custom-11f9db6b38bd,3101,2026-07-14T13:45:31.101000Z,1784036731101,85.17
session-1784036780900-38r373,24:EC:4A:C7:F5:3A,custom-11f9db6b38bd,3102,2026-07-14T13:45:31.251000Z,1784036731251,85.71
session-1784036780900-38r373,24:EC:4A:C7:F5:3A,custom-11f9db6b38bd,3103,2026-07-14T13:45:31.281000Z,1784036731281,85.7
session-1784036780900-38r373,24:EC:4A:C7:F5:3A,custom-11f9db6b38bd,3104,2026-07-14T13:45:31.372000Z,1784036731372,85.68
session-1784036780900-38r373,24:EC:4A:C7:F5:3A,custom-11f9db6b38bd,3105,2026-07-14T13:45:31.522000Z,1784036731522,85.71
session-1784036780900-38r373,24:EC:4A:C7:F5:3A,custom-11f9db6b38bd,3106,2026-07-14T13:45:31.552000Z,1784036731552,85.7
session-1784036780900-38r373,24:EC:4A:C7:F5:3A,custom-11f9db6b38bd,3107,2026-07-14T13:45:31.702000Z,1784036731702,85.66
session-1784036780900-38r373,24:EC:4A:C7:F5:3A,custom-11f9db6b38bd,3108,2026-07-14T13:45:31.777000Z,1784036731777,85.73
session-1784036780900-38r373,24:EC:4A:C7:F5:3A,custom-11f9db6b38bd,3109,2026-07-14T13:45:31.867000Z,1784036731867,85.7
session-1784036780900-38r373,24:EC:4A:C7:F5:3A,custom-11f9db6b38bd,3110,2026-07-14T13:45:31.956000Z,1784036731956,85.73
session-1784036780900-38r373,24:EC:4A:C7:F5:3A,custom-11f9db6b38bd,3111,2026-07-14T13:45:32.092000Z,1784036732092,85.71
session-1784036780900-38r373,24:EC:4A:C7:F5:3A,custom-11f9db6b38bd,3112,2026-07-14T13:45:32.182000Z,1784036732182,85.7
session-1784036780900-38r373,24:EC:4A:C7:F5:3A,custom-11f9db6b38bd,3113,2026-07-14T13:45:32.272000Z,1784036732272,85.7
session-1784036780900-38r373,24:EC:4A:C7:F5:3A,custom-11f9db6b38bd,3114,2026-07-14T13:45:32.361000Z,1784036732361,85.68
session-1784036780900-38r373,24:EC:4A:C7:F5:3A,custom-11f9db6b38bd,3115,2026-07-14T13:45:32.452000Z,1784036732452,85.73
session-1784036780900-38r373,24:EC:4A:C7:F5:3A,custom-11f9db6b38bd,3116,2026-07-14T13:45:32.600000Z,1784036732600,85.71
session-1784036780900-38r373,24:EC:4A:C7:F5:3A,custom-11f9db6b38bd,3117,2026-07-14T13:45:32.677000Z,1784036732677,85.7
session-1784036780900-38r373,24:EC:4A:C7:F5:3A,custom-11f9db6b38bd,3118,2026-07-14T13:45:32.812000Z,1784036732812,85.66
session-1784036780900-38r373,24:EC:4A:C7:F5:3A,custom-11f9db6b38bd,3119,2026-07-14T13:45:32.855000Z,1784036732855,85.73
session-1784036780900-38r373,24:EC:4A:C7:F5:3A,custom-11f9db6b38bd,3120,2026-07-14T13:45:32.992000Z,1784036732992,85.24
session-1784036780900-38r373,24:EC:4A:C7:F5:3A,custom-11f9db6b38bd,3121,2026-07-14T13:45:33.081000Z,1784036733081,85.26
session-1784036780900-38r373,24:EC:4A:C7:F5:3A,custom-11f9db6b38bd,3122,2026-07-14T13:45:33.171000Z,1784036733171,85.26
session-1784036780900-38r373,24:EC:4A:C7:F5:3A,custom-11f9db6b38bd,3123,2026-07-14T13:45:33.261000Z,1784036733261,85.68
session-1784036780900-38r373,24:EC:4A:C7:F5:3A,custom-11f9db6b38bd,3124,2026-07-14T13:45:33.351000Z,1784036733351,85.7
session-1784036780900-38r373,24:EC:4A:C7:F5:3A,custom-11f9db6b38bd,3125,2026-07-14T13:45:33.502000Z,1784036733502,85.68
session-1784036780900-38r373,24:EC:4A:C7:F5:3A,custom-11f9db6b38bd,3126,2026-07-14T13:45:33.576000Z,1784036733576,85.73
session-1784036780900-38r373,24:EC:4A:C7:F5:3A,custom-11f9db6b38bd,3127,2026-07-14T13:45:33.667000Z,1784036733667,85.71
session-1784036780900-38r373,24:EC:4A:C7:F5:3A,custom-11f9db6b38bd,3128,2026-07-14T13:45:33.757000Z,1784036733757,85.28
session-1784036780900-38r373,24:EC:4A:C7:F5:3A,custom-11f9db6b38bd,3129,2026-07-14T13:45:33.892000Z,1784036733892,85.24
session-1784036780900-38r373,24:EC:4A:C7:F5:3A,custom-11f9db6b38bd,3130,2026-07-14T13:45:33.981000Z,1784036733981,85.68
session-1784036780900-38r373,24:EC:4A:C7:F5:3A,custom-11f9db6b38bd,3131,2026-07-14T13:45:34.072000Z,1784036734072,85.71
session-1784036780900-38r373,24:EC:4A:C7:F5:3A,custom-11f9db6b38bd,3132,2026-07-14T13:45:34.161000Z,1784036734161,85.7
session-1784036780900-38r373,24:EC:4A:C7:F5:3A,custom-11f9db6b38bd,3133,2026-07-14T13:45:34.252000Z,1784036734252,85.71
session-1784036780900-38r373,24:EC:4A:C7:F5:3A,custom-11f9db6b38bd,3134,2026-07-14T13:45:34.402000Z,1784036734402,85.7
session-1784036780900-38r373,24:EC:4A:C7:F5:3A,custom-11f9db6b38bd,3135,2026-07-14T13:45:34.475000Z,1784036734475,85.73
session-1784036780900-38r373,24:EC:4A:C7:F5:3A,custom-11f9db6b38bd,3136,2026-07-14T13:45:34.566000Z,1784036734566,85.75
session-1784036780900-38r373,24:EC:4A:C7:F5:3A,custom-11f9db6b38bd,3137,2026-07-14T13:45:34.657000Z,1784036734657,85.71
session-1784036780900-38r373,24:EC:4A:C7:F5:3A,custom-11f9db6b38bd,3138,2026-07-14T13:45:34.792000Z,1784036734792,85.68
session-1784036780900-38r373,24:EC:4A:C7:F5:3A,custom-11f9db6b38bd,3139,2026-07-14T13:45:34.880000Z,1784036734880,85.68
session-1784036780900-38r373,24:EC:4A:C7:F5:3A,custom-11f9db6b38bd,3140,2026-07-14T13:45:34.970000Z,1784036734970,86.22
session-1784036780900-38r373,24:EC:4A:C7:F5:3A,custom-11f9db6b38bd,3141,2026-07-14T13:45:35.061000Z,1784036735061,85.3
session-1784036780900-38r373,24:EC:4A:C7:F5:3A,custom-11f9db6b38bd,3142,2026-07-14T13:45:35.150000Z,1784036735150,85.28
session-1784036780900-38r373,24:EC:4A:C7:F5:3A,custom-11f9db6b38bd,3143,2026-07-14T13:45:35.302000Z,1784036735302,85.28
session-1784036780900-38r373,24:EC:4A:C7:F5:3A,custom-11f9db6b38bd,3144,2026-07-14T13:45:35.375000Z,1784036735375,85.8
session-1784036780900-38r373,24:EC:4A:C7:F5:3A,custom-11f9db6b38bd,3145,2026-07-14T13:45:35.511000Z,1784036735511,85.77
session-1784036780900-38r373,24:EC:4A:C7:F5:3A,custom-11f9db6b38bd,3146,2026-07-14T13:45:35.555000Z,1784036735555,85.3
session-1784036780900-38r373,24:EC:4A:C7:F5:3A,custom-11f9db6b38bd,3147,2026-07-14T13:45:35.690000Z,1784036735690,85.75
session-1784036780900-38r373,24:EC:4A:C7:F5:3A,custom-11f9db6b38bd,3148,2026-07-14T13:45:35.779000Z,1784036735779,85.7
session-1784036780900-38r373,24:EC:4A:C7:F5:3A,custom-11f9db6b38bd,3149,2026-07-14T13:45:35.871000Z,1784036735871,85.71
session-1784036780900-38r373,24:EC:4A:C7:F5:3A,custom-11f9db6b38bd,3150,2026-07-14T13:45:35.963000Z,1784036735963,85.66
session-1784036780900-38r373,24:EC:4A:C7:F5:3A,custom-11f9db6b38bd,3151,2026-07-14T13:45:36.051000Z,1784036736051,85.73
session-1784036780900-38r373,24:EC:4A:C7:F5:3A,custom-11f9db6b38bd,3152,2026-07-14T13:45:36.202000Z,1784036736202,85.26
session-1784036780900-38r373,24:EC:4A:C7:F5:3A,custom-11f9db6b38bd,3153,2026-07-14T13:45:36.321000Z,1784036736321,85.24
session-1784036780900-38r373,24:EC:4A:C7:F5:3A,custom-11f9db6b38bd,3154,2026-07-14T13:45:36.368000Z,1784036736368,85.24
session-1784036780900-38r373,24:EC:4A:C7:F5:3A,custom-11f9db6b38bd,3155,2026-07-14T13:45:36.462000Z,1784036736462,85.68
session-1784036780900-38r373,24:EC:4A:C7:F5:3A,custom-11f9db6b38bd,3156,2026-07-14T13:45:36.592000Z,1784036736592,85.26
session-1784036780900-38r373,24:EC:4A:C7:F5:3A,custom-11f9db6b38bd,3157,2026-07-14T13:45:36.682000Z,1784036736682,85.26
session-1784036780900-38r373,24:EC:4A:C7:F5:3A,custom-11f9db6b38bd,3158,2026-07-14T13:45:36.771000Z,1784036736771,85.26
session-1784036780900-38r373,24:EC:4A:C7:F5:3A,custom-11f9db6b38bd,3159,2026-07-14T13:45:36.907000Z,1784036736907,85.24
session-1784036780900-38r373,24:EC:4A:C7:F5:3A,custom-11f9db6b38bd,3160,2026-07-14T13:45:37.040000Z,1784036737040,85.17
session-1784036780900-38r373,24:EC:4A:C7:F5:3A,custom-11f9db6b38bd,3161,2026-07-14T13:45:37.085000Z,1784036737085,85.19
session-1784036780900-38r373,24:EC:4A:C7:F5:3A,custom-11f9db6b38bd,3162,2026-07-14T13:45:37.175000Z,1784036737175,85.21
session-1784036780900-38r373,24:EC:4A:C7:F5:3A,custom-11f9db6b38bd,3163,2026-07-14T13:45:37.311000Z,1784036737311,85.16
session-1784036780900-38r373,24:EC:4A:C7:F5:3A,custom-11f9db6b38bd,3164,2026-07-14T13:45:37.355000Z,1784036737355,85.19
session-1784036780900-38r373,24:EC:4A:C7:F5:3A,custom-11f9db6b38bd,3165,2026-07-14T13:45:37.490000Z,1784036737490,85.1
session-1784036780900-38r373,24:EC:4A:C7:F5:3A,custom-11f9db6b38bd,3166,2026-07-14T13:45:37.626000Z,1784036737626,85.57
session-1784036780900-38r373,24:EC:4A:C7:F5:3A,custom-11f9db6b38bd,3167,2026-07-14T13:45:37.671000Z,1784036737671,85.5
session-1784036780900-38r373,24:EC:4A:C7:F5:3A,custom-11f9db6b38bd,3168,2026-07-14T13:45:37.762000Z,1784036737762,85.92
session-1784036780900-38r373,24:EC:4A:C7:F5:3A,custom-11f9db6b38bd,3169,2026-07-14T13:45:37.850000Z,1784036737850,85.91
session-1784036780900-38r373,24:EC:4A:C7:F5:3A,custom-11f9db6b38bd,3170,2026-07-14T13:45:38.001000Z,1784036738001,85.98
session-1784036780900-38r373,24:EC:4A:C7:F5:3A,custom-11f9db6b38bd,3171,2026-07-14T13:45:38.076000Z,1784036738076,85.98
session-1784036780900-38r373,24:EC:4A:C7:F5:3A,custom-11f9db6b38bd,3172,2026-07-14T13:45:38.166000Z,1784036738166,85.5
session-1784036780900-38r373,24:EC:4A:C7:F5:3A,custom-11f9db6b38bd,3173,2026-07-14T13:45:38.256000Z,1784036738256,85.49
session-1784036780900-38r373,24:EC:4A:C7:F5:3A,custom-11f9db6b38bd,3174,2026-07-14T13:45:38.389000Z,1784036738389,85.54
session-1784036780900-38r373,24:EC:4A:C7:F5:3A,custom-11f9db6b38bd,3175,2026-07-14T13:45:38.480000Z,1784036738480,85.52
session-1784036780900-38r373,24:EC:4A:C7:F5:3A,custom-11f9db6b38bd,3176,2026-07-14T13:45:38.631000Z,1784036738631,85.47
session-1784036780900-38r373,24:EC:4A:C7:F5:3A,custom-11f9db6b38bd,3177,2026-07-14T13:45:38.707000Z,1784036738707,85.52
session-1784036780900-38r373,24:EC:4A:C7:F5:3A,custom-11f9db6b38bd,3178,2026-07-14T13:45:38.753000Z,1784036738753,85.52
session-1784036780900-38r373,24:EC:4A:C7:F5:3A,custom-11f9db6b38bd,3179,2026-07-14T13:45:38.903000Z,1784036738903,85.96
session-1784036780900-38r373,24:EC:4A:C7:F5:3A,custom-11f9db6b38bd,3180,2026-07-14T13:45:39.022000Z,1784036739022,85.96
session-1784036780900-38r373,24:EC:4A:C7:F5:3A,custom-11f9db6b38bd,3181,2026-07-14T13:45:39.111000Z,1784036739111,86.01
session-1784036780900-38r373,24:EC:4A:C7:F5:3A,custom-11f9db6b38bd,3182,2026-07-14T13:45:39.155000Z,1784036739155,85.49
session-1784036780900-38r373,24:EC:4A:C7:F5:3A,custom-11f9db6b38bd,3183,2026-07-14T13:45:39.292000Z,1784036739292,85.49
session-1784036780900-38r373,24:EC:4A:C7:F5:3A,custom-11f9db6b38bd,3184,2026-07-14T13:45:39.381000Z,1784036739381,85.59
session-1784036780900-38r373,24:EC:4A:C7:F5:3A,custom-11f9db6b38bd,3185,2026-07-14T13:45:39.471000Z,1784036739471,85.56
session-1784036780900-38r373,24:EC:4A:C7:F5:3A,custom-11f9db6b38bd,3186,2026-07-14T13:45:39.606000Z,1784036739606,85.5
session-1784036780900-38r373,24:EC:4A:C7:F5:3A,custom-11f9db6b38bd,3187,2026-07-14T13:45:39.652000Z,1784036739652,85.94
session-1784036780900-38r373,24:EC:4A:C7:F5:3A,custom-11f9db6b38bd,3188,2026-07-14T13:45:39.801000Z,1784036739801,85.52
session-1784036780900-38r373,24:EC:4A:C7:F5:3A,custom-11f9db6b38bd,3189,2026-07-14T13:45:39.877000Z,1784036739877,85.52
session-1784036780900-38r373,24:EC:4A:C7:F5:3A,custom-11f9db6b38bd,3190,2026-07-14T13:45:39.965000Z,1784036739965,85.52
session-1784036780900-38r373,24:EC:4A:C7:F5:3A,custom-11f9db6b38bd,3191,2026-07-14T13:45:40.057000Z,1784036740057,85.59
session-1784036780900-38r373,24:EC:4A:C7:F5:3A,custom-11f9db6b38bd,3192,2026-07-14T13:45:40.208000Z,1784036740208,85.03
session-1784036780900-38r373,24:EC:4A:C7:F5:3A,custom-11f9db6b38bd,3193,2026-07-14T13:45:40.281000Z,1784036740281,85.61
session-1784036780900-38r373,24:EC:4A:C7:F5:3A,custom-11f9db6b38bd,3194,2026-07-14T13:45:40.372000Z,1784036740372,85.56
session-1784036780900-38r373,24:EC:4A:C7:F5:3A,custom-11f9db6b38bd,3195,2026-07-14T13:45:40.505000Z,1784036740505,85.57
session-1784036780900-38r373,24:EC:4A:C7:F5:3A,custom-11f9db6b38bd,3196,2026-07-14T13:45:40.551000Z,1784036740551,85.57
session-1784036780900-38r373,24:EC:4A:C7:F5:3A,custom-11f9db6b38bd,3197,2026-07-14T13:45:40.701000Z,1784036740701,85.61
session-1784036780900-38r373,24:EC:4A:C7:F5:3A,custom-11f9db6b38bd,3198,2026-07-14T13:45:40.821000Z,1784036740821,85.54
session-1784036780900-38r373,24:EC:4A:C7:F5:3A,custom-11f9db6b38bd,3199,2026-07-14T13:45:40.865000Z,1784036740865,85.57
session-1784036780900-38r373,24:EC:4A:C7:F5:3A,custom-11f9db6b38bd,3200,2026-07-14T13:45:40.956000Z,1784036740956,85.54
session-1784036780900-38r373,24:EC:4A:C7:F5:3A,custom-11f9db6b38bd,3201,2026-07-14T13:45:41.090000Z,1784036741090,85.54
session-1784036780900-38r373,24:EC:4A:C7:F5:3A,custom-11f9db6b38bd,3202,2026-07-14T13:45:41.181000Z,1784036741181,85.52
session-1784036780900-38r373,24:EC:4A:C7:F5:3A,custom-11f9db6b38bd,3203,2026-07-14T13:45:41.271000Z,1784036741271,85.57
session-1784036780900-38r373,24:EC:4A:C7:F5:3A,custom-11f9db6b38bd,3204,2026-07-14T13:45:41.421000Z,1784036741421,85.52
session-1784036780900-38r373,24:EC:4A:C7:F5:3A,custom-11f9db6b38bd,3205,2026-07-14T13:45:41.450000Z,1784036741450,85.54
session-1784036780900-38r373,24:EC:4A:C7:F5:3A,custom-11f9db6b38bd,3206,2026-07-14T13:45:41.600000Z,1784036741600,85.57
session-1784036780900-38r373,24:EC:4A:C7:F5:3A,custom-11f9db6b38bd,3207,2026-07-14T13:45:41.675000Z,1784036741675,85.54
session-1784036780900-38r373,24:EC:4A:C7:F5:3A,custom-11f9db6b38bd,3208,2026-07-14T13:45:41.765000Z,1784036741765,85.56
session-1784036780900-38r373,24:EC:4A:C7:F5:3A,custom-11f9db6b38bd,3209,2026-07-14T13:45:41.856000Z,1784036741856,85.52
session-1784036780900-38r373,24:EC:4A:C7:F5:3A,custom-11f9db6b38bd,3210,2026-07-14T13:45:42.007000Z,1784036742007,85.52
session-1784036780900-38r373,24:EC:4A:C7:F5:3A,custom-11f9db6b38bd,3211,2026-07-14T13:45:42.080000Z,1784036742080,85.52
session-1784036780900-38r373,24:EC:4A:C7:F5:3A,custom-11f9db6b38bd,3212,2026-07-14T13:45:42.216000Z,1784036742216,85.5
session-1784036780900-38r373,24:EC:4A:C7:F5:3A,custom-11f9db6b38bd,3213,2026-07-14T13:45:42.261000Z,1784036742261,85.49
session-1784036780900-38r373,24:EC:4A:C7:F5:3A,custom-11f9db6b38bd,3214,2026-07-14T13:45:42.350000Z,1784036742350,85.49
session-1784036780900-38r373,24:EC:4A:C7:F5:3A,custom-11f9db6b38bd,3215,2026-07-14T13:45:42.501000Z,1784036742501,85.54
session-1784036780900-38r373,24:EC:4A:C7:F5:3A,custom-11f9db6b38bd,3216,2026-07-14T13:45:42.575000Z,1784036742575,85.52
session-1784036780900-38r373,24:EC:4A:C7:F5:3A,custom-11f9db6b38bd,3217,2026-07-14T13:45:42.666000Z,1784036742666,85.61
session-1784036780900-38r373,24:EC:4A:C7:F5:3A,custom-11f9db6b38bd,3218,2026-07-14T13:45:42.756000Z,1784036742756,85.57
session-1784036780900-38r373,24:EC:4A:C7:F5:3A,custom-11f9db6b38bd,3219,2026-07-14T13:45:42.891000Z,1784036742891,85.59
session-1784036780900-38r373,24:EC:4A:C7:F5:3A,custom-11f9db6b38bd,3220,2026-07-14T13:45:42.980000Z,1784036742980,85.61
session-1784036780900-38r373,24:EC:4A:C7:F5:3A,custom-11f9db6b38bd,3221,2026-07-14T13:45:43.070000Z,1784036743070,85.59
session-1784036780900-38r373,24:EC:4A:C7:F5:3A,custom-11f9db6b38bd,3222,2026-07-14T13:45:43.205000Z,1784036743205,85.59
session-1784036780900-38r373,24:EC:4A:C7:F5:3A,custom-11f9db6b38bd,3223,2026-07-14T13:45:43.250000Z,1784036743250,85.63
session-1784036780900-38r373,24:EC:4A:C7:F5:3A,custom-11f9db6b38bd,3224,2026-07-14T13:45:43.401000Z,1784036743401,85.57
session-1784036780900-38r373,24:EC:4A:C7:F5:3A,custom-11f9db6b38bd,3225,2026-07-14T13:45:43.475000Z,1784036743475,85.12
session-1784036780900-38r373,24:EC:4A:C7:F5:3A,custom-11f9db6b38bd,3226,2026-07-14T13:45:43.564000Z,1784036743564,85.14
session-1784036780900-38r373,24:EC:4A:C7:F5:3A,custom-11f9db6b38bd,3227,2026-07-14T13:45:43.655000Z,1784036743655,85.61
session-1784036780900-38r373,24:EC:4A:C7:F5:3A,custom-11f9db6b38bd,3228,2026-07-14T13:45:43.806000Z,1784036743806,85.59
session-1784036780900-38r373,24:EC:4A:C7:F5:3A,custom-11f9db6b38bd,3229,2026-07-14T13:45:43.880000Z,1784036743880,85.61
session-1784036780900-38r373,24:EC:4A:C7:F5:3A,custom-11f9db6b38bd,3230,2026-07-14T13:45:44.016000Z,1784036744016,85.59
session-1784036780900-38r373,24:EC:4A:C7:F5:3A,custom-11f9db6b38bd,3231,2026-07-14T13:45:44.060000Z,1784036744060,85.63
session-1784036780900-38r373,24:EC:4A:C7:F5:3A,custom-11f9db6b38bd,3232,2026-07-14T13:45:44.151000Z,1784036744151,85.61
session-1784036780900-38r373,24:EC:4A:C7:F5:3A,custom-11f9db6b38bd,3233,2026-07-14T13:45:44.302000Z,1784036744302,85.71
session-1784036780900-38r373,24:EC:4A:C7:F5:3A,custom-11f9db6b38bd,3234,2026-07-14T13:45:44.375000Z,1784036744375,85.12
session-1784036780900-38r373,24:EC:4A:C7:F5:3A,custom-11f9db6b38bd,3235,2026-07-14T13:45:44.465000Z,1784036744465,85.68
session-1784036780900-38r373,24:EC:4A:C7:F5:3A,custom-11f9db6b38bd,3236,2026-07-14T13:45:44.616000Z,1784036744616,85.61
session-1784036780900-38r373,24:EC:4A:C7:F5:3A,custom-11f9db6b38bd,3237,2026-07-14T13:45:44.691000Z,1784036744691,85.59
session-1784036780900-38r373,24:EC:4A:C7:F5:3A,custom-11f9db6b38bd,3238,2026-07-14T13:45:44.781000Z,1784036744781,85.57
session-1784036780900-38r373,24:EC:4A:C7:F5:3A,custom-11f9db6b38bd,3239,2026-07-14T13:45:44.873000Z,1784036744873,85.63
session-1784036780900-38r373,24:EC:4A:C7:F5:3A,custom-11f9db6b38bd,3240,2026-07-14T13:45:44.961000Z,1784036744961,85.63
session-1784036780900-38r373,24:EC:4A:C7:F5:3A,custom-11f9db6b38bd,3241,2026-07-14T13:45:45.051000Z,1784036745051,85.61
session-1784036780900-38r373,24:EC:4A:C7:F5:3A,custom-11f9db6b38bd,3242,2026-07-14T13:45:45.202000Z,1784036745202,85.61
session-1784036780900-38r373,24:EC:4A:C7:F5:3A,custom-11f9db6b38bd,3243,2026-07-14T13:45:45.276000Z,1784036745276,85.57
session-1784036780900-38r373,24:EC:4A:C7:F5:3A,custom-11f9db6b38bd,3244,2026-07-14T13:45:45.365000Z,1784036745365,85.61
session-1784036780900-38r373,24:EC:4A:C7:F5:3A,custom-11f9db6b38bd,3245,2026-07-14T13:45:45.457000Z,1784036745457,85.57
session-1784036780900-38r373,24:EC:4A:C7:F5:3A,custom-11f9db6b38bd,3246,2026-07-14T13:45:45.591000Z,1784036745591,85.63
session-1784036780900-38r373,24:EC:4A:C7:F5:3A,custom-11f9db6b38bd,3247,2026-07-14T13:45:45.681000Z,1784036745681,85.71
session-1784036780900-38r373,24:EC:4A:C7:F5:3A,custom-11f9db6b38bd,3248,2026-07-14T13:45:45.772000Z,1784036745772,85.7
session-1784036780900-38r373,24:EC:4A:C7:F5:3A,custom-11f9db6b38bd,3249,2026-07-14T13:45:45.906000Z,1784036745906,85.75
session-1784036780900-38r373,24:EC:4A:C7:F5:3A,custom-11f9db6b38bd,3250,2026-07-14T13:45:45.951000Z,1784036745951,85.73
session-1784036780900-38r373,24:EC:4A:C7:F5:3A,custom-11f9db6b38bd,3251,2026-07-14T13:45:46.101000Z,1784036746101,85.71
session-1784036780900-38r373,24:EC:4A:C7:F5:3A,custom-11f9db6b38bd,3252,2026-07-14T13:45:46.176000Z,1784036746176,85.7
session-1784036780900-38r373,24:EC:4A:C7:F5:3A,custom-11f9db6b38bd,3253,2026-07-14T13:45:46.265000Z,1784036746265,85.71
session-1784036780900-38r373,24:EC:4A:C7:F5:3A,custom-11f9db6b38bd,3254,2026-07-14T13:45:46.356000Z,1784036746356,86.1
session-1784036780900-38r373,24:EC:4A:C7:F5:3A,custom-11f9db6b38bd,3255,2026-07-14T13:45:46.490000Z,1784036746490,85.68
session-1784036780900-38r373,24:EC:4A:C7:F5:3A,custom-11f9db6b38bd,3256,2026-07-14T13:45:46.580000Z,1784036746580,86.13
session-1784036780900-38r373,24:EC:4A:C7:F5:3A,custom-11f9db6b38bd,3257,2026-07-14T13:45:46.672000Z,1784036746672,85.68
session-1784036780900-38r373,24:EC:4A:C7:F5:3A,custom-11f9db6b38bd,3258,2026-07-14T13:45:46.761000Z,1784036746761,86.12
session-1784036780900-38r373,24:EC:4A:C7:F5:3A,custom-11f9db6b38bd,3259,2026-07-14T13:45:46.851000Z,1784036746851,85.68
session-1784036780900-38r373,24:EC:4A:C7:F5:3A,custom-11f9db6b38bd,3260,2026-07-14T13:45:47.001000Z,1784036747001,85.68
session-1784036780900-38r373,24:EC:4A:C7:F5:3A,custom-11f9db6b38bd,3261,2026-07-14T13:45:47.122000Z,1784036747122,85.71
session-1784036780900-38r373,24:EC:4A:C7:F5:3A,custom-11f9db6b38bd,3262,2026-07-14T13:45:47.165000Z,1784036747165,85.71
session-1784036780900-38r373,24:EC:4A:C7:F5:3A,custom-11f9db6b38bd,3263,2026-07-14T13:45:47.256000Z,1784036747256,85.7
session-1784036780900-38r373,24:EC:4A:C7:F5:3A,custom-11f9db6b38bd,3264,2026-07-14T13:45:47.391000Z,1784036747391,86.12
session-1784036780900-38r373,24:EC:4A:C7:F5:3A,custom-11f9db6b38bd,3265,2026-07-14T13:45:47.480000Z,1784036747480,85.57
session-1784036780900-38r373,24:EC:4A:C7:F5:3A,custom-11f9db6b38bd,3266,2026-07-14T13:45:47.615000Z,1784036747615,86.15
session-1784036780900-38r373,24:EC:4A:C7:F5:3A,custom-11f9db6b38bd,3267,2026-07-14T13:45:47.661000Z,1784036747661,85.61
session-1784036780900-38r373,24:EC:4A:C7:F5:3A,custom-11f9db6b38bd,3268,2026-07-14T13:45:47.752000Z,1784036747752,85.75
session-1784036780900-38r373,24:EC:4A:C7:F5:3A,custom-11f9db6b38bd,3269,2026-07-14T13:45:47.903000Z,1784036747903,85.73
session-1784036780900-38r373,24:EC:4A:C7:F5:3A,custom-11f9db6b38bd,3270,2026-07-14T13:45:47.975000Z,1784036747975,85.16
session-1784036780900-38r373,24:EC:4A:C7:F5:3A,custom-11f9db6b38bd,3271,2026-07-14T13:45:48.066000Z,1784036748066,85.3
session-1784036780900-38r373,24:EC:4A:C7:F5:3A,custom-11f9db6b38bd,3272,2026-07-14T13:45:48.154000Z,1784036748154,85.73
session-1784036780900-38r373,24:EC:4A:C7:F5:3A,custom-11f9db6b38bd,3273,2026-07-14T13:45:48.290000Z,1784036748290,85.7
session-1784036780900-38r373,24:EC:4A:C7:F5:3A,custom-11f9db6b38bd,3274,2026-07-14T13:45:48.380000Z,1784036748380,85.68
session-1784036780900-38r373,24:EC:4A:C7:F5:3A,custom-11f9db6b38bd,3275,2026-07-14T13:45:48.470000Z,1784036748470,85.68
session-1784036780900-38r373,24:EC:4A:C7:F5:3A,custom-11f9db6b38bd,3276,2026-07-14T13:45:48.560000Z,1784036748560,85.7
session-1784036780900-38r373,24:EC:4A:C7:F5:3A,custom-11f9db6b38bd,3277,2026-07-14T13:45:48.651000Z,1784036748651,85.68
session-1784036780900-38r373,24:EC:4A:C7:F5:3A,custom-11f9db6b38bd,3278,2026-07-14T13:45:48.802000Z,1784036748802,85.7
session-1784036780900-38r373,24:EC:4A:C7:F5:3A,custom-11f9db6b38bd,3279,2026-07-14T13:45:48.875000Z,1784036748875,85.68
session-1784036780900-38r373,24:EC:4A:C7:F5:3A,custom-11f9db6b38bd,3280,2026-07-14T13:45:48.965000Z,1784036748965,85.71
session-1784036780900-38r373,24:EC:4A:C7:F5:3A,custom-11f9db6b38bd,3281,2026-07-14T13:45:49.056000Z,1784036749056,85.68
session-1784036780900-38r373,24:EC:4A:C7:F5:3A,custom-11f9db6b38bd,3282,2026-07-14T13:45:49.191000Z,1784036749191,85.73
session-1784036780900-38r373,24:EC:4A:C7:F5:3A,custom-11f9db6b38bd,3283,2026-07-14T13:45:49.281000Z,1784036749281,85.73
session-1784036780900-38r373,24:EC:4A:C7:F5:3A,custom-11f9db6b38bd,3284,2026-07-14T13:45:49.370000Z,1784036749370,85.7
session-1784036780900-38r373,24:EC:4A:C7:F5:3A,custom-11f9db6b38bd,3285,2026-07-14T13:45:49.459000Z,1784036749459,85.73
session-1784036780900-38r373,24:EC:4A:C7:F5:3A,custom-11f9db6b38bd,3286,2026-07-14T13:45:49.550000Z,1784036749550,85.28
session-1784036780900-38r373,24:EC:4A:C7:F5:3A,custom-11f9db6b38bd,3287,2026-07-14T13:45:49.701000Z,1784036749701,85.7
session-1784036780900-38r373,24:EC:4A:C7:F5:3A,custom-11f9db6b38bd,3288,2026-07-14T13:45:49.776000Z,1784036749776,85.66
session-1784036780900-38r373,24:EC:4A:C7:F5:3A,custom-11f9db6b38bd,3289,2026-07-14T13:45:49.865000Z,1784036749865,85.68
session-1784036780900-38r373,24:EC:4A:C7:F5:3A,custom-11f9db6b38bd,3290,2026-07-14T13:45:49.957000Z,1784036749957,85.66
session-1784036780900-38r373,24:EC:4A:C7:F5:3A,custom-11f9db6b38bd,3291,2026-07-14T13:45:50.090000Z,1784036750090,85.7
session-1784036780900-38r373,24:EC:4A:C7:F5:3A,custom-11f9db6b38bd,3292,2026-07-14T13:45:50.223000Z,1784036750223,85.68
session-1784036780900-38r373,24:EC:4A:C7:F5:3A,custom-11f9db6b38bd,3293,2026-07-14T13:45:50.271000Z,1784036750271,85.71
session-1784036780900-38r373,24:EC:4A:C7:F5:3A,custom-11f9db6b38bd,3294,2026-07-14T13:45:50.360000Z,1784036750360,85.78
session-1784036780900-38r373,24:EC:4A:C7:F5:3A,custom-11f9db6b38bd,3295,2026-07-14T13:45:50.450000Z,1784036750450,85.75
session-1784036780900-38r373,24:EC:4A:C7:F5:3A,custom-11f9db6b38bd,3296,2026-07-14T13:45:50.601000Z,1784036750601,85.71
session-1784036780900-38r373,24:EC:4A:C7:F5:3A,custom-11f9db6b38bd,3297,2026-07-14T13:45:50.676000Z,1784036750676,85.75
session-1784036780900-38r373,24:EC:4A:C7:F5:3A,custom-11f9db6b38bd,3298,2026-07-14T13:45:50.812000Z,1784036750812,85.73
session-1784036780900-38r373,24:EC:4A:C7:F5:3A,custom-11f9db6b38bd,3299,2026-07-14T13:45:50.855000Z,1784036750855,85.7
session-1784036780900-38r373,24:EC:4A:C7:F5:3A,custom-11f9db6b38bd,3300,2026-07-14T13:45:50.990000Z,1784036750990,85.71
session-1784036780900-38r373,24:EC:4A:C7:F5:3A,custom-11f9db6b38bd,3301,2026-07-14T13:45:51.081000Z,1784036751081,85.75
session-1784036780900-38r373,24:EC:4A:C7:F5:3A,custom-11f9db6b38bd,3302,2026-07-14T13:45:51.171000Z,1784036751171,85.77
session-1784036780900-38r373,24:EC:4A:C7:F5:3A,custom-11f9db6b38bd,3303,2026-07-14T13:45:51.260000Z,1784036751260,85.33
session-1784036780900-38r373,24:EC:4A:C7:F5:3A,custom-11f9db6b38bd,3304,2026-07-14T13:45:51.351000Z,1784036751351,85.8
session-1784036780900-38r373,24:EC:4A:C7:F5:3A,custom-11f9db6b38bd,3305,2026-07-14T13:45:51.502000Z,1784036751502,85.82
session-1784036780900-38r373,24:EC:4A:C7:F5:3A,custom-11f9db6b38bd,3306,2026-07-14T13:45:51.574000Z,1784036751574,85.84
session-1784036780900-38r373,24:EC:4A:C7:F5:3A,custom-11f9db6b38bd,3307,2026-07-14T13:45:51.666000Z,1784036751666,85.31
session-1784036780900-38r373,24:EC:4A:C7:F5:3A,custom-11f9db6b38bd,3308,2026-07-14T13:45:51.757000Z,1784036751757,85.35
session-1784036780900-38r373,24:EC:4A:C7:F5:3A,custom-11f9db6b38bd,3309,2026-07-14T13:45:51.890000Z,1784036751890,85.3
session-1784036780900-38r373,24:EC:4A:C7:F5:3A,custom-11f9db6b38bd,3310,2026-07-14T13:45:51.979000Z,1784036751979,85.31
session-1784036780900-38r373,24:EC:4A:C7:F5:3A,custom-11f9db6b38bd,3311,2026-07-14T13:45:52.069000Z,1784036752069,85.26
session-1784036780900-38r373,24:EC:4A:C7:F5:3A,custom-11f9db6b38bd,3312,2026-07-14T13:45:52.161000Z,1784036752161,85.82
session-1784036780900-38r373,24:EC:4A:C7:F5:3A,custom-11f9db6b38bd,3313,2026-07-14T13:45:52.250000Z,1784036752250,85.77
session-1784036780900-38r373,24:EC:4A:C7:F5:3A,custom-11f9db6b38bd,3314,2026-07-14T13:45:52.401000Z,1784036752401,85.3
session-1784036780900-38r373,24:EC:4A:C7:F5:3A,custom-11f9db6b38bd,3315,2026-07-14T13:45:52.474000Z,1784036752474,85.28
session-1784036780900-38r373,24:EC:4A:C7:F5:3A,custom-11f9db6b38bd,3316,2026-07-14T13:45:52.566000Z,1784036752566,85.84
session-1784036780900-38r373,24:EC:4A:C7:F5:3A,custom-11f9db6b38bd,3317,2026-07-14T13:45:52.702000Z,1784036752702,85.75
session-1784036780900-38r373,24:EC:4A:C7:F5:3A,custom-11f9db6b38bd,3318,2026-07-14T13:45:52.789000Z,1784036752789,85.75
session-1784036780900-38r373,24:EC:4A:C7:F5:3A,custom-11f9db6b38bd,3319,2026-07-14T13:45:52.880000Z,1784036752880,85.73
session-1784036780900-38r373,24:EC:4A:C7:F5:3A,custom-11f9db6b38bd,3320,2026-07-14T13:45:52.970000Z,1784036752970,85.78
session-1784036780900-38r373,24:EC:4A:C7:F5:3A,custom-11f9db6b38bd,3321,2026-07-14T13:45:53.061000Z,1784036753061,85.77
session-1784036780900-38r373,24:EC:4A:C7:F5:3A,custom-11f9db6b38bd,3322,2026-07-14T13:45:53.152000Z,1784036753152,85.66
session-1784036780900-38r373,24:EC:4A:C7:F5:3A,custom-11f9db6b38bd,3323,2026-07-14T13:45:53.302000Z,1784036753302,86.19
session-1784036780900-38r373,24:EC:4A:C7:F5:3A,custom-11f9db6b38bd,3324,2026-07-14T13:45:53.375000Z,1784036753375,85.73
session-1784036780900-38r373,24:EC:4A:C7:F5:3A,custom-11f9db6b38bd,3325,2026-07-14T13:45:53.467000Z,1784036753467,85.71
session-1784036780900-38r373,24:EC:4A:C7:F5:3A,custom-11f9db6b38bd,3326,2026-07-14T13:45:53.553000Z,1784036753553,85.7
session-1784036780900-38r373,24:EC:4A:C7:F5:3A,custom-11f9db6b38bd,3327,2026-07-14T13:45:53.691000Z,1784036753691,85.7
session-1784036780900-38r373,24:EC:4A:C7:F5:3A,custom-11f9db6b38bd,3328,2026-07-14T13:45:53.781000Z,1784036753781,85.68
session-1784036780900-38r373,24:EC:4A:C7:F5:3A,custom-11f9db6b38bd,3329,2026-07-14T13:45:53.870000Z,1784036753870,85.8
session-1784036780900-38r373,24:EC:4A:C7:F5:3A,custom-11f9db6b38bd,3330,2026-07-14T13:45:53.961000Z,1784036753961,85.28
session-1784036780900-38r373,24:EC:4A:C7:F5:3A,custom-11f9db6b38bd,3331,2026-07-14T13:45:54.051000Z,1784036754051,85.73
session-1784036780900-38r373,24:EC:4A:C7:F5:3A,custom-11f9db6b38bd,3332,2026-07-14T13:45:54.202000Z,1784036754202,85.77
session-1784036780900-38r373,24:EC:4A:C7:F5:3A,custom-11f9db6b38bd,3333,2026-07-14T13:45:54.275000Z,1784036754275,85.71
session-1784036780900-38r373,24:EC:4A:C7:F5:3A,custom-11f9db6b38bd,3334,2026-07-14T13:45:54.364000Z,1784036754364,85.77
session-1784036780900-38r373,24:EC:4A:C7:F5:3A,custom-11f9db6b38bd,3335,2026-07-14T13:45:54.500000Z,1784036754500,85.77
session-1784036780900-38r373,24:EC:4A:C7:F5:3A,custom-11f9db6b38bd,3336,2026-07-14T13:45:54.590000Z,1784036754590,85.77
session-1784036780900-38r373,24:EC:4A:C7:F5:3A,custom-11f9db6b38bd,3337,2026-07-14T13:45:54.681000Z,1784036754681,85.8
session-1784036780900-38r373,24:EC:4A:C7:F5:3A,custom-11f9db6b38bd,3338,2026-07-14T13:45:54.770000Z,1784036754770,85.75
session-1784036780900-38r373,24:EC:4A:C7:F5:3A,custom-11f9db6b38bd,3339,2026-07-14T13:45:54.861000Z,1784036754861,85.82
session-1784036780900-38r373,24:EC:4A:C7:F5:3A,custom-11f9db6b38bd,3340,2026-07-14T13:45:54.952000Z,1784036754952,85.31
session-1784036780900-38r373,24:EC:4A:C7:F5:3A,custom-11f9db6b38bd,3341,2026-07-14T13:45:55.104000Z,1784036755104,85.84
session-1784036780900-38r373,24:EC:4A:C7:F5:3A,custom-11f9db6b38bd,3342,2026-07-14T13:45:55.176000Z,1784036755176,85.31
session-1784036780900-38r373,24:EC:4A:C7:F5:3A,custom-11f9db6b38bd,3343,2026-07-14T13:45:55.266000Z,1784036755266,85.77
session-1784036780900-38r373,24:EC:4A:C7:F5:3A,custom-11f9db6b38bd,3344,2026-07-14T13:45:55.356000Z,1784036755356,85.82
session-1784036780900-38r373,24:EC:4A:C7:F5:3A,custom-11f9db6b38bd,3345,2026-07-14T13:45:55.490000Z,1784036755490,85.77
session-1784036780900-38r373,24:EC:4A:C7:F5:3A,custom-11f9db6b38bd,3346,2026-07-14T13:45:55.580000Z,1784036755580,85.78
session-1784036780900-38r373,24:EC:4A:C7:F5:3A,custom-11f9db6b38bd,3347,2026-07-14T13:45:55.670000Z,1784036755670,85.84
session-1784036780900-38r373,24:EC:4A:C7:F5:3A,custom-11f9db6b38bd,3348,2026-07-14T13:45:55.760000Z,1784036755760,85.85
session-1784036780900-38r373,24:EC:4A:C7:F5:3A,custom-11f9db6b38bd,3349,2026-07-14T13:45:55.850000Z,1784036755850,85.31
session-1784036780900-38r373,24:EC:4A:C7:F5:3A,custom-11f9db6b38bd,3350,2026-07-14T13:45:56.001000Z,1784036756001,85.85
session-1784036780900-38r373,24:EC:4A:C7:F5:3A,custom-11f9db6b38bd,3351,2026-07-14T13:45:56.075000Z,1784036756075,85.8
session-1784036780900-38r373,24:EC:4A:C7:F5:3A,custom-11f9db6b38bd,3352,2026-07-14T13:45:56.165000Z,1784036756165,85.8
session-1784036780900-38r373,24:EC:4A:C7:F5:3A,custom-11f9db6b38bd,3353,2026-07-14T13:45:56.256000Z,1784036756256,85.77
session-1784036780900-38r373,24:EC:4A:C7:F5:3A,custom-11f9db6b38bd,3354,2026-07-14T13:45:56.390000Z,1784036756390,85.78
session-1784036780900-38r373,24:EC:4A:C7:F5:3A,custom-11f9db6b38bd,3355,2026-07-14T13:45:56.479000Z,1784036756479,85.73
session-1784036780900-38r373,24:EC:4A:C7:F5:3A,custom-11f9db6b38bd,3356,2026-07-14T13:45:56.570000Z,1784036756570,85.75
session-1784036780900-38r373,24:EC:4A:C7:F5:3A,custom-11f9db6b38bd,3357,2026-07-14T13:45:56.661000Z,1784036756661,85.23
session-1784036780900-38r373,24:EC:4A:C7:F5:3A,custom-11f9db6b38bd,3358,2026-07-14T13:45:56.751000Z,1784036756751,85.26
session-1784036780900-38r373,24:EC:4A:C7:F5:3A,custom-11f9db6b38bd,3359,2026-07-14T13:45:56.903000Z,1784036756903,85.73
session-1784036780900-38r373,24:EC:4A:C7:F5:3A,custom-11f9db6b38bd,3360,2026-07-14T13:45:57.020000Z,1784036757020,85.28
session-1784036780900-38r373,24:EC:4A:C7:F5:3A,custom-11f9db6b38bd,3361,2026-07-14T13:45:57.066000Z,1784036757066,85.7
session-1784036780900-38r373,24:EC:4A:C7:F5:3A,custom-11f9db6b38bd,3362,2026-07-14T13:45:57.156000Z,1784036757156,85.7
session-1784036780900-38r373,24:EC:4A:C7:F5:3A,custom-11f9db6b38bd,3363,2026-07-14T13:45:57.290000Z,1784036757290,85.7
session-1784036780900-38r373,24:EC:4A:C7:F5:3A,custom-11f9db6b38bd,3364,2026-07-14T13:45:57.380000Z,1784036757380,85.7
session-1784036780900-38r373,24:EC:4A:C7:F5:3A,custom-11f9db6b38bd,3365,2026-07-14T13:45:57.471000Z,1784036757471,85.68
session-1784036780900-38r373,24:EC:4A:C7:F5:3A,custom-11f9db6b38bd,3366,2026-07-14T13:45:57.560000Z,1784036757560,85.73
session-1784036780900-38r373,24:EC:4A:C7:F5:3A,custom-11f9db6b38bd,3367,2026-07-14T13:45:57.651000Z,1784036757651,85.71
session-1784036780900-38r373,24:EC:4A:C7:F5:3A,custom-11f9db6b38bd,3368,2026-07-14T13:45:57.802000Z,1784036757802,85.68
session-1784036780900-38r373,24:EC:4A:C7:F5:3A,custom-11f9db6b38bd,3369,2026-07-14T13:45:57.876000Z,1784036757876,85.7
session-1784036780900-38r373,24:EC:4A:C7:F5:3A,custom-11f9db6b38bd,3370,2026-07-14T13:45:57.965000Z,1784036757965,85.68
session-1784036780900-38r373,24:EC:4A:C7:F5:3A,custom-11f9db6b38bd,3371,2026-07-14T13:45:58.057000Z,1784036758057,85.28
session-1784036780900-38r373,24:EC:4A:C7:F5:3A,custom-11f9db6b38bd,3372,2026-07-14T13:45:58.190000Z,1784036758190,85.7
session-1784036780900-38r373,24:EC:4A:C7:F5:3A,custom-11f9db6b38bd,3373,2026-07-14T13:45:58.281000Z,1784036758281,85.73
session-1784036780900-38r373,24:EC:4A:C7:F5:3A,custom-11f9db6b38bd,3374,2026-07-14T13:45:58.370000Z,1784036758370,85.7
session-1784036780900-38r373,24:EC:4A:C7:F5:3A,custom-11f9db6b38bd,3375,2026-07-14T13:45:58.460000Z,1784036758460,85.57
session-1784036780900-38r373,24:EC:4A:C7:F5:3A,custom-11f9db6b38bd,3376,2026-07-14T13:45:58.550000Z,1784036758550,85.71
session-1784036780900-38r373,24:EC:4A:C7:F5:3A,custom-11f9db6b38bd,3377,2026-07-14T13:45:58.701000Z,1784036758701,85.7
session-1784036780900-38r373,24:EC:4A:C7:F5:3A,custom-11f9db6b38bd,3378,2026-07-14T13:45:58.774000Z,1784036758774,85.57
session-1784036780900-38r373,24:EC:4A:C7:F5:3A,custom-11f9db6b38bd,3379,2026-07-14T13:45:58.866000Z,1784036758866,85.73
session-1784036780900-38r373,24:EC:4A:C7:F5:3A,custom-11f9db6b38bd,3380,2026-07-14T13:45:58.955000Z,1784036758955,85.68
session-1784036780900-38r373,24:EC:4A:C7:F5:3A,custom-11f9db6b38bd,3381,2026-07-14T13:45:59.090000Z,1784036759090,85.73
session-1784036780900-38r373,24:EC:4A:C7:F5:3A,custom-11f9db6b38bd,3382,2026-07-14T13:45:59.180000Z,1784036759180,85.61
session-1784036780900-38r373,24:EC:4A:C7:F5:3A,custom-11f9db6b38bd,3383,2026-07-14T13:45:59.270000Z,1784036759270,85.7
session-1784036780900-38r373,24:EC:4A:C7:F5:3A,custom-11f9db6b38bd,3384,2026-07-14T13:45:59.360000Z,1784036759360,85.26
session-1784036780900-38r373,24:EC:4A:C7:F5:3A,custom-11f9db6b38bd,3385,2026-07-14T13:45:59.449000Z,1784036759449,85.24
session-1784036780900-38r373,24:EC:4A:C7:F5:3A,custom-11f9db6b38bd,3386,2026-07-14T13:45:59.599000Z,1784036759599,85.14
session-1784036780900-38r373,24:EC:4A:C7:F5:3A,custom-11f9db6b38bd,3387,2026-07-14T13:45:59.676000Z,1784036759676,85.28
session-1784036780900-38r373,24:EC:4A:C7:F5:3A,custom-11f9db6b38bd,3388,2026-07-14T13:45:59.765000Z,1784036759765,85.3
session-1784036780900-38r373,24:EC:4A:C7:F5:3A,custom-11f9db6b38bd,3389,2026-07-14T13:45:59.855000Z,1784036759855,85.3
session-1784036780900-38r373,24:EC:4A:C7:F5:3A,custom-11f9db6b38bd,3390,2026-07-14T13:45:59.991000Z,1784036759991,85.3
session-1784036780900-38r373,24:EC:4A:C7:F5:3A,custom-11f9db6b38bd,3391,2026-07-14T13:46:00.079000Z,1784036760079,85.73
session-1784036780900-38r373,24:EC:4A:C7:F5:3A,custom-11f9db6b38bd,3392,2026-07-14T13:46:00.170000Z,1784036760170,85.73
session-1784036780900-38r373,24:EC:4A:C7:F5:3A,custom-11f9db6b38bd,3393,2026-07-14T13:46:00.260000Z,1784036760260,85.7
session-1784036780900-38r373,24:EC:4A:C7:F5:3A,custom-11f9db6b38bd,3394,2026-07-14T13:46:00.351000Z,1784036760351,85.7
session-1784036780900-38r373,24:EC:4A:C7:F5:3A,custom-11f9db6b38bd,3395,2026-07-14T13:46:00.501000Z,1784036760501,85.71
session-1784036780900-38r373,24:EC:4A:C7:F5:3A,custom-11f9db6b38bd,3396,2026-07-14T13:46:00.575000Z,1784036760575,85.16
session-1784036780900-38r373,24:EC:4A:C7:F5:3A,custom-11f9db6b38bd,3397,2026-07-14T13:46:00.665000Z,1784036760665,85.71
session-1784036780900-38r373,24:EC:4A:C7:F5:3A,custom-11f9db6b38bd,3398,2026-07-14T13:46:00.756000Z,1784036760756,85.7
session-1784036780900-38r373,24:EC:4A:C7:F5:3A,custom-11f9db6b38bd,3399,2026-07-14T13:46:00.890000Z,1784036760890,85.57
session-1784036780900-38r373,24:EC:4A:C7:F5:3A,custom-11f9db6b38bd,3400,2026-07-14T13:46:00.980000Z,1784036760980,86.08
session-1784036780900-38r373,24:EC:4A:C7:F5:3A,custom-11f9db6b38bd,3401,2026-07-14T13:46:01.070000Z,1784036761070,85.63
session-1784036780900-38r373,24:EC:4A:C7:F5:3A,custom-11f9db6b38bd,3402,2026-07-14T13:46:01.161000Z,1784036761161,85.75
session-1784036780900-38r373,24:EC:4A:C7:F5:3A,custom-11f9db6b38bd,3403,2026-07-14T13:46:01.251000Z,1784036761251,85.73
session-1784036780900-38r373,24:EC:4A:C7:F5:3A,custom-11f9db6b38bd,3404,2026-07-14T13:46:01.402000Z,1784036761402,85.71
session-1784036780900-38r373,24:EC:4A:C7:F5:3A,custom-11f9db6b38bd,3405,2026-07-14T13:46:01.476000Z,1784036761476,85.7
session-1784036780900-38r373,24:EC:4A:C7:F5:3A,custom-11f9db6b38bd,3406,2026-07-14T13:46:01.564000Z,1784036761564,85.7
session-1784036780900-38r373,24:EC:4A:C7:F5:3A,custom-11f9db6b38bd,3407,2026-07-14T13:46:01.655000Z,1784036761655,85.24
session-1784036780900-38r373,24:EC:4A:C7:F5:3A,custom-11f9db6b38bd,3408,2026-07-14T13:46:01.792000Z,1784036761792,85.24
session-1784036780900-38r373,24:EC:4A:C7:F5:3A,custom-11f9db6b38bd,3409,2026-07-14T13:46:01.880000Z,1784036761880,85.68
session-1784036780900-38r373,24:EC:4A:C7:F5:3A,custom-11f9db6b38bd,3410,2026-07-14T13:46:01.972000Z,1784036761972,85.73
session-1784036780900-38r373,24:EC:4A:C7:F5:3A,custom-11f9db6b38bd,3411,2026-07-14T13:46:02.061000Z,1784036762061,85.71
session-1784036780900-38r373,24:EC:4A:C7:F5:3A,custom-11f9db6b38bd,3412,2026-07-14T13:46:02.152000Z,1784036762152,85.68
session-1784036780900-38r373,24:EC:4A:C7:F5:3A,custom-11f9db6b38bd,3413,2026-07-14T13:46:02.304000Z,1784036762304,85.21
session-1784036780900-38r373,24:EC:4A:C7:F5:3A,custom-11f9db6b38bd,3414,2026-07-14T13:46:02.375000Z,1784036762375,85.21
session-1784036780900-38r373,24:EC:4A:C7:F5:3A,custom-11f9db6b38bd,3415,2026-07-14T13:46:02.465000Z,1784036762465,85.7
session-1784036780900-38r373,24:EC:4A:C7:F5:3A,custom-11f9db6b38bd,3416,2026-07-14T13:46:02.600000Z,1784036762600,85.19
session-1784036780900-38r373,24:EC:4A:C7:F5:3A,custom-11f9db6b38bd,3417,2026-07-14T13:46:02.691000Z,1784036762691,85.71
session-1784036780900-38r373,24:EC:4A:C7:F5:3A,custom-11f9db6b38bd,3418,2026-07-14T13:46:02.781000Z,1784036762781,85.7
session-1784036780900-38r373,24:EC:4A:C7:F5:3A,custom-11f9db6b38bd,3419,2026-07-14T13:46:02.870000Z,1784036762870,85.68
session-1784036780900-38r373,24:EC:4A:C7:F5:3A,custom-11f9db6b38bd,3420,2026-07-14T13:46:02.961000Z,1784036762961,85.59
session-1784036780900-38r373,24:EC:4A:C7:F5:3A,custom-11f9db6b38bd,3421,2026-07-14T13:46:03.052000Z,1784036763052,85.59
session-1784036780900-38r373,24:EC:4A:C7:F5:3A,custom-11f9db6b38bd,3422,2026-07-14T13:46:03.203000Z,1784036763203,85.64
session-1784036780900-38r373,24:EC:4A:C7:F5:3A,custom-11f9db6b38bd,3423,2026-07-14T13:46:03.276000Z,1784036763276,85.59
session-1784036780900-38r373,24:EC:4A:C7:F5:3A,custom-11f9db6b38bd,3424,2026-07-14T13:46:03.365000Z,1784036763365,85.59
session-1784036780900-38r373,24:EC:4A:C7:F5:3A,custom-11f9db6b38bd,3425,2026-07-14T13:46:03.461000Z,1784036763461,85.61
session-1784036780900-38r373,24:EC:4A:C7:F5:3A,custom-11f9db6b38bd,3426,2026-07-14T13:46:03.589000Z,1784036763589,85.57
session-1784036780900-38r373,24:EC:4A:C7:F5:3A,custom-11f9db6b38bd,3427,2026-07-14T13:46:03.680000Z,1784036763680,85.71
session-1784036780900-38r373,24:EC:4A:C7:F5:3A,custom-11f9db6b38bd,3428,2026-07-14T13:46:03.769000Z,1784036763769,85.71
session-1784036780900-38r373,24:EC:4A:C7:F5:3A,custom-11f9db6b38bd,3429,2026-07-14T13:46:03.860000Z,1784036763860,85.68
session-1784036780900-38r373,24:EC:4A:C7:F5:3A,custom-11f9db6b38bd,3430,2026-07-14T13:46:03.950000Z,1784036763950,85.73
session-1784036780900-38r373,24:EC:4A:C7:F5:3A,custom-11f9db6b38bd,3431,2026-07-14T13:46:04.100000Z,1784036764100,85.75
session-1784036780900-38r373,24:EC:4A:C7:F5:3A,custom-11f9db6b38bd,3432,2026-07-14T13:46:04.310000Z,1784036764310,85.75
session-1784036780900-38r373,24:EC:4A:C7:F5:3A,custom-11f9db6b38bd,3433,2026-07-14T13:46:04.311000Z,1784036764311,85.28
session-1784036780900-38r373,24:EC:4A:C7:F5:3A,custom-11f9db6b38bd,3434,2026-07-14T13:46:04.354000Z,1784036764354,85.71
session-1784036780900-38r373,24:EC:4A:C7:F5:3A,custom-11f9db6b38bd,3435,2026-07-14T13:46:04.490000Z,1784036764490,85.7
session-1784036780900-38r373,24:EC:4A:C7:F5:3A,custom-11f9db6b38bd,3436,2026-07-14T13:46:04.625000Z,1784036764625,85.71
session-1784036780900-38r373,24:EC:4A:C7:F5:3A,custom-11f9db6b38bd,3437,2026-07-14T13:46:04.669000Z,1784036764669,85.7
session-1784036780900-38r373,24:EC:4A:C7:F5:3A,custom-11f9db6b38bd,3438,2026-07-14T13:46:04.760000Z,1784036764760,85.68
session-1784036780900-38r373,24:EC:4A:C7:F5:3A,custom-11f9db6b38bd,3439,2026-07-14T13:46:04.850000Z,1784036764850,85.7
session-1784036780900-38r373,24:EC:4A:C7:F5:3A,custom-11f9db6b38bd,3440,2026-07-14T13:46:05.001000Z,1784036765001,85.7
session-1784036780900-38r373,24:EC:4A:C7:F5:3A,custom-11f9db6b38bd,3441,2026-07-14T13:46:05.074000Z,1784036765074,85.71
session-1784036780900-38r373,24:EC:4A:C7:F5:3A,custom-11f9db6b38bd,3442,2026-07-14T13:46:05.166000Z,1784036765166,85.19
session-1784036780900-38r373,24:EC:4A:C7:F5:3A,custom-11f9db6b38bd,3443,2026-07-14T13:46:05.256000Z,1784036765256,86.15
session-1784036780900-38r373,24:EC:4A:C7:F5:3A,custom-11f9db6b38bd,3444,2026-07-14T13:46:05.407000Z,1784036765407,85.61
session-1784036780900-38r373,24:EC:4A:C7:F5:3A,custom-11f9db6b38bd,3445,2026-07-14T13:46:05.480000Z,1784036765480,85.16
session-1784036780900-38r373,24:EC:4A:C7:F5:3A,custom-11f9db6b38bd,3446,2026-07-14T13:46:05.570000Z,1784036765570,85.66
session-1784036780900-38r373,24:EC:4A:C7:F5:3A,custom-11f9db6b38bd,3447,2026-07-14T13:46:05.662000Z,1784036765662,85.61
session-1784036780900-38r373,24:EC:4A:C7:F5:3A,custom-11f9db6b38bd,3448,2026-07-14T13:46:05.751000Z,1784036765751,85.56
session-1784036780900-38r373,24:EC:4A:C7:F5:3A,custom-11f9db6b38bd,3449,2026-07-14T13:46:05.902000Z,1784036765902,85.59
session-1784036780900-38r373,24:EC:4A:C7:F5:3A,custom-11f9db6b38bd,3450,2026-07-14T13:46:05.976000Z,1784036765976,86.03
session-1784036780900-38r373,24:EC:4A:C7:F5:3A,custom-11f9db6b38bd,3451,2026-07-14T13:46:06.110000Z,1784036766110,85.57
session-1784036780900-38r373,24:EC:4A:C7:F5:3A,custom-11f9db6b38bd,3452,2026-07-14T13:46:06.156000Z,1784036766156,85.56
session-1784036780900-38r373,24:EC:4A:C7:F5:3A,custom-11f9db6b38bd,3453,2026-07-14T13:46:06.291000Z,1784036766291,85.54
session-1784036780900-38r373,24:EC:4A:C7:F5:3A,custom-11f9db6b38bd,3454,2026-07-14T13:46:06.380000Z,1784036766380,85.49
session-1784036780900-38r373,24:EC:4A:C7:F5:3A,custom-11f9db6b38bd,3455,2026-07-14T13:46:06.471000Z,1784036766471,85.54
session-1784036780900-38r373,24:EC:4A:C7:F5:3A,custom-11f9db6b38bd,3456,2026-07-14T13:46:06.560000Z,1784036766560,85.57
session-1784036780900-38r373,24:EC:4A:C7:F5:3A,custom-11f9db6b38bd,3457,2026-07-14T13:46:06.696000Z,1784036766696,85.57
session-1784036780900-38r373,24:EC:4A:C7:F5:3A,custom-11f9db6b38bd,3458,2026-07-14T13:46:06.785000Z,1784036766785,85.57
session-1784036780900-38r373,24:EC:4A:C7:F5:3A,custom-11f9db6b38bd,3459,2026-07-14T13:46:06.875000Z,1784036766875,85.63
session-1784036780900-38r373,24:EC:4A:C7:F5:3A,custom-11f9db6b38bd,3460,2026-07-14T13:46:06.965000Z,1784036766965,85.73
session-1784036780900-38r373,24:EC:4A:C7:F5:3A,custom-11f9db6b38bd,3461,2026-07-14T13:46:07.100000Z,1784036767100,85.28
session-1784036780900-38r373,24:EC:4A:C7:F5:3A,custom-11f9db6b38bd,3462,2026-07-14T13:46:07.190000Z,1784036767190,85.26
session-1784036780900-38r373,24:EC:4A:C7:F5:3A,custom-11f9db6b38bd,3463,2026-07-14T13:46:07.281000Z,1784036767281,85.24
session-1784036780900-38r373,24:EC:4A:C7:F5:3A,custom-11f9db6b38bd,3464,2026-07-14T13:46:07.370000Z,1784036767370,85.7
session-1784036780900-38r373,24:EC:4A:C7:F5:3A,custom-11f9db6b38bd,3465,2026-07-14T13:46:07.461000Z,1784036767461,85.66
session-1784036780900-38r373,24:EC:4A:C7:F5:3A,custom-11f9db6b38bd,3466,2026-07-14T13:46:07.549000Z,1784036767549,85.12
session-1784036780900-38r373,24:EC:4A:C7:F5:3A,custom-11f9db6b38bd,3467,2026-07-14T13:46:07.699000Z,1784036767699,85.14
session-1784036780900-38r373,24:EC:4A:C7:F5:3A,custom-11f9db6b38bd,3468,2026-07-14T13:46:07.775000Z,1784036767775,85.63
session-1784036780900-38r373,24:EC:4A:C7:F5:3A,custom-11f9db6b38bd,3469,2026-07-14T13:46:07.911000Z,1784036767911,85.63
session-1784036780900-38r373,24:EC:4A:C7:F5:3A,custom-11f9db6b38bd,3470,2026-07-14T13:46:07.955000Z,1784036767955,85.57
session-1784036780900-38r373,24:EC:4A:C7:F5:3A,custom-11f9db6b38bd,3471,2026-07-14T13:46:08.091000Z,1784036768091,85.63
session-1784036780900-38r373,24:EC:4A:C7:F5:3A,custom-11f9db6b38bd,3472,2026-07-14T13:46:08.226000Z,1784036768226,85.57
session-1784036780900-38r373,24:EC:4A:C7:F5:3A,custom-11f9db6b38bd,3473,2026-07-14T13:46:08.271000Z,1784036768271,86.01
session-1784036780900-38r373,24:EC:4A:C7:F5:3A,custom-11f9db6b38bd,3474,2026-07-14T13:46:08.360000Z,1784036768360,85.52
session-1784036780900-38r373,24:EC:4A:C7:F5:3A,custom-11f9db6b38bd,3475,2026-07-14T13:46:08.452000Z,1784036768452,85.5
session-1784036780900-38r373,24:EC:4A:C7:F5:3A,custom-11f9db6b38bd,3476,2026-07-14T13:46:08.601000Z,1784036768601,85.49
session-1784036780900-38r373,24:EC:4A:C7:F5:3A,custom-11f9db6b38bd,3477,2026-07-14T13:46:08.676000Z,1784036768676,85.54
session-1784036780900-38r373,24:EC:4A:C7:F5:3A,custom-11f9db6b38bd,3478,2026-07-14T13:46:08.765000Z,1784036768765,85.92
session-1784036780900-38r373,24:EC:4A:C7:F5:3A,custom-11f9db6b38bd,3479,2026-07-14T13:46:08.856000Z,1784036768856,85.52
session-1784036780900-38r373,24:EC:4A:C7:F5:3A,custom-11f9db6b38bd,3480,2026-07-14T13:46:08.990000Z,1784036768990,85.91
session-1784036780900-38r373,24:EC:4A:C7:F5:3A,custom-11f9db6b38bd,3481,2026-07-14T13:46:09.080000Z,1784036769080,85.94
session-1784036780900-38r373,24:EC:4A:C7:F5:3A,custom-11f9db6b38bd,3482,2026-07-14T13:46:09.216000Z,1784036769216,85.5
session-1784036780900-38r373,24:EC:4A:C7:F5:3A,custom-11f9db6b38bd,3483,2026-07-14T13:46:09.260000Z,1784036769260,85.49
session-1784036780900-38r373,24:EC:4A:C7:F5:3A,custom-11f9db6b38bd,3484,2026-07-14T13:46:09.351000Z,1784036769351,85.47
session-1784036780900-38r373,24:EC:4A:C7:F5:3A,custom-11f9db6b38bd,3485,2026-07-14T13:46:09.501000Z,1784036769501,85.47
session-1784036780900-38r373,24:EC:4A:C7:F5:3A,custom-11f9db6b38bd,3486,2026-07-14T13:46:09.575000Z,1784036769575,85.47
session-1784036780900-38r373,24:EC:4A:C7:F5:3A,custom-11f9db6b38bd,3487,2026-07-14T13:46:09.666000Z,1784036769666,85.91
session-1784036780900-38r373,24:EC:4A:C7:F5:3A,custom-11f9db6b38bd,3488,2026-07-14T13:46:09.756000Z,1784036769756,85.92
session-1784036780900-38r373,24:EC:4A:C7:F5:3A,custom-11f9db6b38bd,3489,2026-07-14T13:46:09.889000Z,1784036769889,85.54
session-1784036780900-38r373,24:EC:4A:C7:F5:3A,custom-11f9db6b38bd,3490,2026-07-14T13:46:09.980000Z,1784036769980,85.5
session-1784036780900-38r373,24:EC:4A:C7:F5:3A,custom-11f9db6b38bd,3491,2026-07-14T13:46:10.070000Z,1784036770070,85.94
session-1784036780900-38r373,24:EC:4A:C7:F5:3A,custom-11f9db6b38bd,3492,2026-07-14T13:46:10.161000Z,1784036770161,85.54
session-1784036780900-38r373,24:EC:4A:C7:F5:3A,custom-11f9db6b38bd,3493,2026-07-14T13:46:10.250000Z,1784036770250,85.57
session-1784036780900-38r373,24:EC:4A:C7:F5:3A,custom-11f9db6b38bd,3494,2026-07-14T13:46:10.401000Z,1784036770401,85.61
session-1784036780900-38r373,24:EC:4A:C7:F5:3A,custom-11f9db6b38bd,3495,2026-07-14T13:46:10.474000Z,1784036770474,85.64
session-1784036780900-38r373,24:EC:4A:C7:F5:3A,custom-11f9db6b38bd,3496,2026-07-14T13:46:10.565000Z,1784036770565,85.66
session-1784036780900-38r373,24:EC:4A:C7:F5:3A,custom-11f9db6b38bd,3497,2026-07-14T13:46:10.655000Z,1784036770655,85.73
session-1784036780900-38r373,24:EC:4A:C7:F5:3A,custom-11f9db6b38bd,3498,2026-07-14T13:46:10.790000Z,1784036770790,85.71
session-1784036780900-38r373,24:EC:4A:C7:F5:3A,custom-11f9db6b38bd,3499,2026-07-14T13:46:10.881000Z,1784036770881,85.26
session-1784036780900-38r373,24:EC:4A:C7:F5:3A,custom-11f9db6b38bd,3500,2026-07-14T13:46:10.972000Z,1784036770972,85.7
session-1784036780900-38r373,24:EC:4A:C7:F5:3A,custom-11f9db6b38bd,3501,2026-07-14T13:46:11.060000Z,1784036771060,85.71
session-1784036780900-38r373,24:EC:4A:C7:F5:3A,custom-11f9db6b38bd,3502,2026-07-14T13:46:11.151000Z,1784036771151,85.71
session-1784036780900-38r373,24:EC:4A:C7:F5:3A,custom-11f9db6b38bd,3503,2026-07-14T13:46:11.302000Z,1784036771302,85.7
session-1784036780900-38r373,24:EC:4A:C7:F5:3A,custom-11f9db6b38bd,3504,2026-07-14T13:46:11.376000Z,1784036771376,85.7
session-1784036780900-38r373,24:EC:4A:C7:F5:3A,custom-11f9db6b38bd,3505,2026-07-14T13:46:11.466000Z,1784036771466,85.59
session-1784036780900-38r373,24:EC:4A:C7:F5:3A,custom-11f9db6b38bd,3506,2026-07-14T13:46:11.599000Z,1784036771599,85.61
session-1784036780900-38r373,24:EC:4A:C7:F5:3A,custom-11f9db6b38bd,3507,2026-07-14T13:46:11.691000Z,1784036771691,85.56
session-1784036780900-38r373,24:EC:4A:C7:F5:3A,custom-11f9db6b38bd,3508,2026-07-14T13:46:11.781000Z,1784036771781,85.59
session-1784036780900-38r373,24:EC:4A:C7:F5:3A,custom-11f9db6b38bd,3509,2026-07-14T13:46:11.868000Z,1784036771868,85.56
session-1784036780900-38r373,24:EC:4A:C7:F5:3A,custom-11f9db6b38bd,3510,2026-07-14T13:46:11.961000Z,1784036771961,85.57
session-1784036780900-38r373,24:EC:4A:C7:F5:3A,custom-11f9db6b38bd,3511,2026-07-14T13:46:12.050000Z,1784036772050,85.54
session-1784036780900-38r373,24:EC:4A:C7:F5:3A,custom-11f9db6b38bd,3512,2026-07-14T13:46:12.201000Z,1784036772201,85.56
session-1784036780900-38r373,24:EC:4A:C7:F5:3A,custom-11f9db6b38bd,3513,2026-07-14T13:46:12.275000Z,1784036772275,85.57
session-1784036780900-38r373,24:EC:4A:C7:F5:3A,custom-11f9db6b38bd,3514,2026-07-14T13:46:12.363000Z,1784036772363,85.5
session-1784036780900-38r373,24:EC:4A:C7:F5:3A,custom-11f9db6b38bd,3515,2026-07-14T13:46:12.454000Z,1784036772454,85.52
session-1784036780900-38r373,24:EC:4A:C7:F5:3A,custom-11f9db6b38bd,3516,2026-07-14T13:46:12.591000Z,1784036772591,85.52
session-1784036780900-38r373,24:EC:4A:C7:F5:3A,custom-11f9db6b38bd,3517,2026-07-14T13:46:12.681000Z,1784036772681,85.52
session-1784036780900-38r373,24:EC:4A:C7:F5:3A,custom-11f9db6b38bd,3518,2026-07-14T13:46:12.769000Z,1784036772769,85.5
session-1784036780900-38r373,24:EC:4A:C7:F5:3A,custom-11f9db6b38bd,3519,2026-07-14T13:46:12.860000Z,1784036772860,85.57
session-1784036780900-38r373,24:EC:4A:C7:F5:3A,custom-11f9db6b38bd,3520,2026-07-14T13:46:12.951000Z,1784036772951,85.61
session-1784036780900-38r373,24:EC:4A:C7:F5:3A,custom-11f9db6b38bd,3521,2026-07-14T13:46:13.102000Z,1784036773102,85.56
session-1784036780900-38r373,24:EC:4A:C7:F5:3A,custom-11f9db6b38bd,3522,2026-07-14T13:46:13.174000Z,1784036773174,85.63
session-1784036780900-38r373,24:EC:4A:C7:F5:3A,custom-11f9db6b38bd,3523,2026-07-14T13:46:13.265000Z,1784036773265,85.64
session-1784036780900-38r373,24:EC:4A:C7:F5:3A,custom-11f9db6b38bd,3524,2026-07-14T13:46:13.356000Z,1784036773356,85.7
session-1784036780900-38r373,24:EC:4A:C7:F5:3A,custom-11f9db6b38bd,3525,2026-07-14T13:46:13.489000Z,1784036773489,85.16
session-1784036780900-38r373,24:EC:4A:C7:F5:3A,custom-11f9db6b38bd,3526,2026-07-14T13:46:13.578000Z,1784036773578,85.19
session-1784036780900-38r373,24:EC:4A:C7:F5:3A,custom-11f9db6b38bd,3527,2026-07-14T13:46:13.670000Z,1784036773670,85.71
session-1784036780900-38r373,24:EC:4A:C7:F5:3A,custom-11f9db6b38bd,3528,2026-07-14T13:46:13.761000Z,1784036773761,85.7
session-1784036780900-38r373,24:EC:4A:C7:F5:3A,custom-11f9db6b38bd,3529,2026-07-14T13:46:13.850000Z,1784036773850,85.68
session-1784036780900-38r373,24:EC:4A:C7:F5:3A,custom-11f9db6b38bd,3530,2026-07-14T13:46:14Z,1784036774000,85.3
session-1784036780900-38r373,24:EC:4A:C7:F5:3A,custom-11f9db6b38bd,3531,2026-07-14T13:46:14.075000Z,1784036774075,85.28
session-1784036780900-38r373,24:EC:4A:C7:F5:3A,custom-11f9db6b38bd,3532,2026-07-14T13:46:14.165000Z,1784036774165,85.73
session-1784036780900-38r373,24:EC:4A:C7:F5:3A,custom-11f9db6b38bd,3533,2026-07-14T13:46:14.256000Z,1784036774256,85.73
session-1784036780900-38r373,24:EC:4A:C7:F5:3A,custom-11f9db6b38bd,3534,2026-07-14T13:46:14.390000Z,1784036774390,85.59
session-1784036780900-38r373,24:EC:4A:C7:F5:3A,custom-11f9db6b38bd,3535,2026-07-14T13:46:14.480000Z,1784036774480,85.59
session-1784036780900-38r373,24:EC:4A:C7:F5:3A,custom-11f9db6b38bd,3536,2026-07-14T13:46:14.569000Z,1784036774569,85.57
session-1784036780900-38r373,24:EC:4A:C7:F5:3A,custom-11f9db6b38bd,3537,2026-07-14T13:46:14.661000Z,1784036774661,85.54
session-1784036780900-38r373,24:EC:4A:C7:F5:3A,custom-11f9db6b38bd,3538,2026-07-14T13:46:14.752000Z,1784036774752,85.54
session-1784036780900-38r373,24:EC:4A:C7:F5:3A,custom-11f9db6b38bd,3539,2026-07-14T13:46:14.902000Z,1784036774902,85.52
session-1784036780900-38r373,24:EC:4A:C7:F5:3A,custom-11f9db6b38bd,3540,2026-07-14T13:46:14.975000Z,1784036774975,85.54
session-1784036780900-38r373,24:EC:4A:C7:F5:3A,custom-11f9db6b38bd,3541,2026-07-14T13:46:15.065000Z,1784036775065,85.56
session-1784036780900-38r373,24:EC:4A:C7:F5:3A,custom-11f9db6b38bd,3542,2026-07-14T13:46:15.156000Z,1784036775156,85.52
session-1784036780900-38r373,24:EC:4A:C7:F5:3A,custom-11f9db6b38bd,3543,2026-07-14T13:46:15.306000Z,1784036775306,85.52
session-1784036780900-38r373,24:EC:4A:C7:F5:3A,custom-11f9db6b38bd,3544,2026-07-14T13:46:15.380000Z,1784036775380,85.56
session-1784036780900-38r373,24:EC:4A:C7:F5:3A,custom-11f9db6b38bd,3545,2026-07-14T13:46:15.515000Z,1784036775515,85.56
session-1784036780900-38r373,24:EC:4A:C7:F5:3A,custom-11f9db6b38bd,3546,2026-07-14T13:46:15.560000Z,1784036775560,85.56
session-1784036780900-38r373,24:EC:4A:C7:F5:3A,custom-11f9db6b38bd,3547,2026-07-14T13:46:15.650000Z,1784036775650,85.54
session-1784036780900-38r373,24:EC:4A:C7:F5:3A,custom-11f9db6b38bd,3548,2026-07-14T13:46:15.801000Z,1784036775801,85.1
session-1784036780900-38r373,24:EC:4A:C7:F5:3A,custom-11f9db6b38bd,3549,2026-07-14T13:46:15.874000Z,1784036775874,85.16
session-1784036780900-38r373,24:EC:4A:C7:F5:3A,custom-11f9db6b38bd,3550,2026-07-14T13:46:15.965000Z,1784036775965,85.24
session-1784036780900-38r373,24:EC:4A:C7:F5:3A,custom-11f9db6b38bd,3551,2026-07-14T13:46:16.055000Z,1784036776055,85.68
session-1784036780900-38r373,24:EC:4A:C7:F5:3A,custom-11f9db6b38bd,3552,2026-07-14T13:46:16.190000Z,1784036776190,85.73
session-1784036780900-38r373,24:EC:4A:C7:F5:3A,custom-11f9db6b38bd,3553,2026-07-14T13:46:16.326000Z,1784036776326,86.15
session-1784036780900-38r373,24:EC:4A:C7:F5:3A,custom-11f9db6b38bd,3554,2026-07-14T13:46:16.370000Z,1784036776370,85.71
session-1784036780900-38r373,24:EC:4A:C7:F5:3A,custom-11f9db6b38bd,3555,2026-07-14T13:46:16.460000Z,1784036776460,85.7
session-1784036780900-38r373,24:EC:4A:C7:F5:3A,custom-11f9db6b38bd,3556,2026-07-14T13:46:16.549000Z,1784036776549,85.71
session-1784036780900-38r373,24:EC:4A:C7:F5:3A,custom-11f9db6b38bd,3557,2026-07-14T13:46:16.702000Z,1784036776702,85.59
session-1784036780900-38r373,24:EC:4A:C7:F5:3A,custom-11f9db6b38bd,3558,2026-07-14T13:46:16.775000Z,1784036776775,86.13
session-1784036780900-38r373,24:EC:4A:C7:F5:3A,custom-11f9db6b38bd,3559,2026-07-14T13:46:16.865000Z,1784036776865,85.57
session-1784036780900-38r373,24:EC:4A:C7:F5:3A,custom-11f9db6b38bd,3560,2026-07-14T13:46:16.955000Z,1784036776955,85.59
session-1784036780900-38r373,24:EC:4A:C7:F5:3A,custom-11f9db6b38bd,3561,2026-07-14T13:46:17.090000Z,1784036777090,85.61
session-1784036780900-38r373,24:EC:4A:C7:F5:3A,custom-11f9db6b38bd,3562,2026-07-14T13:46:17.180000Z,1784036777180,85.57
session-1784036780900-38r373,24:EC:4A:C7:F5:3A,custom-11f9db6b38bd,3563,2026-07-14T13:46:17.269000Z,1784036777269,85.64
session-1784036780900-38r373,24:EC:4A:C7:F5:3A,custom-11f9db6b38bd,3564,2026-07-14T13:46:17.361000Z,1784036777361,85.59
session-1784036780900-38r373,24:EC:4A:C7:F5:3A,custom-11f9db6b38bd,3565,2026-07-14T13:46:17.450000Z,1784036777450,85.59
session-1784036780900-38r373,24:EC:4A:C7:F5:3A,custom-11f9db6b38bd,3566,2026-07-14T13:46:17.601000Z,1784036777601,85.61
session-1784036780900-38r373,24:EC:4A:C7:F5:3A,custom-11f9db6b38bd,3567,2026-07-14T13:46:17.675000Z,1784036777675,85.59
session-1784036780900-38r373,24:EC:4A:C7:F5:3A,custom-11f9db6b38bd,3568,2026-07-14T13:46:17.765000Z,1784036777765,85.71
session-1784036780900-38r373,24:EC:4A:C7:F5:3A,custom-11f9db6b38bd,3569,2026-07-14T13:46:17.854000Z,1784036777854,85.68
session-1784036780900-38r373,24:EC:4A:C7:F5:3A,custom-11f9db6b38bd,3570,2026-07-14T13:46:17.988000Z,1784036777988,85.71
session-1784036780900-38r373,24:EC:4A:C7:F5:3A,custom-11f9db6b38bd,3571,2026-07-14T13:46:18.080000Z,1784036778080,85.59
session-1784036780900-38r373,24:EC:4A:C7:F5:3A,custom-11f9db6b38bd,3572,2026-07-14T13:46:18.170000Z,1784036778170,85.61
session-1784036780900-38r373,24:EC:4A:C7:F5:3A,custom-11f9db6b38bd,3573,2026-07-14T13:46:18.260000Z,1784036778260,85.66
session-1784036780900-38r373,24:EC:4A:C7:F5:3A,custom-11f9db6b38bd,3574,2026-07-14T13:46:18.350000Z,1784036778350,85.7
session-1784036780900-38r373,24:EC:4A:C7:F5:3A,custom-11f9db6b38bd,3575,2026-07-14T13:46:18.500000Z,1784036778500,86.12
session-1784036780900-38r373,24:EC:4A:C7:F5:3A,custom-11f9db6b38bd,3576,2026-07-14T13:46:18.574000Z,1784036778574,85.77
session-1784036780900-38r373,24:EC:4A:C7:F5:3A,custom-11f9db6b38bd,3577,2026-07-14T13:46:18.665000Z,1784036778665,85.75
session-1784036780900-38r373,24:EC:4A:C7:F5:3A,custom-11f9db6b38bd,3578,2026-07-14T13:46:18.755000Z,1784036778755,85.8
session-1784036780900-38r373,24:EC:4A:C7:F5:3A,custom-11f9db6b38bd,3579,2026-07-14T13:46:18.889000Z,1784036778889,85.71
session-1784036780900-38r373,24:EC:4A:C7:F5:3A,custom-11f9db6b38bd,3580,2026-07-14T13:46:18.978000Z,1784036778978,85.75
session-1784036780900-38r373,24:EC:4A:C7:F5:3A,custom-11f9db6b38bd,3581,2026-07-14T13:46:19.067000Z,1784036779067,85.28
session-1784036780900-38r373,24:EC:4A:C7:F5:3A,custom-11f9db6b38bd,3582,2026-07-14T13:46:19.160000Z,1784036779160,85.71
session-1784036780900-38r373,24:EC:4A:C7:F5:3A,custom-11f9db6b38bd,3583,2026-07-14T13:46:19.250000Z,1784036779250,85.7
session-1784036780900-38r373,24:EC:4A:C7:F5:3A,custom-11f9db6b38bd,3584,2026-07-14T13:46:19.399000Z,1784036779399,85.14
session-1784036780900-38r373,24:EC:4A:C7:F5:3A,custom-11f9db6b38bd,3585,2026-07-14T13:46:19.474000Z,1784036779474,85.17
session-1784036780900-38r373,24:EC:4A:C7:F5:3A,custom-11f9db6b38bd,3586,2026-07-14T13:46:19.563000Z,1784036779563,85.17
session-1784036780900-38r373,24:EC:4A:C7:F5:3A,custom-11f9db6b38bd,3587,2026-07-14T13:46:19.653000Z,1784036779653,85.63
session-1784036780900-38r373,24:EC:4A:C7:F5:3A,custom-11f9db6b38bd,3588,2026-07-14T13:46:19.790000Z,1784036779790,85.63
session-1784036780900-38r373,24:EC:4A:C7:F5:3A,custom-11f9db6b38bd,3589,2026-07-14T13:46:19.879000Z,1784036779879,85.61
session-1784036780900-38r373,24:EC:4A:C7:F5:3A,custom-11f9db6b38bd,3590,2026-07-14T13:46:19.969000Z,1784036779969,85.61
session-1784036780900-38r373,24:EC:4A:C7:F5:3A,custom-11f9db6b38bd,3591,2026-07-14T13:46:20.059000Z,1784036780059,85.63
session-1784036780900-38r373,24:EC:4A:C7:F5:3A,custom-11f9db6b38bd,3592,2026-07-14T13:46:20.148000Z,1784036780148,85.57
session-1784036780900-38r373,24:EC:4A:C7:F5:3A,custom-11f9db6b38bd,3593,2026-07-14T13:46:20.298000Z,1784036780298,85.61
session-1784036780900-38r373,24:EC:4A:C7:F5:3A,custom-11f9db6b38bd,3594,2026-07-14T13:46:20.373000Z,1784036780373,85.12
session-1784036780900-38r373,24:EC:4A:C7:F5:3A,custom-11f9db6b38bd,3595,2026-07-14T13:46:20.464000Z,1784036780464,85.19
session-1784036780900-38r373,24:EC:4A:C7:F5:3A,custom-11f9db6b38bd,3596,2026-07-14T13:46:20.554000Z,1784036780554,85.16
session-1784036780900-38r373,24:EC:4A:C7:F5:3A,custom-11f9db6b38bd,3597,2026-07-14T13:46:20.688000Z,1784036780688,85.71
session-1784036780900-38r373,24:EC:4A:C7:F5:3A,custom-11f9db6b38bd,3598,2026-07-14T13:46:20.779000Z,1784036780779,85.59
session-1784036780900-38r373,24:EC:4A:C7:F5:3A,custom-11f9db6b38bd,3599,2026-07-14T13:46:20.867000Z,1784036780867,85.61
session-1784036780900-38r373,24:EC:4A:C7:F5:3A,custom-11f9db6b38bd,3600,2026-07-14T13:46:20.958000Z,1784036780958,85.63
session-1784036780900-38r373,24:EC:4A:C7:F5:3A,custom-11f9db6b38bd,3601,2026-07-14T13:46:21.053000Z,1784036781053,85.52
session-1784036780900-38r373,24:EC:4A:C7:F5:3A,custom-11f9db6b38bd,3602,2026-07-14T13:46:21.204000Z,1784036781204,85.61
session-1784036780900-38r373,24:EC:4A:C7:F5:3A,custom-11f9db6b38bd,3603,2026-07-14T13:46:21.272000Z,1784036781272,85.59
session-1784036780900-38r373,24:EC:4A:C7:F5:3A,custom-11f9db6b38bd,3604,2026-07-14T13:46:21.368000Z,1784036781368,85.61
session-1784036780900-38r373,24:EC:4A:C7:F5:3A,custom-11f9db6b38bd,3605,2026-07-14T13:46:21.452000Z,1784036781452,85.61
session-1784036780900-38r373,24:EC:4A:C7:F5:3A,custom-11f9db6b38bd,3606,2026-07-14T13:46:21.588000Z,1784036781588,85.54
session-1784036780900-38r373,24:EC:4A:C7:F5:3A,custom-11f9db6b38bd,3607,2026-07-14T13:46:21.680000Z,1784036781680,85.54
session-1784036780900-38r373,24:EC:4A:C7:F5:3A,custom-11f9db6b38bd,3608,2026-07-14T13:46:21.767000Z,1784036781767,85.52
session-1784036780900-38r373,24:EC:4A:C7:F5:3A,custom-11f9db6b38bd,3609,2026-07-14T13:46:21.865000Z,1784036781865,86.05
session-1784036780900-38r373,24:EC:4A:C7:F5:3A,custom-11f9db6b38bd,3610,2026-07-14T13:46:21.948000Z,1784036781948,85.5
session-1784036780900-38r373,24:EC:4A:C7:F5:3A,custom-11f9db6b38bd,3611,2026-07-14T13:46:22.099000Z,1784036782099,85.63
session-1784036780900-38r373,24:EC:4A:C7:F5:3A,custom-11f9db6b38bd,3612,2026-07-14T13:46:22.180000Z,1784036782180,85.59
session-1784036780900-38r373,24:EC:4A:C7:F5:3A,custom-11f9db6b38bd,3613,2026-07-14T13:46:22.263000Z,1784036782263,86.05
session-1784036780900-38r373,24:EC:4A:C7:F5:3A,custom-11f9db6b38bd,3614,2026-07-14T13:46:22.362000Z,1784036782362,86.17
session-1784036780900-38r373,24:EC:4A:C7:F5:3A,custom-11f9db6b38bd,3615,2026-07-14T13:46:22.496000Z,1784036782496,85.73
session-1784036780900-38r373,24:EC:4A:C7:F5:3A,custom-11f9db6b38bd,3616,2026-07-14T13:46:22.599000Z,1784036782599,85.73
session-1784036780900-38r373,24:EC:4A:C7:F5:3A,custom-11f9db6b38bd,3617,2026-07-14T13:46:22.678000Z,1784036782678,85.31
session-1784036780900-38r373,24:EC:4A:C7:F5:3A,custom-11f9db6b38bd,3618,2026-07-14T13:46:22.761000Z,1784036782761,85.3
session-1784036780900-38r373,24:EC:4A:C7:F5:3A,custom-11f9db6b38bd,3619,2026-07-14T13:46:22.847000Z,1784036782847,85.73
session-1784036780900-38r373,24:EC:4A:C7:F5:3A,custom-11f9db6b38bd,3620,2026-07-14T13:46:22.998000Z,1784036782998,85.78
session-1784036780900-38r373,24:EC:4A:C7:F5:3A,custom-11f9db6b38bd,3621,2026-07-14T13:46:23.076000Z,1784036783076,85.73
session-1784036780900-38r373,24:EC:4A:C7:F5:3A,custom-11f9db6b38bd,3622,2026-07-14T13:46:23.163000Z,1784036783163,85.3
session-1784036780900-38r373,24:EC:4A:C7:F5:3A,custom-11f9db6b38bd,3623,2026-07-14T13:46:23.258000Z,1784036783258,85.73
