timestamp,velocity_mpm,flow_lpm,session_id,source_file
2026-07-09 13:25:26+00:00,0.0,0.0,session-1783603457869-ue25e2,filtertrack-samples.csv
2026-07-09 13:25:31+00:00,-0.022826086956521448,-71.90217391304256,session-1783603457869-ue25e2,filtertrack-samples.csv
2026-07-09 13:25:32+00:00,-0.02344910382144083,-73.86467703753861,session-1783603457869-ue25e2,filtertrack-samples.csv
2026-07-09 13:25:33+00:00,-0.02462116111019882,-77.55665749712628,session-1783603457869-ue25e2,filtertrack-samples.csv
2026-07-09 13:25:34+00:00,-0.025492629510038063,-80.3017829566199,session-1783603457869-ue25e2,filtertrack-samples.csv
2026-07-09 13:25:35+00:00,-0.025930859728506915,-81.68220814479677,session-1783603457869-ue25e2,filtertrack-samples.csv
2026-07-09 13:25:36+00:00,-0.027145250814332566,-85.50754006514758,session-1783603457869-ue25e2,filtertrack-samples.csv
2026-07-09 13:25:37+00:00,-0.027977269643099274,-88.12839937576271,session-1783603457869-ue25e2,filtertrack-samples.csv
2026-07-09 13:25:38+00:00,-0.030701400532596797,-96.70941167767991,session-1783603457869-ue25e2,filtertrack-samples.csv
2026-07-09 13:25:39+00:00,-0.03438033181843048,-108.29804522805601,session-1783603457869-ue25e2,filtertrack-samples.csv
2026-07-09 13:25:40+00:00,-0.03399433908859336,-107.08216812906907,session-1783603457869-ue25e2,filtertrack-samples.csv
2026-07-09 13:25:41+00:00,-0.03418110139717276,-107.6704694010942,session-1783603457869-ue25e2,filtertrack-samples.csv
2026-07-09 13:25:42+00:00,-0.0342217245240765,-107.79843225084097,session-1783603457869-ue25e2,filtertrack-samples.csv
2026-07-09 13:25:43+00:00,-0.03399676817899338,-107.08981976382914,session-1783603457869-ue25e2,filtertrack-samples.csv
2026-07-09 13:25:44+00:00,-0.035198493660024525,-110.87525502907725,session-1783603457869-ue25e2,filtertrack-samples.csv
2026-07-09 13:25:45+00:00,-0.035709549719796584,-112.48508161735923,session-1783603457869-ue25e2,filtertrack-samples.csv
2026-07-09 13:25:46+00:00,-0.03684578797521332,-116.06423212192195,session-1783603457869-ue25e2,filtertrack-samples.csv
2026-07-09 13:25:47+00:00,-0.03639166325156608,-114.63373924243314,session-1783603457869-ue25e2,filtertrack-samples.csv
2026-07-09 13:25:48+00:00,-0.035771078976640364,-112.67889877641714,session-1783603457869-ue25e2,filtertrack-samples.csv
2026-07-09 13:25:49+00:00,-0.03528266129032217,-111.14038306451484,session-1783603457869-ue25e2,filtertrack-samples.csv
2026-07-09 13:25:50+00:00,-0.03466693548387081,-109.20084677419305,session-1783603457869-ue25e2,filtertrack-samples.csv
2026-07-09 13:25:51+00:00,-0.03354798387096769,-105.67614919354821,session-1783603457869-ue25e2,filtertrack-samples.csv
2026-07-09 13:25:52+00:00,-0.031923387096774024,-100.55866935483817,session-1783603457869-ue25e2,filtertrack-samples.csv
2026-07-09 13:25:53+00:00,-0.0297302419354835,-93.65026209677302,session-1783603457869-ue25e2,filtertrack-samples.csv
2026-07-09 13:25:54+00:00,-0.02911330645161273,-91.70691532258009,session-1783603457869-ue25e2,filtertrack-samples.csv
2026-07-09 13:25:55+00:00,-0.02945564516128999,-92.78528225806348,session-1783603457869-ue25e2,filtertrack-samples.csv
2026-07-09 13:25:56+00:00,-0.029410887096774117,-92.64429435483846,session-1783603457869-ue25e2,filtertrack-samples.csv
2026-07-09 13:25:57+00:00,-0.029143548387096506,-91.802177419354,session-1783603457869-ue25e2,filtertrack-samples.csv
2026-07-09 13:25:58+00:00,-0.028883467741935218,-90.98292338709594,session-1783603457869-ue25e2,filtertrack-samples.csv
2026-07-09 13:26:00+00:00,-0.02938984836953366,-92.57802236403103,session-1783603457869-ue25e2,filtertrack-samples.csv
2026-07-09 13:26:01+00:00,-0.029107647373519903,-91.6890892265877,session-1783603457869-ue25e2,filtertrack-samples.csv
2026-07-09 13:26:02+00:00,-0.028643874399450715,-90.22820435826975,session-1783603457869-ue25e2,filtertrack-samples.csv
2026-07-09 13:26:03+00:00,-0.028772891336041106,-90.63460770852947,session-1783603457869-ue25e2,filtertrack-samples.csv
2026-07-09 13:26:04+00:00,-0.030313464235624275,-95.48741234221647,session-1783603457869-ue25e2,filtertrack-samples.csv
2026-07-09 13:26:05+00:00,-0.03346283854275338,-105.40794140967313,session-1783603457869-ue25e2,filtertrack-samples.csv
2026-07-09 13:26:06+00:00,-0.038753258948298556,-122.07276568714046,session-1783603457869-ue25e2,filtertrack-samples.csv
2026-07-09 13:26:17+00:00,-0.3131234474971777,-986.3388596161096,session-1783603457869-ue25e2,filtertrack-samples.csv
2026-07-09 13:26:18+00:00,-0.45408678011946335,-1430.3733573763095,session-1783603457869-ue25e2,filtertrack-samples.csv
2026-07-09 13:26:56+00:00,-0.382469577928012,-1204.7791704732379,session-1783603457869-ue25e2,filtertrack-samples.csv
2026-07-09 13:26:57+00:00,-0.36436561743341345,-1147.7516949152525,session-1783603457869-ue25e2,filtertrack-samples.csv
2026-07-09 13:26:58+00:00,-0.35189700113880856,-1108.475553587247,session-1783603457869-ue25e2,filtertrack-samples.csv
2026-07-09 13:26:59+00:00,-0.34289060749906625,-1080.1054136220587,session-1783603457869-ue25e2,filtertrack-samples.csv
2026-07-09 13:27:06+00:00,-0.22295578905630423,-702.3107355273584,session-1783603457869-ue25e2,filtertrack-samples.csv
2026-07-09 13:27:07+00:00,-0.21968688731437347,-692.0136950402764,session-1783603457869-ue25e2,filtertrack-samples.csv
2026-07-09 13:27:08+00:00,-0.215187355642692,-677.8401702744799,session-1783603457869-ue25e2,filtertrack-samples.csv
2026-07-09 13:27:09+00:00,-0.20708028933092193,-652.302911392404,session-1783603457869-ue25e2,filtertrack-samples.csv
2026-07-09 13:27:10+00:00,-0.2003332627852375,-631.0497777734981,session-1783603457869-ue25e2,filtertrack-samples.csv
2026-07-09 13:27:11+00:00,-0.1921695274831244,-605.3340115718419,session-1783603457869-ue25e2,filtertrack-samples.csv
2026-07-09 13:27:12+00:00,-0.18345770533940822,-577.8917718191359,session-1783603457869-ue25e2,filtertrack-samples.csv
2026-07-09 13:27:13+00:00,-0.1765784573941282,-556.2221407915038,session-1783603457869-ue25e2,filtertrack-samples.csv
2026-07-09 13:27:14+00:00,-0.1667832108191523,-525.3671140803297,session-1783603457869-ue25e2,filtertrack-samples.csv
2026-07-09 13:27:15+00:00,-0.1617066483893081,-509.3759424263204,session-1783603457869-ue25e2,filtertrack-samples.csv
2026-07-09 13:27:16+00:00,-0.15313975688237386,-482.3902341794776,session-1783603457869-ue25e2,filtertrack-samples.csv
2026-07-09 13:27:17+00:00,-0.1457488338912358,-459.10882675739276,session-1783603457869-ue25e2,filtertrack-samples.csv
2026-07-09 13:27:19+00:00,-0.13784397347548918,-434.2085164477909,session-1783603457869-ue25e2,filtertrack-samples.csv
2026-07-09 13:27:21+00:00,-0.12865366123238384,-405.2590328820091,session-1783603457869-ue25e2,filtertrack-samples.csv
2026-07-09 13:27:22+00:00,-0.12400246448245902,-390.6077631197459,session-1783603457869-ue25e2,filtertrack-samples.csv
2026-07-09 13:27:23+00:00,-0.1165098703673825,-367.00609165725484,session-1783603457869-ue25e2,filtertrack-samples.csv
2026-07-09 13:27:24+00:00,-0.10780518090344525,-339.58631984585253,session-1783603457869-ue25e2,filtertrack-samples.csv
2026-07-09 13:27:25+00:00,-0.0955358704771414,-300.93799200299543,session-1783603457869-ue25e2,filtertrack-samples.csv
2026-07-09 13:27:29+00:00,-0.06085986935529682,-191.70858846918495,session-1783603457869-ue25e2,filtertrack-samples.csv
2026-07-09 13:27:30+00:00,-0.05558227179173315,-175.0841561439594,session-1783603457869-ue25e2,filtertrack-samples.csv
2026-07-09 13:27:32+00:00,-0.0589621026894867,-185.7306234718831,session-1783603457869-ue25e2,filtertrack-samples.csv
2026-07-09 13:27:33+00:00,-0.05837445240426873,-183.87952507344647,session-1783603457869-ue25e2,filtertrack-samples.csv
2026-07-09 13:27:34+00:00,-0.05190050141815148,-163.48657946717714,session-1783603457869-ue25e2,filtertrack-samples.csv
2026-07-09 13:27:35+00:00,-0.04758841057503454,-149.9034933113588,session-1783603457869-ue25e2,filtertrack-samples.csv
2026-07-09 13:27:36+00:00,-0.04253236535297986,-133.97695086188656,session-1783603457869-ue25e2,filtertrack-samples.csv
2026-07-09 13:27:37+00:00,-0.04333040925453622,-136.49078915178907,session-1783603457869-ue25e2,filtertrack-samples.csv
2026-07-09 13:27:38+00:00,-0.041681047527340184,-131.29529971112157,session-1783603457869-ue25e2,filtertrack-samples.csv
2026-07-09 13:27:39+00:00,-0.038159076199885386,-120.20109002963896,session-1783603457869-ue25e2,filtertrack-samples.csv
2026-07-09 13:27:40+00:00,-0.031077249575550407,-97.89333616298377,session-1783603457869-ue25e2,filtertrack-samples.csv
2026-07-09 13:27:41+00:00,-0.023746261538985975,-74.80072384780583,session-1783603457869-ue25e2,filtertrack-samples.csv
2026-07-09 13:27:42+00:00,-0.016233922553131518,-51.13685604236428,session-1783603457869-ue25e2,filtertrack-samples.csv
2026-07-09 13:27:43+00:00,-0.010106664802710415,-31.835994128537806,session-1783603457869-ue25e2,filtertrack-samples.csv
2026-07-09 13:27:44+00:00,0.0,0.0,session-1783603457869-ue25e2,filtertrack-samples.csv
2026-07-09 13:27:45+00:00,0.0,0.0,session-1783603457869-ue25e2,filtertrack-samples.csv
2026-07-09 13:27:46+00:00,0.0,0.0,session-1783603457869-ue25e2,filtertrack-samples.csv
2026-07-09 13:27:47+00:00,0.015909352026674393,50.11445888402434,session-1783603457869-ue25e2,filtertrack-samples.csv
2026-07-09 13:27:48+00:00,0.023841177972592782,75.09971061366726,session-1783603457869-ue25e2,filtertrack-samples.csv
2026-07-09 13:27:49+00:00,0.020418189924208897,64.31729826125802,session-1783603457869-ue25e2,filtertrack-samples.csv
2026-07-09 13:27:50+00:00,0.020352487285905763,64.11033495060316,session-1783603457869-ue25e2,filtertrack-samples.csv
2026-07-09 13:27:51+00:00,0.01749444122361244,55.10748985437919,session-1783603457869-ue25e2,filtertrack-samples.csv
2026-07-09 13:27:52+00:00,0.014763132760267786,46.50386819484353,session-1783603457869-ue25e2,filtertrack-samples.csv
2026-07-09 13:27:53+00:00,0.016265346425011318,51.235841238785646,session-1783603457869-ue25e2,filtertrack-samples.csv
2026-07-09 13:27:54+00:00,0.016668385745861405,52.50541509946342,session-1783603457869-ue25e2,filtertrack-samples.csv
2026-07-09 13:27:55+00:00,0.016749538234207374,52.761045437753225,session-1783603457869-ue25e2,filtertrack-samples.csv
2026-07-09 13:27:56+00:00,0.022255797133214548,70.10576096962583,session-1783603457869-ue25e2,filtertrack-samples.csv
2026-07-09 13:27:57+00:00,0.018660792951541563,58.78149779735592,session-1783603457869-ue25e2,filtertrack-samples.csv
2026-07-09 13:27:58+00:00,0.015825855513307334,49.8514448669181,session-1783603457869-ue25e2,filtertrack-samples.csv
2026-07-09 13:27:59+00:00,0.01428566677751783,44.999850349181166,session-1783603457869-ue25e2,filtertrack-samples.csv
2026-07-09 13:28:00+00:00,0.0,0.0,session-1783603457869-ue25e2,filtertrack-samples.csv
2026-07-09 13:28:01+00:00,0.0,0.0,session-1783603457869-ue25e2,filtertrack-samples.csv
2026-07-09 13:28:02+00:00,0.0,0.0,session-1783603457869-ue25e2,filtertrack-samples.csv
2026-07-09 13:28:03+00:00,0.0,0.0,session-1783603457869-ue25e2,filtertrack-samples.csv
2026-07-09 13:28:04+00:00,0.0,0.0,session-1783603457869-ue25e2,filtertrack-samples.csv
2026-07-09 13:28:05+00:00,0.0,0.0,session-1783603457869-ue25e2,filtertrack-samples.csv
2026-07-09 13:28:06+00:00,0.0,0.0,session-1783603457869-ue25e2,filtertrack-samples.csv
2026-07-09 13:28:07+00:00,0.0,0.0,session-1783603457869-ue25e2,filtertrack-samples.csv
2026-07-09 13:28:08+00:00,0.0,0.0,session-1783603457869-ue25e2,filtertrack-samples.csv
2026-07-09 13:28:09+00:00,0.010230241935483947,32.225262096774436,session-1783603457869-ue25e2,filtertrack-samples.csv
2026-07-09 13:28:10+00:00,0.01296169354838668,40.82933467741804,session-1783603457869-ue25e2,filtertrack-samples.csv
2026-07-09 13:28:11+00:00,0.016266532258066135,51.23957661290832,session-1783603457869-ue25e2,filtertrack-samples.csv
2026-07-09 13:28:12+00:00,0.02078346774193662,65.46792338710036,session-1783603457869-ue25e2,filtertrack-samples.csv
2026-07-09 13:28:13+00:00,0.024514112903227376,77.21945564516624,session-1783603457869-ue25e2,filtertrack-samples.csv
2026-07-09 13:28:14+00:00,0.027966532258066577,88.09457661290972,session-1783603457869-ue25e2,filtertrack-samples.csv
2026-07-09 13:28:15+00:00,0.031168548387098306,98.18092741935966,session-1783603457869-ue25e2,filtertrack-samples.csv
2026-07-09 13:28:16+00:00,0.034099596774194614,107.41372983871302,session-1783603457869-ue25e2,filtertrack-samples.csv
2026-07-09 13:28:17+00:00,0.03846290322580713,121.15814516129247,session-1783603457869-ue25e2,filtertrack-samples.csv
2026-07-09 13:28:18+00:00,0.04257217741935642,134.10235887097272,session-1783603457869-ue25e2,filtertrack-samples.csv
2026-07-09 13:28:19+00:00,0.04589395161290472,144.56594758064986,session-1783603457869-ue25e2,filtertrack-samples.csv
2026-07-09 13:28:20+00:00,0.0449625000000014,141.6318750000044,session-1783603457869-ue25e2,filtertrack-samples.csv
2026-07-09 13:28:21+00:00,0.044258467741936355,139.4141733870995,session-1783603457869-ue25e2,filtertrack-samples.csv
2026-07-09 13:28:22+00:00,0.03978508064516217,125.32300403226083,session-1783603457869-ue25e2,filtertrack-samples.csv
2026-07-09 13:28:23+00:00,0.03465000000000043,109.14750000000136,session-1783603457869-ue25e2,filtertrack-samples.csv
2026-07-09 13:28:24+00:00,0.03082862903225898,97.11018145161579,session-1783603457869-ue25e2,filtertrack-samples.csv
2026-07-09 13:28:25+00:00,0.025420161290324154,80.07350806452108,session-1783603457869-ue25e2,filtertrack-samples.csv
2026-07-09 13:28:26+00:00,0.022895564516130288,72.1210282258104,session-1783603457869-ue25e2,filtertrack-samples.csv
2026-07-09 13:28:27+00:00,0.020064919354839336,63.204495967743895,session-1783603457869-ue25e2,filtertrack-samples.csv
2026-07-09 13:28:28+00:00,0.01386411290322723,43.671955645165774,session-1783603457869-ue25e2,filtertrack-samples.csv
2026-07-09 13:28:29+00:00,0.0,0.0,session-1783603457869-ue25e2,filtertrack-samples.csv
2026-07-09 13:28:30+00:00,0.0,0.0,session-1783603457869-ue25e2,filtertrack-samples.csv
2026-07-09 13:28:31+00:00,0.0,0.0,session-1783603457869-ue25e2,filtertrack-samples.csv
2026-07-09 13:28:32+00:00,0.0,0.0,session-1783603457869-ue25e2,filtertrack-samples.csv
2026-07-09 13:28:33+00:00,0.0,0.0,session-1783603457869-ue25e2,filtertrack-samples.csv
2026-07-09 13:28:34+00:00,0.0,0.0,session-1783603457869-ue25e2,filtertrack-samples.csv
2026-07-09 13:28:35+00:00,-0.010150403225804544,-31.97377016128431,session-1783603457869-ue25e2,filtertrack-samples.csv
2026-07-09 13:28:36+00:00,-0.010510887096772973,-33.109294354834866,session-1783603457869-ue25e2,filtertrack-samples.csv
2026-07-09 13:28:37+00:00,-0.012566129032257225,-39.58330645161026,session-1783603457869-ue25e2,filtertrack-samples.csv
2026-07-09 13:28:38+00:00,-0.012828629032256943,-40.41018145160937,session-1783603457869-ue25e2,filtertrack-samples.csv
2026-07-09 13:28:39+00:00,-0.012295161290321687,-38.72975806451331,session-1783603457869-ue25e2,filtertrack-samples.csv
2026-07-09 13:28:40+00:00,-0.01105645161290105,-34.827822580638305,session-1783603457869-ue25e2,filtertrack-samples.csv
2026-07-09 13:28:41+00:00,0.0,0.0,session-1783603457869-ue25e2,filtertrack-samples.csv
2026-07-09 13:28:42+00:00,0.0,0.0,session-1783603457869-ue25e2,filtertrack-samples.csv
2026-07-09 13:28:43+00:00,0.0,0.0,session-1783603457869-ue25e2,filtertrack-samples.csv
2026-07-09 13:28:44+00:00,0.0,0.0,session-1783603457869-ue25e2,filtertrack-samples.csv
2026-07-09 13:28:45+00:00,0.0,0.0,session-1783603457869-ue25e2,filtertrack-samples.csv
2026-07-09 13:28:46+00:00,0.0,0.0,session-1783603457869-ue25e2,filtertrack-samples.csv
2026-07-09 13:28:47+00:00,0.0,0.0,session-1783603457869-ue25e2,filtertrack-samples.csv
2026-07-09 13:28:48+00:00,0.0,0.0,session-1783603457869-ue25e2,filtertrack-samples.csv
2026-07-09 13:28:49+00:00,0.0,0.0,session-1783603457869-ue25e2,filtertrack-samples.csv
2026-07-09 13:28:50+00:00,0.0,0.0,session-1783603457869-ue25e2,filtertrack-samples.csv
2026-07-09 13:28:51+00:00,0.0,0.0,session-1783603457869-ue25e2,filtertrack-samples.csv
2026-07-09 13:28:52+00:00,0.0,0.0,session-1783603457869-ue25e2,filtertrack-samples.csv
2026-07-09 13:28:53+00:00,0.0,0.0,session-1783603457869-ue25e2,filtertrack-samples.csv
2026-07-09 13:28:54+00:00,0.0,0.0,session-1783603457869-ue25e2,filtertrack-samples.csv
2026-07-09 13:28:55+00:00,0.0,0.0,session-1783603457869-ue25e2,filtertrack-samples.csv
2026-07-09 13:28:56+00:00,0.0,0.0,session-1783603457869-ue25e2,filtertrack-samples.csv
2026-07-09 13:28:57+00:00,0.0,0.0,session-1783603457869-ue25e2,filtertrack-samples.csv
2026-07-09 13:29:35+00:00,0.0,0.0,session-1783603749411-du6syw,filtertrack-samples2.csv
2026-07-09 13:29:36+00:00,0.0,0.0,session-1783603749411-du6syw,filtertrack-samples2.csv
2026-07-09 13:29:37+00:00,0.0,0.0,session-1783603749411-du6syw,filtertrack-samples2.csv
2026-07-09 13:29:38+00:00,-0.01008620689655324,-31.771551724142707,session-1783603749411-du6syw,filtertrack-samples2.csv
2026-07-09 13:29:39+00:00,0.0,0.0,session-1783603749411-du6syw,filtertrack-samples2.csv
2026-07-09 13:29:40+00:00,0.0,0.0,session-1783603749411-du6syw,filtertrack-samples2.csv
2026-07-09 13:29:41+00:00,0.0,0.0,session-1783603749411-du6syw,filtertrack-samples2.csv
2026-07-09 13:29:42+00:00,0.0,0.0,session-1783603749411-du6syw,filtertrack-samples2.csv
2026-07-09 13:29:43+00:00,0.0,0.0,session-1783603749411-du6syw,filtertrack-samples2.csv
2026-07-09 13:29:44+00:00,0.0,0.0,session-1783603749411-du6syw,filtertrack-samples2.csv
2026-07-09 13:29:45+00:00,0.0,0.0,session-1783603749411-du6syw,filtertrack-samples2.csv
2026-07-09 13:29:46+00:00,0.0,0.0,session-1783603749411-du6syw,filtertrack-samples2.csv
2026-07-09 13:29:47+00:00,0.0,0.0,session-1783603749411-du6syw,filtertrack-samples2.csv
2026-07-09 13:29:48+00:00,0.0,0.0,session-1783603749411-du6syw,filtertrack-samples2.csv
2026-07-09 13:29:49+00:00,0.0,0.0,session-1783603749411-du6syw,filtertrack-samples2.csv
2026-07-09 13:29:50+00:00,0.0,0.0,session-1783603749411-du6syw,filtertrack-samples2.csv
2026-07-09 13:29:51+00:00,0.0,0.0,session-1783603749411-du6syw,filtertrack-samples2.csv
2026-07-09 13:29:52+00:00,0.0,0.0,session-1783603749411-du6syw,filtertrack-samples2.csv
2026-07-09 13:29:53+00:00,-0.01028830645161199,-32.408165322577766,session-1783603749411-du6syw,filtertrack-samples2.csv
2026-07-09 13:29:54+00:00,-0.010305241935481902,-32.46151209676799,session-1783603749411-du6syw,filtertrack-samples2.csv
2026-07-09 13:29:55+00:00,-0.011945564516128262,-37.628528225804025,session-1783603749411-du6syw,filtertrack-samples2.csv
2026-07-09 13:29:56+00:00,-0.01009475806451506,-31.79848790322244,session-1783603749411-du6syw,filtertrack-samples2.csv
2026-07-09 13:29:57+00:00,-0.01124395161290189,-35.41844758064095,session-1783603749411-du6syw,filtertrack-samples2.csv
2026-07-09 13:29:58+00:00,-0.011136290322579246,-35.079314516124626,session-1783603749411-du6syw,filtertrack-samples2.csv
2026-07-09 13:29:59+00:00,-0.010377822580644331,-32.69014112902964,session-1783603749411-du6syw,filtertrack-samples2.csv
2026-07-09 13:30:00+00:00,0.0,0.0,session-1783603749411-du6syw,filtertrack-samples2.csv
2026-07-09 13:30:01+00:00,0.0,0.0,session-1783603749411-du6syw,filtertrack-samples2.csv
2026-07-09 13:30:02+00:00,0.0,0.0,session-1783603749411-du6syw,filtertrack-samples2.csv
2026-07-09 13:30:03+00:00,0.0,0.0,session-1783603749411-du6syw,filtertrack-samples2.csv
2026-07-09 13:30:04+00:00,0.0,0.0,session-1783603749411-du6syw,filtertrack-samples2.csv
2026-07-09 13:30:05+00:00,0.0,0.0,session-1783603749411-du6syw,filtertrack-samples2.csv
2026-07-09 13:30:06+00:00,0.0,0.0,session-1783603749411-du6syw,filtertrack-samples2.csv
2026-07-09 13:30:07+00:00,0.0,0.0,session-1783603749411-du6syw,filtertrack-samples2.csv
2026-07-09 13:30:08+00:00,0.0,0.0,session-1783603749411-du6syw,filtertrack-samples2.csv
2026-07-09 13:30:09+00:00,0.0,0.0,session-1783603749411-du6syw,filtertrack-samples2.csv
2026-07-09 13:30:10+00:00,0.0,0.0,session-1783603749411-du6syw,filtertrack-samples2.csv
2026-07-09 13:30:11+00:00,0.0,0.0,session-1783603749411-du6syw,filtertrack-samples2.csv
2026-07-09 13:30:12+00:00,0.0,0.0,session-1783603749411-du6syw,filtertrack-samples2.csv
2026-07-09 13:30:13+00:00,0.0,0.0,session-1783603749411-du6syw,filtertrack-samples2.csv
2026-07-09 13:30:14+00:00,0.0,0.0,session-1783603749411-du6syw,filtertrack-samples2.csv
2026-07-09 13:30:15+00:00,0.0,0.0,session-1783603749411-du6syw,filtertrack-samples2.csv
2026-07-09 13:30:16+00:00,0.0,0.0,session-1783603749411-du6syw,filtertrack-samples2.csv
2026-07-09 13:30:17+00:00,0.01038629032258155,32.716814516131876,session-1783603749411-du6syw,filtertrack-samples2.csv
2026-07-09 13:30:18+00:00,0.011530645161291146,36.321532258067116,session-1783603749411-du6syw,filtertrack-samples2.csv
2026-07-09 13:30:19+00:00,0.01209435483871082,38.09721774193908,session-1783603749411-du6syw,filtertrack-samples2.csv
2026-07-09 13:30:20+00:00,0.011576612903226932,36.46633064516484,session-1783603749411-du6syw,filtertrack-samples2.csv
2026-07-09 13:30:21+00:00,0.010913709677421321,34.37818548387716,session-1783603749411-du6syw,filtertrack-samples2.csv
2026-07-09 13:30:22+00:00,0.01003064516129208,31.59653225807005,session-1783603749411-du6syw,filtertrack-samples2.csv
2026-07-09 13:30:23+00:00,0.0,0.0,session-1783603749411-du6syw,filtertrack-samples2.csv
2026-07-09 13:30:24+00:00,0.0,0.0,session-1783603749411-du6syw,filtertrack-samples2.csv
2026-07-09 13:30:25+00:00,0.0,0.0,session-1783603749411-du6syw,filtertrack-samples2.csv
2026-07-09 13:30:26+00:00,0.0,0.0,session-1783603749411-du6syw,filtertrack-samples2.csv
2026-07-09 13:30:27+00:00,0.0,0.0,session-1783603749411-du6syw,filtertrack-samples2.csv
2026-07-09 13:30:28+00:00,0.0,0.0,session-1783603749411-du6syw,filtertrack-samples2.csv
2026-07-09 13:30:29+00:00,0.0,0.0,session-1783603749411-du6syw,filtertrack-samples2.csv
2026-07-09 13:30:30+00:00,0.0,0.0,session-1783603749411-du6syw,filtertrack-samples2.csv
2026-07-09 13:30:31+00:00,0.0,0.0,session-1783603749411-du6syw,filtertrack-samples2.csv
2026-07-09 13:30:32+00:00,0.0,0.0,session-1783603749411-du6syw,filtertrack-samples2.csv
2026-07-09 13:30:33+00:00,0.0,0.0,session-1783603749411-du6syw,filtertrack-samples2.csv
2026-07-09 13:30:34+00:00,0.0,0.0,session-1783603749411-du6syw,filtertrack-samples2.csv
2026-07-09 13:30:35+00:00,0.0,0.0,session-1783603749411-du6syw,filtertrack-samples2.csv
2026-07-09 13:30:36+00:00,0.0,0.0,session-1783603749411-du6syw,filtertrack-samples2.csv
2026-07-09 13:30:37+00:00,0.0,0.0,session-1783603749411-du6syw,filtertrack-samples2.csv
2026-07-09 13:30:38+00:00,0.0,0.0,session-1783603749411-du6syw,filtertrack-samples2.csv
2026-07-09 13:30:39+00:00,0.0,0.0,session-1783603749411-du6syw,filtertrack-samples2.csv
2026-07-09 13:30:40+00:00,0.011292338709678261,35.57086693548652,session-1783603749411-du6syw,filtertrack-samples2.csv
2026-07-09 13:30:41+00:00,0.012361693548388585,38.93933467742404,session-1783603749411-du6syw,filtertrack-samples2.csv
2026-07-09 13:30:42+00:00,0.013669354838710924,43.05846774193941,session-1783603749411-du6syw,filtertrack-samples2.csv
2026-07-09 13:30:43+00:00,0.014822177419356038,46.68985887097152,session-1783603749411-du6syw,filtertrack-samples2.csv
2026-07-09 13:30:44+00:00,0.015802016129033335,49.77635080645501,session-1783603749411-du6syw,filtertrack-samples2.csv
2026-07-09 13:30:45+00:00,0.015052016129033523,47.4138508064556,session-1783603749411-du6syw,filtertrack-samples2.csv
2026-07-09 13:30:46+00:00,0.012690725806452642,39.97578629032583,session-1783603749411-du6syw,filtertrack-samples2.csv
2026-07-09 13:30:47+00:00,0.0,0.0,session-1783603749411-du6syw,filtertrack-samples2.csv
2026-07-09 13:30:48+00:00,0.0,0.0,session-1783603749411-du6syw,filtertrack-samples2.csv
2026-07-09 13:30:49+00:00,0.0,0.0,session-1783603749411-du6syw,filtertrack-samples2.csv
2026-07-09 13:30:50+00:00,0.0,0.0,session-1783603749411-du6syw,filtertrack-samples2.csv
2026-07-09 13:30:51+00:00,0.0,0.0,session-1783603749411-du6syw,filtertrack-samples2.csv
2026-07-09 13:30:52+00:00,0.0,0.0,session-1783603749411-du6syw,filtertrack-samples2.csv
2026-07-09 13:30:53+00:00,0.0,0.0,session-1783603749411-du6syw,filtertrack-samples2.csv
2026-07-09 13:30:54+00:00,0.0,0.0,session-1783603749411-du6syw,filtertrack-samples2.csv
2026-07-09 13:30:55+00:00,0.0,0.0,session-1783603749411-du6syw,filtertrack-samples2.csv
2026-07-09 13:30:56+00:00,0.0,0.0,session-1783603749411-du6syw,filtertrack-samples2.csv
2026-07-09 13:30:57+00:00,0.0,0.0,session-1783603749411-du6syw,filtertrack-samples2.csv
2026-07-09 13:30:58+00:00,0.0,0.0,session-1783603749411-du6syw,filtertrack-samples2.csv
2026-07-09 13:30:59+00:00,0.0,0.0,session-1783603749411-du6syw,filtertrack-samples2.csv
2026-07-09 13:31:00+00:00,0.0,0.0,session-1783603749411-du6syw,filtertrack-samples2.csv
2026-07-09 13:31:01+00:00,0.0,0.0,session-1783603749411-du6syw,filtertrack-samples2.csv
2026-07-09 13:31:02+00:00,0.0,0.0,session-1783603749411-du6syw,filtertrack-samples2.csv
2026-07-09 13:31:03+00:00,0.0,0.0,session-1783603749411-du6syw,filtertrack-samples2.csv
2026-07-09 13:31:04+00:00,0.0,0.0,session-1783603749411-du6syw,filtertrack-samples2.csv
2026-07-09 13:31:05+00:00,0.0,0.0,session-1783603749411-du6syw,filtertrack-samples2.csv
2026-07-09 13:31:06+00:00,0.0,0.0,session-1783603749411-du6syw,filtertrack-samples2.csv
2026-07-09 13:31:07+00:00,0.0,0.0,session-1783603749411-du6syw,filtertrack-samples2.csv
2026-07-09 13:31:08+00:00,0.0,0.0,session-1783603749411-du6syw,filtertrack-samples2.csv
2026-07-09 13:31:09+00:00,0.0,0.0,session-1783603749411-du6syw,filtertrack-samples2.csv
2026-07-09 13:31:10+00:00,0.0,0.0,session-1783603749411-du6syw,filtertrack-samples2.csv
2026-07-09 13:31:11+00:00,0.0,0.0,session-1783603749411-du6syw,filtertrack-samples2.csv
2026-07-09 13:31:12+00:00,0.0,0.0,session-1783603749411-du6syw,filtertrack-samples2.csv
2026-07-09 13:31:13+00:00,0.0,0.0,session-1783603749411-du6syw,filtertrack-samples2.csv
2026-07-09 13:31:14+00:00,0.0,0.0,session-1783603749411-du6syw,filtertrack-samples2.csv
2026-07-09 13:31:15+00:00,0.0,0.0,session-1783603749411-du6syw,filtertrack-samples2.csv
2026-07-09 13:31:16+00:00,0.0,0.0,session-1783603749411-du6syw,filtertrack-samples2.csv
2026-07-09 13:31:17+00:00,0.0,0.0,session-1783603749411-du6syw,filtertrack-samples2.csv
2026-07-09 13:31:18+00:00,0.0,0.0,session-1783603749411-du6syw,filtertrack-samples2.csv
2026-07-09 13:31:19+00:00,0.0,0.0,session-1783603749411-du6syw,filtertrack-samples2.csv
2026-07-09 13:31:20+00:00,0.0,0.0,session-1783603749411-du6syw,filtertrack-samples2.csv
2026-07-09 13:31:21+00:00,-0.011227016129031186,-35.36510080644824,session-1783603749411-du6syw,filtertrack-samples2.csv
2026-07-09 13:31:22+00:00,-0.010572580645160836,-33.30362903225663,session-1783603749411-du6syw,filtertrack-samples2.csv
2026-07-09 13:31:23+00:00,0.0,0.0,session-1783603749411-du6syw,filtertrack-samples2.csv
2026-07-09 13:31:24+00:00,0.0,0.0,session-1783603749411-du6syw,filtertrack-samples2.csv
2026-07-09 13:31:25+00:00,0.0,0.0,session-1783603749411-du6syw,filtertrack-samples2.csv
2026-07-09 13:31:26+00:00,0.0,0.0,session-1783603749411-du6syw,filtertrack-samples2.csv
2026-07-09 13:31:27+00:00,0.0,0.0,session-1783603749411-du6syw,filtertrack-samples2.csv
2026-07-09 13:31:28+00:00,0.0,0.0,session-1783603749411-du6syw,filtertrack-samples2.csv
2026-07-09 13:31:29+00:00,0.0,0.0,session-1783603749411-du6syw,filtertrack-samples2.csv
2026-07-09 13:31:30+00:00,0.0,0.0,session-1783603749411-du6syw,filtertrack-samples2.csv
2026-07-09 13:31:31+00:00,0.0,0.0,session-1783603749411-du6syw,filtertrack-samples2.csv
2026-07-09 13:31:32+00:00,0.0,0.0,session-1783603749411-du6syw,filtertrack-samples2.csv
2026-07-09 13:31:33+00:00,0.010012500000000672,31.539375000002117,session-1783603749411-du6syw,filtertrack-samples2.csv
2026-07-09 13:31:34+00:00,0.011387903225806734,35.871895161291214,session-1783603749411-du6syw,filtertrack-samples2.csv
2026-07-09 13:31:35+00:00,0.012443951612904047,39.19844758064775,session-1783603749411-du6syw,filtertrack-samples2.csv
2026-07-09 13:31:36+00:00,0.013175806451613956,41.50379032258396,session-1783603749411-du6syw,filtertrack-samples2.csv
2026-07-09 13:31:37+00:00,0.013806048387097015,43.4890524193556,session-1783603749411-du6syw,filtertrack-samples2.csv
2026-07-09 13:31:38+00:00,0.014749596774194528,46.46122983871277,session-1783603749411-du6syw,filtertrack-samples2.csv
2026-07-09 13:31:39+00:00,0.014991532258065172,47.22332661290529,session-1783603749411-du6syw,filtertrack-samples2.csv
2026-07-09 13:31:40+00:00,0.014583870967743905,45.9391935483933,session-1783603749411-du6syw,filtertrack-samples2.csv
2026-07-09 13:31:41+00:00,0.014303225806453214,45.055161290327625,session-1783603749411-du6syw,filtertrack-samples2.csv
2026-07-09 13:31:42+00:00,0.013848387096775175,43.622419354841796,session-1783603749411-du6syw,filtertrack-samples2.csv
2026-07-09 13:31:43+00:00,0.013446774193550094,42.35733870968279,session-1783603749411-du6syw,filtertrack-samples2.csv
2026-07-09 13:31:44+00:00,0.01257822580645251,39.621411290325405,session-1783603749411-du6syw,filtertrack-samples2.csv
2026-07-09 13:31:45+00:00,0.012329032258065888,38.836451612907545,session-1783603749411-du6syw,filtertrack-samples2.csv
2026-07-09 13:31:46+00:00,0.01032096774193696,32.51104838710142,session-1783603749411-du6syw,filtertrack-samples2.csv
2026-07-09 13:31:47+00:00,0.0,0.0,session-1783603749411-du6syw,filtertrack-samples2.csv
2026-07-09 13:31:48+00:00,0.0,0.0,session-1783603749411-du6syw,filtertrack-samples2.csv
2026-07-09 13:31:49+00:00,0.0,0.0,session-1783603749411-du6syw,filtertrack-samples2.csv
2026-07-09 13:31:50+00:00,0.0,0.0,session-1783603749411-du6syw,filtertrack-samples2.csv
2026-07-09 13:31:51+00:00,0.0,0.0,session-1783603749411-du6syw,filtertrack-samples2.csv
2026-07-09 13:31:52+00:00,0.0,0.0,session-1783603749411-du6syw,filtertrack-samples2.csv
2026-07-09 13:31:53+00:00,0.0,0.0,session-1783603749411-du6syw,filtertrack-samples2.csv
2026-07-09 13:31:54+00:00,0.0,0.0,session-1783603749411-du6syw,filtertrack-samples2.csv
2026-07-09 13:31:55+00:00,-0.010734677419353739,-33.81423387096428,session-1783603749411-du6syw,filtertrack-samples2.csv
2026-07-09 13:31:56+00:00,-0.011407258064514678,-35.932862903221235,session-1783603749411-du6syw,filtertrack-samples2.csv
2026-07-09 13:31:57+00:00,-0.013512096774193072,-42.56310483870818,session-1783603749411-du6syw,filtertrack-samples2.csv
2026-07-09 13:31:58+00:00,-0.014825806451612253,-46.70129032257859,session-1783603749411-du6syw,filtertrack-samples2.csv
2026-07-09 13:31:59+00:00,-0.015224999999998972,-47.95874999999676,session-1783603749411-du6syw,filtertrack-samples2.csv
2026-07-09 13:32:00+00:00,-0.01492741935483758,-47.02137096773838,session-1783603749411-du6syw,filtertrack-samples2.csv
2026-07-09 13:32:01+00:00,-0.014276612903225062,-44.97133064515894,session-1783603749411-du6syw,filtertrack-samples2.csv
2026-07-09 13:32:02+00:00,-0.01375645161290171,-43.33282258064038,session-1783603749411-du6syw,filtertrack-samples2.csv
2026-07-09 13:32:03+00:00,-0.013229032258063685,-41.671451612900604,session-1783603749411-du6syw,filtertrack-samples2.csv
2026-07-09 13:32:04+00:00,-0.014107258064516199,-44.437862903226026,session-1783603749411-du6syw,filtertrack-samples2.csv
2026-07-09 13:32:09+00:00,-0.039198904109589434,-123.4765479452067,session-1783603749411-du6syw,filtertrack-samples2.csv
2026-07-09 13:32:10+00:00,-0.06429986514893228,-202.54457521913668,session-1783603749411-du6syw,filtertrack-samples2.csv
2026-07-09 13:32:16+00:00,-0.15468990484071235,-487.2732002482439,session-1783603749411-du6syw,filtertrack-samples2.csv
2026-07-09 13:32:22+00:00,-0.3123678911856041,-983.9588572346529,session-1783603749411-du6syw,filtertrack-samples2.csv
2026-07-09 13:32:25+00:00,-0.3900142425550288,-1228.5448640483407,session-1783603749411-du6syw,filtertrack-samples2.csv
2026-07-09 13:32:26+00:00,-0.41142355756447613,-1295.9842063280998,session-1783603749411-du6syw,filtertrack-samples2.csv
2026-07-09 13:32:38+00:00,-0.36420800254048985,-1147.2552080025432,session-1783603749411-du6syw,filtertrack-samples2.csv
2026-07-09 13:32:39+00:00,-0.35367574537393226,-1114.0785979278867,session-1783603749411-du6syw,filtertrack-samples2.csv
2026-07-09 13:32:40+00:00,-0.3191426267281105,-1005.2992741935481,session-1783603749411-du6syw,filtertrack-samples2.csv
2026-07-09 13:32:41+00:00,-0.2489507144690697,-784.1947505775695,session-1783603749411-du6syw,filtertrack-samples2.csv
2026-07-09 13:32:47+00:00,-0.23151433691756415,-729.2701612903271,session-1783603749411-du6syw,filtertrack-samples2.csv
2026-07-09 13:32:49+00:00,-0.26109330143540654,-822.4438995215306,session-1783603749411-du6syw,filtertrack-samples2.csv
2026-07-09 13:32:51+00:00,-0.25512185567010304,-803.6338453608245,session-1783603749411-du6syw,filtertrack-samples2.csv
2026-07-09 13:32:53+00:00,-0.23019963433315282,-725.1288481494314,session-1783603749411-du6syw,filtertrack-samples2.csv
2026-07-09 13:32:54+00:00,-0.2174513284470899,-684.9716846083331,session-1783603749411-du6syw,filtertrack-samples2.csv
2026-07-09 13:32:56+00:00,-0.19169991311273735,-603.8547263051227,session-1783603749411-du6syw,filtertrack-samples2.csv
2026-07-09 13:32:57+00:00,-0.17150611221028852,-540.2442534624088,session-1783603749411-du6syw,filtertrack-samples2.csv
2026-07-09 13:32:59+00:00,-0.16109397563176697,-507.4460232400659,session-1783603749411-du6syw,filtertrack-samples2.csv
2026-07-09 13:33:02+00:00,-0.16298318345323798,-513.3970278776995,session-1783603749411-du6syw,filtertrack-samples2.csv
2026-07-09 13:33:04+00:00,-0.15647831184056435,-492.90668229777765,session-1783603749411-du6syw,filtertrack-samples2.csv
2026-07-09 13:33:05+00:00,-0.14711145655215274,-463.4010881392811,session-1783603749411-du6syw,filtertrack-samples2.csv
2026-07-09 13:33:07+00:00,-0.13362069215700575,-420.90518029456814,session-1783603749411-du6syw,filtertrack-samples2.csv
2026-07-09 13:33:08+00:00,-0.12831783397711596,-404.20117702791526,session-1783603749411-du6syw,filtertrack-samples2.csv
2026-07-09 13:33:10+00:00,-0.10325391245726386,-325.24982424038114,session-1783603749411-du6syw,filtertrack-samples2.csv
2026-07-09 13:33:11+00:00,-0.08086045772409241,-254.71044183089109,session-1783603749411-du6syw,filtertrack-samples2.csv
2026-07-09 13:33:12+00:00,-0.037780753659295195,-119.00937402677985,session-1783603749411-du6syw,filtertrack-samples2.csv
2026-07-09 13:33:13+00:00,-0.03618625853111865,-113.98671437302374,session-1783603749411-du6syw,filtertrack-samples2.csv
2026-07-09 13:33:15+00:00,-0.03205005603287158,-100.95767650354549,session-1783603749411-du6syw,filtertrack-samples2.csv
2026-07-09 13:33:17+00:00,-0.03834830244826161,-120.79715271202407,session-1783603749411-du6syw,filtertrack-samples2.csv
2026-07-09 13:33:18+00:00,-0.04745494798987974,-149.48308616812116,session-1783603749411-du6syw,filtertrack-samples2.csv
2026-07-09 13:33:19+00:00,-0.04270422535211183,-134.51830985915225,session-1783603749411-du6syw,filtertrack-samples2.csv
2026-07-09 13:33:22+00:00,-0.06309475434059815,-198.74847617288415,session-1783603749411-du6syw,filtertrack-samples2.csv
2026-07-09 13:33:25+00:00,-0.04663703099510389,-146.90664763457724,session-1783603749411-du6syw,filtertrack-samples2.csv
2026-07-09 13:33:26+00:00,-0.030803060712493308,-97.02964124435391,session-1783603749411-du6syw,filtertrack-samples2.csv
2026-07-09 13:33:27+00:00,0.0,0.0,session-1783603749411-du6syw,filtertrack-samples2.csv
2026-07-09 13:33:29+00:00,0.0,0.0,session-1783603749411-du6syw,filtertrack-samples2.csv
2026-07-09 13:33:30+00:00,0.025358930305520364,79.88063046238915,session-1783603749411-du6syw,filtertrack-samples2.csv
2026-07-09 13:33:31+00:00,0.022711838914639904,71.54229258111569,session-1783603749411-du6syw,filtertrack-samples2.csv
2026-07-09 13:33:34+00:00,0.0,0.0,session-1783603749411-du6syw,filtertrack-samples2.csv
2026-07-09 13:33:36+00:00,0.0,0.0,session-1783603749411-du6syw,filtertrack-samples2.csv
2026-07-09 13:33:37+00:00,-0.012905323936485798,-40.651770399930264,session-1783603749411-du6syw,filtertrack-samples2.csv
2026-07-09 13:33:38+00:00,-0.021616493462956674,-68.09195440831351,session-1783603749411-du6syw,filtertrack-samples2.csv
2026-07-09 13:33:39+00:00,-0.03316256780685037,-104.46208859157865,session-1783603749411-du6syw,filtertrack-samples2.csv
2026-07-09 13:33:40+00:00,-0.03474927714841044,-109.46022301749288,session-1783603749411-du6syw,filtertrack-samples2.csv
2026-07-09 13:33:41+00:00,-0.0411930060524548,-129.75796906523263,session-1783603749411-du6syw,filtertrack-samples2.csv
2026-07-09 13:33:42+00:00,-0.04372200800830587,-137.72432522616347,session-1783603749411-du6syw,filtertrack-samples2.csv
2026-07-09 13:33:43+00:00,-0.044661122607345886,-140.68253621313954,session-1783603749411-du6syw,filtertrack-samples2.csv
2026-07-09 13:33:45+00:00,-0.04542109553309363,-143.07645092924494,session-1783603749411-du6syw,filtertrack-samples2.csv
2026-07-09 13:33:46+00:00,-0.04629697766097334,-145.83547963206604,session-1783603749411-du6syw,filtertrack-samples2.csv
2026-07-09 13:33:47+00:00,-0.04820655354008258,-151.85064365126013,session-1783603749411-du6syw,filtertrack-samples2.csv
2026-07-09 13:33:49+00:00,-0.06581422974851425,-207.3148237078199,session-1783603749411-du6syw,filtertrack-samples2.csv
2026-07-09 13:33:50+00:00,-0.06579184549356368,-207.24431330472558,session-1783603749411-du6syw,filtertrack-samples2.csv
2026-07-09 13:33:51+00:00,-0.06250791465932362,-196.89993117686942,session-1783603749411-du6syw,filtertrack-samples2.csv
2026-07-09 13:33:52+00:00,-0.06359142355351646,-200.31298419357685,session-1783603749411-du6syw,filtertrack-samples2.csv
2026-07-09 13:33:54+00:00,-0.060491815701724835,-190.54921946043325,session-1783603749411-du6syw,filtertrack-samples2.csv
2026-07-09 13:33:55+00:00,-0.05768067712457486,-181.6941329424108,session-1783603749411-du6syw,filtertrack-samples2.csv
2026-07-09 13:33:57+00:00,-0.03932422656610602,-123.87131368323396,session-1783603749411-du6syw,filtertrack-samples2.csv
2026-07-09 13:33:58+00:00,-0.02648835509138479,-83.43831853786209,session-1783603749411-du6syw,filtertrack-samples2.csv
2026-07-09 13:33:59+00:00,-0.02293255183659045,-72.23753828525992,session-1783603749411-du6syw,filtertrack-samples2.csv
2026-07-09 13:34:00+00:00,-0.012149691496020666,-38.2715282124651,session-1783603749411-du6syw,filtertrack-samples2.csv
2026-07-09 13:34:02+00:00,0.0,0.0,session-1783603749411-du6syw,filtertrack-samples2.csv
2026-07-09 13:34:03+00:00,0.0,0.0,session-1783603749411-du6syw,filtertrack-samples2.csv
2026-07-09 13:34:05+00:00,0.0,0.0,session-1783603749411-du6syw,filtertrack-samples2.csv
2026-07-09 13:34:06+00:00,0.0,0.0,session-1783603749411-du6syw,filtertrack-samples2.csv
2026-07-09 13:34:07+00:00,0.0,0.0,session-1783603749411-du6syw,filtertrack-samples2.csv
2026-07-09 13:34:08+00:00,0.0,0.0,session-1783603749411-du6syw,filtertrack-samples2.csv
2026-07-09 13:34:09+00:00,0.0,0.0,session-1783603749411-du6syw,filtertrack-samples2.csv
2026-07-09 13:34:10+00:00,0.0,0.0,session-1783603749411-du6syw,filtertrack-samples2.csv
2026-07-09 13:34:11+00:00,0.0,0.0,session-1783603749411-du6syw,filtertrack-samples2.csv
2026-07-09 13:34:12+00:00,0.0,0.0,session-1783603749411-du6syw,filtertrack-samples2.csv
2026-07-09 13:34:13+00:00,0.012647686832741449,39.84021352313556,session-1783603749411-du6syw,filtertrack-samples2.csv
2026-07-09 13:34:14+00:00,0.013634277151194347,42.9479730262622,session-1783603749411-du6syw,filtertrack-samples2.csv
2026-07-09 13:34:15+00:00,0.013690459849002435,43.12494852435766,session-1783603749411-du6syw,filtertrack-samples2.csv
2026-07-09 13:34:16+00:00,0.016703678366571866,52.61658685470138,session-1783603749411-du6syw,filtertrack-samples2.csv
2026-07-09 13:34:17+00:00,0.018080103918597788,56.952327343583036,session-1783603749411-du6syw,filtertrack-samples2.csv
2026-07-09 13:34:18+00:00,0.016329678540075814,51.43848740123881,session-1783603749411-du6syw,filtertrack-samples2.csv
2026-07-09 13:34:19+00:00,0.015734494921453717,49.56365900257921,session-1783603749411-du6syw,filtertrack-samples2.csv
2026-07-09 13:34:20+00:00,0.01705983263598419,53.73847280335019,session-1783603749411-du6syw,filtertrack-samples2.csv
2026-07-09 13:34:23+00:00,0.013470647193587974,42.43253865980211,session-1783603749411-du6syw,filtertrack-samples2.csv
2026-07-09 13:34:24+00:00,0.012512562206595903,39.41457095077709,session-1783603749411-du6syw,filtertrack-samples2.csv
2026-07-09 13:34:25+00:00,0.012703254006800372,40.01525012142117,session-1783603749411-du6syw,filtertrack-samples2.csv
2026-07-09 13:34:27+00:00,0.0,0.0,session-1783603749411-du6syw,filtertrack-samples2.csv
2026-07-09 13:34:28+00:00,0.0,0.0,session-1783603749411-du6syw,filtertrack-samples2.csv
2026-07-09 13:34:29+00:00,0.010062298180675014,31.69623926912629,session-1783603749411-du6syw,filtertrack-samples2.csv
2026-07-09 13:34:31+00:00,0.011036404330152705,34.76467363998102,session-1783603749411-du6syw,filtertrack-samples2.csv
2026-07-09 13:34:32+00:00,0.011870334891562098,37.39155490842061,session-1783603749411-du6syw,filtertrack-samples2.csv
2026-07-09 13:34:35+00:00,0.0,0.0,session-1783603749411-du6syw,filtertrack-samples2.csv
2026-07-09 13:34:37+00:00,0.0,0.0,session-1783603749411-du6syw,filtertrack-samples2.csv
2026-07-09 13:34:38+00:00,0.0,0.0,session-1783603749411-du6syw,filtertrack-samples2.csv
2026-07-09 13:34:39+00:00,0.0,0.0,session-1783603749411-du6syw,filtertrack-samples2.csv
2026-07-09 13:34:40+00:00,0.0,0.0,session-1783603749411-du6syw,filtertrack-samples2.csv
2026-07-09 13:34:41+00:00,0.0,0.0,session-1783603749411-du6syw,filtertrack-samples2.csv
2026-07-09 13:34:42+00:00,0.0,0.0,session-1783603749411-du6syw,filtertrack-samples2.csv
2026-07-09 13:34:43+00:00,0.0,0.0,session-1783603749411-du6syw,filtertrack-samples2.csv
2026-07-09 13:34:44+00:00,0.0,0.0,session-1783603749411-du6syw,filtertrack-samples2.csv
2026-07-09 13:34:45+00:00,0.0,0.0,session-1783603749411-du6syw,filtertrack-samples2.csv
2026-07-09 13:34:46+00:00,0.0,0.0,session-1783603749411-du6syw,filtertrack-samples2.csv
2026-07-09 13:34:47+00:00,0.0,0.0,session-1783603749411-du6syw,filtertrack-samples2.csv
2026-07-09 13:34:48+00:00,0.0,0.0,session-1783603749411-du6syw,filtertrack-samples2.csv
2026-07-09 13:34:49+00:00,0.010446745562128852,32.907248520705885,session-1783603749411-du6syw,filtertrack-samples2.csv
2026-07-09 13:34:50+00:00,0.011398351470044947,35.90480713064158,session-1783603749411-du6syw,filtertrack-samples2.csv
2026-07-09 13:34:51+00:00,0.012491324411628995,39.34767189663133,session-1783603749411-du6syw,filtertrack-samples2.csv
2026-07-09 13:34:53+00:00,0.010351919343978198,32.608545933531325,session-1783603749411-du6syw,filtertrack-samples2.csv
2026-07-09 13:34:54+00:00,0.0,0.0,session-1783603749411-du6syw,filtertrack-samples2.csv
2026-07-09 13:34:55+00:00,0.0,0.0,session-1783603749411-du6syw,filtertrack-samples2.csv
2026-07-09 13:34:56+00:00,0.0,0.0,session-1783603749411-du6syw,filtertrack-samples2.csv
2026-07-09 13:34:58+00:00,0.0,0.0,session-1783603749411-du6syw,filtertrack-samples2.csv
2026-07-09 13:34:59+00:00,0.0,0.0,session-1783603749411-du6syw,filtertrack-samples2.csv
2026-07-09 13:35:00+00:00,0.0,0.0,session-1783603749411-du6syw,filtertrack-samples2.csv
2026-07-09 13:35:01+00:00,0.0,0.0,session-1783603749411-du6syw,filtertrack-samples2.csv
2026-07-09 13:35:02+00:00,0.0,0.0,session-1783603749411-du6syw,filtertrack-samples2.csv
2026-07-09 13:35:03+00:00,0.0,0.0,session-1783603749411-du6syw,filtertrack-samples2.csv
2026-07-09 13:35:04+00:00,0.0,0.0,session-1783603749411-du6syw,filtertrack-samples2.csv
2026-07-09 13:35:05+00:00,0.0,0.0,session-1783603749411-du6syw,filtertrack-samples2.csv
2026-07-09 13:35:06+00:00,0.0,0.0,session-1783603749411-du6syw,filtertrack-samples2.csv
2026-07-09 13:35:07+00:00,0.0,0.0,session-1783603749411-du6syw,filtertrack-samples2.csv
2026-07-09 13:35:08+00:00,0.0,0.0,session-1783603749411-du6syw,filtertrack-samples2.csv
2026-07-09 13:35:09+00:00,0.0,0.0,session-1783603749411-du6syw,filtertrack-samples2.csv
2026-07-09 13:35:10+00:00,0.0,0.0,session-1783603749411-du6syw,filtertrack-samples2.csv
2026-07-09 13:35:11+00:00,0.0,0.0,session-1783603749411-du6syw,filtertrack-samples2.csv
2026-07-09 13:35:12+00:00,0.0,0.0,session-1783603749411-du6syw,filtertrack-samples2.csv
2026-07-09 13:35:13+00:00,0.0,0.0,session-1783603749411-du6syw,filtertrack-samples2.csv
2026-07-09 13:35:14+00:00,0.0,0.0,session-1783603749411-du6syw,filtertrack-samples2.csv
2026-07-09 13:35:15+00:00,0.0,0.0,session-1783603749411-du6syw,filtertrack-samples2.csv
2026-07-09 13:35:16+00:00,0.0,0.0,session-1783603749411-du6syw,filtertrack-samples2.csv
2026-07-09 13:35:19+00:00,0.0,0.0,session-1783603749411-du6syw,filtertrack-samples2.csv
2026-07-09 13:35:20+00:00,0.012164131642465511,38.31701467376636,session-1783603749411-du6syw,filtertrack-samples2.csv
2026-07-09 13:35:21+00:00,0.014430340557272544,45.45557275540851,session-1783603749411-du6syw,filtertrack-samples2.csv
2026-07-09 13:35:22+00:00,0.017026474081450815,53.63339335657007,session-1783603749411-du6syw,filtertrack-samples2.csv
2026-07-09 13:35:23+00:00,0.015915561391989394,50.13401838476659,session-1783603749411-du6syw,filtertrack-samples2.csv
2026-07-09 13:35:24+00:00,0.014345677804411584,45.18888508389649,session-1783603749411-du6syw,filtertrack-samples2.csv
2026-07-09 13:35:25+00:00,0.013711667208319664,43.191751706206944,session-1783603749411-du6syw,filtertrack-samples2.csv
2026-07-09 13:35:27+00:00,0.0,0.0,session-1783603749411-du6syw,filtertrack-samples2.csv
2026-07-09 13:35:28+00:00,0.0,0.0,session-1783603749411-du6syw,filtertrack-samples2.csv
2026-07-09 13:35:30+00:00,0.0,0.0,session-1783603749411-du6syw,filtertrack-samples2.csv
2026-07-09 13:35:31+00:00,0.0,0.0,session-1783603749411-du6syw,filtertrack-samples2.csv
2026-07-09 13:35:32+00:00,0.0,0.0,session-1783603749411-du6syw,filtertrack-samples2.csv
2026-07-09 13:35:33+00:00,0.0,0.0,session-1783603749411-du6syw,filtertrack-samples2.csv
2026-07-09 13:35:34+00:00,0.0,0.0,session-1783603749411-du6syw,filtertrack-samples2.csv
2026-07-09 13:35:35+00:00,0.0,0.0,session-1783603749411-du6syw,filtertrack-samples2.csv
2026-07-09 13:35:36+00:00,0.0,0.0,session-1783603749411-du6syw,filtertrack-samples2.csv
2026-07-09 13:35:37+00:00,0.0,0.0,session-1783603749411-du6syw,filtertrack-samples2.csv
2026-07-09 13:35:39+00:00,0.0,0.0,session-1783603749411-du6syw,filtertrack-samples2.csv
2026-07-09 13:35:41+00:00,0.0,0.0,session-1783603749411-du6syw,filtertrack-samples2.csv
2026-07-09 13:35:43+00:00,0.0,0.0,session-1783603749411-du6syw,filtertrack-samples2.csv
2026-07-09 13:35:44+00:00,-0.01012168398081535,-31.88330453956835,session-1783603749411-du6syw,filtertrack-samples2.csv
2026-07-09 13:35:45+00:00,0.0,0.0,session-1783603749411-du6syw,filtertrack-samples2.csv
2026-07-09 13:35:46+00:00,0.0,0.0,session-1783603749411-du6syw,filtertrack-samples2.csv
2026-07-09 13:35:47+00:00,0.0,0.0,session-1783603749411-du6syw,filtertrack-samples2.csv
2026-07-09 13:35:48+00:00,0.0,0.0,session-1783603749411-du6syw,filtertrack-samples2.csv
2026-07-09 13:35:49+00:00,0.0,0.0,session-1783603749411-du6syw,filtertrack-samples2.csv
2026-07-09 13:35:50+00:00,0.0,0.0,session-1783603749411-du6syw,filtertrack-samples2.csv
2026-07-09 13:35:51+00:00,0.0,0.0,session-1783603749411-du6syw,filtertrack-samples2.csv
2026-07-09 13:35:52+00:00,0.0,0.0,session-1783603749411-du6syw,filtertrack-samples2.csv
2026-07-09 13:35:53+00:00,0.0,0.0,session-1783603749411-du6syw,filtertrack-samples2.csv
2026-07-09 13:35:54+00:00,0.0,0.0,session-1783603749411-du6syw,filtertrack-samples2.csv
2026-07-09 13:35:55+00:00,0.0,0.0,session-1783603749411-du6syw,filtertrack-samples2.csv
2026-07-09 13:35:56+00:00,0.0,0.0,session-1783603749411-du6syw,filtertrack-samples2.csv
2026-07-09 13:35:57+00:00,0.0,0.0,session-1783603749411-du6syw,filtertrack-samples2.csv
2026-07-09 13:35:59+00:00,0.0,0.0,session-1783603749411-du6syw,filtertrack-samples2.csv
2026-07-09 13:36:00+00:00,0.0,0.0,session-1783603749411-du6syw,filtertrack-samples2.csv
2026-07-09 13:36:02+00:00,0.0,0.0,session-1783603749411-du6syw,filtertrack-samples2.csv
2026-07-09 13:36:03+00:00,0.0,0.0,session-1783603749411-du6syw,filtertrack-samples2.csv
2026-07-09 13:36:04+00:00,0.0,0.0,session-1783603749411-du6syw,filtertrack-samples2.csv
2026-07-09 13:36:05+00:00,0.0,0.0,session-1783603749411-du6syw,filtertrack-samples2.csv
2026-07-09 13:36:07+00:00,0.0,0.0,session-1783603749411-du6syw,filtertrack-samples2.csv
2026-07-09 13:36:08+00:00,0.0,0.0,session-1783603749411-du6syw,filtertrack-samples2.csv
2026-07-09 13:36:10+00:00,0.0,0.0,session-1783603749411-du6syw,filtertrack-samples2.csv
2026-07-09 13:36:13+00:00,-0.012043069437138296,-37.93566872698563,session-1783603749411-du6syw,filtertrack-samples2.csv
2026-07-09 13:36:14+00:00,-0.024465756250515905,-77.0671321891251,session-1783603749411-du6syw,filtertrack-samples2.csv
2026-07-09 13:36:15+00:00,-0.034970052594395215,-110.15566567234492,session-1783603749411-du6syw,filtertrack-samples2.csv
2026-07-09 13:36:17+00:00,-0.04094508652065821,-128.97702254007334,session-1783603749411-du6syw,filtertrack-samples2.csv
2026-07-09 13:36:18+00:00,-0.046033018867925816,-145.00400943396633,session-1783603749411-du6syw,filtertrack-samples2.csv
2026-07-09 13:36:21+00:00,-0.0447980095460561,-141.1137300700767,session-1783603749411-du6syw,filtertrack-samples2.csv
2026-07-09 13:36:22+00:00,-0.04299922826480135,-135.44756903412426,session-1783603749411-du6syw,filtertrack-samples2.csv
2026-07-09 13:36:24+00:00,-0.0340454423664314,-107.24314345425891,session-1783603749411-du6syw,filtertrack-samples2.csv
2026-07-09 13:36:25+00:00,-0.02683405943675183,-84.52728722576826,session-1783603749411-du6syw,filtertrack-samples2.csv
2026-07-09 13:36:26+00:00,-0.022067939359910457,-69.51400898371794,session-1783603749411-du6syw,filtertrack-samples2.csv
2026-07-09 13:36:27+00:00,-0.01460315961411027,-45.99995278444735,session-1783603749411-du6syw,filtertrack-samples2.csv
2026-07-09 13:36:28+00:00,0.0,0.0,session-1783603749411-du6syw,filtertrack-samples2.csv
2026-07-09 13:36:29+00:00,0.0,0.0,session-1783603749411-du6syw,filtertrack-samples2.csv
2026-07-09 13:36:30+00:00,0.0,0.0,session-1783603749411-du6syw,filtertrack-samples2.csv
2026-07-09 13:36:32+00:00,0.0,0.0,session-1783603749411-du6syw,filtertrack-samples2.csv
2026-07-09 13:36:33+00:00,0.0,0.0,session-1783603749411-du6syw,filtertrack-samples2.csv
2026-07-09 13:36:34+00:00,0.015805640535371486,49.78776768642018,session-1783603749411-du6syw,filtertrack-samples2.csv
2026-07-09 13:36:36+00:00,0.03180716723549372,100.19257679180521,session-1783603749411-du6syw,filtertrack-samples2.csv
2026-07-09 13:36:37+00:00,0.030980769230768833,97.58942307692182,session-1783603749411-du6syw,filtertrack-samples2.csv
2026-07-09 13:36:38+00:00,0.03842887821115029,121.05096636512341,session-1783603749411-du6syw,filtertrack-samples2.csv
2026-07-09 13:36:39+00:00,0.04593752139678276,144.7031923998657,session-1783603749411-du6syw,filtertrack-samples2.csv
2026-07-09 13:36:40+00:00,0.044657633308985395,140.671544923304,session-1783603749411-du6syw,filtertrack-samples2.csv
2026-07-09 13:36:42+00:00,0.05165890981069015,162.72556590367395,session-1783603749411-du6syw,filtertrack-samples2.csv
2026-07-09 13:36:43+00:00,0.047437100075405574,149.42686523752755,session-1783603749411-du6syw,filtertrack-samples2.csv
2026-07-09 13:36:44+00:00,0.04222897442657478,133.02126944371054,session-1783603749411-du6syw,filtertrack-samples2.csv
2026-07-09 13:36:47+00:00,0.02568108555265126,80.89541949085147,session-1783603749411-du6syw,filtertrack-samples2.csv
2026-07-09 13:36:48+00:00,0.014334658696696662,45.15417489459449,session-1783603749411-du6syw,filtertrack-samples2.csv
2026-07-09 13:36:49+00:00,0.0,0.0,session-1783603749411-du6syw,filtertrack-samples2.csv
2026-07-09 13:36:51+00:00,0.0,0.0,session-1783603749411-du6syw,filtertrack-samples2.csv
2026-07-09 13:36:52+00:00,0.0,0.0,session-1783603749411-du6syw,filtertrack-samples2.csv
2026-07-09 13:36:54+00:00,-0.020095003399046737,-63.299260706997224,session-1783603749411-du6syw,filtertrack-samples2.csv
2026-07-09 13:36:56+00:00,-0.01630313867582838,-51.3548868288594,session-1783603749411-du6syw,filtertrack-samples2.csv
2026-07-09 13:36:57+00:00,-0.013671857240282212,-43.066350306888964,session-1783603749411-du6syw,filtertrack-samples2.csv
2026-07-09 13:36:58+00:00,-0.01115953047885778,-35.152521008402005,session-1783603749411-du6syw,filtertrack-samples2.csv
2026-07-09 13:36:59+00:00,0.0,0.0,session-1783603749411-du6syw,filtertrack-samples2.csv
2026-07-09 13:37:00+00:00,0.0,0.0,session-1783603749411-du6syw,filtertrack-samples2.csv
2026-07-09 13:37:01+00:00,0.0,0.0,session-1783603749411-du6syw,filtertrack-samples2.csv
2026-07-09 13:37:02+00:00,0.0,0.0,session-1783603749411-du6syw,filtertrack-samples2.csv
2026-07-09 13:37:03+00:00,0.0,0.0,session-1783603749411-du6syw,filtertrack-samples2.csv
2026-07-09 13:37:04+00:00,0.0,0.0,session-1783603749411-du6syw,filtertrack-samples2.csv
2026-07-09 13:37:05+00:00,0.0,0.0,session-1783603749411-du6syw,filtertrack-samples2.csv
2026-07-09 13:37:06+00:00,0.0,0.0,session-1783603749411-du6syw,filtertrack-samples2.csv
2026-07-09 13:37:07+00:00,0.0,0.0,session-1783603749411-du6syw,filtertrack-samples2.csv
2026-07-09 13:37:08+00:00,0.0,0.0,session-1783603749411-du6syw,filtertrack-samples2.csv
2026-07-09 13:37:09+00:00,0.0,0.0,session-1783603749411-du6syw,filtertrack-samples2.csv
2026-07-09 13:37:10+00:00,0.0,0.0,session-1783603749411-du6syw,filtertrack-samples2.csv
2026-07-09 13:37:11+00:00,0.012401227303295587,39.0638660053811,session-1783603749411-du6syw,filtertrack-samples2.csv
2026-07-09 13:37:12+00:00,0.011260623853210004,35.470965137611515,session-1783603749411-du6syw,filtertrack-samples2.csv
2026-07-09 13:37:13+00:00,0.011771630879052298,37.080637269014744,session-1783603749411-du6syw,filtertrack-samples2.csv
2026-07-09 13:37:14+00:00,0.014388902379794852,45.32504249635378,session-1783603749411-du6syw,filtertrack-samples2.csv
2026-07-09 13:37:15+00:00,0.015284233661574071,48.145336033958316,session-1783603749411-du6syw,filtertrack-samples2.csv
2026-07-09 13:37:16+00:00,0.014145541843279295,44.55845680632978,session-1783603749411-du6syw,filtertrack-samples2.csv
2026-07-09 13:37:17+00:00,0.013143250688703787,41.40123966941693,session-1783603749411-du6syw,filtertrack-samples2.csv
2026-07-09 13:37:18+00:00,0.014102155354577005,44.421789366917565,session-1783603749411-du6syw,filtertrack-samples2.csv
2026-07-09 13:37:19+00:00,0.014845747287364075,46.76410395519683,session-1783603749411-du6syw,filtertrack-samples2.csv
2026-07-09 13:37:20+00:00,0.0,0.0,session-1783603749411-du6syw,filtertrack-samples2.csv
2026-07-09 13:37:21+00:00,0.0,0.0,session-1783603749411-du6syw,filtertrack-samples2.csv
2026-07-09 13:37:22+00:00,0.0,0.0,session-1783603749411-du6syw,filtertrack-samples2.csv
2026-07-09 13:37:23+00:00,0.0,0.0,session-1783603749411-du6syw,filtertrack-samples2.csv
2026-07-09 13:37:25+00:00,0.0,0.0,session-1783603749411-du6syw,filtertrack-samples2.csv
2026-07-09 13:37:26+00:00,0.0,0.0,session-1783603749411-du6syw,filtertrack-samples2.csv
2026-07-09 13:37:27+00:00,0.0,0.0,session-1783603749411-du6syw,filtertrack-samples2.csv
2026-07-09 13:37:28+00:00,0.0,0.0,session-1783603749411-du6syw,filtertrack-samples2.csv
2026-07-09 13:37:29+00:00,0.0,0.0,session-1783603749411-du6syw,filtertrack-samples2.csv
2026-07-09 13:37:30+00:00,0.0,0.0,session-1783603749411-du6syw,filtertrack-samples2.csv
2026-07-09 13:37:31+00:00,0.0,0.0,session-1783603749411-du6syw,filtertrack-samples2.csv
2026-07-09 13:37:32+00:00,0.0,0.0,session-1783603749411-du6syw,filtertrack-samples2.csv
2026-07-09 13:37:33+00:00,0.0,0.0,session-1783603749411-du6syw,filtertrack-samples2.csv
2026-07-09 13:37:34+00:00,0.0,0.0,session-1783603749411-du6syw,filtertrack-samples2.csv
2026-07-09 13:37:35+00:00,0.0,0.0,session-1783603749411-du6syw,filtertrack-samples2.csv
2026-07-09 13:37:36+00:00,0.0,0.0,session-1783603749411-du6syw,filtertrack-samples2.csv
2026-07-09 13:37:37+00:00,0.0,0.0,session-1783603749411-du6syw,filtertrack-samples2.csv
2026-07-09 13:37:38+00:00,0.0,0.0,session-1783603749411-du6syw,filtertrack-samples2.csv
2026-07-09 13:37:39+00:00,0.0,0.0,session-1783603749411-du6syw,filtertrack-samples2.csv
2026-07-09 13:37:40+00:00,0.0,0.0,session-1783603749411-du6syw,filtertrack-samples2.csv
2026-07-09 13:37:41+00:00,0.0,0.0,session-1783603749411-du6syw,filtertrack-samples2.csv
2026-07-09 13:37:42+00:00,0.0,0.0,session-1783603749411-du6syw,filtertrack-samples2.csv
2026-07-09 13:37:43+00:00,0.0,0.0,session-1783603749411-du6syw,filtertrack-samples2.csv
2026-07-09 13:37:44+00:00,0.0,0.0,session-1783603749411-du6syw,filtertrack-samples2.csv
2026-07-09 13:37:45+00:00,0.0,0.0,session-1783603749411-du6syw,filtertrack-samples2.csv
2026-07-09 13:37:46+00:00,0.0,0.0,session-1783603749411-du6syw,filtertrack-samples2.csv
2026-07-09 13:37:47+00:00,0.0,0.0,session-1783603749411-du6syw,filtertrack-samples2.csv
2026-07-09 13:37:48+00:00,0.0,0.0,session-1783603749411-du6syw,filtertrack-samples2.csv
2026-07-09 13:37:49+00:00,0.0,0.0,session-1783603749411-du6syw,filtertrack-samples2.csv
2026-07-09 13:37:50+00:00,0.0,0.0,session-1783603749411-du6syw,filtertrack-samples2.csv
2026-07-09 13:37:51+00:00,0.0,0.0,session-1783603749411-du6syw,filtertrack-samples2.csv
2026-07-09 13:37:52+00:00,0.0,0.0,session-1783603749411-du6syw,filtertrack-samples2.csv
2026-07-09 13:37:53+00:00,0.0,0.0,session-1783603749411-du6syw,filtertrack-samples2.csv
2026-07-09 13:37:54+00:00,0.0,0.0,session-1783603749411-du6syw,filtertrack-samples2.csv
2026-07-09 13:37:55+00:00,0.0,0.0,session-1783603749411-du6syw,filtertrack-samples2.csv
2026-07-09 13:37:56+00:00,0.0,0.0,session-1783603749411-du6syw,filtertrack-samples2.csv
2026-07-09 13:37:57+00:00,0.0,0.0,session-1783603749411-du6syw,filtertrack-samples2.csv
2026-07-09 13:37:58+00:00,0.0,0.0,session-1783603749411-du6syw,filtertrack-samples2.csv
2026-07-09 13:37:59+00:00,0.0,0.0,session-1783603749411-du6syw,filtertrack-samples2.csv
2026-07-09 13:38:00+00:00,0.0,0.0,session-1783603749411-du6syw,filtertrack-samples2.csv
2026-07-09 13:38:01+00:00,0.0,0.0,session-1783603749411-du6syw,filtertrack-samples2.csv
2026-07-09 13:38:02+00:00,0.0,0.0,session-1783603749411-du6syw,filtertrack-samples2.csv
2026-07-09 13:38:03+00:00,0.0,0.0,session-1783603749411-du6syw,filtertrack-samples2.csv
2026-07-09 13:38:04+00:00,0.0,0.0,session-1783603749411-du6syw,filtertrack-samples2.csv
2026-07-09 13:38:05+00:00,0.0,0.0,session-1783603749411-du6syw,filtertrack-samples2.csv
2026-07-09 13:38:06+00:00,0.0,0.0,session-1783603749411-du6syw,filtertrack-samples2.csv
2026-07-09 13:38:07+00:00,0.0,0.0,session-1783603749411-du6syw,filtertrack-samples2.csv
2026-07-09 13:38:08+00:00,0.0,0.0,session-1783603749411-du6syw,filtertrack-samples2.csv
2026-07-09 13:38:09+00:00,0.0,0.0,session-1783603749411-du6syw,filtertrack-samples2.csv
2026-07-09 13:38:10+00:00,0.0,0.0,session-1783603749411-du6syw,filtertrack-samples2.csv
2026-07-09 13:38:12+00:00,0.0,0.0,session-1783603749411-du6syw,filtertrack-samples2.csv
2026-07-09 13:38:13+00:00,0.0,0.0,session-1783603749411-du6syw,filtertrack-samples2.csv
2026-07-09 13:38:14+00:00,0.0,0.0,session-1783603749411-du6syw,filtertrack-samples2.csv
2026-07-09 13:38:15+00:00,0.0,0.0,session-1783603749411-du6syw,filtertrack-samples2.csv
2026-07-09 13:38:16+00:00,0.0,0.0,session-1783603749411-du6syw,filtertrack-samples2.csv
2026-07-09 13:38:17+00:00,0.0,0.0,session-1783603749411-du6syw,filtertrack-samples2.csv
2026-07-09 13:38:18+00:00,0.0,0.0,session-1783603749411-du6syw,filtertrack-samples2.csv
2026-07-09 13:38:19+00:00,0.0,0.0,session-1783603749411-du6syw,filtertrack-samples2.csv
2026-07-09 13:38:20+00:00,0.0,0.0,session-1783603749411-du6syw,filtertrack-samples2.csv
2026-07-09 13:38:21+00:00,0.0,0.0,session-1783603749411-du6syw,filtertrack-samples2.csv
2026-07-09 13:38:22+00:00,0.0,0.0,session-1783603749411-du6syw,filtertrack-samples2.csv
2026-07-09 13:38:23+00:00,0.0,0.0,session-1783603749411-du6syw,filtertrack-samples2.csv
2026-07-09 13:38:24+00:00,0.0,0.0,session-1783603749411-du6syw,filtertrack-samples2.csv
2026-07-09 13:38:25+00:00,0.0,0.0,session-1783603749411-du6syw,filtertrack-samples2.csv
2026-07-09 13:38:26+00:00,0.0,0.0,session-1783603749411-du6syw,filtertrack-samples2.csv
2026-07-09 13:38:27+00:00,0.0,0.0,session-1783603749411-du6syw,filtertrack-samples2.csv
2026-07-09 13:38:28+00:00,0.0,0.0,session-1783603749411-du6syw,filtertrack-samples2.csv
2026-07-09 13:38:29+00:00,0.0,0.0,session-1783603749411-du6syw,filtertrack-samples2.csv
2026-07-09 13:38:31+00:00,0.0,0.0,session-1783603749411-du6syw,filtertrack-samples2.csv
2026-07-09 13:38:32+00:00,0.0,0.0,session-1783603749411-du6syw,filtertrack-samples2.csv
2026-07-09 13:38:33+00:00,-0.01555820688406869,-49.00835168481637,session-1783603749411-du6syw,filtertrack-samples2.csv
2026-07-09 13:38:34+00:00,-0.02263867099450094,-71.31181363267795,session-1783603749411-du6syw,filtertrack-samples2.csv
2026-07-09 13:38:35+00:00,-0.027121223938802792,-85.4318554072288,session-1783603749411-du6syw,filtertrack-samples2.csv
2026-07-09 13:38:37+00:00,-0.026841639528739195,-84.55116451552847,session-1783603749411-du6syw,filtertrack-samples2.csv
2026-07-09 13:38:38+00:00,-0.02547832545577403,-80.25672518568818,session-1783603749411-du6syw,filtertrack-samples2.csv
2026-07-09 13:38:39+00:00,-0.02687198833056725,-84.64676324128683,session-1783603749411-du6syw,filtertrack-samples2.csv
2026-07-09 13:38:40+00:00,-0.03016999665886869,-95.03548947543638,session-1783603749411-du6syw,filtertrack-samples2.csv
2026-07-09 13:38:41+00:00,-0.03163737456379074,-99.65772987594082,session-1783603749411-du6syw,filtertrack-samples2.csv
2026-07-09 13:38:42+00:00,-0.029072622386722435,-91.57876051817567,session-1783603749411-du6syw,filtertrack-samples2.csv
2026-07-09 13:38:43+00:00,-0.03165986141335183,-99.72856345205825,session-1783603749411-du6syw,filtertrack-samples2.csv
2026-07-09 13:38:45+00:00,-0.030461435149653528,-95.95352072140861,session-1783603749411-du6syw,filtertrack-samples2.csv
2026-07-09 13:38:46+00:00,-0.026763922689234408,-84.30635647108839,session-1783603749411-du6syw,filtertrack-samples2.csv
2026-07-09 13:38:47+00:00,-0.02082654828930356,-65.60362711130621,session-1783603749411-du6syw,filtertrack-samples2.csv
2026-07-09 13:38:48+00:00,-0.014257049841809923,-44.90970700170126,session-1783603749411-du6syw,filtertrack-samples2.csv
2026-07-09 13:38:49+00:00,-0.010251878332524651,-32.293416747452646,session-1783603749411-du6syw,filtertrack-samples2.csv
2026-07-09 13:38:50+00:00,0.0,0.0,session-1783603749411-du6syw,filtertrack-samples2.csv
2026-07-09 13:38:51+00:00,0.0,0.0,session-1783603749411-du6syw,filtertrack-samples2.csv
2026-07-09 13:38:53+00:00,0.0,0.0,session-1783603749411-du6syw,filtertrack-samples2.csv
2026-07-09 13:38:54+00:00,0.0,0.0,session-1783603749411-du6syw,filtertrack-samples2.csv
2026-07-09 13:38:56+00:00,0.01416103257529118,44.607252612167215,session-1783603749411-du6syw,filtertrack-samples2.csv
2026-07-09 13:38:58+00:00,0.02458991343127115,77.45822730850412,session-1783603749411-du6syw,filtertrack-samples2.csv
2026-07-09 13:38:59+00:00,0.024892266380237386,78.41063909774776,session-1783603749411-du6syw,filtertrack-samples2.csv
2026-07-09 13:39:02+00:00,0.03363633754305374,105.95446326061929,session-1783603749411-du6syw,filtertrack-samples2.csv
2026-07-09 13:39:03+00:00,0.03708484129338331,116.81725007415743,session-1783603749411-du6syw,filtertrack-samples2.csv
2026-07-09 13:39:07+00:00,0.0,0.0,session-1783603749411-du6syw,filtertrack-samples2.csv
2026-07-09 13:39:09+00:00,0.0,0.0,session-1783603749411-du6syw,filtertrack-samples2.csv
2026-07-09 13:39:10+00:00,-0.01062138728323745,-33.457369942197964,session-1783603749411-du6syw,filtertrack-samples2.csv
2026-07-09 13:39:11+00:00,-0.023033373032309113,-72.55512505177371,session-1783603749411-du6syw,filtertrack-samples2.csv
2026-07-09 13:39:12+00:00,-0.03011576256886134,-94.86465209191321,session-1783603749411-du6syw,filtertrack-samples2.csv
2026-07-09 13:39:13+00:00,-0.03652756819500961,-115.06183981428026,session-1783603749411-du6syw,filtertrack-samples2.csv
2026-07-09 13:39:15+00:00,-0.0426442507068789,-134.32938972666852,session-1783603749411-du6syw,filtertrack-samples2.csv
2026-07-09 13:39:16+00:00,-0.04613188025934586,-145.31542281693947,session-1783603749411-du6syw,filtertrack-samples2.csv
2026-07-09 13:39:19+00:00,-0.03674869256630691,-115.75838158386676,session-1783603749411-du6syw,filtertrack-samples2.csv
2026-07-09 13:39:20+00:00,-0.02728885793871912,-85.95990250696522,session-1783603749411-du6syw,filtertrack-samples2.csv
2026-07-09 13:39:22+00:00,-0.019416469950853863,-61.16188034518967,session-1783603749411-du6syw,filtertrack-samples2.csv
2026-07-09 13:39:23+00:00,-0.013824035834549086,-43.54571287882962,session-1783603749411-du6syw,filtertrack-samples2.csv
2026-07-09 13:39:27+00:00,0.0,0.0,session-1783603749411-du6syw,filtertrack-samples2.csv
2026-07-09 13:39:28+00:00,0.0,0.0,session-1783603749411-du6syw,filtertrack-samples2.csv
2026-07-09 13:39:30+00:00,0.011147936248469284,35.115999182678244,session-1783603749411-du6syw,filtertrack-samples2.csv
2026-07-09 13:39:31+00:00,0.013508257772021122,42.55101198186653,session-1783603749411-du6syw,filtertrack-samples2.csv
2026-07-09 13:39:34+00:00,0.05079780755176585,160.0130937880624,session-1783603749411-du6syw,filtertrack-samples2.csv
2026-07-09 13:39:35+00:00,0.04722560586734714,148.76065848214347,session-1783603749411-du6syw,filtertrack-samples2.csv
2026-07-09 13:39:36+00:00,0.044645813188938364,140.63431154515584,session-1783603749411-du6syw,filtertrack-samples2.csv
2026-07-09 13:39:37+00:00,0.043468645985886574,136.9262348555427,session-1783603749411-du6syw,filtertrack-samples2.csv
2026-07-09 13:39:38+00:00,0.040216501439077616,126.68197953309449,session-1783603749411-du6syw,filtertrack-samples2.csv
2026-07-09 13:39:39+00:00,0.038886983983759664,122.49399954884294,session-1783603749411-du6syw,filtertrack-samples2.csv
2026-07-09 13:39:40+00:00,0.03874229946767374,122.03824332317228,session-1783603749411-du6syw,filtertrack-samples2.csv
2026-07-09 13:39:41+00:00,0.037598240469208184,118.43445747800578,session-1783603749411-du6syw,filtertrack-samples2.csv
2026-07-09 13:39:42+00:00,0.03368489142525549,106.1074079895548,session-1783603749411-du6syw,filtertrack-samples2.csv
2026-07-09 13:39:43+00:00,0.028614334645468538,90.1351541332259,session-1783603749411-du6syw,filtertrack-samples2.csv
2026-07-09 13:39:44+00:00,0.019768238213397724,62.26995037220283,session-1783603749411-du6syw,filtertrack-samples2.csv
2026-07-09 13:39:46+00:00,0.0,0.0,session-1783603749411-du6syw,filtertrack-samples2.csv
2026-07-09 13:39:47+00:00,-0.021600574896201388,-68.04181092303436,session-1783603749411-du6syw,filtertrack-samples2.csv
2026-07-09 13:39:48+00:00,-0.028406474820141636,-89.48039568344615,session-1783603749411-du6syw,filtertrack-samples2.csv
2026-07-09 13:39:49+00:00,-0.03388194769894013,-106.7281352516614,session-1783603749411-du6syw,filtertrack-samples2.csv
2026-07-09 13:39:50+00:00,-0.041932127373300716,-132.08620122589727,session-1783603749411-du6syw,filtertrack-samples2.csv
2026-07-09 13:39:51+00:00,-0.04738845158507796,-149.27362249299557,session-1783603749411-du6syw,filtertrack-samples2.csv
2026-07-09 13:39:52+00:00,-0.04721197963879717,-148.71773586221107,session-1783603749411-du6syw,filtertrack-samples2.csv
2026-07-09 13:39:53+00:00,-0.0474173330667729,-149.36459916033462,session-1783603749411-du6syw,filtertrack-samples2.csv
2026-07-09 13:39:54+00:00,-0.0477805058099801,-150.50859330143732,session-1783603749411-du6syw,filtertrack-samples2.csv
2026-07-09 13:39:55+00:00,-0.03980823529412015,-125.39594117647846,session-1783603749411-du6syw,filtertrack-samples2.csv
2026-07-09 13:39:56+00:00,-0.03291519348268859,-103.68285947046907,session-1783603749411-du6syw,filtertrack-samples2.csv
2026-07-09 13:39:57+00:00,-0.02687846028426629,-84.66714989543881,session-1783603749411-du6syw,filtertrack-samples2.csv
2026-07-09 13:39:58+00:00,-0.022702278731837264,-71.51217800528738,session-1783603749411-du6syw,filtertrack-samples2.csv
2026-07-09 13:40:00+00:00,-0.025278796896189344,-79.62821022299643,session-1783603749411-du6syw,filtertrack-samples2.csv
2026-07-09 13:40:02+00:00,-0.02271524739145048,-71.55302928306902,session-1783603749411-du6syw,filtertrack-samples2.csv
2026-07-09 13:40:03+00:00,-0.02210692360163616,-69.6368093451539,session-1783603749411-du6syw,filtertrack-samples2.csv
2026-07-09 13:40:04+00:00,-0.01859314962157998,-58.56842130797694,session-1783603749411-du6syw,filtertrack-samples2.csv
2026-07-09 13:40:05+00:00,-0.012443325538110629,-39.19647544504848,session-1783603749411-du6syw,filtertrack-samples2.csv
2026-07-09 13:40:06+00:00,0.0,0.0,session-1783603749411-du6syw,filtertrack-samples2.csv
2026-07-09 13:40:07+00:00,0.0,0.0,session-1783603749411-du6syw,filtertrack-samples2.csv
2026-07-09 13:40:08+00:00,0.0,0.0,session-1783603749411-du6syw,filtertrack-samples2.csv
2026-07-09 13:40:09+00:00,0.0,0.0,session-1783603749411-du6syw,filtertrack-samples2.csv
2026-07-09 13:40:10+00:00,0.013039948453609172,41.07583762886889,session-1783603749411-du6syw,filtertrack-samples2.csv
2026-07-09 13:40:11+00:00,0.01904945384154444,60.00577960086498,session-1783603749411-du6syw,filtertrack-samples2.csv
2026-07-09 13:40:12+00:00,0.024761710794296992,77.99938900203553,session-1783603749411-du6syw,filtertrack-samples2.csv
2026-07-09 13:40:13+00:00,0.031248263322298794,98.4320294652412,session-1783603749411-du6syw,filtertrack-samples2.csv
2026-07-09 13:40:14+00:00,0.036949321778448174,116.39036360211175,session-1783603749411-du6syw,filtertrack-samples2.csv
2026-07-09 13:40:15+00:00,0.04203073545554407,132.3968166849638,session-1783603749411-du6syw,filtertrack-samples2.csv
2026-07-09 13:40:16+00:00,0.04050814763231011,127.60066504177684,session-1783603749411-du6syw,filtertrack-samples2.csv
2026-07-09 13:40:17+00:00,0.036482042617367046,114.91843424470619,session-1783603749411-du6syw,filtertrack-samples2.csv
2026-07-09 13:40:18+00:00,0.032617973746212524,102.74661730056944,session-1783603749411-du6syw,filtertrack-samples2.csv
2026-07-09 13:40:19+00:00,0.028588598842953197,90.05408635530257,session-1783603749411-du6syw,filtertrack-samples2.csv
2026-07-09 13:40:20+00:00,0.0234605188303557,73.90063431562045,session-1783603749411-du6syw,filtertrack-samples2.csv
2026-07-09 13:40:21+00:00,0.018451271003878462,58.12150366221715,session-1783603749411-du6syw,filtertrack-samples2.csv
2026-07-09 13:40:22+00:00,0.015142101592468394,47.69762001627544,session-1783603749411-du6syw,filtertrack-samples2.csv
2026-07-09 13:40:23+00:00,0.011428447285474019,35.99960894924316,session-1783603749411-du6syw,filtertrack-samples2.csv
2026-07-09 13:40:24+00:00,0.0,0.0,session-1783603749411-du6syw,filtertrack-samples2.csv
2026-07-09 13:40:25+00:00,0.0,0.0,session-1783603749411-du6syw,filtertrack-samples2.csv
2026-07-09 13:40:26+00:00,0.011404754505902968,35.92497669359435,session-1783603749411-du6syw,filtertrack-samples2.csv
2026-07-09 13:40:27+00:00,0.013779578606159373,43.405672609402025,session-1783603749411-du6syw,filtertrack-samples2.csv
2026-07-09 13:40:28+00:00,0.014876987488597771,46.86251058908298,session-1783603749411-du6syw,filtertrack-samples2.csv
2026-07-09 13:40:29+00:00,0.01619748785798198,51.02208675264324,session-1783603749411-du6syw,filtertrack-samples2.csv
2026-07-09 13:40:30+00:00,0.01445799426263137,45.54268192728882,session-1783603749411-du6syw,filtertrack-samples2.csv
2026-07-09 13:40:31+00:00,0.0,0.0,session-1783603749411-du6syw,filtertrack-samples2.csv
2026-07-09 13:40:32+00:00,0.0,0.0,session-1783603749411-du6syw,filtertrack-samples2.csv
2026-07-09 13:40:33+00:00,0.0,0.0,session-1783603749411-du6syw,filtertrack-samples2.csv
2026-07-09 13:40:34+00:00,0.0,0.0,session-1783603749411-du6syw,filtertrack-samples2.csv
2026-07-09 13:40:35+00:00,0.0,0.0,session-1783603749411-du6syw,filtertrack-samples2.csv
2026-07-09 13:40:36+00:00,0.0,0.0,session-1783603749411-du6syw,filtertrack-samples2.csv
2026-07-09 13:40:37+00:00,0.0,0.0,session-1783603749411-du6syw,filtertrack-samples2.csv
2026-07-09 13:40:38+00:00,0.0,0.0,session-1783603749411-du6syw,filtertrack-samples2.csv
2026-07-09 13:40:39+00:00,0.0,0.0,session-1783603749411-du6syw,filtertrack-samples2.csv
2026-07-09 13:40:40+00:00,0.0,0.0,session-1783603749411-du6syw,filtertrack-samples2.csv
2026-07-09 13:40:41+00:00,0.0,0.0,session-1783603749411-du6syw,filtertrack-samples2.csv
2026-07-09 13:40:42+00:00,0.0,0.0,session-1783603749411-du6syw,filtertrack-samples2.csv
2026-07-09 13:40:43+00:00,0.0,0.0,session-1783603749411-du6syw,filtertrack-samples2.csv
2026-07-09 13:40:44+00:00,-0.014741129032256325,-46.43455645160742,session-1783603749411-du6syw,filtertrack-samples2.csv
2026-07-09 13:40:45+00:00,-0.020496774193547996,-64.5648387096762,session-1783603749411-du6syw,filtertrack-samples2.csv
2026-07-09 13:40:46+00:00,-0.024638709677417978,-77.61193548386662,session-1783603749411-du6syw,filtertrack-samples2.csv
2026-07-09 13:40:48+00:00,-0.03048878871260685,-96.03968444471157,session-1783603749411-du6syw,filtertrack-samples2.csv
2026-07-09 13:40:49+00:00,-0.036304289990023796,-114.35851346857496,session-1783603749411-du6syw,filtertrack-samples2.csv
2026-07-09 13:40:50+00:00,-0.03902419354838754,-122.92620967742076,session-1783603749411-du6syw,filtertrack-samples2.csv
2026-07-09 13:40:52+00:00,-0.04306854684512483,-135.6659225621432,session-1783603749411-du6syw,filtertrack-samples2.csv
2026-07-09 13:40:53+00:00,-0.04468904433988755,-140.7704896706458,session-1783603749411-du6syw,filtertrack-samples2.csv
2026-07-09 13:40:54+00:00,-0.04537930613242022,-142.9448143171237,session-1783603749411-du6syw,filtertrack-samples2.csv
2026-07-09 13:40:55+00:00,-0.048127756277564014,-151.60243227432665,session-1783603749411-du6syw,filtertrack-samples2.csv
2026-07-09 13:40:57+00:00,-0.050132093023258405,-157.91609302326398,session-1783603749411-du6syw,filtertrack-samples2.csv
2026-07-09 13:40:58+00:00,-0.04689877593260209,-147.7311441876966,session-1783603749411-du6syw,filtertrack-samples2.csv
2026-07-09 13:40:59+00:00,-0.04416549763033376,-139.12131753555136,session-1783603749411-du6syw,filtertrack-samples2.csv
2026-07-09 13:41:00+00:00,-0.042735608864660594,-134.61716792368085,session-1783603749411-du6syw,filtertrack-samples2.csv
2026-07-09 13:41:01+00:00,-0.04062647739734371,-127.97340380163266,session-1783603749411-du6syw,filtertrack-samples2.csv
2026-07-09 13:41:02+00:00,-0.03573364886184246,-112.56099391480375,session-1783603749411-du6syw,filtertrack-samples2.csv
2026-07-09 13:41:03+00:00,-0.030471130403759896,-95.98406077184367,session-1783603749411-du6syw,filtertrack-samples2.csv
2026-07-09 13:41:04+00:00,-0.028754775425918075,-90.57754259164193,session-1783603749411-du6syw,filtertrack-samples2.csv
2026-07-09 13:41:05+00:00,-0.02769531525185033,-87.24024304332855,session-1783603749411-du6syw,filtertrack-samples2.csv
2026-07-09 13:41:06+00:00,-0.024767494984698078,-78.01760920179893,session-1783603749411-du6syw,filtertrack-samples2.csv
2026-07-09 13:41:07+00:00,-0.021385438031057243,-67.36412979783032,session-1783603749411-du6syw,filtertrack-samples2.csv
2026-07-09 13:41:08+00:00,-0.01817935717120054,-57.264975089281705,session-1783603749411-du6syw,filtertrack-samples2.csv
2026-07-09 13:41:09+00:00,-0.013247013601419153,-41.728092844470325,session-1783603749411-du6syw,filtertrack-samples2.csv
2026-07-09 13:41:10+00:00,-0.010461857392133784,-32.95485078522142,session-1783603749411-du6syw,filtertrack-samples2.csv
2026-07-09 13:41:11+00:00,0.0,0.0,session-1783603749411-du6syw,filtertrack-samples2.csv
2026-07-09 13:41:12+00:00,0.0,0.0,session-1783603749411-du6syw,filtertrack-samples2.csv
2026-07-09 13:41:13+00:00,0.0,0.0,session-1783603749411-du6syw,filtertrack-samples2.csv
2026-07-09 13:41:15+00:00,0.0,0.0,session-1783603749411-du6syw,filtertrack-samples2.csv
2026-07-09 13:41:16+00:00,0.0,0.0,session-1783603749411-du6syw,filtertrack-samples2.csv
2026-07-09 13:41:19+00:00,0.0,0.0,session-1783603749411-du6syw,filtertrack-samples2.csv
2026-07-09 13:41:20+00:00,0.0,0.0,session-1783603749411-du6syw,filtertrack-samples2.csv
2026-07-09 13:41:21+00:00,0.0,0.0,session-1783603749411-du6syw,filtertrack-samples2.csv
2026-07-09 13:41:22+00:00,0.0,0.0,session-1783603749411-du6syw,filtertrack-samples2.csv
2026-07-09 13:41:23+00:00,0.0,0.0,session-1783603749411-du6syw,filtertrack-samples2.csv
2026-07-09 13:41:24+00:00,0.0,0.0,session-1783603749411-du6syw,filtertrack-samples2.csv
2026-07-09 13:41:26+00:00,0.0,0.0,session-1783603749411-du6syw,filtertrack-samples2.csv
2026-07-09 13:41:27+00:00,0.0,0.0,session-1783603749411-du6syw,filtertrack-samples2.csv
2026-07-09 13:41:28+00:00,0.0,0.0,session-1783603749411-du6syw,filtertrack-samples2.csv
2026-07-09 13:41:29+00:00,0.011295434969853193,35.58062015503755,session-1783603749411-du6syw,filtertrack-samples2.csv
2026-07-09 13:41:30+00:00,0.016202995948872482,51.03943723894832,session-1783603749411-du6syw,filtertrack-samples2.csv
2026-07-09 13:41:31+00:00,0.019247446841532508,60.629457550827404,session-1783603749411-du6syw,filtertrack-samples2.csv
2026-07-09 13:41:32+00:00,0.022709037981701676,71.53346964236027,session-1783603749411-du6syw,filtertrack-samples2.csv
2026-07-09 13:41:33+00:00,0.030161107189983147,95.00748764844691,session-1783603749411-du6syw,filtertrack-samples2.csv
2026-07-09 13:41:34+00:00,0.036609491515018744,115.31989827230905,session-1783603749411-du6syw,filtertrack-samples2.csv
2026-07-09 13:41:36+00:00,0.03834463772182092,120.7856088237359,session-1783603749411-du6syw,filtertrack-samples2.csv
2026-07-09 13:41:37+00:00,0.0397604383676759,125.24538085817908,session-1783603749411-du6syw,filtertrack-samples2.csv
2026-07-09 13:41:38+00:00,0.040211935892027775,126.66759805988748,session-1783603749411-du6syw,filtertrack-samples2.csv
2026-07-09 13:41:39+00:00,0.03986061691824735,125.56094329247914,session-1783603749411-du6syw,filtertrack-samples2.csv
2026-07-09 13:41:40+00:00,0.03972207418077024,125.12453366942624,session-1783603749411-du6syw,filtertrack-samples2.csv
2026-07-09 13:41:41+00:00,0.03529457834647874,111.17792179140804,session-1783603749411-du6syw,filtertrack-samples2.csv
2026-07-09 13:41:43+00:00,0.0314918550827835,99.19934351076802,session-1783603749411-du6syw,filtertrack-samples2.csv
2026-07-09 13:41:44+00:00,0.033858614060783276,106.65463429146732,session-1783603749411-du6syw,filtertrack-samples2.csv
2026-07-09 13:41:45+00:00,0.03334019832189225,105.02162471396058,session-1783603749411-du6syw,filtertrack-samples2.csv
2026-07-09 13:41:46+00:00,0.03448493063307261,108.62753149417873,session-1783603749411-du6syw,filtertrack-samples2.csv
2026-07-09 13:41:47+00:00,0.03305251855942138,104.11543346217735,session-1783603749411-du6syw,filtertrack-samples2.csv
2026-07-09 13:41:48+00:00,0.03092034274833539,97.39907965725646,session-1783603749411-du6syw,filtertrack-samples2.csv
2026-07-09 13:41:49+00:00,0.028997429305912918,91.34190231362568,session-1783603749411-du6syw,filtertrack-samples2.csv
2026-07-09 13:41:50+00:00,0.025673792120624275,80.87244517996646,session-1783603749411-du6syw,filtertrack-samples2.csv
2026-07-09 13:41:51+00:00,0.023072483841180328,72.67832409971803,session-1783603749411-du6syw,filtertrack-samples2.csv
2026-07-09 13:41:52+00:00,0.02023803766565943,63.7498186468272,session-1783603749411-du6syw,filtertrack-samples2.csv
2026-07-09 13:41:53+00:00,0.01496279594137391,47.132807215327816,session-1783603749411-du6syw,filtertrack-samples2.csv
2026-07-09 13:41:54+00:00,0.0,0.0,session-1783603749411-du6syw,filtertrack-samples2.csv
2026-07-09 13:41:55+00:00,0.0,0.0,session-1783603749411-du6syw,filtertrack-samples2.csv
2026-07-09 13:41:56+00:00,0.0,0.0,session-1783603749411-du6syw,filtertrack-samples2.csv
2026-07-09 13:41:57+00:00,0.0,0.0,session-1783603749411-du6syw,filtertrack-samples2.csv
2026-07-09 13:41:58+00:00,0.0,0.0,session-1783603749411-du6syw,filtertrack-samples2.csv
2026-07-09 13:41:59+00:00,0.0,0.0,session-1783603749411-du6syw,filtertrack-samples2.csv
2026-07-09 13:42:00+00:00,0.0,0.0,session-1783603749411-du6syw,filtertrack-samples2.csv
2026-07-09 13:42:01+00:00,0.0,0.0,session-1783603749411-du6syw,filtertrack-samples2.csv
2026-07-09 13:42:02+00:00,0.0,0.0,session-1783603749411-du6syw,filtertrack-samples2.csv
2026-07-09 13:42:03+00:00,0.0,0.0,session-1783603749411-du6syw,filtertrack-samples2.csv
2026-07-09 13:42:04+00:00,0.0,0.0,session-1783603749411-du6syw,filtertrack-samples2.csv
2026-07-09 13:42:05+00:00,0.0,0.0,session-1783603749411-du6syw,filtertrack-samples2.csv
2026-07-09 13:42:06+00:00,0.0,0.0,session-1783603749411-du6syw,filtertrack-samples2.csv
2026-07-09 13:42:07+00:00,0.0,0.0,session-1783603749411-du6syw,filtertrack-samples2.csv
2026-07-14 12:15:39+00:00,0.0,0.0,session-1784031314726-n0212a,filtertrack-samples3.csv
2026-07-14 12:15:40+00:00,0.0,0.0,session-1784031314726-n0212a,filtertrack-samples3.csv
2026-07-14 12:15:41+00:00,0.0,0.0,session-1784031314726-n0212a,filtertrack-samples3.csv
2026-07-14 12:15:42+00:00,0.0,0.0,session-1784031314726-n0212a,filtertrack-samples3.csv
2026-07-14 12:15:43+00:00,0.0,0.0,session-1784031314726-n0212a,filtertrack-samples3.csv
2026-07-14 12:15:44+00:00,0.0,0.0,session-1784031314726-n0212a,filtertrack-samples3.csv
2026-07-14 12:15:45+00:00,0.0,0.0,session-1784031314726-n0212a,filtertrack-samples3.csv
2026-07-14 12:15:46+00:00,0.0,0.0,session-1784031314726-n0212a,filtertrack-samples3.csv
2026-07-14 12:15:47+00:00,0.0,0.0,session-1784031314726-n0212a,filtertrack-samples3.csv
2026-07-14 12:15:48+00:00,0.0,0.0,session-1784031314726-n0212a,filtertrack-samples3.csv
2026-07-14 12:15:49+00:00,0.0,0.0,session-1784031314726-n0212a,filtertrack-samples3.csv
2026-07-14 12:15:50+00:00,0.0,0.0,session-1784031314726-n0212a,filtertrack-samples3.csv
2026-07-14 12:15:51+00:00,0.0,0.0,session-1784031314726-n0212a,filtertrack-samples3.csv
2026-07-14 12:15:52+00:00,0.0,0.0,session-1784031314726-n0212a,filtertrack-samples3.csv
2026-07-14 12:15:53+00:00,0.0,0.0,session-1784031314726-n0212a,filtertrack-samples3.csv
2026-07-14 12:15:54+00:00,0.0,0.0,session-1784031314726-n0212a,filtertrack-samples3.csv
2026-07-14 12:15:55+00:00,0.0,0.0,session-1784031314726-n0212a,filtertrack-samples3.csv
2026-07-14 12:15:56+00:00,0.0,0.0,session-1784031314726-n0212a,filtertrack-samples3.csv
2026-07-14 12:15:57+00:00,0.0,0.0,session-1784031314726-n0212a,filtertrack-samples3.csv
2026-07-14 12:15:58+00:00,0.0,0.0,session-1784031314726-n0212a,filtertrack-samples3.csv
2026-07-14 12:15:59+00:00,0.0,0.0,session-1784031314726-n0212a,filtertrack-samples3.csv
2026-07-14 12:16:00+00:00,0.0,0.0,session-1784031314726-n0212a,filtertrack-samples3.csv
2026-07-14 12:16:01+00:00,0.0,0.0,session-1784031314726-n0212a,filtertrack-samples3.csv
2026-07-14 12:16:02+00:00,0.0,0.0,session-1784031314726-n0212a,filtertrack-samples3.csv
2026-07-14 12:16:03+00:00,0.0,0.0,session-1784031314726-n0212a,filtertrack-samples3.csv
2026-07-14 12:16:04+00:00,0.0,0.0,session-1784031314726-n0212a,filtertrack-samples3.csv
2026-07-14 12:16:05+00:00,0.0,0.0,session-1784031314726-n0212a,filtertrack-samples3.csv
2026-07-14 12:16:06+00:00,0.0,0.0,session-1784031314726-n0212a,filtertrack-samples3.csv
2026-07-14 12:16:07+00:00,0.0,0.0,session-1784031314726-n0212a,filtertrack-samples3.csv
2026-07-14 12:16:08+00:00,0.0,0.0,session-1784031314726-n0212a,filtertrack-samples3.csv
2026-07-14 12:16:09+00:00,0.0,0.0,session-1784031314726-n0212a,filtertrack-samples3.csv
2026-07-14 12:16:10+00:00,0.0,0.0,session-1784031314726-n0212a,filtertrack-samples3.csv
2026-07-14 12:16:11+00:00,0.0,0.0,session-1784031314726-n0212a,filtertrack-samples3.csv
2026-07-14 12:16:12+00:00,0.0,0.0,session-1784031314726-n0212a,filtertrack-samples3.csv
2026-07-14 12:16:13+00:00,0.0,0.0,session-1784031314726-n0212a,filtertrack-samples3.csv
2026-07-14 12:16:14+00:00,0.0,0.0,session-1784031314726-n0212a,filtertrack-samples3.csv
2026-07-14 12:16:15+00:00,0.0,0.0,session-1784031314726-n0212a,filtertrack-samples3.csv
2026-07-14 12:16:16+00:00,0.0,0.0,session-1784031314726-n0212a,filtertrack-samples3.csv
2026-07-14 12:16:17+00:00,0.0,0.0,session-1784031314726-n0212a,filtertrack-samples3.csv
2026-07-14 12:16:18+00:00,0.0,0.0,session-1784031314726-n0212a,filtertrack-samples3.csv
2026-07-14 12:16:19+00:00,0.0,0.0,session-1784031314726-n0212a,filtertrack-samples3.csv
2026-07-14 12:16:20+00:00,0.0,0.0,session-1784031314726-n0212a,filtertrack-samples3.csv
2026-07-14 12:16:21+00:00,0.0,0.0,session-1784031314726-n0212a,filtertrack-samples3.csv
2026-07-14 12:16:22+00:00,0.0,0.0,session-1784031314726-n0212a,filtertrack-samples3.csv
2026-07-14 12:16:23+00:00,0.0,0.0,session-1784031314726-n0212a,filtertrack-samples3.csv
2026-07-14 12:16:24+00:00,0.0,0.0,session-1784031314726-n0212a,filtertrack-samples3.csv
2026-07-14 12:16:25+00:00,0.0,0.0,session-1784031314726-n0212a,filtertrack-samples3.csv
2026-07-14 12:16:26+00:00,0.0,0.0,session-1784031314726-n0212a,filtertrack-samples3.csv
2026-07-14 12:16:27+00:00,0.0,0.0,session-1784031314726-n0212a,filtertrack-samples3.csv
2026-07-14 12:16:28+00:00,0.0,0.0,session-1784031314726-n0212a,filtertrack-samples3.csv
2026-07-14 12:16:29+00:00,0.0,0.0,session-1784031314726-n0212a,filtertrack-samples3.csv
2026-07-14 12:16:30+00:00,0.0,0.0,session-1784031314726-n0212a,filtertrack-samples3.csv
2026-07-14 12:16:31+00:00,0.0,0.0,session-1784031314726-n0212a,filtertrack-samples3.csv
2026-07-14 12:16:32+00:00,0.0,0.0,session-1784031314726-n0212a,filtertrack-samples3.csv
2026-07-14 12:16:33+00:00,0.0,0.0,session-1784031314726-n0212a,filtertrack-samples3.csv
2026-07-14 12:16:34+00:00,0.0,0.0,session-1784031314726-n0212a,filtertrack-samples3.csv
2026-07-14 12:16:35+00:00,0.0,0.0,session-1784031314726-n0212a,filtertrack-samples3.csv
2026-07-14 12:16:36+00:00,0.0,0.0,session-1784031314726-n0212a,filtertrack-samples3.csv
2026-07-14 12:16:37+00:00,0.0,0.0,session-1784031314726-n0212a,filtertrack-samples3.csv
2026-07-14 12:16:38+00:00,0.0,0.0,session-1784031314726-n0212a,filtertrack-samples3.csv
2026-07-14 12:16:39+00:00,0.0,0.0,session-1784031314726-n0212a,filtertrack-samples3.csv
2026-07-14 12:16:40+00:00,0.0,0.0,session-1784031314726-n0212a,filtertrack-samples3.csv
2026-07-14 12:16:41+00:00,0.0,0.0,session-1784031314726-n0212a,filtertrack-samples3.csv
2026-07-14 12:16:42+00:00,0.0,0.0,session-1784031314726-n0212a,filtertrack-samples3.csv
2026-07-14 12:16:43+00:00,0.0,0.0,session-1784031314726-n0212a,filtertrack-samples3.csv
2026-07-14 12:16:44+00:00,0.0,0.0,session-1784031314726-n0212a,filtertrack-samples3.csv
2026-07-14 12:16:45+00:00,0.0,0.0,session-1784031314726-n0212a,filtertrack-samples3.csv
2026-07-14 12:16:46+00:00,0.0,0.0,session-1784031314726-n0212a,filtertrack-samples3.csv
2026-07-14 12:16:47+00:00,0.0,0.0,session-1784031314726-n0212a,filtertrack-samples3.csv
2026-07-14 12:16:48+00:00,0.0,0.0,session-1784031314726-n0212a,filtertrack-samples3.csv
2026-07-14 12:16:49+00:00,0.0,0.0,session-1784031314726-n0212a,filtertrack-samples3.csv
2026-07-14 12:16:50+00:00,0.0,0.0,session-1784031314726-n0212a,filtertrack-samples3.csv
2026-07-14 12:16:51+00:00,0.0,0.0,session-1784031314726-n0212a,filtertrack-samples3.csv
2026-07-14 12:16:52+00:00,0.0,0.0,session-1784031314726-n0212a,filtertrack-samples3.csv
2026-07-14 12:16:53+00:00,0.0,0.0,session-1784031314726-n0212a,filtertrack-samples3.csv
2026-07-14 12:16:54+00:00,0.0,0.0,session-1784031314726-n0212a,filtertrack-samples3.csv
2026-07-14 12:16:55+00:00,0.0,0.0,session-1784031314726-n0212a,filtertrack-samples3.csv
2026-07-14 12:16:56+00:00,0.0,0.0,session-1784031314726-n0212a,filtertrack-samples3.csv
2026-07-14 12:16:57+00:00,0.0,0.0,session-1784031314726-n0212a,filtertrack-samples3.csv
2026-07-14 12:16:58+00:00,0.0,0.0,session-1784031314726-n0212a,filtertrack-samples3.csv
2026-07-14 12:16:59+00:00,0.0,0.0,session-1784031314726-n0212a,filtertrack-samples3.csv
2026-07-14 12:17:00+00:00,0.0,0.0,session-1784031314726-n0212a,filtertrack-samples3.csv
2026-07-14 12:17:01+00:00,0.0,0.0,session-1784031314726-n0212a,filtertrack-samples3.csv
2026-07-14 12:17:02+00:00,0.0,0.0,session-1784031314726-n0212a,filtertrack-samples3.csv
2026-07-14 12:17:03+00:00,0.0,0.0,session-1784031314726-n0212a,filtertrack-samples3.csv
2026-07-14 12:17:04+00:00,0.0,0.0,session-1784031314726-n0212a,filtertrack-samples3.csv
2026-07-14 12:17:05+00:00,0.0,0.0,session-1784031314726-n0212a,filtertrack-samples3.csv
2026-07-14 12:17:06+00:00,0.0,0.0,session-1784031314726-n0212a,filtertrack-samples3.csv
2026-07-14 12:17:07+00:00,0.0,0.0,session-1784031314726-n0212a,filtertrack-samples3.csv
2026-07-14 12:17:08+00:00,0.0,0.0,session-1784031314726-n0212a,filtertrack-samples3.csv
2026-07-14 12:17:09+00:00,0.0,0.0,session-1784031314726-n0212a,filtertrack-samples3.csv
2026-07-14 12:17:10+00:00,0.0,0.0,session-1784031314726-n0212a,filtertrack-samples3.csv
2026-07-14 12:17:11+00:00,0.0,0.0,session-1784031314726-n0212a,filtertrack-samples3.csv
2026-07-14 12:17:12+00:00,0.0,0.0,session-1784031314726-n0212a,filtertrack-samples3.csv
2026-07-14 12:17:13+00:00,0.0,0.0,session-1784031314726-n0212a,filtertrack-samples3.csv
2026-07-14 12:17:14+00:00,0.0,0.0,session-1784031314726-n0212a,filtertrack-samples3.csv
2026-07-14 12:17:15+00:00,0.0,0.0,session-1784031314726-n0212a,filtertrack-samples3.csv
2026-07-14 12:17:16+00:00,0.0,0.0,session-1784031314726-n0212a,filtertrack-samples3.csv
2026-07-14 12:17:17+00:00,0.0,0.0,session-1784031314726-n0212a,filtertrack-samples3.csv
2026-07-14 12:17:18+00:00,0.0,0.0,session-1784031314726-n0212a,filtertrack-samples3.csv
2026-07-14 12:17:19+00:00,0.0,0.0,session-1784031314726-n0212a,filtertrack-samples3.csv
2026-07-14 12:17:20+00:00,0.0,0.0,session-1784031314726-n0212a,filtertrack-samples3.csv
2026-07-14 12:17:21+00:00,0.0,0.0,session-1784031314726-n0212a,filtertrack-samples3.csv
2026-07-14 12:17:22+00:00,0.0,0.0,session-1784031314726-n0212a,filtertrack-samples3.csv
2026-07-14 12:17:23+00:00,0.0,0.0,session-1784031314726-n0212a,filtertrack-samples3.csv
2026-07-14 12:17:24+00:00,0.0,0.0,session-1784031314726-n0212a,filtertrack-samples3.csv
2026-07-14 12:17:25+00:00,0.0,0.0,session-1784031314726-n0212a,filtertrack-samples3.csv
2026-07-14 12:17:26+00:00,0.0,0.0,session-1784031314726-n0212a,filtertrack-samples3.csv
2026-07-14 12:17:27+00:00,0.0,0.0,session-1784031314726-n0212a,filtertrack-samples3.csv
2026-07-14 12:17:28+00:00,0.0,0.0,session-1784031314726-n0212a,filtertrack-samples3.csv
2026-07-14 12:17:29+00:00,0.0,0.0,session-1784031314726-n0212a,filtertrack-samples3.csv
2026-07-14 12:17:30+00:00,0.0,0.0,session-1784031314726-n0212a,filtertrack-samples3.csv
2026-07-14 12:17:31+00:00,0.0,0.0,session-1784031314726-n0212a,filtertrack-samples3.csv
2026-07-14 12:17:32+00:00,0.0,0.0,session-1784031314726-n0212a,filtertrack-samples3.csv
2026-07-14 12:17:33+00:00,0.0,0.0,session-1784031314726-n0212a,filtertrack-samples3.csv
2026-07-14 12:17:34+00:00,0.0,0.0,session-1784031314726-n0212a,filtertrack-samples3.csv
2026-07-14 12:17:35+00:00,0.0,0.0,session-1784031314726-n0212a,filtertrack-samples3.csv
2026-07-14 12:17:36+00:00,0.0,0.0,session-1784031314726-n0212a,filtertrack-samples3.csv
2026-07-14 12:17:37+00:00,0.0,0.0,session-1784031314726-n0212a,filtertrack-samples3.csv
2026-07-14 12:17:38+00:00,0.0,0.0,session-1784031314726-n0212a,filtertrack-samples3.csv
2026-07-14 12:17:39+00:00,0.0,0.0,session-1784031314726-n0212a,filtertrack-samples3.csv
2026-07-14 12:17:40+00:00,0.0,0.0,session-1784031314726-n0212a,filtertrack-samples3.csv
2026-07-14 12:17:41+00:00,0.0,0.0,session-1784031314726-n0212a,filtertrack-samples3.csv
2026-07-14 12:17:42+00:00,0.0,0.0,session-1784031314726-n0212a,filtertrack-samples3.csv
2026-07-14 12:17:43+00:00,0.0,0.0,session-1784031314726-n0212a,filtertrack-samples3.csv
2026-07-14 12:17:44+00:00,0.0,0.0,session-1784031314726-n0212a,filtertrack-samples3.csv
2026-07-14 12:17:45+00:00,0.0,0.0,session-1784031314726-n0212a,filtertrack-samples3.csv
2026-07-14 12:17:46+00:00,0.0,0.0,session-1784031314726-n0212a,filtertrack-samples3.csv
2026-07-14 12:17:47+00:00,0.0,0.0,session-1784031314726-n0212a,filtertrack-samples3.csv
2026-07-14 12:17:48+00:00,0.0,0.0,session-1784031314726-n0212a,filtertrack-samples3.csv
2026-07-14 12:17:49+00:00,0.0,0.0,session-1784031314726-n0212a,filtertrack-samples3.csv
2026-07-14 12:17:50+00:00,0.0,0.0,session-1784031314726-n0212a,filtertrack-samples3.csv
2026-07-14 12:17:51+00:00,0.0,0.0,session-1784031314726-n0212a,filtertrack-samples3.csv
2026-07-14 12:17:52+00:00,0.0,0.0,session-1784031314726-n0212a,filtertrack-samples3.csv
2026-07-14 12:17:53+00:00,0.0,0.0,session-1784031314726-n0212a,filtertrack-samples3.csv
2026-07-14 12:17:54+00:00,0.0,0.0,session-1784031314726-n0212a,filtertrack-samples3.csv
2026-07-14 12:17:55+00:00,0.0,0.0,session-1784031314726-n0212a,filtertrack-samples3.csv
2026-07-14 12:17:56+00:00,0.0,0.0,session-1784031314726-n0212a,filtertrack-samples3.csv
2026-07-14 13:40:44+00:00,0.0,0.0,session-1784036780900-38r373,filtertrack-samples4.csv
2026-07-14 13:40:45+00:00,0.0,0.0,session-1784036780900-38r373,filtertrack-samples4.csv
2026-07-14 13:40:46+00:00,0.0,0.0,session-1784036780900-38r373,filtertrack-samples4.csv
2026-07-14 13:40:47+00:00,0.0,0.0,session-1784036780900-38r373,filtertrack-samples4.csv
2026-07-14 13:40:48+00:00,0.0,0.0,session-1784036780900-38r373,filtertrack-samples4.csv
2026-07-14 13:40:49+00:00,0.0,0.0,session-1784036780900-38r373,filtertrack-samples4.csv
2026-07-14 13:40:50+00:00,0.0,0.0,session-1784036780900-38r373,filtertrack-samples4.csv
2026-07-14 13:40:51+00:00,0.0,0.0,session-1784036780900-38r373,filtertrack-samples4.csv
2026-07-14 13:40:52+00:00,0.0,0.0,session-1784036780900-38r373,filtertrack-samples4.csv
2026-07-14 13:40:53+00:00,0.0,0.0,session-1784036780900-38r373,filtertrack-samples4.csv
2026-07-14 13:40:54+00:00,0.0,0.0,session-1784036780900-38r373,filtertrack-samples4.csv
2026-07-14 13:40:55+00:00,0.0,0.0,session-1784036780900-38r373,filtertrack-samples4.csv
2026-07-14 13:40:56+00:00,0.0,0.0,session-1784036780900-38r373,filtertrack-samples4.csv
2026-07-14 13:40:57+00:00,0.0,0.0,session-1784036780900-38r373,filtertrack-samples4.csv
2026-07-14 13:40:58+00:00,0.0,0.0,session-1784036780900-38r373,filtertrack-samples4.csv
2026-07-14 13:40:59+00:00,0.0,0.0,session-1784036780900-38r373,filtertrack-samples4.csv
2026-07-14 13:41:00+00:00,0.0,0.0,session-1784036780900-38r373,filtertrack-samples4.csv
2026-07-14 13:41:01+00:00,0.0,0.0,session-1784036780900-38r373,filtertrack-samples4.csv
2026-07-14 13:41:02+00:00,0.0,0.0,session-1784036780900-38r373,filtertrack-samples4.csv
2026-07-14 13:41:03+00:00,0.0,0.0,session-1784036780900-38r373,filtertrack-samples4.csv
2026-07-14 13:41:04+00:00,0.0,0.0,session-1784036780900-38r373,filtertrack-samples4.csv
2026-07-14 13:41:05+00:00,0.0,0.0,session-1784036780900-38r373,filtertrack-samples4.csv
2026-07-14 13:41:06+00:00,0.0,0.0,session-1784036780900-38r373,filtertrack-samples4.csv
2026-07-14 13:41:07+00:00,0.0,0.0,session-1784036780900-38r373,filtertrack-samples4.csv
2026-07-14 13:41:08+00:00,0.0,0.0,session-1784036780900-38r373,filtertrack-samples4.csv
2026-07-14 13:41:09+00:00,0.0,0.0,session-1784036780900-38r373,filtertrack-samples4.csv
2026-07-14 13:41:10+00:00,0.0,0.0,session-1784036780900-38r373,filtertrack-samples4.csv
2026-07-14 13:41:11+00:00,0.0,0.0,session-1784036780900-38r373,filtertrack-samples4.csv
2026-07-14 13:41:12+00:00,0.0,0.0,session-1784036780900-38r373,filtertrack-samples4.csv
2026-07-14 13:41:13+00:00,0.0,0.0,session-1784036780900-38r373,filtertrack-samples4.csv
2026-07-14 13:41:14+00:00,0.0,0.0,session-1784036780900-38r373,filtertrack-samples4.csv
2026-07-14 13:41:15+00:00,0.0,0.0,session-1784036780900-38r373,filtertrack-samples4.csv
2026-07-14 13:41:16+00:00,0.0,0.0,session-1784036780900-38r373,filtertrack-samples4.csv
2026-07-14 13:41:17+00:00,0.0,0.0,session-1784036780900-38r373,filtertrack-samples4.csv
2026-07-14 13:41:18+00:00,0.0,0.0,session-1784036780900-38r373,filtertrack-samples4.csv
2026-07-14 13:41:19+00:00,0.0,0.0,session-1784036780900-38r373,filtertrack-samples4.csv
2026-07-14 13:41:20+00:00,0.0,0.0,session-1784036780900-38r373,filtertrack-samples4.csv
2026-07-14 13:41:21+00:00,0.0,0.0,session-1784036780900-38r373,filtertrack-samples4.csv
2026-07-14 13:41:22+00:00,0.0,0.0,session-1784036780900-38r373,filtertrack-samples4.csv
2026-07-14 13:41:23+00:00,0.0,0.0,session-1784036780900-38r373,filtertrack-samples4.csv
2026-07-14 13:41:24+00:00,0.0,0.0,session-1784036780900-38r373,filtertrack-samples4.csv
2026-07-14 13:41:25+00:00,0.0,0.0,session-1784036780900-38r373,filtertrack-samples4.csv
2026-07-14 13:41:26+00:00,0.0,0.0,session-1784036780900-38r373,filtertrack-samples4.csv
2026-07-14 13:41:27+00:00,0.0,0.0,session-1784036780900-38r373,filtertrack-samples4.csv
2026-07-14 13:41:28+00:00,0.0,0.0,session-1784036780900-38r373,filtertrack-samples4.csv
2026-07-14 13:41:29+00:00,0.0,0.0,session-1784036780900-38r373,filtertrack-samples4.csv
2026-07-14 13:41:30+00:00,0.0,0.0,session-1784036780900-38r373,filtertrack-samples4.csv
2026-07-14 13:41:31+00:00,0.0,0.0,session-1784036780900-38r373,filtertrack-samples4.csv
2026-07-14 13:41:32+00:00,0.0,0.0,session-1784036780900-38r373,filtertrack-samples4.csv
2026-07-14 13:41:33+00:00,0.0,0.0,session-1784036780900-38r373,filtertrack-samples4.csv
2026-07-14 13:41:34+00:00,0.0,0.0,session-1784036780900-38r373,filtertrack-samples4.csv
2026-07-14 13:41:35+00:00,0.0,0.0,session-1784036780900-38r373,filtertrack-samples4.csv
2026-07-14 13:41:36+00:00,0.0,0.0,session-1784036780900-38r373,filtertrack-samples4.csv
2026-07-14 13:41:37+00:00,0.0,0.0,session-1784036780900-38r373,filtertrack-samples4.csv
2026-07-14 13:41:38+00:00,0.0,0.0,session-1784036780900-38r373,filtertrack-samples4.csv
2026-07-14 13:41:39+00:00,0.0,0.0,session-1784036780900-38r373,filtertrack-samples4.csv
2026-07-14 13:41:40+00:00,0.0,0.0,session-1784036780900-38r373,filtertrack-samples4.csv
2026-07-14 13:41:41+00:00,0.0,0.0,session-1784036780900-38r373,filtertrack-samples4.csv
2026-07-14 13:41:42+00:00,0.0,0.0,session-1784036780900-38r373,filtertrack-samples4.csv
2026-07-14 13:41:43+00:00,0.0,0.0,session-1784036780900-38r373,filtertrack-samples4.csv
2026-07-14 13:41:44+00:00,0.0,0.0,session-1784036780900-38r373,filtertrack-samples4.csv
2026-07-14 13:41:45+00:00,0.0,0.0,session-1784036780900-38r373,filtertrack-samples4.csv
2026-07-14 13:41:46+00:00,0.0,0.0,session-1784036780900-38r373,filtertrack-samples4.csv
2026-07-14 13:41:47+00:00,0.0,0.0,session-1784036780900-38r373,filtertrack-samples4.csv
2026-07-14 13:41:48+00:00,0.0,0.0,session-1784036780900-38r373,filtertrack-samples4.csv
2026-07-14 13:41:49+00:00,0.0,0.0,session-1784036780900-38r373,filtertrack-samples4.csv
2026-07-14 13:41:50+00:00,0.0,0.0,session-1784036780900-38r373,filtertrack-samples4.csv
2026-07-14 13:41:51+00:00,0.0,0.0,session-1784036780900-38r373,filtertrack-samples4.csv
2026-07-14 13:41:52+00:00,0.0,0.0,session-1784036780900-38r373,filtertrack-samples4.csv
2026-07-14 13:41:53+00:00,0.0,0.0,session-1784036780900-38r373,filtertrack-samples4.csv
2026-07-14 13:41:54+00:00,0.0,0.0,session-1784036780900-38r373,filtertrack-samples4.csv
2026-07-14 13:41:55+00:00,0.0,0.0,session-1784036780900-38r373,filtertrack-samples4.csv
2026-07-14 13:41:56+00:00,0.0,0.0,session-1784036780900-38r373,filtertrack-samples4.csv
2026-07-14 13:41:57+00:00,0.0,0.0,session-1784036780900-38r373,filtertrack-samples4.csv
2026-07-14 13:41:58+00:00,0.0,0.0,session-1784036780900-38r373,filtertrack-samples4.csv
2026-07-14 13:41:59+00:00,0.0,0.0,session-1784036780900-38r373,filtertrack-samples4.csv
2026-07-14 13:42:00+00:00,0.0,0.0,session-1784036780900-38r373,filtertrack-samples4.csv
2026-07-14 13:42:01+00:00,0.0,0.0,session-1784036780900-38r373,filtertrack-samples4.csv
2026-07-14 13:42:02+00:00,0.0,0.0,session-1784036780900-38r373,filtertrack-samples4.csv
2026-07-14 13:42:03+00:00,0.0,0.0,session-1784036780900-38r373,filtertrack-samples4.csv
2026-07-14 13:42:04+00:00,0.0,0.0,session-1784036780900-38r373,filtertrack-samples4.csv
2026-07-14 13:42:05+00:00,0.0,0.0,session-1784036780900-38r373,filtertrack-samples4.csv
2026-07-14 13:42:06+00:00,0.0,0.0,session-1784036780900-38r373,filtertrack-samples4.csv
2026-07-14 13:42:07+00:00,0.0,0.0,session-1784036780900-38r373,filtertrack-samples4.csv
2026-07-14 13:42:08+00:00,0.0,0.0,session-1784036780900-38r373,filtertrack-samples4.csv
2026-07-14 13:42:09+00:00,0.0,0.0,session-1784036780900-38r373,filtertrack-samples4.csv
2026-07-14 13:42:10+00:00,0.0,0.0,session-1784036780900-38r373,filtertrack-samples4.csv
2026-07-14 13:42:11+00:00,0.0,0.0,session-1784036780900-38r373,filtertrack-samples4.csv
2026-07-14 13:42:12+00:00,0.0,0.0,session-1784036780900-38r373,filtertrack-samples4.csv
2026-07-14 13:42:13+00:00,0.0,0.0,session-1784036780900-38r373,filtertrack-samples4.csv
2026-07-14 13:42:14+00:00,0.0,0.0,session-1784036780900-38r373,filtertrack-samples4.csv
2026-07-14 13:42:15+00:00,0.0,0.0,session-1784036780900-38r373,filtertrack-samples4.csv
2026-07-14 13:42:16+00:00,0.0,0.0,session-1784036780900-38r373,filtertrack-samples4.csv
2026-07-14 13:42:17+00:00,0.0,0.0,session-1784036780900-38r373,filtertrack-samples4.csv
2026-07-14 13:42:18+00:00,0.0,0.0,session-1784036780900-38r373,filtertrack-samples4.csv
2026-07-14 13:42:19+00:00,0.0,0.0,session-1784036780900-38r373,filtertrack-samples4.csv
2026-07-14 13:42:20+00:00,0.0,0.0,session-1784036780900-38r373,filtertrack-samples4.csv
2026-07-14 13:42:21+00:00,0.0,0.0,session-1784036780900-38r373,filtertrack-samples4.csv
2026-07-14 13:42:22+00:00,0.0,0.0,session-1784036780900-38r373,filtertrack-samples4.csv
2026-07-14 13:42:23+00:00,0.0,0.0,session-1784036780900-38r373,filtertrack-samples4.csv
2026-07-14 13:42:24+00:00,0.0,0.0,session-1784036780900-38r373,filtertrack-samples4.csv
2026-07-14 13:42:25+00:00,0.0,0.0,session-1784036780900-38r373,filtertrack-samples4.csv
2026-07-14 13:42:26+00:00,0.0,0.0,session-1784036780900-38r373,filtertrack-samples4.csv
2026-07-14 13:42:27+00:00,0.0,0.0,session-1784036780900-38r373,filtertrack-samples4.csv
2026-07-14 13:42:28+00:00,0.0,0.0,session-1784036780900-38r373,filtertrack-samples4.csv
2026-07-14 13:42:29+00:00,0.0,0.0,session-1784036780900-38r373,filtertrack-samples4.csv
2026-07-14 13:42:30+00:00,0.0,0.0,session-1784036780900-38r373,filtertrack-samples4.csv
2026-07-14 13:42:31+00:00,0.0,0.0,session-1784036780900-38r373,filtertrack-samples4.csv
2026-07-14 13:42:32+00:00,0.0,0.0,session-1784036780900-38r373,filtertrack-samples4.csv
2026-07-14 13:42:33+00:00,0.0,0.0,session-1784036780900-38r373,filtertrack-samples4.csv
2026-07-14 13:42:34+00:00,0.0,0.0,session-1784036780900-38r373,filtertrack-samples4.csv
2026-07-14 13:42:35+00:00,0.0,0.0,session-1784036780900-38r373,filtertrack-samples4.csv
2026-07-14 13:42:36+00:00,0.0,0.0,session-1784036780900-38r373,filtertrack-samples4.csv
2026-07-14 13:42:37+00:00,0.0,0.0,session-1784036780900-38r373,filtertrack-samples4.csv
2026-07-14 13:42:38+00:00,0.0,0.0,session-1784036780900-38r373,filtertrack-samples4.csv
2026-07-14 13:42:39+00:00,0.0,0.0,session-1784036780900-38r373,filtertrack-samples4.csv
2026-07-14 13:42:40+00:00,0.0,0.0,session-1784036780900-38r373,filtertrack-samples4.csv
2026-07-14 13:42:41+00:00,0.0,0.0,session-1784036780900-38r373,filtertrack-samples4.csv
2026-07-14 13:42:42+00:00,0.0,0.0,session-1784036780900-38r373,filtertrack-samples4.csv
2026-07-14 13:42:43+00:00,0.0,0.0,session-1784036780900-38r373,filtertrack-samples4.csv
2026-07-14 13:42:44+00:00,0.0,0.0,session-1784036780900-38r373,filtertrack-samples4.csv
2026-07-14 13:42:45+00:00,0.0,0.0,session-1784036780900-38r373,filtertrack-samples4.csv
2026-07-14 13:42:46+00:00,0.0,0.0,session-1784036780900-38r373,filtertrack-samples4.csv
2026-07-14 13:42:47+00:00,0.0,0.0,session-1784036780900-38r373,filtertrack-samples4.csv
2026-07-14 13:42:48+00:00,0.0,0.0,session-1784036780900-38r373,filtertrack-samples4.csv
2026-07-14 13:42:49+00:00,0.0,0.0,session-1784036780900-38r373,filtertrack-samples4.csv
2026-07-14 13:42:50+00:00,0.0,0.0,session-1784036780900-38r373,filtertrack-samples4.csv
2026-07-14 13:42:51+00:00,0.0,0.0,session-1784036780900-38r373,filtertrack-samples4.csv
2026-07-14 13:42:52+00:00,0.0,0.0,session-1784036780900-38r373,filtertrack-samples4.csv
2026-07-14 13:42:53+00:00,0.0,0.0,session-1784036780900-38r373,filtertrack-samples4.csv
2026-07-14 13:42:54+00:00,0.0,0.0,session-1784036780900-38r373,filtertrack-samples4.csv
2026-07-14 13:42:55+00:00,0.0,0.0,session-1784036780900-38r373,filtertrack-samples4.csv
2026-07-14 13:42:56+00:00,0.0,0.0,session-1784036780900-38r373,filtertrack-samples4.csv
2026-07-14 13:42:57+00:00,0.0,0.0,session-1784036780900-38r373,filtertrack-samples4.csv
2026-07-14 13:42:58+00:00,0.0,0.0,session-1784036780900-38r373,filtertrack-samples4.csv
2026-07-14 13:42:59+00:00,0.0,0.0,session-1784036780900-38r373,filtertrack-samples4.csv
2026-07-14 13:43:00+00:00,0.0,0.0,session-1784036780900-38r373,filtertrack-samples4.csv
2026-07-14 13:43:01+00:00,0.0,0.0,session-1784036780900-38r373,filtertrack-samples4.csv
2026-07-14 13:43:02+00:00,0.0,0.0,session-1784036780900-38r373,filtertrack-samples4.csv
2026-07-14 13:43:03+00:00,0.0,0.0,session-1784036780900-38r373,filtertrack-samples4.csv
2026-07-14 13:43:04+00:00,0.0,0.0,session-1784036780900-38r373,filtertrack-samples4.csv
2026-07-14 13:43:05+00:00,0.0,0.0,session-1784036780900-38r373,filtertrack-samples4.csv
2026-07-14 13:43:06+00:00,0.0,0.0,session-1784036780900-38r373,filtertrack-samples4.csv
2026-07-14 13:43:07+00:00,0.0,0.0,session-1784036780900-38r373,filtertrack-samples4.csv
2026-07-14 13:43:08+00:00,0.0,0.0,session-1784036780900-38r373,filtertrack-samples4.csv
2026-07-14 13:43:09+00:00,0.0,0.0,session-1784036780900-38r373,filtertrack-samples4.csv
2026-07-14 13:43:10+00:00,0.0,0.0,session-1784036780900-38r373,filtertrack-samples4.csv
2026-07-14 13:43:11+00:00,0.0,0.0,session-1784036780900-38r373,filtertrack-samples4.csv
2026-07-14 13:43:12+00:00,0.0,0.0,session-1784036780900-38r373,filtertrack-samples4.csv
2026-07-14 13:43:13+00:00,0.0,0.0,session-1784036780900-38r373,filtertrack-samples4.csv
2026-07-14 13:43:14+00:00,0.0,0.0,session-1784036780900-38r373,filtertrack-samples4.csv
2026-07-14 13:43:15+00:00,0.0,0.0,session-1784036780900-38r373,filtertrack-samples4.csv
2026-07-14 13:43:16+00:00,0.0,0.0,session-1784036780900-38r373,filtertrack-samples4.csv
2026-07-14 13:43:17+00:00,0.0,0.0,session-1784036780900-38r373,filtertrack-samples4.csv
2026-07-14 13:43:18+00:00,0.0,0.0,session-1784036780900-38r373,filtertrack-samples4.csv
2026-07-14 13:43:19+00:00,0.0,0.0,session-1784036780900-38r373,filtertrack-samples4.csv
2026-07-14 13:43:20+00:00,0.0,0.0,session-1784036780900-38r373,filtertrack-samples4.csv
2026-07-14 13:43:21+00:00,0.0,0.0,session-1784036780900-38r373,filtertrack-samples4.csv
2026-07-14 13:43:22+00:00,0.0,0.0,session-1784036780900-38r373,filtertrack-samples4.csv
2026-07-14 13:43:23+00:00,0.0,0.0,session-1784036780900-38r373,filtertrack-samples4.csv
2026-07-14 13:43:24+00:00,0.0,0.0,session-1784036780900-38r373,filtertrack-samples4.csv
2026-07-14 13:43:25+00:00,0.0,0.0,session-1784036780900-38r373,filtertrack-samples4.csv
2026-07-14 13:43:26+00:00,0.0,0.0,session-1784036780900-38r373,filtertrack-samples4.csv
2026-07-14 13:43:27+00:00,0.0,0.0,session-1784036780900-38r373,filtertrack-samples4.csv
2026-07-14 13:43:28+00:00,0.0,0.0,session-1784036780900-38r373,filtertrack-samples4.csv
2026-07-14 13:43:29+00:00,0.0,0.0,session-1784036780900-38r373,filtertrack-samples4.csv
2026-07-14 13:43:30+00:00,0.0,0.0,session-1784036780900-38r373,filtertrack-samples4.csv
2026-07-14 13:43:31+00:00,0.0,0.0,session-1784036780900-38r373,filtertrack-samples4.csv
2026-07-14 13:43:32+00:00,0.0,0.0,session-1784036780900-38r373,filtertrack-samples4.csv
2026-07-14 13:43:33+00:00,0.0,0.0,session-1784036780900-38r373,filtertrack-samples4.csv
2026-07-14 13:43:34+00:00,0.0,0.0,session-1784036780900-38r373,filtertrack-samples4.csv
2026-07-14 13:43:35+00:00,0.0,0.0,session-1784036780900-38r373,filtertrack-samples4.csv
2026-07-14 13:43:36+00:00,0.0,0.0,session-1784036780900-38r373,filtertrack-samples4.csv
2026-07-14 13:43:37+00:00,0.0,0.0,session-1784036780900-38r373,filtertrack-samples4.csv
2026-07-14 13:43:38+00:00,0.0,0.0,session-1784036780900-38r373,filtertrack-samples4.csv
2026-07-14 13:43:39+00:00,0.0,0.0,session-1784036780900-38r373,filtertrack-samples4.csv
2026-07-14 13:43:40+00:00,0.0,0.0,session-1784036780900-38r373,filtertrack-samples4.csv
2026-07-14 13:43:41+00:00,0.0,0.0,session-1784036780900-38r373,filtertrack-samples4.csv
2026-07-14 13:43:42+00:00,0.0,0.0,session-1784036780900-38r373,filtertrack-samples4.csv
2026-07-14 13:43:43+00:00,0.0,0.0,session-1784036780900-38r373,filtertrack-samples4.csv
2026-07-14 13:43:44+00:00,0.0,0.0,session-1784036780900-38r373,filtertrack-samples4.csv
2026-07-14 13:43:45+00:00,0.0,0.0,session-1784036780900-38r373,filtertrack-samples4.csv
2026-07-14 13:43:46+00:00,0.0,0.0,session-1784036780900-38r373,filtertrack-samples4.csv
2026-07-14 13:43:47+00:00,0.0,0.0,session-1784036780900-38r373,filtertrack-samples4.csv
2026-07-14 13:43:48+00:00,0.0,0.0,session-1784036780900-38r373,filtertrack-samples4.csv
2026-07-14 13:43:49+00:00,0.0,0.0,session-1784036780900-38r373,filtertrack-samples4.csv
2026-07-14 13:43:50+00:00,0.0,0.0,session-1784036780900-38r373,filtertrack-samples4.csv
2026-07-14 13:43:51+00:00,0.0,0.0,session-1784036780900-38r373,filtertrack-samples4.csv
2026-07-14 13:43:52+00:00,0.0,0.0,session-1784036780900-38r373,filtertrack-samples4.csv
2026-07-14 13:43:53+00:00,0.0,0.0,session-1784036780900-38r373,filtertrack-samples4.csv
2026-07-14 13:43:54+00:00,0.0,0.0,session-1784036780900-38r373,filtertrack-samples4.csv
2026-07-14 13:43:55+00:00,0.0,0.0,session-1784036780900-38r373,filtertrack-samples4.csv
2026-07-14 13:43:56+00:00,0.0,0.0,session-1784036780900-38r373,filtertrack-samples4.csv
2026-07-14 13:43:57+00:00,0.0,0.0,session-1784036780900-38r373,filtertrack-samples4.csv
2026-07-14 13:43:58+00:00,0.0,0.0,session-1784036780900-38r373,filtertrack-samples4.csv
2026-07-14 13:43:59+00:00,0.0,0.0,session-1784036780900-38r373,filtertrack-samples4.csv
2026-07-14 13:44:00+00:00,0.0,0.0,session-1784036780900-38r373,filtertrack-samples4.csv
2026-07-14 13:44:01+00:00,0.0,0.0,session-1784036780900-38r373,filtertrack-samples4.csv
2026-07-14 13:44:02+00:00,0.0,0.0,session-1784036780900-38r373,filtertrack-samples4.csv
2026-07-14 13:44:03+00:00,0.0,0.0,session-1784036780900-38r373,filtertrack-samples4.csv
2026-07-14 13:44:04+00:00,0.0,0.0,session-1784036780900-38r373,filtertrack-samples4.csv
2026-07-14 13:44:05+00:00,0.0,0.0,session-1784036780900-38r373,filtertrack-samples4.csv
2026-07-14 13:44:06+00:00,0.0,0.0,session-1784036780900-38r373,filtertrack-samples4.csv
2026-07-14 13:44:07+00:00,0.0,0.0,session-1784036780900-38r373,filtertrack-samples4.csv
2026-07-14 13:44:08+00:00,0.0,0.0,session-1784036780900-38r373,filtertrack-samples4.csv
2026-07-14 13:44:09+00:00,0.0,0.0,session-1784036780900-38r373,filtertrack-samples4.csv
2026-07-14 13:44:10+00:00,0.0,0.0,session-1784036780900-38r373,filtertrack-samples4.csv
2026-07-14 13:44:11+00:00,0.0,0.0,session-1784036780900-38r373,filtertrack-samples4.csv
2026-07-14 13:44:12+00:00,0.0,0.0,session-1784036780900-38r373,filtertrack-samples4.csv
2026-07-14 13:44:13+00:00,0.0,0.0,session-1784036780900-38r373,filtertrack-samples4.csv
2026-07-14 13:44:14+00:00,0.0,0.0,session-1784036780900-38r373,filtertrack-samples4.csv
2026-07-14 13:44:15+00:00,0.0,0.0,session-1784036780900-38r373,filtertrack-samples4.csv
2026-07-14 13:44:16+00:00,0.0,0.0,session-1784036780900-38r373,filtertrack-samples4.csv
2026-07-14 13:44:17+00:00,0.0,0.0,session-1784036780900-38r373,filtertrack-samples4.csv
2026-07-14 13:44:18+00:00,0.0,0.0,session-1784036780900-38r373,filtertrack-samples4.csv
2026-07-14 13:44:19+00:00,0.0,0.0,session-1784036780900-38r373,filtertrack-samples4.csv
2026-07-14 13:44:20+00:00,0.0,0.0,session-1784036780900-38r373,filtertrack-samples4.csv
2026-07-14 13:44:21+00:00,0.0,0.0,session-1784036780900-38r373,filtertrack-samples4.csv
2026-07-14 13:44:22+00:00,0.0,0.0,session-1784036780900-38r373,filtertrack-samples4.csv
2026-07-14 13:44:23+00:00,0.0,0.0,session-1784036780900-38r373,filtertrack-samples4.csv
2026-07-14 13:44:24+00:00,0.0,0.0,session-1784036780900-38r373,filtertrack-samples4.csv
2026-07-14 13:44:25+00:00,0.0,0.0,session-1784036780900-38r373,filtertrack-samples4.csv
2026-07-14 13:44:26+00:00,0.0,0.0,session-1784036780900-38r373,filtertrack-samples4.csv
2026-07-14 13:44:27+00:00,0.0,0.0,session-1784036780900-38r373,filtertrack-samples4.csv
2026-07-14 13:44:28+00:00,0.0,0.0,session-1784036780900-38r373,filtertrack-samples4.csv
2026-07-14 13:44:29+00:00,0.0,0.0,session-1784036780900-38r373,filtertrack-samples4.csv
2026-07-14 13:44:30+00:00,0.0,0.0,session-1784036780900-38r373,filtertrack-samples4.csv
2026-07-14 13:44:31+00:00,0.0,0.0,session-1784036780900-38r373,filtertrack-samples4.csv
2026-07-14 13:44:32+00:00,0.0,0.0,session-1784036780900-38r373,filtertrack-samples4.csv
2026-07-14 13:44:33+00:00,0.0,0.0,session-1784036780900-38r373,filtertrack-samples4.csv
2026-07-14 13:44:34+00:00,0.0,0.0,session-1784036780900-38r373,filtertrack-samples4.csv
2026-07-14 13:44:35+00:00,0.0,0.0,session-1784036780900-38r373,filtertrack-samples4.csv
2026-07-14 13:44:36+00:00,0.0,0.0,session-1784036780900-38r373,filtertrack-samples4.csv
2026-07-14 13:44:37+00:00,0.0,0.0,session-1784036780900-38r373,filtertrack-samples4.csv
2026-07-14 13:44:38+00:00,0.0,0.0,session-1784036780900-38r373,filtertrack-samples4.csv
2026-07-14 13:44:39+00:00,0.0,0.0,session-1784036780900-38r373,filtertrack-samples4.csv
2026-07-14 13:44:40+00:00,0.0,0.0,session-1784036780900-38r373,filtertrack-samples4.csv
2026-07-14 13:44:41+00:00,0.0,0.0,session-1784036780900-38r373,filtertrack-samples4.csv
2026-07-14 13:44:42+00:00,0.0,0.0,session-1784036780900-38r373,filtertrack-samples4.csv
2026-07-14 13:44:43+00:00,0.0,0.0,session-1784036780900-38r373,filtertrack-samples4.csv
2026-07-14 13:44:44+00:00,0.0,0.0,session-1784036780900-38r373,filtertrack-samples4.csv
2026-07-14 13:44:45+00:00,0.0,0.0,session-1784036780900-38r373,filtertrack-samples4.csv
2026-07-14 13:44:46+00:00,0.0,0.0,session-1784036780900-38r373,filtertrack-samples4.csv
2026-07-14 13:44:47+00:00,0.0,0.0,session-1784036780900-38r373,filtertrack-samples4.csv
2026-07-14 13:44:48+00:00,0.0,0.0,session-1784036780900-38r373,filtertrack-samples4.csv
2026-07-14 13:44:49+00:00,0.0,0.0,session-1784036780900-38r373,filtertrack-samples4.csv
2026-07-14 13:44:50+00:00,0.0,0.0,session-1784036780900-38r373,filtertrack-samples4.csv
2026-07-14 13:44:51+00:00,0.0,0.0,session-1784036780900-38r373,filtertrack-samples4.csv
2026-07-14 13:44:52+00:00,0.0,0.0,session-1784036780900-38r373,filtertrack-samples4.csv
2026-07-14 13:44:53+00:00,0.0,0.0,session-1784036780900-38r373,filtertrack-samples4.csv
2026-07-14 13:44:54+00:00,0.0,0.0,session-1784036780900-38r373,filtertrack-samples4.csv
2026-07-14 13:44:55+00:00,0.0,0.0,session-1784036780900-38r373,filtertrack-samples4.csv
2026-07-14 13:44:56+00:00,0.0,0.0,session-1784036780900-38r373,filtertrack-samples4.csv
2026-07-14 13:44:57+00:00,0.0,0.0,session-1784036780900-38r373,filtertrack-samples4.csv
2026-07-14 13:44:58+00:00,0.0,0.0,session-1784036780900-38r373,filtertrack-samples4.csv
2026-07-14 13:44:59+00:00,0.0,0.0,session-1784036780900-38r373,filtertrack-samples4.csv
2026-07-14 13:45:00+00:00,0.0,0.0,session-1784036780900-38r373,filtertrack-samples4.csv
2026-07-14 13:45:01+00:00,0.0,0.0,session-1784036780900-38r373,filtertrack-samples4.csv
2026-07-14 13:45:02+00:00,0.0,0.0,session-1784036780900-38r373,filtertrack-samples4.csv
2026-07-14 13:45:03+00:00,0.0,0.0,session-1784036780900-38r373,filtertrack-samples4.csv
2026-07-14 13:45:04+00:00,0.0,0.0,session-1784036780900-38r373,filtertrack-samples4.csv
2026-07-14 13:45:05+00:00,0.0,0.0,session-1784036780900-38r373,filtertrack-samples4.csv
2026-07-14 13:45:06+00:00,0.0,0.0,session-1784036780900-38r373,filtertrack-samples4.csv
2026-07-14 13:45:07+00:00,0.0,0.0,session-1784036780900-38r373,filtertrack-samples4.csv
2026-07-14 13:45:08+00:00,0.0,0.0,session-1784036780900-38r373,filtertrack-samples4.csv
2026-07-14 13:45:09+00:00,0.0,0.0,session-1784036780900-38r373,filtertrack-samples4.csv
2026-07-14 13:45:10+00:00,0.0,0.0,session-1784036780900-38r373,filtertrack-samples4.csv
2026-07-14 13:45:11+00:00,0.0,0.0,session-1784036780900-38r373,filtertrack-samples4.csv
2026-07-14 13:45:12+00:00,0.0,0.0,session-1784036780900-38r373,filtertrack-samples4.csv
2026-07-14 13:45:13+00:00,0.0,0.0,session-1784036780900-38r373,filtertrack-samples4.csv
2026-07-14 13:45:14+00:00,0.0,0.0,session-1784036780900-38r373,filtertrack-samples4.csv
2026-07-14 13:45:15+00:00,0.0,0.0,session-1784036780900-38r373,filtertrack-samples4.csv
2026-07-14 13:45:16+00:00,0.0,0.0,session-1784036780900-38r373,filtertrack-samples4.csv
2026-07-14 13:45:17+00:00,0.0,0.0,session-1784036780900-38r373,filtertrack-samples4.csv
2026-07-14 13:45:18+00:00,0.0,0.0,session-1784036780900-38r373,filtertrack-samples4.csv
2026-07-14 13:45:19+00:00,0.0,0.0,session-1784036780900-38r373,filtertrack-samples4.csv
2026-07-14 13:45:20+00:00,0.0,0.0,session-1784036780900-38r373,filtertrack-samples4.csv
2026-07-14 13:45:21+00:00,0.0,0.0,session-1784036780900-38r373,filtertrack-samples4.csv
2026-07-14 13:45:22+00:00,0.0,0.0,session-1784036780900-38r373,filtertrack-samples4.csv
2026-07-14 13:45:23+00:00,0.0,0.0,session-1784036780900-38r373,filtertrack-samples4.csv
2026-07-14 13:45:24+00:00,0.0,0.0,session-1784036780900-38r373,filtertrack-samples4.csv
2026-07-14 13:45:25+00:00,0.0,0.0,session-1784036780900-38r373,filtertrack-samples4.csv
2026-07-14 13:45:26+00:00,0.0,0.0,session-1784036780900-38r373,filtertrack-samples4.csv
2026-07-14 13:45:27+00:00,0.0,0.0,session-1784036780900-38r373,filtertrack-samples4.csv
2026-07-14 13:45:28+00:00,0.0,0.0,session-1784036780900-38r373,filtertrack-samples4.csv
2026-07-14 13:45:29+00:00,0.0,0.0,session-1784036780900-38r373,filtertrack-samples4.csv
2026-07-14 13:45:30+00:00,0.0,0.0,session-1784036780900-38r373,filtertrack-samples4.csv
2026-07-14 13:45:31+00:00,0.0,0.0,session-1784036780900-38r373,filtertrack-samples4.csv
2026-07-14 13:45:32+00:00,0.0,0.0,session-1784036780900-38r373,filtertrack-samples4.csv
2026-07-14 13:45:33+00:00,0.0,0.0,session-1784036780900-38r373,filtertrack-samples4.csv
2026-07-14 13:45:34+00:00,0.0,0.0,session-1784036780900-38r373,filtertrack-samples4.csv
2026-07-14 13:45:35+00:00,0.0,0.0,session-1784036780900-38r373,filtertrack-samples4.csv
2026-07-14 13:45:36+00:00,0.0,0.0,session-1784036780900-38r373,filtertrack-samples4.csv
2026-07-14 13:45:37+00:00,0.0,0.0,session-1784036780900-38r373,filtertrack-samples4.csv
2026-07-14 13:45:38+00:00,0.0,0.0,session-1784036780900-38r373,filtertrack-samples4.csv
2026-07-14 13:45:39+00:00,0.0,0.0,session-1784036780900-38r373,filtertrack-samples4.csv
2026-07-14 13:45:40+00:00,0.0,0.0,session-1784036780900-38r373,filtertrack-samples4.csv
2026-07-14 13:45:41+00:00,0.0,0.0,session-1784036780900-38r373,filtertrack-samples4.csv
2026-07-14 13:45:42+00:00,0.0,0.0,session-1784036780900-38r373,filtertrack-samples4.csv
2026-07-14 13:45:43+00:00,0.0,0.0,session-1784036780900-38r373,filtertrack-samples4.csv
2026-07-14 13:45:44+00:00,0.0,0.0,session-1784036780900-38r373,filtertrack-samples4.csv
2026-07-14 13:45:45+00:00,0.0,0.0,session-1784036780900-38r373,filtertrack-samples4.csv
2026-07-14 13:45:46+00:00,0.0,0.0,session-1784036780900-38r373,filtertrack-samples4.csv
2026-07-14 13:45:47+00:00,0.0,0.0,session-1784036780900-38r373,filtertrack-samples4.csv
2026-07-14 13:45:48+00:00,0.0,0.0,session-1784036780900-38r373,filtertrack-samples4.csv
2026-07-14 13:45:49+00:00,0.0,0.0,session-1784036780900-38r373,filtertrack-samples4.csv
2026-07-14 13:45:50+00:00,0.0,0.0,session-1784036780900-38r373,filtertrack-samples4.csv
2026-07-14 13:45:51+00:00,0.0,0.0,session-1784036780900-38r373,filtertrack-samples4.csv
2026-07-14 13:45:52+00:00,0.0,0.0,session-1784036780900-38r373,filtertrack-samples4.csv
2026-07-14 13:45:53+00:00,0.0,0.0,session-1784036780900-38r373,filtertrack-samples4.csv
2026-07-14 13:45:54+00:00,0.0,0.0,session-1784036780900-38r373,filtertrack-samples4.csv
2026-07-14 13:45:55+00:00,0.0,0.0,session-1784036780900-38r373,filtertrack-samples4.csv
2026-07-14 13:45:56+00:00,0.0,0.0,session-1784036780900-38r373,filtertrack-samples4.csv
2026-07-14 13:45:57+00:00,0.0,0.0,session-1784036780900-38r373,filtertrack-samples4.csv
2026-07-14 13:45:58+00:00,0.0,0.0,session-1784036780900-38r373,filtertrack-samples4.csv
2026-07-14 13:45:59+00:00,0.0,0.0,session-1784036780900-38r373,filtertrack-samples4.csv
2026-07-14 13:46:00+00:00,0.0,0.0,session-1784036780900-38r373,filtertrack-samples4.csv
2026-07-14 13:46:01+00:00,0.0,0.0,session-1784036780900-38r373,filtertrack-samples4.csv
2026-07-14 13:46:02+00:00,0.0,0.0,session-1784036780900-38r373,filtertrack-samples4.csv
2026-07-14 13:46:03+00:00,0.0,0.0,session-1784036780900-38r373,filtertrack-samples4.csv
2026-07-14 13:46:04+00:00,0.0,0.0,session-1784036780900-38r373,filtertrack-samples4.csv
2026-07-14 13:46:05+00:00,0.0,0.0,session-1784036780900-38r373,filtertrack-samples4.csv
2026-07-14 13:46:06+00:00,0.0,0.0,session-1784036780900-38r373,filtertrack-samples4.csv
2026-07-14 13:46:07+00:00,0.0,0.0,session-1784036780900-38r373,filtertrack-samples4.csv
2026-07-14 13:46:08+00:00,0.0,0.0,session-1784036780900-38r373,filtertrack-samples4.csv
2026-07-14 13:46:09+00:00,0.0,0.0,session-1784036780900-38r373,filtertrack-samples4.csv
2026-07-14 13:46:10+00:00,0.0,0.0,session-1784036780900-38r373,filtertrack-samples4.csv
2026-07-14 13:46:11+00:00,0.0,0.0,session-1784036780900-38r373,filtertrack-samples4.csv
2026-07-14 13:46:12+00:00,0.0,0.0,session-1784036780900-38r373,filtertrack-samples4.csv
2026-07-14 13:46:13+00:00,0.0,0.0,session-1784036780900-38r373,filtertrack-samples4.csv
2026-07-14 13:46:14+00:00,0.0,0.0,session-1784036780900-38r373,filtertrack-samples4.csv
2026-07-14 13:46:15+00:00,0.0,0.0,session-1784036780900-38r373,filtertrack-samples4.csv
2026-07-14 13:46:16+00:00,0.0,0.0,session-1784036780900-38r373,filtertrack-samples4.csv
2026-07-14 13:46:17+00:00,0.0,0.0,session-1784036780900-38r373,filtertrack-samples4.csv
2026-07-14 13:46:18+00:00,0.0,0.0,session-1784036780900-38r373,filtertrack-samples4.csv
2026-07-14 13:46:19+00:00,0.0,0.0,session-1784036780900-38r373,filtertrack-samples4.csv
2026-07-14 13:46:20+00:00,0.0,0.0,session-1784036780900-38r373,filtertrack-samples4.csv
2026-07-14 13:46:21+00:00,0.0,0.0,session-1784036780900-38r373,filtertrack-samples4.csv
2026-07-14 13:46:22+00:00,0.0,0.0,session-1784036780900-38r373,filtertrack-samples4.csv
2026-07-14 13:46:23+00:00,0.0,0.0,session-1784036780900-38r373,filtertrack-samples4.csv
