timestamp,distance_cm,cluster_support,session_id,source_file
2026-07-09 13:24:22+00:00,29.05,1,session-1783603457869-ue25e2,filtertrack-samples.csv
2026-07-09 13:24:24+00:00,27.205,2,session-1783603457869-ue25e2,filtertrack-samples.csv
2026-07-09 13:24:27+00:00,26.19,1,session-1783603457869-ue25e2,filtertrack-samples.csv
2026-07-09 13:24:28+00:00,25.77,1,session-1783603457869-ue25e2,filtertrack-samples.csv
2026-07-09 13:24:31+00:00,25.52,2,session-1783603457869-ue25e2,filtertrack-samples.csv
2026-07-09 13:24:37+00:00,25.18,1,session-1783603457869-ue25e2,filtertrack-samples.csv
2026-07-09 13:24:54+00:00,26.02,1,session-1783603457869-ue25e2,filtertrack-samples.csv
2026-07-09 13:24:56+00:00,26.17,1,session-1783603457869-ue25e2,filtertrack-samples.csv
2026-07-09 13:25:07+00:00,25.205,2,session-1783603457869-ue25e2,filtertrack-samples.csv
2026-07-09 13:25:08+00:00,25.310000000000002,10,session-1783603457869-ue25e2,filtertrack-samples.csv
2026-07-09 13:25:13+00:00,25.314999999999998,2,session-1783603457869-ue25e2,filtertrack-samples.csv
2026-07-09 13:25:14+00:00,25.21,2,session-1783603457869-ue25e2,filtertrack-samples.csv
2026-07-09 13:25:15+00:00,25.3,1,session-1783603457869-ue25e2,filtertrack-samples.csv
2026-07-09 13:25:17+00:00,25.11,1,session-1783603457869-ue25e2,filtertrack-samples.csv
2026-07-09 13:25:19+00:00,25.13,3,session-1783603457869-ue25e2,filtertrack-samples.csv
2026-07-09 13:25:20+00:00,25.13,3,session-1783603457869-ue25e2,filtertrack-samples.csv
2026-07-09 13:25:21+00:00,25.11,7,session-1783603457869-ue25e2,filtertrack-samples.csv
2026-07-09 13:25:22+00:00,25.085,2,session-1783603457869-ue25e2,filtertrack-samples.csv
2026-07-09 13:25:23+00:00,25.55,7,session-1783603457869-ue25e2,filtertrack-samples.csv
2026-07-09 13:25:24+00:00,25.77,6,session-1783603457869-ue25e2,filtertrack-samples.csv
2026-07-09 13:25:25+00:00,25.74,4,session-1783603457869-ue25e2,filtertrack-samples.csv
2026-07-09 13:25:26+00:00,25.77,8,session-1783603457869-ue25e2,filtertrack-samples.csv
2026-07-09 13:25:27+00:00,25.83,5,session-1783603457869-ue25e2,filtertrack-samples.csv
2026-07-09 13:25:28+00:00,25.975,4,session-1783603457869-ue25e2,filtertrack-samples.csv
2026-07-09 13:25:29+00:00,25.98,7,session-1783603457869-ue25e2,filtertrack-samples.csv
2026-07-09 13:25:30+00:00,25.98,5,session-1783603457869-ue25e2,filtertrack-samples.csv
2026-07-09 13:25:31+00:00,25.975,6,session-1783603457869-ue25e2,filtertrack-samples.csv
2026-07-09 13:25:32+00:00,26.02,8,session-1783603457869-ue25e2,filtertrack-samples.csv
2026-07-09 13:25:33+00:00,26.18,8,session-1783603457869-ue25e2,filtertrack-samples.csv
2026-07-09 13:25:34+00:00,26.21,8,session-1783603457869-ue25e2,filtertrack-samples.csv
2026-07-09 13:25:35+00:00,26.200000000000003,4,session-1783603457869-ue25e2,filtertrack-samples.csv
2026-07-09 13:25:36+00:00,26.43,6,session-1783603457869-ue25e2,filtertrack-samples.csv
2026-07-09 13:25:37+00:00,26.44,8,session-1783603457869-ue25e2,filtertrack-samples.csv
2026-07-09 13:25:38+00:00,26.42,10,session-1783603457869-ue25e2,filtertrack-samples.csv
2026-07-09 13:25:39+00:00,26.42,7,session-1783603457869-ue25e2,filtertrack-samples.csv
2026-07-09 13:25:40+00:00,26.45,5,session-1783603457869-ue25e2,filtertrack-samples.csv
2026-07-09 13:25:41+00:00,26.619999999999997,4,session-1783603457869-ue25e2,filtertrack-samples.csv
2026-07-09 13:25:42+00:00,26.65,3,session-1783603457869-ue25e2,filtertrack-samples.csv
2026-07-09 13:25:43+00:00,26.64,4,session-1783603457869-ue25e2,filtertrack-samples.csv
2026-07-09 13:25:44+00:00,26.67,6,session-1783603457869-ue25e2,filtertrack-samples.csv
2026-07-09 13:25:45+00:00,26.7,6,session-1783603457869-ue25e2,filtertrack-samples.csv
2026-07-09 13:25:46+00:00,26.84,5,session-1783603457869-ue25e2,filtertrack-samples.csv
2026-07-09 13:25:47+00:00,26.84,5,session-1783603457869-ue25e2,filtertrack-samples.csv
2026-07-09 13:25:48+00:00,26.86,6,session-1783603457869-ue25e2,filtertrack-samples.csv
2026-07-09 13:25:49+00:00,26.91,5,session-1783603457869-ue25e2,filtertrack-samples.csv
2026-07-09 13:25:50+00:00,27.06,5,session-1783603457869-ue25e2,filtertrack-samples.csv
2026-07-09 13:25:51+00:00,27.05,6,session-1783603457869-ue25e2,filtertrack-samples.csv
2026-07-09 13:25:52+00:00,27.06,4,session-1783603457869-ue25e2,filtertrack-samples.csv
2026-07-09 13:25:53+00:00,27.06,6,session-1783603457869-ue25e2,filtertrack-samples.csv
2026-07-09 13:25:54+00:00,27.13,7,session-1783603457869-ue25e2,filtertrack-samples.csv
2026-07-09 13:25:55+00:00,27.265,6,session-1783603457869-ue25e2,filtertrack-samples.csv
2026-07-09 13:25:56+00:00,27.29,5,session-1783603457869-ue25e2,filtertrack-samples.csv
2026-07-09 13:25:57+00:00,27.299999999999997,6,session-1783603457869-ue25e2,filtertrack-samples.csv
2026-07-09 13:25:58+00:00,27.34,5,session-1783603457869-ue25e2,filtertrack-samples.csv
2026-07-09 13:26:00+00:00,27.52,5,session-1783603457869-ue25e2,filtertrack-samples.csv
2026-07-09 13:26:01+00:00,27.48,5,session-1783603457869-ue25e2,filtertrack-samples.csv
2026-07-09 13:26:02+00:00,27.535,4,session-1783603457869-ue25e2,filtertrack-samples.csv
2026-07-09 13:26:03+00:00,27.740000000000002,8,session-1783603457869-ue25e2,filtertrack-samples.csv
2026-07-09 13:26:04+00:00,28.055,4,session-1783603457869-ue25e2,filtertrack-samples.csv
2026-07-09 13:26:05+00:00,28.575,4,session-1783603457869-ue25e2,filtertrack-samples.csv
2026-07-09 13:26:06+00:00,29.32,5,session-1783603457869-ue25e2,filtertrack-samples.csv
2026-07-09 13:26:17+00:00,52.77,5,session-1783603457869-ue25e2,filtertrack-samples.csv
2026-07-09 13:26:18+00:00,53.64,3,session-1783603457869-ue25e2,filtertrack-samples.csv
2026-07-09 13:26:29+00:00,78.96,5,session-1783603457869-ue25e2,filtertrack-samples.csv
2026-07-09 13:26:40+00:00,94.68,3,session-1783603457869-ue25e2,filtertrack-samples.csv
2026-07-09 13:26:41+00:00,94.74,3,session-1783603457869-ue25e2,filtertrack-samples.csv
2026-07-09 13:26:42+00:00,95.35,5,session-1783603457869-ue25e2,filtertrack-samples.csv
2026-07-09 13:26:43+00:00,95.555,6,session-1783603457869-ue25e2,filtertrack-samples.csv
2026-07-09 13:26:45+00:00,96.655,4,session-1783603457869-ue25e2,filtertrack-samples.csv
2026-07-09 13:26:46+00:00,97.39,6,session-1783603457869-ue25e2,filtertrack-samples.csv
2026-07-09 13:26:47+00:00,97.1,4,session-1783603457869-ue25e2,filtertrack-samples.csv
2026-07-09 13:26:49+00:00,97.95,5,session-1783603457869-ue25e2,filtertrack-samples.csv
2026-07-09 13:26:51+00:00,99.69,5,session-1783603457869-ue25e2,filtertrack-samples.csv
2026-07-09 13:26:52+00:00,99.38499999999999,4,session-1783603457869-ue25e2,filtertrack-samples.csv
2026-07-09 13:26:53+00:00,99.03,7,session-1783603457869-ue25e2,filtertrack-samples.csv
2026-07-09 13:26:54+00:00,99.455,6,session-1783603457869-ue25e2,filtertrack-samples.csv
2026-07-09 13:26:55+00:00,99.615,8,session-1783603457869-ue25e2,filtertrack-samples.csv
2026-07-09 13:26:56+00:00,99.53,5,session-1783603457869-ue25e2,filtertrack-samples.csv
2026-07-09 13:26:57+00:00,100.17500000000001,4,session-1783603457869-ue25e2,filtertrack-samples.csv
2026-07-09 13:26:58+00:00,101.0,5,session-1783603457869-ue25e2,filtertrack-samples.csv
2026-07-09 13:26:59+00:00,101.7,5,session-1783603457869-ue25e2,filtertrack-samples.csv
2026-07-09 13:27:01+00:00,103.44,3,session-1783603457869-ue25e2,filtertrack-samples.csv
2026-07-09 13:27:02+00:00,102.77000000000001,2,session-1783603457869-ue25e2,filtertrack-samples.csv
2026-07-09 13:27:03+00:00,102.875,4,session-1783603457869-ue25e2,filtertrack-samples.csv
2026-07-09 13:27:06+00:00,104.82499999999999,4,session-1783603457869-ue25e2,filtertrack-samples.csv
2026-07-09 13:27:07+00:00,104.07,3,session-1783603457869-ue25e2,filtertrack-samples.csv
2026-07-09 13:27:08+00:00,104.035,6,session-1783603457869-ue25e2,filtertrack-samples.csv
2026-07-09 13:27:09+00:00,103.4,4,session-1783603457869-ue25e2,filtertrack-samples.csv
2026-07-09 13:27:10+00:00,103.62,7,session-1783603457869-ue25e2,filtertrack-samples.csv
2026-07-09 13:27:11+00:00,103.64,5,session-1783603457869-ue25e2,filtertrack-samples.csv
2026-07-09 13:27:12+00:00,104.05,5,session-1783603457869-ue25e2,filtertrack-samples.csv
2026-07-09 13:27:13+00:00,104.47,5,session-1783603457869-ue25e2,filtertrack-samples.csv
2026-07-09 13:27:14+00:00,104.26,5,session-1783603457869-ue25e2,filtertrack-samples.csv
2026-07-09 13:27:15+00:00,104.28,8,session-1783603457869-ue25e2,filtertrack-samples.csv
2026-07-09 13:27:16+00:00,104.26,3,session-1783603457869-ue25e2,filtertrack-samples.csv
2026-07-09 13:27:17+00:00,104.28999999999999,8,session-1783603457869-ue25e2,filtertrack-samples.csv
2026-07-09 13:27:19+00:00,105.355,8,session-1783603457869-ue25e2,filtertrack-samples.csv
2026-07-09 13:27:21+00:00,105.16,8,session-1783603457869-ue25e2,filtertrack-samples.csv
2026-07-09 13:27:22+00:00,105.0,5,session-1783603457869-ue25e2,filtertrack-samples.csv
2026-07-09 13:27:23+00:00,104.94,5,session-1783603457869-ue25e2,filtertrack-samples.csv
2026-07-09 13:27:24+00:00,105.35499999999999,4,session-1783603457869-ue25e2,filtertrack-samples.csv
2026-07-09 13:27:25+00:00,104.47,3,session-1783603457869-ue25e2,filtertrack-samples.csv
2026-07-09 13:27:29+00:00,106.25,5,session-1783603457869-ue25e2,filtertrack-samples.csv
2026-07-09 13:27:30+00:00,106.06,1,session-1783603457869-ue25e2,filtertrack-samples.csv
2026-07-09 13:27:32+00:00,106.27,1,session-1783603457869-ue25e2,filtertrack-samples.csv
2026-07-09 13:27:33+00:00,106.43,1,session-1783603457869-ue25e2,filtertrack-samples.csv
2026-07-09 13:27:34+00:00,105.485,2,session-1783603457869-ue25e2,filtertrack-samples.csv
2026-07-09 13:27:35+00:00,105.285,4,session-1783603457869-ue25e2,filtertrack-samples.csv
2026-07-09 13:27:36+00:00,104.94,7,session-1783603457869-ue25e2,filtertrack-samples.csv
2026-07-09 13:27:37+00:00,105.22,5,session-1783603457869-ue25e2,filtertrack-samples.csv
2026-07-09 13:27:38+00:00,105.34,4,session-1783603457869-ue25e2,filtertrack-samples.csv
2026-07-09 13:27:39+00:00,104.94,8,session-1783603457869-ue25e2,filtertrack-samples.csv
2026-07-09 13:27:40+00:00,104.69999999999999,6,session-1783603457869-ue25e2,filtertrack-samples.csv
2026-07-09 13:27:41+00:00,104.47,8,session-1783603457869-ue25e2,filtertrack-samples.csv
2026-07-09 13:27:42+00:00,104.47,8,session-1783603457869-ue25e2,filtertrack-samples.csv
2026-07-09 13:27:43+00:00,104.47,6,session-1783603457869-ue25e2,filtertrack-samples.csv
2026-07-09 13:27:44+00:00,104.3,9,session-1783603457869-ue25e2,filtertrack-samples.csv
2026-07-09 13:27:45+00:00,104.28,8,session-1783603457869-ue25e2,filtertrack-samples.csv
2026-07-09 13:27:46+00:00,104.28,5,session-1783603457869-ue25e2,filtertrack-samples.csv
2026-07-09 13:27:47+00:00,104.305,4,session-1783603457869-ue25e2,filtertrack-samples.csv
2026-07-09 13:27:48+00:00,104.4,6,session-1783603457869-ue25e2,filtertrack-samples.csv
2026-07-09 13:27:49+00:00,105.36,3,session-1783603457869-ue25e2,filtertrack-samples.csv
2026-07-09 13:27:50+00:00,104.93,8,session-1783603457869-ue25e2,filtertrack-samples.csv
2026-07-09 13:27:51+00:00,105.305,6,session-1783603457869-ue25e2,filtertrack-samples.csv
2026-07-09 13:27:52+00:00,105.78,5,session-1783603457869-ue25e2,filtertrack-samples.csv
2026-07-09 13:27:53+00:00,104.96,3,session-1783603457869-ue25e2,filtertrack-samples.csv
2026-07-09 13:27:54+00:00,105.35,3,session-1783603457869-ue25e2,filtertrack-samples.csv
2026-07-09 13:27:55+00:00,104.935,6,session-1783603457869-ue25e2,filtertrack-samples.csv
2026-07-09 13:27:56+00:00,104.96,5,session-1783603457869-ue25e2,filtertrack-samples.csv
2026-07-09 13:27:57+00:00,105.4,5,session-1783603457869-ue25e2,filtertrack-samples.csv
2026-07-09 13:27:58+00:00,105.35,8,session-1783603457869-ue25e2,filtertrack-samples.csv
2026-07-09 13:27:59+00:00,105.12,3,session-1783603457869-ue25e2,filtertrack-samples.csv
2026-07-09 13:28:00+00:00,105.59,5,session-1783603457869-ue25e2,filtertrack-samples.csv
2026-07-09 13:28:01+00:00,105.0,3,session-1783603457869-ue25e2,filtertrack-samples.csv
2026-07-09 13:28:02+00:00,104.56,7,session-1783603457869-ue25e2,filtertrack-samples.csv
2026-07-09 13:28:03+00:00,104.07,5,session-1783603457869-ue25e2,filtertrack-samples.csv
2026-07-09 13:28:04+00:00,104.05,7,session-1783603457869-ue25e2,filtertrack-samples.csv
2026-07-09 13:28:05+00:00,104.06,4,session-1783603457869-ue25e2,filtertrack-samples.csv
2026-07-09 13:28:06+00:00,104.05,5,session-1783603457869-ue25e2,filtertrack-samples.csv
2026-07-09 13:28:07+00:00,103.9,3,session-1783603457869-ue25e2,filtertrack-samples.csv
2026-07-09 13:28:08+00:00,103.655,6,session-1783603457869-ue25e2,filtertrack-samples.csv
2026-07-09 13:28:09+00:00,103.63,6,session-1783603457869-ue25e2,filtertrack-samples.csv
2026-07-09 13:28:10+00:00,103.62,6,session-1783603457869-ue25e2,filtertrack-samples.csv
2026-07-09 13:28:11+00:00,103.63,4,session-1783603457869-ue25e2,filtertrack-samples.csv
2026-07-09 13:28:12+00:00,103.47,8,session-1783603457869-ue25e2,filtertrack-samples.csv
2026-07-09 13:28:13+00:00,103.62,5,session-1783603457869-ue25e2,filtertrack-samples.csv
2026-07-09 13:28:14+00:00,103.64,7,session-1783603457869-ue25e2,filtertrack-samples.csv
2026-07-09 13:28:15+00:00,103.83500000000001,6,session-1783603457869-ue25e2,filtertrack-samples.csv
2026-07-09 13:28:16+00:00,103.9,5,session-1783603457869-ue25e2,filtertrack-samples.csv
2026-07-09 13:28:17+00:00,103.48,10,session-1783603457869-ue25e2,filtertrack-samples.csv
2026-07-09 13:28:18+00:00,103.47,6,session-1783603457869-ue25e2,filtertrack-samples.csv
2026-07-09 13:28:19+00:00,103.53,6,session-1783603457869-ue25e2,filtertrack-samples.csv
2026-07-09 13:28:20+00:00,103.62,5,session-1783603457869-ue25e2,filtertrack-samples.csv
2026-07-09 13:28:21+00:00,103.9,5,session-1783603457869-ue25e2,filtertrack-samples.csv
2026-07-09 13:28:22+00:00,104.47,5,session-1783603457869-ue25e2,filtertrack-samples.csv
2026-07-09 13:28:23+00:00,104.09,3,session-1783603457869-ue25e2,filtertrack-samples.csv
2026-07-09 13:28:24+00:00,104.49,5,session-1783603457869-ue25e2,filtertrack-samples.csv
2026-07-09 13:28:25+00:00,104.47999999999999,6,session-1783603457869-ue25e2,filtertrack-samples.csv
2026-07-09 13:28:26+00:00,104.07,4,session-1783603457869-ue25e2,filtertrack-samples.csv
2026-07-09 13:28:27+00:00,104.07,5,session-1783603457869-ue25e2,filtertrack-samples.csv
2026-07-09 13:28:28+00:00,104.47,7,session-1783603457869-ue25e2,filtertrack-samples.csv
2026-07-09 13:28:29+00:00,104.1,6,session-1783603457869-ue25e2,filtertrack-samples.csv
2026-07-09 13:28:30+00:00,103.92,6,session-1783603457869-ue25e2,filtertrack-samples.csv
2026-07-09 13:28:31+00:00,104.28999999999999,2,session-1783603457869-ue25e2,filtertrack-samples.csv
2026-07-09 13:28:32+00:00,104.35,5,session-1783603457869-ue25e2,filtertrack-samples.csv
2026-07-09 13:28:33+00:00,103.93,5,session-1783603457869-ue25e2,filtertrack-samples.csv
2026-07-09 13:28:34+00:00,103.88,6,session-1783603457869-ue25e2,filtertrack-samples.csv
2026-07-09 13:28:35+00:00,103.9,5,session-1783603457869-ue25e2,filtertrack-samples.csv
2026-07-09 13:28:36+00:00,103.87,6,session-1783603457869-ue25e2,filtertrack-samples.csv
2026-07-09 13:28:37+00:00,104.335,4,session-1783603457869-ue25e2,filtertrack-samples.csv
2026-07-09 13:28:38+00:00,104.02,5,session-1783603457869-ue25e2,filtertrack-samples.csv
2026-07-09 13:28:39+00:00,104.07,5,session-1783603457869-ue25e2,filtertrack-samples.csv
2026-07-09 13:28:40+00:00,103.93,6,session-1783603457869-ue25e2,filtertrack-samples.csv
2026-07-09 13:28:41+00:00,103.99000000000001,6,session-1783603457869-ue25e2,filtertrack-samples.csv
2026-07-09 13:28:42+00:00,104.07,3,session-1783603457869-ue25e2,filtertrack-samples.csv
2026-07-09 13:28:43+00:00,104.065,4,session-1783603457869-ue25e2,filtertrack-samples.csv
2026-07-09 13:28:44+00:00,104.05,5,session-1783603457869-ue25e2,filtertrack-samples.csv
2026-07-09 13:28:45+00:00,104.02,9,session-1783603457869-ue25e2,filtertrack-samples.csv
2026-07-09 13:28:46+00:00,104.05,5,session-1783603457869-ue25e2,filtertrack-samples.csv
2026-07-09 13:28:47+00:00,103.93,5,session-1783603457869-ue25e2,filtertrack-samples.csv
2026-07-09 13:28:48+00:00,104.09,6,session-1783603457869-ue25e2,filtertrack-samples.csv
2026-07-09 13:28:49+00:00,104.47,8,session-1783603457869-ue25e2,filtertrack-samples.csv
2026-07-09 13:28:50+00:00,103.91,5,session-1783603457869-ue25e2,filtertrack-samples.csv
2026-07-09 13:28:51+00:00,103.69,7,session-1783603457869-ue25e2,filtertrack-samples.csv
2026-07-09 13:28:52+00:00,104.08,6,session-1783603457869-ue25e2,filtertrack-samples.csv
2026-07-09 13:28:53+00:00,104.35,7,session-1783603457869-ue25e2,filtertrack-samples.csv
2026-07-09 13:28:54+00:00,103.97999999999999,6,session-1783603457869-ue25e2,filtertrack-samples.csv
2026-07-09 13:28:55+00:00,103.89500000000001,8,session-1783603457869-ue25e2,filtertrack-samples.csv
2026-07-09 13:28:56+00:00,104.065,6,session-1783603457869-ue25e2,filtertrack-samples.csv
2026-07-09 13:28:57+00:00,104.33,1,session-1783603457869-ue25e2,filtertrack-samples.csv
2026-07-09 13:29:11+00:00,104.05,7,session-1783603749411-du6syw,filtertrack-samples2.csv
2026-07-09 13:29:12+00:00,104.32,7,session-1783603749411-du6syw,filtertrack-samples2.csv
2026-07-09 13:29:13+00:00,104.34,8,session-1783603749411-du6syw,filtertrack-samples2.csv
2026-07-09 13:29:14+00:00,104.36,4,session-1783603749411-du6syw,filtertrack-samples2.csv
2026-07-09 13:29:15+00:00,104.35,6,session-1783603749411-du6syw,filtertrack-samples2.csv
2026-07-09 13:29:16+00:00,104.47999999999999,6,session-1783603749411-du6syw,filtertrack-samples2.csv
2026-07-09 13:29:17+00:00,104.51,5,session-1783603749411-du6syw,filtertrack-samples2.csv
2026-07-09 13:29:18+00:00,104.47,6,session-1783603749411-du6syw,filtertrack-samples2.csv
2026-07-09 13:29:19+00:00,104.08,4,session-1783603749411-du6syw,filtertrack-samples2.csv
2026-07-09 13:29:20+00:00,104.09,3,session-1783603749411-du6syw,filtertrack-samples2.csv
2026-07-09 13:29:21+00:00,104.33,6,session-1783603749411-du6syw,filtertrack-samples2.csv
2026-07-09 13:29:22+00:00,104.34,2,session-1783603749411-du6syw,filtertrack-samples2.csv
2026-07-09 13:29:23+00:00,104.26,1,session-1783603749411-du6syw,filtertrack-samples2.csv
2026-07-09 13:29:24+00:00,104.74000000000001,6,session-1783603749411-du6syw,filtertrack-samples2.csv
2026-07-09 13:29:25+00:00,103.83,3,session-1783603749411-du6syw,filtertrack-samples2.csv
2026-07-09 13:29:26+00:00,104.28,4,session-1783603749411-du6syw,filtertrack-samples2.csv
2026-07-09 13:29:27+00:00,104.28,4,session-1783603749411-du6syw,filtertrack-samples2.csv
2026-07-09 13:29:28+00:00,104.71000000000001,6,session-1783603749411-du6syw,filtertrack-samples2.csv
2026-07-09 13:29:29+00:00,104.56,1,session-1783603749411-du6syw,filtertrack-samples2.csv
2026-07-09 13:29:30+00:00,104.26,7,session-1783603749411-du6syw,filtertrack-samples2.csv
2026-07-09 13:29:31+00:00,104.49000000000001,8,session-1783603749411-du6syw,filtertrack-samples2.csv
2026-07-09 13:29:32+00:00,104.27000000000001,6,session-1783603749411-du6syw,filtertrack-samples2.csv
2026-07-09 13:29:33+00:00,104.485,8,session-1783603749411-du6syw,filtertrack-samples2.csv
2026-07-09 13:29:34+00:00,104.35,4,session-1783603749411-du6syw,filtertrack-samples2.csv
2026-07-09 13:29:35+00:00,104.94,7,session-1783603749411-du6syw,filtertrack-samples2.csv
2026-07-09 13:29:36+00:00,104.94,5,session-1783603749411-du6syw,filtertrack-samples2.csv
2026-07-09 13:29:37+00:00,104.75999999999999,4,session-1783603749411-du6syw,filtertrack-samples2.csv
2026-07-09 13:29:38+00:00,104.79,3,session-1783603749411-du6syw,filtertrack-samples2.csv
2026-07-09 13:29:39+00:00,104.41,8,session-1783603749411-du6syw,filtertrack-samples2.csv
2026-07-09 13:29:40+00:00,104.72,7,session-1783603749411-du6syw,filtertrack-samples2.csv
2026-07-09 13:29:41+00:00,104.73,7,session-1783603749411-du6syw,filtertrack-samples2.csv
2026-07-09 13:29:42+00:00,104.73,7,session-1783603749411-du6syw,filtertrack-samples2.csv
2026-07-09 13:29:43+00:00,104.34,8,session-1783603749411-du6syw,filtertrack-samples2.csv
2026-07-09 13:29:44+00:00,104.47999999999999,8,session-1783603749411-du6syw,filtertrack-samples2.csv
2026-07-09 13:29:45+00:00,104.43,6,session-1783603749411-du6syw,filtertrack-samples2.csv
2026-07-09 13:29:46+00:00,104.51,7,session-1783603749411-du6syw,filtertrack-samples2.csv
2026-07-09 13:29:47+00:00,104.49,3,session-1783603749411-du6syw,filtertrack-samples2.csv
2026-07-09 13:29:48+00:00,104.62,8,session-1783603749411-du6syw,filtertrack-samples2.csv
2026-07-09 13:29:49+00:00,104.91,7,session-1783603749411-du6syw,filtertrack-samples2.csv
2026-07-09 13:29:50+00:00,104.92,6,session-1783603749411-du6syw,filtertrack-samples2.csv
2026-07-09 13:29:51+00:00,104.93,3,session-1783603749411-du6syw,filtertrack-samples2.csv
2026-07-09 13:29:52+00:00,104.935,4,session-1783603749411-du6syw,filtertrack-samples2.csv
2026-07-09 13:29:53+00:00,104.94,5,session-1783603749411-du6syw,filtertrack-samples2.csv
2026-07-09 13:29:54+00:00,104.93,5,session-1783603749411-du6syw,filtertrack-samples2.csv
2026-07-09 13:29:55+00:00,104.91,7,session-1783603749411-du6syw,filtertrack-samples2.csv
2026-07-09 13:29:56+00:00,104.93,7,session-1783603749411-du6syw,filtertrack-samples2.csv
2026-07-09 13:29:57+00:00,105.35,7,session-1783603749411-du6syw,filtertrack-samples2.csv
2026-07-09 13:29:58+00:00,105.07499999999999,2,session-1783603749411-du6syw,filtertrack-samples2.csv
2026-07-09 13:29:59+00:00,104.49,7,session-1783603749411-du6syw,filtertrack-samples2.csv
2026-07-09 13:30:00+00:00,104.32499999999999,8,session-1783603749411-du6syw,filtertrack-samples2.csv
2026-07-09 13:30:01+00:00,104.47,7,session-1783603749411-du6syw,filtertrack-samples2.csv
2026-07-09 13:30:02+00:00,104.47,6,session-1783603749411-du6syw,filtertrack-samples2.csv
2026-07-09 13:30:03+00:00,104.47,8,session-1783603749411-du6syw,filtertrack-samples2.csv
2026-07-09 13:30:04+00:00,104.35,7,session-1783603749411-du6syw,filtertrack-samples2.csv
2026-07-09 13:30:05+00:00,104.33,7,session-1783603749411-du6syw,filtertrack-samples2.csv
2026-07-09 13:30:06+00:00,104.47,8,session-1783603749411-du6syw,filtertrack-samples2.csv
2026-07-09 13:30:07+00:00,104.47,7,session-1783603749411-du6syw,filtertrack-samples2.csv
2026-07-09 13:30:08+00:00,104.47,3,session-1783603749411-du6syw,filtertrack-samples2.csv
2026-07-09 13:30:09+00:00,104.49,4,session-1783603749411-du6syw,filtertrack-samples2.csv
2026-07-09 13:30:10+00:00,104.535,6,session-1783603749411-du6syw,filtertrack-samples2.csv
2026-07-09 13:30:11+00:00,104.47,7,session-1783603749411-du6syw,filtertrack-samples2.csv
2026-07-09 13:30:12+00:00,104.47999999999999,6,session-1783603749411-du6syw,filtertrack-samples2.csv
2026-07-09 13:30:13+00:00,104.47,7,session-1783603749411-du6syw,filtertrack-samples2.csv
2026-07-09 13:30:14+00:00,104.47,6,session-1783603749411-du6syw,filtertrack-samples2.csv
2026-07-09 13:30:15+00:00,104.49,5,session-1783603749411-du6syw,filtertrack-samples2.csv
2026-07-09 13:30:16+00:00,104.49,7,session-1783603749411-du6syw,filtertrack-samples2.csv
2026-07-09 13:30:17+00:00,104.47,7,session-1783603749411-du6syw,filtertrack-samples2.csv
2026-07-09 13:30:18+00:00,104.47,4,session-1783603749411-du6syw,filtertrack-samples2.csv
2026-07-09 13:30:19+00:00,104.49000000000001,4,session-1783603749411-du6syw,filtertrack-samples2.csv
2026-07-09 13:30:20+00:00,104.47,6,session-1783603749411-du6syw,filtertrack-samples2.csv
2026-07-09 13:30:21+00:00,104.47,7,session-1783603749411-du6syw,filtertrack-samples2.csv
2026-07-09 13:30:22+00:00,104.49,5,session-1783603749411-du6syw,filtertrack-samples2.csv
2026-07-09 13:30:23+00:00,104.77,5,session-1783603749411-du6syw,filtertrack-samples2.csv
2026-07-09 13:30:24+00:00,104.47,5,session-1783603749411-du6syw,filtertrack-samples2.csv
2026-07-09 13:30:25+00:00,104.46,7,session-1783603749411-du6syw,filtertrack-samples2.csv
2026-07-09 13:30:26+00:00,104.4,8,session-1783603749411-du6syw,filtertrack-samples2.csv
2026-07-09 13:30:27+00:00,104.47,7,session-1783603749411-du6syw,filtertrack-samples2.csv
2026-07-09 13:30:28+00:00,104.47,8,session-1783603749411-du6syw,filtertrack-samples2.csv
2026-07-09 13:30:29+00:00,104.47,6,session-1783603749411-du6syw,filtertrack-samples2.csv
2026-07-09 13:30:30+00:00,104.47,8,session-1783603749411-du6syw,filtertrack-samples2.csv
2026-07-09 13:30:31+00:00,104.47,6,session-1783603749411-du6syw,filtertrack-samples2.csv
2026-07-09 13:30:32+00:00,104.47999999999999,6,session-1783603749411-du6syw,filtertrack-samples2.csv
2026-07-09 13:30:33+00:00,104.395,6,session-1783603749411-du6syw,filtertrack-samples2.csv
2026-07-09 13:30:34+00:00,103.62,5,session-1783603749411-du6syw,filtertrack-samples2.csv
2026-07-09 13:30:35+00:00,104.035,6,session-1783603749411-du6syw,filtertrack-samples2.csv
2026-07-09 13:30:36+00:00,104.04,5,session-1783603749411-du6syw,filtertrack-samples2.csv
2026-07-09 13:30:37+00:00,104.04,5,session-1783603749411-du6syw,filtertrack-samples2.csv
2026-07-09 13:30:38+00:00,104.05,7,session-1783603749411-du6syw,filtertrack-samples2.csv
2026-07-09 13:30:39+00:00,103.905,6,session-1783603749411-du6syw,filtertrack-samples2.csv
2026-07-09 13:30:40+00:00,103.9,7,session-1783603749411-du6syw,filtertrack-samples2.csv
2026-07-09 13:30:41+00:00,103.88,5,session-1783603749411-du6syw,filtertrack-samples2.csv
2026-07-09 13:30:42+00:00,103.84,7,session-1783603749411-du6syw,filtertrack-samples2.csv
2026-07-09 13:30:43+00:00,103.83,3,session-1783603749411-du6syw,filtertrack-samples2.csv
2026-07-09 13:30:44+00:00,103.845,4,session-1783603749411-du6syw,filtertrack-samples2.csv
2026-07-09 13:30:45+00:00,104.28,7,session-1783603749411-du6syw,filtertrack-samples2.csv
2026-07-09 13:30:46+00:00,104.69,6,session-1783603749411-du6syw,filtertrack-samples2.csv
2026-07-09 13:30:47+00:00,104.91,8,session-1783603749411-du6syw,filtertrack-samples2.csv
2026-07-09 13:30:48+00:00,104.75,8,session-1783603749411-du6syw,filtertrack-samples2.csv
2026-07-09 13:30:49+00:00,104.11,7,session-1783603749411-du6syw,filtertrack-samples2.csv
2026-07-09 13:30:50+00:00,104.18,8,session-1783603749411-du6syw,filtertrack-samples2.csv
2026-07-09 13:30:51+00:00,104.05,7,session-1783603749411-du6syw,filtertrack-samples2.csv
2026-07-09 13:30:52+00:00,103.9,7,session-1783603749411-du6syw,filtertrack-samples2.csv
2026-07-09 13:30:53+00:00,104.05,7,session-1783603749411-du6syw,filtertrack-samples2.csv
2026-07-09 13:30:54+00:00,104.02,9,session-1783603749411-du6syw,filtertrack-samples2.csv
2026-07-09 13:30:55+00:00,104.05,7,session-1783603749411-du6syw,filtertrack-samples2.csv
2026-07-09 13:30:56+00:00,104.05,8,session-1783603749411-du6syw,filtertrack-samples2.csv
2026-07-09 13:30:57+00:00,104.04,5,session-1783603749411-du6syw,filtertrack-samples2.csv
2026-07-09 13:30:58+00:00,103.86,7,session-1783603749411-du6syw,filtertrack-samples2.csv
2026-07-09 13:30:59+00:00,103.84,6,session-1783603749411-du6syw,filtertrack-samples2.csv
2026-07-09 13:31:00+00:00,104.105,8,session-1783603749411-du6syw,filtertrack-samples2.csv
2026-07-09 13:31:01+00:00,104.18,7,session-1783603749411-du6syw,filtertrack-samples2.csv
2026-07-09 13:31:02+00:00,104.26,5,session-1783603749411-du6syw,filtertrack-samples2.csv
2026-07-09 13:31:03+00:00,104.3,9,session-1783603749411-du6syw,filtertrack-samples2.csv
2026-07-09 13:31:04+00:00,104.26,5,session-1783603749411-du6syw,filtertrack-samples2.csv
2026-07-09 13:31:05+00:00,104.3,5,session-1783603749411-du6syw,filtertrack-samples2.csv
2026-07-09 13:31:06+00:00,104.3,5,session-1783603749411-du6syw,filtertrack-samples2.csv
2026-07-09 13:31:07+00:00,104.16,6,session-1783603749411-du6syw,filtertrack-samples2.csv
2026-07-09 13:31:08+00:00,104.34,6,session-1783603749411-du6syw,filtertrack-samples2.csv
2026-07-09 13:31:09+00:00,104.41,8,session-1783603749411-du6syw,filtertrack-samples2.csv
2026-07-09 13:31:10+00:00,104.35,7,session-1783603749411-du6syw,filtertrack-samples2.csv
2026-07-09 13:31:11+00:00,104.47,5,session-1783603749411-du6syw,filtertrack-samples2.csv
2026-07-09 13:31:12+00:00,104.4,6,session-1783603749411-du6syw,filtertrack-samples2.csv
2026-07-09 13:31:13+00:00,104.47,5,session-1783603749411-du6syw,filtertrack-samples2.csv
2026-07-09 13:31:14+00:00,104.35,6,session-1783603749411-du6syw,filtertrack-samples2.csv
2026-07-09 13:31:15+00:00,104.35,7,session-1783603749411-du6syw,filtertrack-samples2.csv
2026-07-09 13:31:16+00:00,104.465,6,session-1783603749411-du6syw,filtertrack-samples2.csv
2026-07-09 13:31:17+00:00,104.32,3,session-1783603749411-du6syw,filtertrack-samples2.csv
2026-07-09 13:31:18+00:00,104.27000000000001,4,session-1783603749411-du6syw,filtertrack-samples2.csv
2026-07-09 13:31:19+00:00,104.28,9,session-1783603749411-du6syw,filtertrack-samples2.csv
2026-07-09 13:31:20+00:00,104.48,8,session-1783603749411-du6syw,filtertrack-samples2.csv
2026-07-09 13:31:21+00:00,104.725,6,session-1783603749411-du6syw,filtertrack-samples2.csv
2026-07-09 13:31:22+00:00,104.26,7,session-1783603749411-du6syw,filtertrack-samples2.csv
2026-07-09 13:31:23+00:00,104.25,6,session-1783603749411-du6syw,filtertrack-samples2.csv
2026-07-09 13:31:24+00:00,104.11,5,session-1783603749411-du6syw,filtertrack-samples2.csv
2026-07-09 13:31:25+00:00,103.83,6,session-1783603749411-du6syw,filtertrack-samples2.csv
2026-07-09 13:31:26+00:00,104.24000000000001,6,session-1783603749411-du6syw,filtertrack-samples2.csv
2026-07-09 13:31:27+00:00,104.05,5,session-1783603749411-du6syw,filtertrack-samples2.csv
2026-07-09 13:31:28+00:00,103.84,7,session-1783603749411-du6syw,filtertrack-samples2.csv
2026-07-09 13:31:29+00:00,103.84,3,session-1783603749411-du6syw,filtertrack-samples2.csv
2026-07-09 13:31:30+00:00,104.06,4,session-1783603749411-du6syw,filtertrack-samples2.csv
2026-07-09 13:31:31+00:00,103.81,5,session-1783603749411-du6syw,filtertrack-samples2.csv
2026-07-09 13:31:32+00:00,103.84,7,session-1783603749411-du6syw,filtertrack-samples2.csv
2026-07-09 13:31:33+00:00,103.83,7,session-1783603749411-du6syw,filtertrack-samples2.csv
2026-07-09 13:31:34+00:00,103.765,6,session-1783603749411-du6syw,filtertrack-samples2.csv
2026-07-09 13:31:35+00:00,103.86,5,session-1783603749411-du6syw,filtertrack-samples2.csv
2026-07-09 13:31:36+00:00,103.88,6,session-1783603749411-du6syw,filtertrack-samples2.csv
2026-07-09 13:31:37+00:00,103.88,5,session-1783603749411-du6syw,filtertrack-samples2.csv
2026-07-09 13:31:38+00:00,103.915,6,session-1783603749411-du6syw,filtertrack-samples2.csv
2026-07-09 13:31:39+00:00,103.9,8,session-1783603749411-du6syw,filtertrack-samples2.csv
2026-07-09 13:31:40+00:00,103.975,8,session-1783603749411-du6syw,filtertrack-samples2.csv
2026-07-09 13:31:41+00:00,103.975,6,session-1783603749411-du6syw,filtertrack-samples2.csv
2026-07-09 13:31:42+00:00,103.87,6,session-1783603749411-du6syw,filtertrack-samples2.csv
2026-07-09 13:31:43+00:00,103.89,8,session-1783603749411-du6syw,filtertrack-samples2.csv
2026-07-09 13:31:44+00:00,103.91,7,session-1783603749411-du6syw,filtertrack-samples2.csv
2026-07-09 13:31:45+00:00,103.83,7,session-1783603749411-du6syw,filtertrack-samples2.csv
2026-07-09 13:31:46+00:00,104.28,5,session-1783603749411-du6syw,filtertrack-samples2.csv
2026-07-09 13:31:47+00:00,104.72,9,session-1783603749411-du6syw,filtertrack-samples2.csv
2026-07-09 13:31:48+00:00,104.255,6,session-1783603749411-du6syw,filtertrack-samples2.csv
2026-07-09 13:31:49+00:00,104.26,7,session-1783603749411-du6syw,filtertrack-samples2.csv
2026-07-09 13:31:50+00:00,104.25,5,session-1783603749411-du6syw,filtertrack-samples2.csv
2026-07-09 13:31:51+00:00,104.26,9,session-1783603749411-du6syw,filtertrack-samples2.csv
2026-07-09 13:31:52+00:00,104.35,6,session-1783603749411-du6syw,filtertrack-samples2.csv
2026-07-09 13:31:53+00:00,104.47,8,session-1783603749411-du6syw,filtertrack-samples2.csv
2026-07-09 13:31:54+00:00,104.32,7,session-1783603749411-du6syw,filtertrack-samples2.csv
2026-07-09 13:31:55+00:00,104.395,6,session-1783603749411-du6syw,filtertrack-samples2.csv
2026-07-09 13:31:56+00:00,104.47,6,session-1783603749411-du6syw,filtertrack-samples2.csv
2026-07-09 13:31:57+00:00,104.47,5,session-1783603749411-du6syw,filtertrack-samples2.csv
2026-07-09 13:31:58+00:00,104.47,8,session-1783603749411-du6syw,filtertrack-samples2.csv
2026-07-09 13:31:59+00:00,104.47,7,session-1783603749411-du6syw,filtertrack-samples2.csv
2026-07-09 13:32:00+00:00,104.32,8,session-1783603749411-du6syw,filtertrack-samples2.csv
2026-07-09 13:32:01+00:00,104.02,9,session-1783603749411-du6syw,filtertrack-samples2.csv
2026-07-09 13:32:02+00:00,104.32,5,session-1783603749411-du6syw,filtertrack-samples2.csv
2026-07-09 13:32:03+00:00,104.32,5,session-1783603749411-du6syw,filtertrack-samples2.csv
2026-07-09 13:32:04+00:00,104.75,7,session-1783603749411-du6syw,filtertrack-samples2.csv
2026-07-09 13:32:09+00:00,109.13,9,session-1783603749411-du6syw,filtertrack-samples2.csv
2026-07-09 13:32:10+00:00,109.995,4,session-1783603749411-du6syw,filtertrack-samples2.csv
2026-07-09 13:32:16+00:00,115.64,7,session-1783603749411-du6syw,filtertrack-samples2.csv
2026-07-09 13:32:22+00:00,120.875,8,session-1783603749411-du6syw,filtertrack-samples2.csv
2026-07-09 13:32:25+00:00,122.41,7,session-1783603749411-du6syw,filtertrack-samples2.csv
2026-07-09 13:32:26+00:00,122.71000000000001,6,session-1783603749411-du6syw,filtertrack-samples2.csv
2026-07-09 13:32:30+00:00,125.64,5,session-1783603749411-du6syw,filtertrack-samples2.csv
2026-07-09 13:32:31+00:00,126.0,8,session-1783603749411-du6syw,filtertrack-samples2.csv
2026-07-09 13:32:32+00:00,125.94,7,session-1783603749411-du6syw,filtertrack-samples2.csv
2026-07-09 13:32:33+00:00,125.35,6,session-1783603749411-du6syw,filtertrack-samples2.csv
2026-07-09 13:32:34+00:00,125.655,6,session-1783603749411-du6syw,filtertrack-samples2.csv
2026-07-09 13:32:35+00:00,126.015,8,session-1783603749411-du6syw,filtertrack-samples2.csv
2026-07-09 13:32:36+00:00,126.13,7,session-1783603749411-du6syw,filtertrack-samples2.csv
2026-07-09 13:32:37+00:00,126.61500000000001,8,session-1783603749411-du6syw,filtertrack-samples2.csv
2026-07-09 13:32:38+00:00,126.53,9,session-1783603749411-du6syw,filtertrack-samples2.csv
2026-07-09 13:32:39+00:00,126.96000000000001,8,session-1783603749411-du6syw,filtertrack-samples2.csv
2026-07-09 13:32:40+00:00,127.63,6,session-1783603749411-du6syw,filtertrack-samples2.csv
2026-07-09 13:32:41+00:00,127.305,6,session-1783603749411-du6syw,filtertrack-samples2.csv
2026-07-09 13:32:47+00:00,133.06,9,session-1783603749411-du6syw,filtertrack-samples2.csv
2026-07-09 13:32:49+00:00,134.61,9,session-1783603749411-du6syw,filtertrack-samples2.csv
2026-07-09 13:32:51+00:00,132.69,5,session-1783603749411-du6syw,filtertrack-samples2.csv
2026-07-09 13:32:53+00:00,131.03,10,session-1783603749411-du6syw,filtertrack-samples2.csv
2026-07-09 13:32:54+00:00,131.75,9,session-1783603749411-du6syw,filtertrack-samples2.csv
2026-07-09 13:32:56+00:00,130.28,7,session-1783603749411-du6syw,filtertrack-samples2.csv
2026-07-09 13:32:57+00:00,130.91,5,session-1783603749411-du6syw,filtertrack-samples2.csv
2026-07-09 13:32:59+00:00,131.485,6,session-1783603749411-du6syw,filtertrack-samples2.csv
2026-07-09 13:33:02+00:00,133.29,8,session-1783603749411-du6syw,filtertrack-samples2.csv
2026-07-09 13:33:04+00:00,133.36,8,session-1783603749411-du6syw,filtertrack-samples2.csv
2026-07-09 13:33:05+00:00,133.17000000000002,8,session-1783603749411-du6syw,filtertrack-samples2.csv
2026-07-09 13:33:07+00:00,133.78,6,session-1783603749411-du6syw,filtertrack-samples2.csv
2026-07-09 13:33:08+00:00,134.59,7,session-1783603749411-du6syw,filtertrack-samples2.csv
2026-07-09 13:33:10+00:00,134.45,8,session-1783603749411-du6syw,filtertrack-samples2.csv
2026-07-09 13:33:11+00:00,133.475,6,session-1783603749411-du6syw,filtertrack-samples2.csv
2026-07-09 13:33:12+00:00,132.76,8,session-1783603749411-du6syw,filtertrack-samples2.csv
2026-07-09 13:33:13+00:00,133.33499999999998,8,session-1783603749411-du6syw,filtertrack-samples2.csv
2026-07-09 13:33:15+00:00,132.965,8,session-1783603749411-du6syw,filtertrack-samples2.csv
2026-07-09 13:33:17+00:00,134.78,9,session-1783603749411-du6syw,filtertrack-samples2.csv
2026-07-09 13:33:18+00:00,134.16,7,session-1783603749411-du6syw,filtertrack-samples2.csv
2026-07-09 13:33:19+00:00,133.195,8,session-1783603749411-du6syw,filtertrack-samples2.csv
2026-07-09 13:33:22+00:00,133.28,7,session-1783603749411-du6syw,filtertrack-samples2.csv
2026-07-09 13:33:25+00:00,132.76999999999998,8,session-1783603749411-du6syw,filtertrack-samples2.csv
2026-07-09 13:33:26+00:00,131.8,3,session-1783603749411-du6syw,filtertrack-samples2.csv
2026-07-09 13:33:27+00:00,132.46,9,session-1783603749411-du6syw,filtertrack-samples2.csv
2026-07-09 13:33:29+00:00,133.05,6,session-1783603749411-du6syw,filtertrack-samples2.csv
2026-07-09 13:33:30+00:00,132.515,6,session-1783603749411-du6syw,filtertrack-samples2.csv
2026-07-09 13:33:31+00:00,133.18,7,session-1783603749411-du6syw,filtertrack-samples2.csv
2026-07-09 13:33:34+00:00,136.11,2,session-1783603749411-du6syw,filtertrack-samples2.csv
2026-07-09 13:33:36+00:00,135.88,3,session-1783603749411-du6syw,filtertrack-samples2.csv
2026-07-09 13:33:37+00:00,135.175,2,session-1783603749411-du6syw,filtertrack-samples2.csv
2026-07-09 13:33:38+00:00,135.34,5,session-1783603749411-du6syw,filtertrack-samples2.csv
2026-07-09 13:33:39+00:00,135.155,4,session-1783603749411-du6syw,filtertrack-samples2.csv
2026-07-09 13:33:40+00:00,135.01,4,session-1783603749411-du6syw,filtertrack-samples2.csv
2026-07-09 13:33:41+00:00,134.53,4,session-1783603749411-du6syw,filtertrack-samples2.csv
2026-07-09 13:33:42+00:00,134.63,1,session-1783603749411-du6syw,filtertrack-samples2.csv
2026-07-09 13:33:43+00:00,135.17000000000002,2,session-1783603749411-du6syw,filtertrack-samples2.csv
2026-07-09 13:33:45+00:00,134.61,3,session-1783603749411-du6syw,filtertrack-samples2.csv
2026-07-09 13:33:46+00:00,135.255,2,session-1783603749411-du6syw,filtertrack-samples2.csv
2026-07-09 13:33:47+00:00,135.735,4,session-1783603749411-du6syw,filtertrack-samples2.csv
2026-07-09 13:33:49+00:00,134.84,3,session-1783603749411-du6syw,filtertrack-samples2.csv
2026-07-09 13:33:50+00:00,134.835,4,session-1783603749411-du6syw,filtertrack-samples2.csv
2026-07-09 13:33:51+00:00,135.235,2,session-1783603749411-du6syw,filtertrack-samples2.csv
2026-07-09 13:33:52+00:00,136.12,4,session-1783603749411-du6syw,filtertrack-samples2.csv
2026-07-09 13:33:54+00:00,134.85,5,session-1783603749411-du6syw,filtertrack-samples2.csv
2026-07-09 13:33:55+00:00,135.46,6,session-1783603749411-du6syw,filtertrack-samples2.csv
2026-07-09 13:33:57+00:00,134.59,1,session-1783603749411-du6syw,filtertrack-samples2.csv
2026-07-09 13:33:58+00:00,134.835,4,session-1783603749411-du6syw,filtertrack-samples2.csv
2026-07-09 13:33:59+00:00,134.79000000000002,4,session-1783603749411-du6syw,filtertrack-samples2.csv
2026-07-09 13:34:00+00:00,134.57,1,session-1783603749411-du6syw,filtertrack-samples2.csv
2026-07-09 13:34:02+00:00,135.69,2,session-1783603749411-du6syw,filtertrack-samples2.csv
2026-07-09 13:34:03+00:00,134.83,6,session-1783603749411-du6syw,filtertrack-samples2.csv
2026-07-09 13:34:05+00:00,135.73,5,session-1783603749411-du6syw,filtertrack-samples2.csv
2026-07-09 13:34:06+00:00,134.95,6,session-1783603749411-du6syw,filtertrack-samples2.csv
2026-07-09 13:34:07+00:00,134.61,5,session-1783603749411-du6syw,filtertrack-samples2.csv
2026-07-09 13:34:08+00:00,134.93,4,session-1783603749411-du6syw,filtertrack-samples2.csv
2026-07-09 13:34:09+00:00,134.385,4,session-1783603749411-du6syw,filtertrack-samples2.csv
2026-07-09 13:34:10+00:00,134.32999999999998,6,session-1783603749411-du6syw,filtertrack-samples2.csv
2026-07-09 13:34:11+00:00,134.425,6,session-1783603749411-du6syw,filtertrack-samples2.csv
2026-07-09 13:34:12+00:00,135.185,4,session-1783603749411-du6syw,filtertrack-samples2.csv
2026-07-09 13:34:13+00:00,134.20999999999998,6,session-1783603749411-du6syw,filtertrack-samples2.csv
2026-07-09 13:34:14+00:00,134.57,1,session-1783603749411-du6syw,filtertrack-samples2.csv
2026-07-09 13:34:15+00:00,134.59,3,session-1783603749411-du6syw,filtertrack-samples2.csv
2026-07-09 13:34:16+00:00,134.61,5,session-1783603749411-du6syw,filtertrack-samples2.csv
2026-07-09 13:34:17+00:00,134.3,4,session-1783603749411-du6syw,filtertrack-samples2.csv
2026-07-09 13:34:18+00:00,134.43,1,session-1783603749411-du6syw,filtertrack-samples2.csv
2026-07-09 13:34:19+00:00,134.60000000000002,4,session-1783603749411-du6syw,filtertrack-samples2.csv
2026-07-09 13:34:20+00:00,134.57999999999998,6,session-1783603749411-du6syw,filtertrack-samples2.csv
2026-07-09 13:34:23+00:00,134.59,1,session-1783603749411-du6syw,filtertrack-samples2.csv
2026-07-09 13:34:24+00:00,134.60000000000002,4,session-1783603749411-du6syw,filtertrack-samples2.csv
2026-07-09 13:34:25+00:00,134.59,3,session-1783603749411-du6syw,filtertrack-samples2.csv
2026-07-09 13:34:27+00:00,135.01,1,session-1783603749411-du6syw,filtertrack-samples2.csv
2026-07-09 13:34:28+00:00,134.60000000000002,4,session-1783603749411-du6syw,filtertrack-samples2.csv
2026-07-09 13:34:29+00:00,134.24,3,session-1783603749411-du6syw,filtertrack-samples2.csv
2026-07-09 13:34:31+00:00,134.74,2,session-1783603749411-du6syw,filtertrack-samples2.csv
2026-07-09 13:34:32+00:00,134.21499999999997,2,session-1783603749411-du6syw,filtertrack-samples2.csv
2026-07-09 13:34:35+00:00,134.87,3,session-1783603749411-du6syw,filtertrack-samples2.csv
2026-07-09 13:34:37+00:00,135.2,4,session-1783603749411-du6syw,filtertrack-samples2.csv
2026-07-09 13:34:38+00:00,134.59,5,session-1783603749411-du6syw,filtertrack-samples2.csv
2026-07-09 13:34:39+00:00,134.61,7,session-1783603749411-du6syw,filtertrack-samples2.csv
2026-07-09 13:34:40+00:00,134.165,4,session-1783603749411-du6syw,filtertrack-samples2.csv
2026-07-09 13:34:41+00:00,133.98,4,session-1783603749411-du6syw,filtertrack-samples2.csv
2026-07-09 13:34:42+00:00,134.05,4,session-1783603749411-du6syw,filtertrack-samples2.csv
2026-07-09 13:34:43+00:00,134.59,3,session-1783603749411-du6syw,filtertrack-samples2.csv
2026-07-09 13:34:44+00:00,134.06,4,session-1783603749411-du6syw,filtertrack-samples2.csv
2026-07-09 13:34:45+00:00,134.17,5,session-1783603749411-du6syw,filtertrack-samples2.csv
2026-07-09 13:34:46+00:00,134.095,4,session-1783603749411-du6syw,filtertrack-samples2.csv
2026-07-09 13:34:47+00:00,134.15499999999997,4,session-1783603749411-du6syw,filtertrack-samples2.csv
2026-07-09 13:34:48+00:00,134.45,5,session-1783603749411-du6syw,filtertrack-samples2.csv
2026-07-09 13:34:49+00:00,134.14,9,session-1783603749411-du6syw,filtertrack-samples2.csv
2026-07-09 13:34:50+00:00,134.16,5,session-1783603749411-du6syw,filtertrack-samples2.csv
2026-07-09 13:34:51+00:00,134.15499999999997,6,session-1783603749411-du6syw,filtertrack-samples2.csv
2026-07-09 13:34:53+00:00,134.61,3,session-1783603749411-du6syw,filtertrack-samples2.csv
2026-07-09 13:34:54+00:00,134.61,3,session-1783603749411-du6syw,filtertrack-samples2.csv
2026-07-09 13:34:55+00:00,135.29,4,session-1783603749411-du6syw,filtertrack-samples2.csv
2026-07-09 13:34:56+00:00,135.73,3,session-1783603749411-du6syw,filtertrack-samples2.csv
2026-07-09 13:34:58+00:00,134.17,5,session-1783603749411-du6syw,filtertrack-samples2.csv
2026-07-09 13:34:59+00:00,134.0,6,session-1783603749411-du6syw,filtertrack-samples2.csv
2026-07-09 13:35:00+00:00,134.45,3,session-1783603749411-du6syw,filtertrack-samples2.csv
2026-07-09 13:35:01+00:00,134.17,7,session-1783603749411-du6syw,filtertrack-samples2.csv
2026-07-09 13:35:02+00:00,134.16,3,session-1783603749411-du6syw,filtertrack-samples2.csv
2026-07-09 13:35:03+00:00,134.16,7,session-1783603749411-du6syw,filtertrack-samples2.csv
2026-07-09 13:35:04+00:00,135.05,7,session-1783603749411-du6syw,filtertrack-samples2.csv
2026-07-09 13:35:05+00:00,134.17,5,session-1783603749411-du6syw,filtertrack-samples2.csv
2026-07-09 13:35:06+00:00,134.42,3,session-1783603749411-du6syw,filtertrack-samples2.csv
2026-07-09 13:35:07+00:00,134.14,7,session-1783603749411-du6syw,filtertrack-samples2.csv
2026-07-09 13:35:08+00:00,134.64,4,session-1783603749411-du6syw,filtertrack-samples2.csv
2026-07-09 13:35:09+00:00,134.515,4,session-1783603749411-du6syw,filtertrack-samples2.csv
2026-07-09 13:35:10+00:00,133.93,1,session-1783603749411-du6syw,filtertrack-samples2.csv
2026-07-09 13:35:11+00:00,134.61,1,session-1783603749411-du6syw,filtertrack-samples2.csv
2026-07-09 13:35:12+00:00,134.14,3,session-1783603749411-du6syw,filtertrack-samples2.csv
2026-07-09 13:35:13+00:00,134.08499999999998,4,session-1783603749411-du6syw,filtertrack-samples2.csv
2026-07-09 13:35:14+00:00,133.74,1,session-1783603749411-du6syw,filtertrack-samples2.csv
2026-07-09 13:35:15+00:00,133.96499999999997,2,session-1783603749411-du6syw,filtertrack-samples2.csv
2026-07-09 13:35:16+00:00,134.06,2,session-1783603749411-du6syw,filtertrack-samples2.csv
2026-07-09 13:35:19+00:00,134.27999999999997,2,session-1783603749411-du6syw,filtertrack-samples2.csv
2026-07-09 13:35:20+00:00,134.06,4,session-1783603749411-du6syw,filtertrack-samples2.csv
2026-07-09 13:35:21+00:00,134.06,4,session-1783603749411-du6syw,filtertrack-samples2.csv
2026-07-09 13:35:22+00:00,134.0,2,session-1783603749411-du6syw,filtertrack-samples2.csv
2026-07-09 13:35:23+00:00,134.15499999999997,2,session-1783603749411-du6syw,filtertrack-samples2.csv
2026-07-09 13:35:24+00:00,134.4,1,session-1783603749411-du6syw,filtertrack-samples2.csv
2026-07-09 13:35:25+00:00,134.17,3,session-1783603749411-du6syw,filtertrack-samples2.csv
2026-07-09 13:35:27+00:00,134.61,3,session-1783603749411-du6syw,filtertrack-samples2.csv
2026-07-09 13:35:28+00:00,134.29500000000002,2,session-1783603749411-du6syw,filtertrack-samples2.csv
2026-07-09 13:35:30+00:00,134.59,3,session-1783603749411-du6syw,filtertrack-samples2.csv
2026-07-09 13:35:31+00:00,134.57,3,session-1783603749411-du6syw,filtertrack-samples2.csv
2026-07-09 13:35:32+00:00,134.4,1,session-1783603749411-du6syw,filtertrack-samples2.csv
2026-07-09 13:35:33+00:00,134.17,1,session-1783603749411-du6syw,filtertrack-samples2.csv
2026-07-09 13:35:34+00:00,134.0,1,session-1783603749411-du6syw,filtertrack-samples2.csv
2026-07-09 13:35:35+00:00,134.17,3,session-1783603749411-du6syw,filtertrack-samples2.csv
2026-07-09 13:35:36+00:00,134.38,8,session-1783603749411-du6syw,filtertrack-samples2.csv
2026-07-09 13:35:37+00:00,134.47,1,session-1783603749411-du6syw,filtertrack-samples2.csv
2026-07-09 13:35:39+00:00,133.99,4,session-1783603749411-du6syw,filtertrack-samples2.csv
2026-07-09 13:35:41+00:00,134.87,1,session-1783603749411-du6syw,filtertrack-samples2.csv
2026-07-09 13:35:43+00:00,134.32,6,session-1783603749411-du6syw,filtertrack-samples2.csv
2026-07-09 13:35:44+00:00,134.57,5,session-1783603749411-du6syw,filtertrack-samples2.csv
2026-07-09 13:35:45+00:00,133.98000000000002,2,session-1783603749411-du6syw,filtertrack-samples2.csv
2026-07-09 13:35:46+00:00,133.96,1,session-1783603749411-du6syw,filtertrack-samples2.csv
2026-07-09 13:35:47+00:00,134.12,7,session-1783603749411-du6syw,filtertrack-samples2.csv
2026-07-09 13:35:48+00:00,134.165,4,session-1783603749411-du6syw,filtertrack-samples2.csv
2026-07-09 13:35:49+00:00,133.93,3,session-1783603749411-du6syw,filtertrack-samples2.csv
2026-07-09 13:35:50+00:00,134.2,2,session-1783603749411-du6syw,filtertrack-samples2.csv
2026-07-09 13:35:51+00:00,134.115,4,session-1783603749411-du6syw,filtertrack-samples2.csv
2026-07-09 13:35:52+00:00,133.975,6,session-1783603749411-du6syw,filtertrack-samples2.csv
2026-07-09 13:35:53+00:00,134.21,1,session-1783603749411-du6syw,filtertrack-samples2.csv
2026-07-09 13:35:54+00:00,134.235,2,session-1783603749411-du6syw,filtertrack-samples2.csv
2026-07-09 13:35:55+00:00,134.36,5,session-1783603749411-du6syw,filtertrack-samples2.csv
2026-07-09 13:35:56+00:00,134.26,3,session-1783603749411-du6syw,filtertrack-samples2.csv
2026-07-09 13:35:57+00:00,134.24,1,session-1783603749411-du6syw,filtertrack-samples2.csv
2026-07-09 13:35:59+00:00,134.29500000000002,4,session-1783603749411-du6syw,filtertrack-samples2.csv
2026-07-09 13:36:00+00:00,134.38,3,session-1783603749411-du6syw,filtertrack-samples2.csv
2026-07-09 13:36:02+00:00,134.38,3,session-1783603749411-du6syw,filtertrack-samples2.csv
2026-07-09 13:36:03+00:00,134.0,5,session-1783603749411-du6syw,filtertrack-samples2.csv
2026-07-09 13:36:04+00:00,134.17,5,session-1783603749411-du6syw,filtertrack-samples2.csv
2026-07-09 13:36:05+00:00,133.84,1,session-1783603749411-du6syw,filtertrack-samples2.csv
2026-07-09 13:36:07+00:00,134.25,4,session-1783603749411-du6syw,filtertrack-samples2.csv
2026-07-09 13:36:08+00:00,134.435,4,session-1783603749411-du6syw,filtertrack-samples2.csv
2026-07-09 13:36:10+00:00,134.175,4,session-1783603749411-du6syw,filtertrack-samples2.csv
2026-07-09 13:36:13+00:00,136.18,5,session-1783603749411-du6syw,filtertrack-samples2.csv
2026-07-09 13:36:14+00:00,136.765,4,session-1783603749411-du6syw,filtertrack-samples2.csv
2026-07-09 13:36:15+00:00,136.6,8,session-1783603749411-du6syw,filtertrack-samples2.csv
2026-07-09 13:36:17+00:00,136.195,2,session-1783603749411-du6syw,filtertrack-samples2.csv
2026-07-09 13:36:18+00:00,136.405,4,session-1783603749411-du6syw,filtertrack-samples2.csv
2026-07-09 13:36:21+00:00,134.78,5,session-1783603749411-du6syw,filtertrack-samples2.csv
2026-07-09 13:36:22+00:00,135.385,6,session-1783603749411-du6syw,filtertrack-samples2.csv
2026-07-09 13:36:24+00:00,134.02,4,session-1783603749411-du6syw,filtertrack-samples2.csv
2026-07-09 13:36:25+00:00,134.21,6,session-1783603749411-du6syw,filtertrack-samples2.csv
2026-07-09 13:36:26+00:00,134.42,1,session-1783603749411-du6syw,filtertrack-samples2.csv
2026-07-09 13:36:27+00:00,133.88,4,session-1783603749411-du6syw,filtertrack-samples2.csv
2026-07-09 13:36:28+00:00,133.95499999999998,4,session-1783603749411-du6syw,filtertrack-samples2.csv
2026-07-09 13:36:29+00:00,134.35,5,session-1783603749411-du6syw,filtertrack-samples2.csv
2026-07-09 13:36:30+00:00,134.275,2,session-1783603749411-du6syw,filtertrack-samples2.csv
2026-07-09 13:36:32+00:00,134.075,4,session-1783603749411-du6syw,filtertrack-samples2.csv
2026-07-09 13:36:33+00:00,134.19,5,session-1783603749411-du6syw,filtertrack-samples2.csv
2026-07-09 13:36:34+00:00,134.21,3,session-1783603749411-du6syw,filtertrack-samples2.csv
2026-07-09 13:36:36+00:00,134.33,3,session-1783603749411-du6syw,filtertrack-samples2.csv
2026-07-09 13:36:37+00:00,134.21,5,session-1783603749411-du6syw,filtertrack-samples2.csv
2026-07-09 13:36:38+00:00,134.21,5,session-1783603749411-du6syw,filtertrack-samples2.csv
2026-07-09 13:36:39+00:00,134.23,9,session-1783603749411-du6syw,filtertrack-samples2.csv
2026-07-09 13:36:40+00:00,133.97,6,session-1783603749411-du6syw,filtertrack-samples2.csv
2026-07-09 13:36:42+00:00,134.42,1,session-1783603749411-du6syw,filtertrack-samples2.csv
2026-07-09 13:36:43+00:00,134.38,1,session-1783603749411-du6syw,filtertrack-samples2.csv
2026-07-09 13:36:44+00:00,134.4,1,session-1783603749411-du6syw,filtertrack-samples2.csv
2026-07-09 13:36:47+00:00,134.24,3,session-1783603749411-du6syw,filtertrack-samples2.csv
2026-07-09 13:36:48+00:00,134.66,7,session-1783603749411-du6syw,filtertrack-samples2.csv
2026-07-09 13:36:49+00:00,135.60500000000002,8,session-1783603749411-du6syw,filtertrack-samples2.csv
2026-07-09 13:36:51+00:00,134.43,3,session-1783603749411-du6syw,filtertrack-samples2.csv
2026-07-09 13:36:52+00:00,134.84,1,session-1783603749411-du6syw,filtertrack-samples2.csv
2026-07-09 13:36:54+00:00,135.81,2,session-1783603749411-du6syw,filtertrack-samples2.csv
2026-07-09 13:36:56+00:00,133.95499999999998,4,session-1783603749411-du6syw,filtertrack-samples2.csv
2026-07-09 13:36:57+00:00,133.95,5,session-1783603749411-du6syw,filtertrack-samples2.csv
2026-07-09 13:36:58+00:00,134.39999999999998,2,session-1783603749411-du6syw,filtertrack-samples2.csv
2026-07-09 13:36:59+00:00,134.0,4,session-1783603749411-du6syw,filtertrack-samples2.csv
2026-07-09 13:37:00+00:00,134.38,4,session-1783603749411-du6syw,filtertrack-samples2.csv
2026-07-09 13:37:01+00:00,134.82,5,session-1783603749411-du6syw,filtertrack-samples2.csv
2026-07-09 13:37:02+00:00,134.43,5,session-1783603749411-du6syw,filtertrack-samples2.csv
2026-07-09 13:37:03+00:00,134.085,6,session-1783603749411-du6syw,filtertrack-samples2.csv
2026-07-09 13:37:04+00:00,134.33999999999997,4,session-1783603749411-du6syw,filtertrack-samples2.csv
2026-07-09 13:37:05+00:00,134.23,5,session-1783603749411-du6syw,filtertrack-samples2.csv
2026-07-09 13:37:06+00:00,134.075,6,session-1783603749411-du6syw,filtertrack-samples2.csv
2026-07-09 13:37:07+00:00,133.95,5,session-1783603749411-du6syw,filtertrack-samples2.csv
2026-07-09 13:37:08+00:00,134.02499999999998,4,session-1783603749411-du6syw,filtertrack-samples2.csv
2026-07-09 13:37:09+00:00,134.36,3,session-1783603749411-du6syw,filtertrack-samples2.csv
2026-07-09 13:37:10+00:00,134.255,4,session-1783603749411-du6syw,filtertrack-samples2.csv
2026-07-09 13:37:11+00:00,133.96,7,session-1783603749411-du6syw,filtertrack-samples2.csv
2026-07-09 13:37:12+00:00,134.4,3,session-1783603749411-du6syw,filtertrack-samples2.csv
2026-07-09 13:37:13+00:00,134.375,2,session-1783603749411-du6syw,filtertrack-samples2.csv
2026-07-09 13:37:14+00:00,133.95,4,session-1783603749411-du6syw,filtertrack-samples2.csv
2026-07-09 13:37:15+00:00,134.365,6,session-1783603749411-du6syw,filtertrack-samples2.csv
2026-07-09 13:37:16+00:00,134.3,8,session-1783603749411-du6syw,filtertrack-samples2.csv
2026-07-09 13:37:17+00:00,134.29500000000002,6,session-1783603749411-du6syw,filtertrack-samples2.csv
2026-07-09 13:37:18+00:00,134.4,7,session-1783603749411-du6syw,filtertrack-samples2.csv
2026-07-09 13:37:19+00:00,133.97,4,session-1783603749411-du6syw,filtertrack-samples2.csv
2026-07-09 13:37:20+00:00,134.35500000000002,8,session-1783603749411-du6syw,filtertrack-samples2.csv
2026-07-09 13:37:21+00:00,134.37,6,session-1783603749411-du6syw,filtertrack-samples2.csv
2026-07-09 13:37:22+00:00,134.78,5,session-1783603749411-du6syw,filtertrack-samples2.csv
2026-07-09 13:37:23+00:00,134.4,5,session-1783603749411-du6syw,filtertrack-samples2.csv
2026-07-09 13:37:25+00:00,134.27,2,session-1783603749411-du6syw,filtertrack-samples2.csv
2026-07-09 13:37:26+00:00,134.29500000000002,4,session-1783603749411-du6syw,filtertrack-samples2.csv
2026-07-09 13:37:27+00:00,134.29500000000002,8,session-1783603749411-du6syw,filtertrack-samples2.csv
2026-07-09 13:37:28+00:00,134.29500000000002,4,session-1783603749411-du6syw,filtertrack-samples2.csv
2026-07-09 13:37:29+00:00,134.16,7,session-1783603749411-du6syw,filtertrack-samples2.csv
2026-07-09 13:37:30+00:00,133.875,2,session-1783603749411-du6syw,filtertrack-samples2.csv
2026-07-09 13:37:31+00:00,134.21,9,session-1783603749411-du6syw,filtertrack-samples2.csv
2026-07-09 13:37:32+00:00,134.0,4,session-1783603749411-du6syw,filtertrack-samples2.csv
2026-07-09 13:37:33+00:00,134.015,4,session-1783603749411-du6syw,filtertrack-samples2.csv
2026-07-09 13:37:34+00:00,134.14,5,session-1783603749411-du6syw,filtertrack-samples2.csv
2026-07-09 13:37:35+00:00,134.15499999999997,6,session-1783603749411-du6syw,filtertrack-samples2.csv
2026-07-09 13:37:36+00:00,134.075,2,session-1783603749411-du6syw,filtertrack-samples2.csv
2026-07-09 13:37:37+00:00,134.18,4,session-1783603749411-du6syw,filtertrack-samples2.csv
2026-07-09 13:37:38+00:00,134.14,3,session-1783603749411-du6syw,filtertrack-samples2.csv
2026-07-09 13:37:39+00:00,134.19,3,session-1783603749411-du6syw,filtertrack-samples2.csv
2026-07-09 13:37:40+00:00,134.59,3,session-1783603749411-du6syw,filtertrack-samples2.csv
2026-07-09 13:37:41+00:00,134.47,5,session-1783603749411-du6syw,filtertrack-samples2.csv
2026-07-09 13:37:42+00:00,134.16,5,session-1783603749411-du6syw,filtertrack-samples2.csv
2026-07-09 13:37:43+00:00,134.02,5,session-1783603749411-du6syw,filtertrack-samples2.csv
2026-07-09 13:37:44+00:00,134.14,5,session-1783603749411-du6syw,filtertrack-samples2.csv
2026-07-09 13:37:45+00:00,133.85000000000002,2,session-1783603749411-du6syw,filtertrack-samples2.csv
2026-07-09 13:37:46+00:00,134.02,3,session-1783603749411-du6syw,filtertrack-samples2.csv
2026-07-09 13:37:47+00:00,133.84,5,session-1783603749411-du6syw,filtertrack-samples2.csv
2026-07-09 13:37:48+00:00,133.93,1,session-1783603749411-du6syw,filtertrack-samples2.csv
2026-07-09 13:37:49+00:00,134.24,1,session-1783603749411-du6syw,filtertrack-samples2.csv
2026-07-09 13:37:50+00:00,134.38,3,session-1783603749411-du6syw,filtertrack-samples2.csv
2026-07-09 13:37:51+00:00,134.24,10,session-1783603749411-du6syw,filtertrack-samples2.csv
2026-07-09 13:37:52+00:00,134.41,4,session-1783603749411-du6syw,filtertrack-samples2.csv
2026-07-09 13:37:53+00:00,134.23,5,session-1783603749411-du6syw,filtertrack-samples2.csv
2026-07-09 13:37:54+00:00,134.42,7,session-1783603749411-du6syw,filtertrack-samples2.csv
2026-07-09 13:37:55+00:00,134.24,9,session-1783603749411-du6syw,filtertrack-samples2.csv
2026-07-09 13:37:56+00:00,134.25,6,session-1783603749411-du6syw,filtertrack-samples2.csv
2026-07-09 13:37:57+00:00,134.21,7,session-1783603749411-du6syw,filtertrack-samples2.csv
2026-07-09 13:37:58+00:00,134.29500000000002,6,session-1783603749411-du6syw,filtertrack-samples2.csv
2026-07-09 13:37:59+00:00,134.38,9,session-1783603749411-du6syw,filtertrack-samples2.csv
2026-07-09 13:38:00+00:00,134.24,7,session-1783603749411-du6syw,filtertrack-samples2.csv
2026-07-09 13:38:01+00:00,134.36,9,session-1783603749411-du6syw,filtertrack-samples2.csv
2026-07-09 13:38:02+00:00,134.29500000000002,4,session-1783603749411-du6syw,filtertrack-samples2.csv
2026-07-09 13:38:03+00:00,134.4,1,session-1783603749411-du6syw,filtertrack-samples2.csv
2026-07-09 13:38:04+00:00,134.06,8,session-1783603749411-du6syw,filtertrack-samples2.csv
2026-07-09 13:38:05+00:00,133.91,9,session-1783603749411-du6syw,filtertrack-samples2.csv
2026-07-09 13:38:06+00:00,133.88,6,session-1783603749411-du6syw,filtertrack-samples2.csv
2026-07-09 13:38:07+00:00,134.21,9,session-1783603749411-du6syw,filtertrack-samples2.csv
2026-07-09 13:38:08+00:00,134.02,9,session-1783603749411-du6syw,filtertrack-samples2.csv
2026-07-09 13:38:09+00:00,134.36,5,session-1783603749411-du6syw,filtertrack-samples2.csv
2026-07-09 13:38:10+00:00,134.84,7,session-1783603749411-du6syw,filtertrack-samples2.csv
2026-07-09 13:38:12+00:00,134.82,1,session-1783603749411-du6syw,filtertrack-samples2.csv
2026-07-09 13:38:13+00:00,134.23,7,session-1783603749411-du6syw,filtertrack-samples2.csv
2026-07-09 13:38:14+00:00,134.8,9,session-1783603749411-du6syw,filtertrack-samples2.csv
2026-07-09 13:38:15+00:00,134.66,7,session-1783603749411-du6syw,filtertrack-samples2.csv
2026-07-09 13:38:16+00:00,134.0,5,session-1783603749411-du6syw,filtertrack-samples2.csv
2026-07-09 13:38:17+00:00,133.79,1,session-1783603749411-du6syw,filtertrack-samples2.csv
2026-07-09 13:38:18+00:00,134.4,7,session-1783603749411-du6syw,filtertrack-samples2.csv
2026-07-09 13:38:19+00:00,134.36,7,session-1783603749411-du6syw,filtertrack-samples2.csv
2026-07-09 13:38:20+00:00,133.92000000000002,10,session-1783603749411-du6syw,filtertrack-samples2.csv
2026-07-09 13:38:21+00:00,133.96499999999997,8,session-1783603749411-du6syw,filtertrack-samples2.csv
2026-07-09 13:38:22+00:00,133.8,6,session-1783603749411-du6syw,filtertrack-samples2.csv
2026-07-09 13:38:23+00:00,133.95,5,session-1783603749411-du6syw,filtertrack-samples2.csv
2026-07-09 13:38:24+00:00,133.95,3,session-1783603749411-du6syw,filtertrack-samples2.csv
2026-07-09 13:38:25+00:00,133.92000000000002,8,session-1783603749411-du6syw,filtertrack-samples2.csv
2026-07-09 13:38:26+00:00,133.95,3,session-1783603749411-du6syw,filtertrack-samples2.csv
2026-07-09 13:38:27+00:00,134.29500000000002,4,session-1783603749411-du6syw,filtertrack-samples2.csv
2026-07-09 13:38:28+00:00,134.21,10,session-1783603749411-du6syw,filtertrack-samples2.csv
2026-07-09 13:38:29+00:00,134.29500000000002,8,session-1783603749411-du6syw,filtertrack-samples2.csv
2026-07-09 13:38:31+00:00,135.82999999999998,2,session-1783603749411-du6syw,filtertrack-samples2.csv
2026-07-09 13:38:32+00:00,135.69,1,session-1783603749411-du6syw,filtertrack-samples2.csv
2026-07-09 13:38:33+00:00,136.13,3,session-1783603749411-du6syw,filtertrack-samples2.csv
2026-07-09 13:38:34+00:00,136.14,3,session-1783603749411-du6syw,filtertrack-samples2.csv
2026-07-09 13:38:35+00:00,135.97,3,session-1783603749411-du6syw,filtertrack-samples2.csv
2026-07-09 13:38:37+00:00,135.08,9,session-1783603749411-du6syw,filtertrack-samples2.csv
2026-07-09 13:38:38+00:00,134.66,3,session-1783603749411-du6syw,filtertrack-samples2.csv
2026-07-09 13:38:39+00:00,135.515,2,session-1783603749411-du6syw,filtertrack-samples2.csv
2026-07-09 13:38:40+00:00,135.71,1,session-1783603749411-du6syw,filtertrack-samples2.csv
2026-07-09 13:38:41+00:00,134.85,3,session-1783603749411-du6syw,filtertrack-samples2.csv
2026-07-09 13:38:42+00:00,134.855,4,session-1783603749411-du6syw,filtertrack-samples2.csv
2026-07-09 13:38:43+00:00,135.29,1,session-1783603749411-du6syw,filtertrack-samples2.csv
2026-07-09 13:38:45+00:00,134.21,7,session-1783603749411-du6syw,filtertrack-samples2.csv
2026-07-09 13:38:46+00:00,133.96,6,session-1783603749411-du6syw,filtertrack-samples2.csv
2026-07-09 13:38:47+00:00,133.96,1,session-1783603749411-du6syw,filtertrack-samples2.csv
2026-07-09 13:38:48+00:00,133.95499999999998,2,session-1783603749411-du6syw,filtertrack-samples2.csv
2026-07-09 13:38:49+00:00,133.95499999999998,2,session-1783603749411-du6syw,filtertrack-samples2.csv
2026-07-09 13:38:50+00:00,134.36,3,session-1783603749411-du6syw,filtertrack-samples2.csv
2026-07-09 13:38:51+00:00,134.70499999999998,2,session-1783603749411-du6syw,filtertrack-samples2.csv
2026-07-09 13:38:53+00:00,133.95,3,session-1783603749411-du6syw,filtertrack-samples2.csv
2026-07-09 13:38:54+00:00,134.23,5,session-1783603749411-du6syw,filtertrack-samples2.csv
2026-07-09 13:38:56+00:00,135.67,5,session-1783603749411-du6syw,filtertrack-samples2.csv
2026-07-09 13:38:58+00:00,134.485,4,session-1783603749411-du6syw,filtertrack-samples2.csv
2026-07-09 13:38:59+00:00,135.385,2,session-1783603749411-du6syw,filtertrack-samples2.csv
2026-07-09 13:39:02+00:00,133.49,1,session-1783603749411-du6syw,filtertrack-samples2.csv
2026-07-09 13:39:03+00:00,133.13,1,session-1783603749411-du6syw,filtertrack-samples2.csv
2026-07-09 13:39:07+00:00,136.265,2,session-1783603749411-du6syw,filtertrack-samples2.csv
2026-07-09 13:39:09+00:00,135.55,1,session-1783603749411-du6syw,filtertrack-samples2.csv
2026-07-09 13:39:10+00:00,135.73,3,session-1783603749411-du6syw,filtertrack-samples2.csv
2026-07-09 13:39:11+00:00,136.14499999999998,2,session-1783603749411-du6syw,filtertrack-samples2.csv
2026-07-09 13:39:12+00:00,136.11,3,session-1783603749411-du6syw,filtertrack-samples2.csv
2026-07-09 13:39:13+00:00,136.125,2,session-1783603749411-du6syw,filtertrack-samples2.csv
2026-07-09 13:39:15+00:00,135.78,3,session-1783603749411-du6syw,filtertrack-samples2.csv
2026-07-09 13:39:16+00:00,136.42,3,session-1783603749411-du6syw,filtertrack-samples2.csv
2026-07-09 13:39:19+00:00,134.41,2,session-1783603749411-du6syw,filtertrack-samples2.csv
2026-07-09 13:39:20+00:00,134.47,1,session-1783603749411-du6syw,filtertrack-samples2.csv
2026-07-09 13:39:22+00:00,134.23,3,session-1783603749411-du6syw,filtertrack-samples2.csv
2026-07-09 13:39:23+00:00,134.515,4,session-1783603749411-du6syw,filtertrack-samples2.csv
2026-07-09 13:39:27+00:00,134.385,2,session-1783603749411-du6syw,filtertrack-samples2.csv
2026-07-09 13:39:28+00:00,134.445,2,session-1783603749411-du6syw,filtertrack-samples2.csv
2026-07-09 13:39:30+00:00,134.445,2,session-1783603749411-du6syw,filtertrack-samples2.csv
2026-07-09 13:39:31+00:00,134.38,3,session-1783603749411-du6syw,filtertrack-samples2.csv
2026-07-09 13:39:34+00:00,134.27,6,session-1783603749411-du6syw,filtertrack-samples2.csv
2026-07-09 13:39:35+00:00,134.38,6,session-1783603749411-du6syw,filtertrack-samples2.csv
2026-07-09 13:39:36+00:00,134.33,5,session-1783603749411-du6syw,filtertrack-samples2.csv
2026-07-09 13:39:37+00:00,134.12,2,session-1783603749411-du6syw,filtertrack-samples2.csv
2026-07-09 13:39:38+00:00,134.35,7,session-1783603749411-du6syw,filtertrack-samples2.csv
2026-07-09 13:39:39+00:00,134.19,5,session-1783603749411-du6syw,filtertrack-samples2.csv
2026-07-09 13:39:40+00:00,134.26,5,session-1783603749411-du6syw,filtertrack-samples2.csv
2026-07-09 13:39:41+00:00,134.24,7,session-1783603749411-du6syw,filtertrack-samples2.csv
2026-07-09 13:39:42+00:00,134.28,6,session-1783603749411-du6syw,filtertrack-samples2.csv
2026-07-09 13:39:43+00:00,134.36,6,session-1783603749411-du6syw,filtertrack-samples2.csv
2026-07-09 13:39:44+00:00,134.88,2,session-1783603749411-du6syw,filtertrack-samples2.csv
2026-07-09 13:39:46+00:00,136.77,3,session-1783603749411-du6syw,filtertrack-samples2.csv
2026-07-09 13:39:47+00:00,136.56,5,session-1783603749411-du6syw,filtertrack-samples2.csv
2026-07-09 13:39:48+00:00,136.53,3,session-1783603749411-du6syw,filtertrack-samples2.csv
2026-07-09 13:39:49+00:00,136.6,3,session-1783603749411-du6syw,filtertrack-samples2.csv
2026-07-09 13:39:50+00:00,136.55,1,session-1783603749411-du6syw,filtertrack-samples2.csv
2026-07-09 13:39:51+00:00,135.825,4,session-1783603749411-du6syw,filtertrack-samples2.csv
2026-07-09 13:39:52+00:00,135.95,3,session-1783603749411-du6syw,filtertrack-samples2.csv
2026-07-09 13:39:53+00:00,135.25,2,session-1783603749411-du6syw,filtertrack-samples2.csv
2026-07-09 13:39:54+00:00,134.87,1,session-1783603749411-du6syw,filtertrack-samples2.csv
2026-07-09 13:39:55+00:00,134.35,5,session-1783603749411-du6syw,filtertrack-samples2.csv
2026-07-09 13:39:56+00:00,134.3,4,session-1783603749411-du6syw,filtertrack-samples2.csv
2026-07-09 13:39:57+00:00,134.24,5,session-1783603749411-du6syw,filtertrack-samples2.csv
2026-07-09 13:39:58+00:00,134.36,3,session-1783603749411-du6syw,filtertrack-samples2.csv
2026-07-09 13:40:00+00:00,135.95,3,session-1783603749411-du6syw,filtertrack-samples2.csv
2026-07-09 13:40:02+00:00,135.06,5,session-1783603749411-du6syw,filtertrack-samples2.csv
2026-07-09 13:40:03+00:00,135.5,5,session-1783603749411-du6syw,filtertrack-samples2.csv
2026-07-09 13:40:04+00:00,134.82,4,session-1783603749411-du6syw,filtertrack-samples2.csv
2026-07-09 13:40:05+00:00,134.39999999999998,4,session-1783603749411-du6syw,filtertrack-samples2.csv
2026-07-09 13:40:06+00:00,134.78,3,session-1783603749411-du6syw,filtertrack-samples2.csv
2026-07-09 13:40:07+00:00,134.78,7,session-1783603749411-du6syw,filtertrack-samples2.csv
2026-07-09 13:40:08+00:00,134.945,4,session-1783603749411-du6syw,filtertrack-samples2.csv
2026-07-09 13:40:09+00:00,134.24,3,session-1783603749411-du6syw,filtertrack-samples2.csv
2026-07-09 13:40:10+00:00,134.42,5,session-1783603749411-du6syw,filtertrack-samples2.csv
2026-07-09 13:40:11+00:00,134.47,3,session-1783603749411-du6syw,filtertrack-samples2.csv
2026-07-09 13:40:12+00:00,134.61,5,session-1783603749411-du6syw,filtertrack-samples2.csv
2026-07-09 13:40:13+00:00,134.43,5,session-1783603749411-du6syw,filtertrack-samples2.csv
2026-07-09 13:40:14+00:00,134.61,5,session-1783603749411-du6syw,filtertrack-samples2.csv
2026-07-09 13:40:15+00:00,134.26,7,session-1783603749411-du6syw,filtertrack-samples2.csv
2026-07-09 13:40:16+00:00,134.45999999999998,6,session-1783603749411-du6syw,filtertrack-samples2.csv
2026-07-09 13:40:17+00:00,134.43,6,session-1783603749411-du6syw,filtertrack-samples2.csv
2026-07-09 13:40:18+00:00,134.445,4,session-1783603749411-du6syw,filtertrack-samples2.csv
2026-07-09 13:40:19+00:00,134.365,4,session-1783603749411-du6syw,filtertrack-samples2.csv
2026-07-09 13:40:20+00:00,134.42,3,session-1783603749411-du6syw,filtertrack-samples2.csv
2026-07-09 13:40:21+00:00,134.26,3,session-1783603749411-du6syw,filtertrack-samples2.csv
2026-07-09 13:40:22+00:00,134.42,6,session-1783603749411-du6syw,filtertrack-samples2.csv
2026-07-09 13:40:23+00:00,134.26,5,session-1783603749411-du6syw,filtertrack-samples2.csv
2026-07-09 13:40:24+00:00,134.43,4,session-1783603749411-du6syw,filtertrack-samples2.csv
2026-07-09 13:40:25+00:00,134.24,5,session-1783603749411-du6syw,filtertrack-samples2.csv
2026-07-09 13:40:26+00:00,134.42,5,session-1783603749411-du6syw,filtertrack-samples2.csv
2026-07-09 13:40:27+00:00,134.335,4,session-1783603749411-du6syw,filtertrack-samples2.csv
2026-07-09 13:40:28+00:00,134.765,2,session-1783603749411-du6syw,filtertrack-samples2.csv
2026-07-09 13:40:29+00:00,134.63,5,session-1783603749411-du6syw,filtertrack-samples2.csv
2026-07-09 13:40:30+00:00,134.64,4,session-1783603749411-du6syw,filtertrack-samples2.csv
2026-07-09 13:40:31+00:00,134.73,6,session-1783603749411-du6syw,filtertrack-samples2.csv
2026-07-09 13:40:32+00:00,134.43,3,session-1783603749411-du6syw,filtertrack-samples2.csv
2026-07-09 13:40:33+00:00,134.61,5,session-1783603749411-du6syw,filtertrack-samples2.csv
2026-07-09 13:40:34+00:00,134.43,3,session-1783603749411-du6syw,filtertrack-samples2.csv
2026-07-09 13:40:35+00:00,134.20499999999998,2,session-1783603749411-du6syw,filtertrack-samples2.csv
2026-07-09 13:40:36+00:00,134.52,2,session-1783603749411-du6syw,filtertrack-samples2.csv
2026-07-09 13:40:37+00:00,134.385,2,session-1783603749411-du6syw,filtertrack-samples2.csv
2026-07-09 13:40:38+00:00,134.3,1,session-1783603749411-du6syw,filtertrack-samples2.csv
2026-07-09 13:40:39+00:00,134.45999999999998,2,session-1783603749411-du6syw,filtertrack-samples2.csv
2026-07-09 13:40:40+00:00,135.11,2,session-1783603749411-du6syw,filtertrack-samples2.csv
2026-07-09 13:40:41+00:00,134.89,1,session-1783603749411-du6syw,filtertrack-samples2.csv
2026-07-09 13:40:42+00:00,135.1,2,session-1783603749411-du6syw,filtertrack-samples2.csv
2026-07-09 13:40:43+00:00,135.25,1,session-1783603749411-du6syw,filtertrack-samples2.csv
2026-07-09 13:40:44+00:00,136.11,3,session-1783603749411-du6syw,filtertrack-samples2.csv
2026-07-09 13:40:45+00:00,136.13,1,session-1783603749411-du6syw,filtertrack-samples2.csv
2026-07-09 13:40:46+00:00,136.16,1,session-1783603749411-du6syw,filtertrack-samples2.csv
2026-07-09 13:40:48+00:00,136.09,1,session-1783603749411-du6syw,filtertrack-samples2.csv
2026-07-09 13:40:49+00:00,136.6,1,session-1783603749411-du6syw,filtertrack-samples2.csv
2026-07-09 13:40:50+00:00,136.075,2,session-1783603749411-du6syw,filtertrack-samples2.csv
2026-07-09 13:40:52+00:00,136.18,1,session-1783603749411-du6syw,filtertrack-samples2.csv
2026-07-09 13:40:53+00:00,136.09,1,session-1783603749411-du6syw,filtertrack-samples2.csv
2026-07-09 13:40:54+00:00,136.14,3,session-1783603749411-du6syw,filtertrack-samples2.csv
2026-07-09 13:40:55+00:00,136.6,4,session-1783603749411-du6syw,filtertrack-samples2.csv
2026-07-09 13:40:57+00:00,136.47500000000002,2,session-1783603749411-du6syw,filtertrack-samples2.csv
2026-07-09 13:40:58+00:00,135.71,5,session-1783603749411-du6syw,filtertrack-samples2.csv
2026-07-09 13:40:59+00:00,135.45,3,session-1783603749411-du6syw,filtertrack-samples2.csv
2026-07-09 13:41:00+00:00,135.89499999999998,2,session-1783603749411-du6syw,filtertrack-samples2.csv
2026-07-09 13:41:01+00:00,135.77,2,session-1783603749411-du6syw,filtertrack-samples2.csv
2026-07-09 13:41:02+00:00,135.01,6,session-1783603749411-du6syw,filtertrack-samples2.csv
2026-07-09 13:41:03+00:00,135.185,2,session-1783603749411-du6syw,filtertrack-samples2.csv
2026-07-09 13:41:04+00:00,135.95,1,session-1783603749411-du6syw,filtertrack-samples2.csv
2026-07-09 13:41:05+00:00,136.39499999999998,2,session-1783603749411-du6syw,filtertrack-samples2.csv
2026-07-09 13:41:06+00:00,136.265,2,session-1783603749411-du6syw,filtertrack-samples2.csv
2026-07-09 13:41:07+00:00,135.95,1,session-1783603749411-du6syw,filtertrack-samples2.csv
2026-07-09 13:41:08+00:00,136.25,2,session-1783603749411-du6syw,filtertrack-samples2.csv
2026-07-09 13:41:09+00:00,136.01999999999998,2,session-1783603749411-du6syw,filtertrack-samples2.csv
2026-07-09 13:41:10+00:00,136.58,1,session-1783603749411-du6syw,filtertrack-samples2.csv
2026-07-09 13:41:11+00:00,136.37,3,session-1783603749411-du6syw,filtertrack-samples2.csv
2026-07-09 13:41:12+00:00,136.14,1,session-1783603749411-du6syw,filtertrack-samples2.csv
2026-07-09 13:41:13+00:00,135.22,2,session-1783603749411-du6syw,filtertrack-samples2.csv
2026-07-09 13:41:15+00:00,135.25,1,session-1783603749411-du6syw,filtertrack-samples2.csv
2026-07-09 13:41:16+00:00,135.69,1,session-1783603749411-du6syw,filtertrack-samples2.csv
2026-07-09 13:41:19+00:00,136.14,5,session-1783603749411-du6syw,filtertrack-samples2.csv
2026-07-09 13:41:20+00:00,135.825,4,session-1783603749411-du6syw,filtertrack-samples2.csv
2026-07-09 13:41:21+00:00,136.13,3,session-1783603749411-du6syw,filtertrack-samples2.csv
2026-07-09 13:41:22+00:00,136.575,2,session-1783603749411-du6syw,filtertrack-samples2.csv
2026-07-09 13:41:23+00:00,136.555,4,session-1783603749411-du6syw,filtertrack-samples2.csv
2026-07-09 13:41:24+00:00,136.56,1,session-1783603749411-du6syw,filtertrack-samples2.csv
2026-07-09 13:41:26+00:00,135.3,2,session-1783603749411-du6syw,filtertrack-samples2.csv
2026-07-09 13:41:27+00:00,134.35,2,session-1783603749411-du6syw,filtertrack-samples2.csv
2026-07-09 13:41:28+00:00,134.24,4,session-1783603749411-du6syw,filtertrack-samples2.csv
2026-07-09 13:41:29+00:00,134.435,2,session-1783603749411-du6syw,filtertrack-samples2.csv
2026-07-09 13:41:30+00:00,134.78,3,session-1783603749411-du6syw,filtertrack-samples2.csv
2026-07-09 13:41:31+00:00,134.735,2,session-1783603749411-du6syw,filtertrack-samples2.csv
2026-07-09 13:41:32+00:00,134.66,2,session-1783603749411-du6syw,filtertrack-samples2.csv
2026-07-09 13:41:33+00:00,134.315,6,session-1783603749411-du6syw,filtertrack-samples2.csv
2026-07-09 13:41:34+00:00,134.36,4,session-1783603749411-du6syw,filtertrack-samples2.csv
2026-07-09 13:41:36+00:00,134.82999999999998,4,session-1783603749411-du6syw,filtertrack-samples2.csv
2026-07-09 13:41:37+00:00,134.36,3,session-1783603749411-du6syw,filtertrack-samples2.csv
2026-07-09 13:41:38+00:00,134.82,3,session-1783603749411-du6syw,filtertrack-samples2.csv
2026-07-09 13:41:39+00:00,134.63,1,session-1783603749411-du6syw,filtertrack-samples2.csv
2026-07-09 13:41:40+00:00,134.74,2,session-1783603749411-du6syw,filtertrack-samples2.csv
2026-07-09 13:41:41+00:00,135.06,3,session-1783603749411-du6syw,filtertrack-samples2.csv
2026-07-09 13:41:43+00:00,134.78,3,session-1783603749411-du6syw,filtertrack-samples2.csv
2026-07-09 13:41:44+00:00,134.725,4,session-1783603749411-du6syw,filtertrack-samples2.csv
2026-07-09 13:41:45+00:00,134.38,5,session-1783603749411-du6syw,filtertrack-samples2.csv
2026-07-09 13:41:46+00:00,134.78,5,session-1783603749411-du6syw,filtertrack-samples2.csv
2026-07-09 13:41:47+00:00,134.84,3,session-1783603749411-du6syw,filtertrack-samples2.csv
2026-07-09 13:41:48+00:00,134.715,4,session-1783603749411-du6syw,filtertrack-samples2.csv
2026-07-09 13:41:49+00:00,134.72,6,session-1783603749411-du6syw,filtertrack-samples2.csv
2026-07-09 13:41:50+00:00,134.67000000000002,6,session-1783603749411-du6syw,filtertrack-samples2.csv
2026-07-09 13:41:51+00:00,134.72,6,session-1783603749411-du6syw,filtertrack-samples2.csv
2026-07-09 13:41:52+00:00,134.36,9,session-1783603749411-du6syw,filtertrack-samples2.csv
2026-07-09 13:41:53+00:00,134.35,7,session-1783603749411-du6syw,filtertrack-samples2.csv
2026-07-09 13:41:54+00:00,134.28500000000003,8,session-1783603749411-du6syw,filtertrack-samples2.csv
2026-07-09 13:41:55+00:00,134.63,7,session-1783603749411-du6syw,filtertrack-samples2.csv
2026-07-09 13:41:56+00:00,134.64,7,session-1783603749411-du6syw,filtertrack-samples2.csv
2026-07-09 13:41:57+00:00,134.66,6,session-1783603749411-du6syw,filtertrack-samples2.csv
2026-07-09 13:41:58+00:00,134.8,9,session-1783603749411-du6syw,filtertrack-samples2.csv
2026-07-09 13:41:59+00:00,134.23,7,session-1783603749411-du6syw,filtertrack-samples2.csv
2026-07-09 13:42:00+00:00,134.7,9,session-1783603749411-du6syw,filtertrack-samples2.csv
2026-07-09 13:42:01+00:00,134.63,9,session-1783603749411-du6syw,filtertrack-samples2.csv
2026-07-09 13:42:02+00:00,134.43,7,session-1783603749411-du6syw,filtertrack-samples2.csv
2026-07-09 13:42:03+00:00,134.38,8,session-1783603749411-du6syw,filtertrack-samples2.csv
2026-07-09 13:42:04+00:00,134.59,9,session-1783603749411-du6syw,filtertrack-samples2.csv
2026-07-09 13:42:05+00:00,134.505,8,session-1783603749411-du6syw,filtertrack-samples2.csv
2026-07-09 13:42:06+00:00,134.64,7,session-1783603749411-du6syw,filtertrack-samples2.csv
2026-07-09 13:42:07+00:00,134.41,8,session-1783603749411-du6syw,filtertrack-samples2.csv
2026-07-14 12:15:15+00:00,85.425,4,session-1784031314726-n0212a,filtertrack-samples3.csv
2026-07-14 12:15:16+00:00,85.49,10,session-1784031314726-n0212a,filtertrack-samples3.csv
2026-07-14 12:15:17+00:00,85.50999999999999,10,session-1784031314726-n0212a,filtertrack-samples3.csv
2026-07-14 12:15:18+00:00,85.5,9,session-1784031314726-n0212a,filtertrack-samples3.csv
2026-07-14 12:15:19+00:00,85.5,10,session-1784031314726-n0212a,filtertrack-samples3.csv
2026-07-14 12:15:20+00:00,85.52,11,session-1784031314726-n0212a,filtertrack-samples3.csv
2026-07-14 12:15:21+00:00,85.43,10,session-1784031314726-n0212a,filtertrack-samples3.csv
2026-07-14 12:15:22+00:00,85.38,9,session-1784031314726-n0212a,filtertrack-samples3.csv
2026-07-14 12:15:23+00:00,85.52,10,session-1784031314726-n0212a,filtertrack-samples3.csv
2026-07-14 12:15:24+00:00,85.49,11,session-1784031314726-n0212a,filtertrack-samples3.csv
2026-07-14 12:15:25+00:00,85.495,10,session-1784031314726-n0212a,filtertrack-samples3.csv
2026-07-14 12:15:26+00:00,85.495,10,session-1784031314726-n0212a,filtertrack-samples3.csv
2026-07-14 12:15:27+00:00,85.5,9,session-1784031314726-n0212a,filtertrack-samples3.csv
2026-07-14 12:15:28+00:00,85.53,10,session-1784031314726-n0212a,filtertrack-samples3.csv
2026-07-14 12:15:29+00:00,85.56,11,session-1784031314726-n0212a,filtertrack-samples3.csv
2026-07-14 12:15:30+00:00,85.56,10,session-1784031314726-n0212a,filtertrack-samples3.csv
2026-07-14 12:15:31+00:00,85.58,10,session-1784031314726-n0212a,filtertrack-samples3.csv
2026-07-14 12:15:32+00:00,85.56,10,session-1784031314726-n0212a,filtertrack-samples3.csv
2026-07-14 12:15:33+00:00,85.54,10,session-1784031314726-n0212a,filtertrack-samples3.csv
2026-07-14 12:15:34+00:00,85.495,10,session-1784031314726-n0212a,filtertrack-samples3.csv
2026-07-14 12:15:35+00:00,85.54,10,session-1784031314726-n0212a,filtertrack-samples3.csv
2026-07-14 12:15:36+00:00,85.54,9,session-1784031314726-n0212a,filtertrack-samples3.csv
2026-07-14 12:15:37+00:00,85.54,11,session-1784031314726-n0212a,filtertrack-samples3.csv
2026-07-14 12:15:38+00:00,85.55000000000001,10,session-1784031314726-n0212a,filtertrack-samples3.csv
2026-07-14 12:15:39+00:00,85.105,10,session-1784031314726-n0212a,filtertrack-samples3.csv
2026-07-14 12:15:40+00:00,85.50999999999999,10,session-1784031314726-n0212a,filtertrack-samples3.csv
2026-07-14 12:15:41+00:00,85.49,10,session-1784031314726-n0212a,filtertrack-samples3.csv
2026-07-14 12:15:42+00:00,85.495,10,session-1784031314726-n0212a,filtertrack-samples3.csv
2026-07-14 12:15:43+00:00,85.49,10,session-1784031314726-n0212a,filtertrack-samples3.csv
2026-07-14 12:15:44+00:00,85.495,10,session-1784031314726-n0212a,filtertrack-samples3.csv
2026-07-14 12:15:45+00:00,85.49,10,session-1784031314726-n0212a,filtertrack-samples3.csv
2026-07-14 12:15:46+00:00,85.52,10,session-1784031314726-n0212a,filtertrack-samples3.csv
2026-07-14 12:15:47+00:00,85.495,10,session-1784031314726-n0212a,filtertrack-samples3.csv
2026-07-14 12:15:48+00:00,85.50999999999999,10,session-1784031314726-n0212a,filtertrack-samples3.csv
2026-07-14 12:15:49+00:00,85.5,9,session-1784031314726-n0212a,filtertrack-samples3.csv
2026-07-14 12:15:50+00:00,85.50999999999999,10,session-1784031314726-n0212a,filtertrack-samples3.csv
2026-07-14 12:15:51+00:00,85.54,11,session-1784031314726-n0212a,filtertrack-samples3.csv
2026-07-14 12:15:52+00:00,85.54,9,session-1784031314726-n0212a,filtertrack-samples3.csv
2026-07-14 12:15:53+00:00,85.63,11,session-1784031314726-n0212a,filtertrack-samples3.csv
2026-07-14 12:15:54+00:00,85.57,9,session-1784031314726-n0212a,filtertrack-samples3.csv
2026-07-14 12:15:55+00:00,85.5,11,session-1784031314726-n0212a,filtertrack-samples3.csv
2026-07-14 12:15:56+00:00,85.50999999999999,10,session-1784031314726-n0212a,filtertrack-samples3.csv
2026-07-14 12:15:57+00:00,85.50999999999999,10,session-1784031314726-n0212a,filtertrack-samples3.csv
2026-07-14 12:15:58+00:00,85.54,10,session-1784031314726-n0212a,filtertrack-samples3.csv
2026-07-14 12:15:59+00:00,85.54,9,session-1784031314726-n0212a,filtertrack-samples3.csv
2026-07-14 12:16:00+00:00,85.56,11,session-1784031314726-n0212a,filtertrack-samples3.csv
2026-07-14 12:16:01+00:00,85.565,10,session-1784031314726-n0212a,filtertrack-samples3.csv
2026-07-14 12:16:02+00:00,85.485,10,session-1784031314726-n0212a,filtertrack-samples3.csv
2026-07-14 12:16:03+00:00,85.06,10,session-1784031314726-n0212a,filtertrack-samples3.csv
2026-07-14 12:16:04+00:00,85.09,9,session-1784031314726-n0212a,filtertrack-samples3.csv
2026-07-14 12:16:05+00:00,85.47999999999999,10,session-1784031314726-n0212a,filtertrack-samples3.csv
2026-07-14 12:16:06+00:00,85.54,11,session-1784031314726-n0212a,filtertrack-samples3.csv
2026-07-14 12:16:07+00:00,85.52,10,session-1784031314726-n0212a,filtertrack-samples3.csv
2026-07-14 12:16:08+00:00,85.49,9,session-1784031314726-n0212a,filtertrack-samples3.csv
2026-07-14 12:16:09+00:00,85.5,11,session-1784031314726-n0212a,filtertrack-samples3.csv
2026-07-14 12:16:10+00:00,85.495,10,session-1784031314726-n0212a,filtertrack-samples3.csv
2026-07-14 12:16:11+00:00,85.5,9,session-1784031314726-n0212a,filtertrack-samples3.csv
2026-07-14 12:16:12+00:00,85.5,11,session-1784031314726-n0212a,filtertrack-samples3.csv
2026-07-14 12:16:13+00:00,85.49,10,session-1784031314726-n0212a,filtertrack-samples3.csv
2026-07-14 12:16:14+00:00,85.5,9,session-1784031314726-n0212a,filtertrack-samples3.csv
2026-07-14 12:16:15+00:00,85.5,11,session-1784031314726-n0212a,filtertrack-samples3.csv
2026-07-14 12:16:16+00:00,85.49,10,session-1784031314726-n0212a,filtertrack-samples3.csv
2026-07-14 12:16:17+00:00,85.5,9,session-1784031314726-n0212a,filtertrack-samples3.csv
2026-07-14 12:16:18+00:00,85.4,11,session-1784031314726-n0212a,filtertrack-samples3.csv
2026-07-14 12:16:19+00:00,85.39,10,session-1784031314726-n0212a,filtertrack-samples3.csv
2026-07-14 12:16:20+00:00,85.39,10,session-1784031314726-n0212a,filtertrack-samples3.csv
2026-07-14 12:16:21+00:00,85.4,10,session-1784031314726-n0212a,filtertrack-samples3.csv
2026-07-14 12:16:22+00:00,85.5,10,session-1784031314726-n0212a,filtertrack-samples3.csv
2026-07-14 12:16:23+00:00,85.49,9,session-1784031314726-n0212a,filtertrack-samples3.csv
2026-07-14 12:16:24+00:00,85.485,10,session-1784031314726-n0212a,filtertrack-samples3.csv
2026-07-14 12:16:25+00:00,85.52,11,session-1784031314726-n0212a,filtertrack-samples3.csv
2026-07-14 12:16:26+00:00,85.54,9,session-1784031314726-n0212a,filtertrack-samples3.csv
2026-07-14 12:16:27+00:00,85.52,10,session-1784031314726-n0212a,filtertrack-samples3.csv
2026-07-14 12:16:28+00:00,85.5,11,session-1784031314726-n0212a,filtertrack-samples3.csv
2026-07-14 12:16:29+00:00,85.5,9,session-1784031314726-n0212a,filtertrack-samples3.csv
2026-07-14 12:16:30+00:00,85.52,11,session-1784031314726-n0212a,filtertrack-samples3.csv
2026-07-14 12:16:31+00:00,85.49,10,session-1784031314726-n0212a,filtertrack-samples3.csv
2026-07-14 12:16:32+00:00,85.505,10,session-1784031314726-n0212a,filtertrack-samples3.csv
2026-07-14 12:16:33+00:00,85.49,9,session-1784031314726-n0212a,filtertrack-samples3.csv
2026-07-14 12:16:34+00:00,85.38,11,session-1784031314726-n0212a,filtertrack-samples3.csv
2026-07-14 12:16:35+00:00,85.39,10,session-1784031314726-n0212a,filtertrack-samples3.csv
2026-07-14 12:16:36+00:00,85.4,10,session-1784031314726-n0212a,filtertrack-samples3.csv
2026-07-14 12:16:37+00:00,85.4,10,session-1784031314726-n0212a,filtertrack-samples3.csv
2026-07-14 12:16:38+00:00,85.39,10,session-1784031314726-n0212a,filtertrack-samples3.csv
2026-07-14 12:16:39+00:00,85.38,10,session-1784031314726-n0212a,filtertrack-samples3.csv
2026-07-14 12:16:40+00:00,85.375,10,session-1784031314726-n0212a,filtertrack-samples3.csv
2026-07-14 12:16:41+00:00,85.4,10,session-1784031314726-n0212a,filtertrack-samples3.csv
2026-07-14 12:16:42+00:00,85.38,10,session-1784031314726-n0212a,filtertrack-samples3.csv
2026-07-14 12:16:43+00:00,85.37,9,session-1784031314726-n0212a,filtertrack-samples3.csv
2026-07-14 12:16:44+00:00,85.5,11,session-1784031314726-n0212a,filtertrack-samples3.csv
2026-07-14 12:16:45+00:00,85.495,10,session-1784031314726-n0212a,filtertrack-samples3.csv
2026-07-14 12:16:46+00:00,85.41,10,session-1784031314726-n0212a,filtertrack-samples3.csv
2026-07-14 12:16:47+00:00,85.5,10,session-1784031314726-n0212a,filtertrack-samples3.csv
2026-07-14 12:16:48+00:00,85.495,10,session-1784031314726-n0212a,filtertrack-samples3.csv
2026-07-14 12:16:49+00:00,85.4,10,session-1784031314726-n0212a,filtertrack-samples3.csv
2026-07-14 12:16:50+00:00,85.495,10,session-1784031314726-n0212a,filtertrack-samples3.csv
2026-07-14 12:16:51+00:00,85.495,10,session-1784031314726-n0212a,filtertrack-samples3.csv
2026-07-14 12:16:52+00:00,85.41,10,session-1784031314726-n0212a,filtertrack-samples3.csv
2026-07-14 12:16:53+00:00,85.42,9,session-1784031314726-n0212a,filtertrack-samples3.csv
2026-07-14 12:16:54+00:00,85.38,11,session-1784031314726-n0212a,filtertrack-samples3.csv
2026-07-14 12:16:55+00:00,85.38,10,session-1784031314726-n0212a,filtertrack-samples3.csv
2026-07-14 12:16:56+00:00,85.37,10,session-1784031314726-n0212a,filtertrack-samples3.csv
2026-07-14 12:16:57+00:00,85.37,9,session-1784031314726-n0212a,filtertrack-samples3.csv
2026-07-14 12:16:58+00:00,85.38,11,session-1784031314726-n0212a,filtertrack-samples3.csv
2026-07-14 12:16:59+00:00,85.39,10,session-1784031314726-n0212a,filtertrack-samples3.csv
2026-07-14 12:17:00+00:00,85.4,10,session-1784031314726-n0212a,filtertrack-samples3.csv
2026-07-14 12:17:01+00:00,85.4,10,session-1784031314726-n0212a,filtertrack-samples3.csv
2026-07-14 12:17:02+00:00,85.49,10,session-1784031314726-n0212a,filtertrack-samples3.csv
2026-07-14 12:17:03+00:00,85.5,10,session-1784031314726-n0212a,filtertrack-samples3.csv
2026-07-14 12:17:04+00:00,85.5,10,session-1784031314726-n0212a,filtertrack-samples3.csv
2026-07-14 12:17:05+00:00,85.5,10,session-1784031314726-n0212a,filtertrack-samples3.csv
2026-07-14 12:17:06+00:00,85.49,9,session-1784031314726-n0212a,filtertrack-samples3.csv
2026-07-14 12:17:07+00:00,85.49,11,session-1784031314726-n0212a,filtertrack-samples3.csv
2026-07-14 12:17:08+00:00,85.49,10,session-1784031314726-n0212a,filtertrack-samples3.csv
2026-07-14 12:17:09+00:00,85.5,9,session-1784031314726-n0212a,filtertrack-samples3.csv
2026-07-14 12:17:10+00:00,85.49,11,session-1784031314726-n0212a,filtertrack-samples3.csv
2026-07-14 12:17:11+00:00,85.49,9,session-1784031314726-n0212a,filtertrack-samples3.csv
2026-07-14 12:17:12+00:00,85.4,11,session-1784031314726-n0212a,filtertrack-samples3.csv
2026-07-14 12:17:13+00:00,85.50999999999999,10,session-1784031314726-n0212a,filtertrack-samples3.csv
2026-07-14 12:17:14+00:00,85.50999999999999,10,session-1784031314726-n0212a,filtertrack-samples3.csv
2026-07-14 12:17:15+00:00,85.5,10,session-1784031314726-n0212a,filtertrack-samples3.csv
2026-07-14 12:17:16+00:00,85.50999999999999,10,session-1784031314726-n0212a,filtertrack-samples3.csv
2026-07-14 12:17:17+00:00,85.50999999999999,10,session-1784031314726-n0212a,filtertrack-samples3.csv
2026-07-14 12:17:18+00:00,85.5,10,session-1784031314726-n0212a,filtertrack-samples3.csv
2026-07-14 12:17:19+00:00,85.52,10,session-1784031314726-n0212a,filtertrack-samples3.csv
2026-07-14 12:17:20+00:00,85.5,10,session-1784031314726-n0212a,filtertrack-samples3.csv
2026-07-14 12:17:21+00:00,85.47999999999999,10,session-1784031314726-n0212a,filtertrack-samples3.csv
2026-07-14 12:17:22+00:00,85.365,10,session-1784031314726-n0212a,filtertrack-samples3.csv
2026-07-14 12:17:23+00:00,85.375,10,session-1784031314726-n0212a,filtertrack-samples3.csv
2026-07-14 12:17:24+00:00,85.38,9,session-1784031314726-n0212a,filtertrack-samples3.csv
2026-07-14 12:17:25+00:00,85.37,11,session-1784031314726-n0212a,filtertrack-samples3.csv
2026-07-14 12:17:26+00:00,85.4,10,session-1784031314726-n0212a,filtertrack-samples3.csv
2026-07-14 12:17:27+00:00,85.38,10,session-1784031314726-n0212a,filtertrack-samples3.csv
2026-07-14 12:17:28+00:00,85.34,10,session-1784031314726-n0212a,filtertrack-samples3.csv
2026-07-14 12:17:29+00:00,85.33,9,session-1784031314726-n0212a,filtertrack-samples3.csv
2026-07-14 12:17:30+00:00,85.35,11,session-1784031314726-n0212a,filtertrack-samples3.csv
2026-07-14 12:17:31+00:00,85.39,10,session-1784031314726-n0212a,filtertrack-samples3.csv
2026-07-14 12:17:32+00:00,85.4,10,session-1784031314726-n0212a,filtertrack-samples3.csv
2026-07-14 12:17:33+00:00,85.42,9,session-1784031314726-n0212a,filtertrack-samples3.csv
2026-07-14 12:17:34+00:00,85.4,10,session-1784031314726-n0212a,filtertrack-samples3.csv
2026-07-14 12:17:35+00:00,85.37,10,session-1784031314726-n0212a,filtertrack-samples3.csv
2026-07-14 12:17:36+00:00,85.49,11,session-1784031314726-n0212a,filtertrack-samples3.csv
2026-07-14 12:17:37+00:00,85.495,10,session-1784031314726-n0212a,filtertrack-samples3.csv
2026-07-14 12:17:38+00:00,85.5,9,session-1784031314726-n0212a,filtertrack-samples3.csv
2026-07-14 12:17:39+00:00,85.57,11,session-1784031314726-n0212a,filtertrack-samples3.csv
2026-07-14 12:17:40+00:00,85.50999999999999,10,session-1784031314726-n0212a,filtertrack-samples3.csv
2026-07-14 12:17:41+00:00,85.1,9,session-1784031314726-n0212a,filtertrack-samples3.csv
2026-07-14 12:17:42+00:00,85.52,11,session-1784031314726-n0212a,filtertrack-samples3.csv
2026-07-14 12:17:43+00:00,85.495,10,session-1784031314726-n0212a,filtertrack-samples3.csv
2026-07-14 12:17:44+00:00,85.52000000000001,10,session-1784031314726-n0212a,filtertrack-samples3.csv
2026-07-14 12:17:45+00:00,85.38,9,session-1784031314726-n0212a,filtertrack-samples3.csv
2026-07-14 12:17:46+00:00,85.37,11,session-1784031314726-n0212a,filtertrack-samples3.csv
2026-07-14 12:17:47+00:00,85.38,9,session-1784031314726-n0212a,filtertrack-samples3.csv
2026-07-14 12:17:48+00:00,85.37,11,session-1784031314726-n0212a,filtertrack-samples3.csv
2026-07-14 12:17:49+00:00,85.47999999999999,10,session-1784031314726-n0212a,filtertrack-samples3.csv
2026-07-14 12:17:50+00:00,85.4,10,session-1784031314726-n0212a,filtertrack-samples3.csv
2026-07-14 12:17:51+00:00,85.4,9,session-1784031314726-n0212a,filtertrack-samples3.csv
2026-07-14 12:17:52+00:00,85.38,11,session-1784031314726-n0212a,filtertrack-samples3.csv
2026-07-14 12:17:53+00:00,85.445,10,session-1784031314726-n0212a,filtertrack-samples3.csv
2026-07-14 12:17:54+00:00,85.5,10,session-1784031314726-n0212a,filtertrack-samples3.csv
2026-07-14 12:17:55+00:00,85.50999999999999,10,session-1784031314726-n0212a,filtertrack-samples3.csv
2026-07-14 12:17:56+00:00,85.52,7,session-1784031314726-n0212a,filtertrack-samples3.csv
2026-07-14 13:40:20+00:00,85.5,1,session-1784036780900-38r373,filtertrack-samples4.csv
2026-07-14 13:40:21+00:00,85.54,9,session-1784036780900-38r373,filtertrack-samples4.csv
2026-07-14 13:40:22+00:00,85.52,11,session-1784036780900-38r373,filtertrack-samples4.csv
2026-07-14 13:40:23+00:00,85.495,10,session-1784036780900-38r373,filtertrack-samples4.csv
2026-07-14 13:40:24+00:00,85.495,10,session-1784036780900-38r373,filtertrack-samples4.csv
2026-07-14 13:40:25+00:00,85.58,10,session-1784036780900-38r373,filtertrack-samples4.csv
2026-07-14 13:40:26+00:00,85.335,10,session-1784036780900-38r373,filtertrack-samples4.csv
2026-07-14 13:40:27+00:00,85.53,10,session-1784036780900-38r373,filtertrack-samples4.csv
2026-07-14 13:40:28+00:00,85.505,10,session-1784036780900-38r373,filtertrack-samples4.csv
2026-07-14 13:40:29+00:00,85.49,10,session-1784036780900-38r373,filtertrack-samples4.csv
2026-07-14 13:40:30+00:00,85.5,9,session-1784036780900-38r373,filtertrack-samples4.csv
2026-07-14 13:40:31+00:00,85.5,11,session-1784036780900-38r373,filtertrack-samples4.csv
2026-07-14 13:40:32+00:00,85.505,10,session-1784036780900-38r373,filtertrack-samples4.csv
2026-07-14 13:40:33+00:00,85.495,10,session-1784036780900-38r373,filtertrack-samples4.csv
2026-07-14 13:40:34+00:00,85.495,10,session-1784036780900-38r373,filtertrack-samples4.csv
2026-07-14 13:40:35+00:00,85.5,10,session-1784036780900-38r373,filtertrack-samples4.csv
2026-07-14 13:40:36+00:00,85.47,9,session-1784036780900-38r373,filtertrack-samples4.csv
2026-07-14 13:40:37+00:00,85.49,11,session-1784036780900-38r373,filtertrack-samples4.csv
2026-07-14 13:40:38+00:00,85.54,9,session-1784036780900-38r373,filtertrack-samples4.csv
2026-07-14 13:40:39+00:00,85.5,10,session-1784036780900-38r373,filtertrack-samples4.csv
2026-07-14 13:40:40+00:00,85.52,11,session-1784036780900-38r373,filtertrack-samples4.csv
2026-07-14 13:40:41+00:00,85.52,10,session-1784036780900-38r373,filtertrack-samples4.csv
2026-07-14 13:40:42+00:00,85.55000000000001,10,session-1784036780900-38r373,filtertrack-samples4.csv
2026-07-14 13:40:43+00:00,85.52,10,session-1784036780900-38r373,filtertrack-samples4.csv
2026-07-14 13:40:44+00:00,85.5,9,session-1784036780900-38r373,filtertrack-samples4.csv
2026-07-14 13:40:45+00:00,85.5,11,session-1784036780900-38r373,filtertrack-samples4.csv
2026-07-14 13:40:46+00:00,85.5,10,session-1784036780900-38r373,filtertrack-samples4.csv
2026-07-14 13:40:47+00:00,85.54499999999999,10,session-1784036780900-38r373,filtertrack-samples4.csv
2026-07-14 13:40:48+00:00,85.54,9,session-1784036780900-38r373,filtertrack-samples4.csv
2026-07-14 13:40:49+00:00,85.5,11,session-1784036780900-38r373,filtertrack-samples4.csv
2026-07-14 13:40:50+00:00,85.56,10,session-1784036780900-38r373,filtertrack-samples4.csv
2026-07-14 13:40:51+00:00,85.53,10,session-1784036780900-38r373,filtertrack-samples4.csv
2026-07-14 13:40:52+00:00,85.57,9,session-1784036780900-38r373,filtertrack-samples4.csv
2026-07-14 13:40:53+00:00,85.57,11,session-1784036780900-38r373,filtertrack-samples4.csv
2026-07-14 13:40:54+00:00,85.54,10,session-1784036780900-38r373,filtertrack-samples4.csv
2026-07-14 13:40:55+00:00,85.52,10,session-1784036780900-38r373,filtertrack-samples4.csv
2026-07-14 13:40:56+00:00,85.57,10,session-1784036780900-38r373,filtertrack-samples4.csv
2026-07-14 13:40:57+00:00,85.59,9,session-1784036780900-38r373,filtertrack-samples4.csv
2026-07-14 13:40:58+00:00,85.59,11,session-1784036780900-38r373,filtertrack-samples4.csv
2026-07-14 13:40:59+00:00,85.59,10,session-1784036780900-38r373,filtertrack-samples4.csv
2026-07-14 13:41:00+00:00,85.575,10,session-1784036780900-38r373,filtertrack-samples4.csv
2026-07-14 13:41:01+00:00,85.73,9,session-1784036780900-38r373,filtertrack-samples4.csv
2026-07-14 13:41:02+00:00,85.7,11,session-1784036780900-38r373,filtertrack-samples4.csv
2026-07-14 13:41:03+00:00,85.435,10,session-1784036780900-38r373,filtertrack-samples4.csv
2026-07-14 13:41:04+00:00,85.6,10,session-1784036780900-38r373,filtertrack-samples4.csv
2026-07-14 13:41:05+00:00,85.28999999999999,10,session-1784036780900-38r373,filtertrack-samples4.csv
2026-07-14 13:41:06+00:00,85.5,10,session-1784036780900-38r373,filtertrack-samples4.csv
2026-07-14 13:41:07+00:00,85.52,9,session-1784036780900-38r373,filtertrack-samples4.csv
2026-07-14 13:41:08+00:00,85.57,11,session-1784036780900-38r373,filtertrack-samples4.csv
2026-07-14 13:41:09+00:00,85.56,10,session-1784036780900-38r373,filtertrack-samples4.csv
2026-07-14 13:41:10+00:00,85.52,10,session-1784036780900-38r373,filtertrack-samples4.csv
2026-07-14 13:41:11+00:00,85.53,10,session-1784036780900-38r373,filtertrack-samples4.csv
2026-07-14 13:41:12+00:00,85.59,10,session-1784036780900-38r373,filtertrack-samples4.csv
2026-07-14 13:41:13+00:00,85.64500000000001,10,session-1784036780900-38r373,filtertrack-samples4.csv
2026-07-14 13:41:14+00:00,85.71,10,session-1784036780900-38r373,filtertrack-samples4.csv
2026-07-14 13:41:15+00:00,85.8,10,session-1784036780900-38r373,filtertrack-samples4.csv
2026-07-14 13:41:16+00:00,85.61,9,session-1784036780900-38r373,filtertrack-samples4.csv
2026-07-14 13:41:17+00:00,85.69,10,session-1784036780900-38r373,filtertrack-samples4.csv
2026-07-14 13:41:18+00:00,85.71,11,session-1784036780900-38r373,filtertrack-samples4.csv
2026-07-14 13:41:19+00:00,85.705,10,session-1784036780900-38r373,filtertrack-samples4.csv
2026-07-14 13:41:20+00:00,85.75,9,session-1784036780900-38r373,filtertrack-samples4.csv
2026-07-14 13:41:21+00:00,85.285,10,session-1784036780900-38r373,filtertrack-samples4.csv
2026-07-14 13:41:22+00:00,85.785,10,session-1784036780900-38r373,filtertrack-samples4.csv
2026-07-14 13:41:23+00:00,85.68,10,session-1784036780900-38r373,filtertrack-samples4.csv
2026-07-14 13:41:24+00:00,85.7,9,session-1784036780900-38r373,filtertrack-samples4.csv
2026-07-14 13:41:25+00:00,85.58,10,session-1784036780900-38r373,filtertrack-samples4.csv
2026-07-14 13:41:26+00:00,85.6,10,session-1784036780900-38r373,filtertrack-samples4.csv
2026-07-14 13:41:27+00:00,85.68,11,session-1784036780900-38r373,filtertrack-samples4.csv
2026-07-14 13:41:28+00:00,85.59,10,session-1784036780900-38r373,filtertrack-samples4.csv
2026-07-14 13:41:29+00:00,85.6,10,session-1784036780900-38r373,filtertrack-samples4.csv
2026-07-14 13:41:30+00:00,85.59,10,session-1784036780900-38r373,filtertrack-samples4.csv
2026-07-14 13:41:31+00:00,85.61,10,session-1784036780900-38r373,filtertrack-samples4.csv
2026-07-14 13:41:32+00:00,85.565,10,session-1784036780900-38r373,filtertrack-samples4.csv
2026-07-14 13:41:33+00:00,85.7,10,session-1784036780900-38r373,filtertrack-samples4.csv
2026-07-14 13:41:34+00:00,85.68,9,session-1784036780900-38r373,filtertrack-samples4.csv
2026-07-14 13:41:35+00:00,85.63,11,session-1784036780900-38r373,filtertrack-samples4.csv
2026-07-14 13:41:36+00:00,85.565,10,session-1784036780900-38r373,filtertrack-samples4.csv
2026-07-14 13:41:37+00:00,85.58,10,session-1784036780900-38r373,filtertrack-samples4.csv
2026-07-14 13:41:38+00:00,85.52,10,session-1784036780900-38r373,filtertrack-samples4.csv
2026-07-14 13:41:39+00:00,85.49,9,session-1784036780900-38r373,filtertrack-samples4.csv
2026-07-14 13:41:40+00:00,85.59,11,session-1784036780900-38r373,filtertrack-samples4.csv
2026-07-14 13:41:41+00:00,85.15,10,session-1784036780900-38r373,filtertrack-samples4.csv
2026-07-14 13:41:42+00:00,85.6,10,session-1784036780900-38r373,filtertrack-samples4.csv
2026-07-14 13:41:43+00:00,85.61,10,session-1784036780900-38r373,filtertrack-samples4.csv
2026-07-14 13:41:44+00:00,85.58,10,session-1784036780900-38r373,filtertrack-samples4.csv
2026-07-14 13:41:45+00:00,85.69,10,session-1784036780900-38r373,filtertrack-samples4.csv
2026-07-14 13:41:46+00:00,85.705,10,session-1784036780900-38r373,filtertrack-samples4.csv
2026-07-14 13:41:47+00:00,85.71,10,session-1784036780900-38r373,filtertrack-samples4.csv
2026-07-14 13:41:48+00:00,85.7,10,session-1784036780900-38r373,filtertrack-samples4.csv
2026-07-14 13:41:49+00:00,85.715,10,session-1784036780900-38r373,filtertrack-samples4.csv
2026-07-14 13:41:50+00:00,85.69,10,session-1784036780900-38r373,filtertrack-samples4.csv
2026-07-14 13:41:51+00:00,85.305,10,session-1784036780900-38r373,filtertrack-samples4.csv
2026-07-14 13:41:52+00:00,85.73,9,session-1784036780900-38r373,filtertrack-samples4.csv
2026-07-14 13:41:53+00:00,85.7,11,session-1784036780900-38r373,filtertrack-samples4.csv
2026-07-14 13:41:54+00:00,85.67,10,session-1784036780900-38r373,filtertrack-samples4.csv
2026-07-14 13:41:55+00:00,85.67,10,session-1784036780900-38r373,filtertrack-samples4.csv
2026-07-14 13:41:56+00:00,85.7,10,session-1784036780900-38r373,filtertrack-samples4.csv
2026-07-14 13:41:57+00:00,85.61,10,session-1784036780900-38r373,filtertrack-samples4.csv
2026-07-14 13:41:58+00:00,85.63,10,session-1784036780900-38r373,filtertrack-samples4.csv
2026-07-14 13:41:59+00:00,85.57,9,session-1784036780900-38r373,filtertrack-samples4.csv
2026-07-14 13:42:00+00:00,85.57,11,session-1784036780900-38r373,filtertrack-samples4.csv
2026-07-14 13:42:01+00:00,85.52,9,session-1784036780900-38r373,filtertrack-samples4.csv
2026-07-14 13:42:02+00:00,85.56,11,session-1784036780900-38r373,filtertrack-samples4.csv
2026-07-14 13:42:03+00:00,85.69,10,session-1784036780900-38r373,filtertrack-samples4.csv
2026-07-14 13:42:04+00:00,85.3,10,session-1784036780900-38r373,filtertrack-samples4.csv
2026-07-14 13:42:05+00:00,85.54,9,session-1784036780900-38r373,filtertrack-samples4.csv
2026-07-14 13:42:06+00:00,85.57,11,session-1784036780900-38r373,filtertrack-samples4.csv
2026-07-14 13:42:07+00:00,85.655,10,session-1784036780900-38r373,filtertrack-samples4.csv
2026-07-14 13:42:08+00:00,85.38,10,session-1784036780900-38r373,filtertrack-samples4.csv
2026-07-14 13:42:09+00:00,85.53,10,session-1784036780900-38r373,filtertrack-samples4.csv
2026-07-14 13:42:10+00:00,85.54,9,session-1784036780900-38r373,filtertrack-samples4.csv
2026-07-14 13:42:11+00:00,85.54,11,session-1784036780900-38r373,filtertrack-samples4.csv
2026-07-14 13:42:12+00:00,85.53,10,session-1784036780900-38r373,filtertrack-samples4.csv
2026-07-14 13:42:13+00:00,85.5,10,session-1784036780900-38r373,filtertrack-samples4.csv
2026-07-14 13:42:14+00:00,85.93,10,session-1784036780900-38r373,filtertrack-samples4.csv
2026-07-14 13:42:15+00:00,85.62,10,session-1784036780900-38r373,filtertrack-samples4.csv
2026-07-14 13:42:16+00:00,85.655,10,session-1784036780900-38r373,filtertrack-samples4.csv
2026-07-14 13:42:17+00:00,85.74000000000001,10,session-1784036780900-38r373,filtertrack-samples4.csv
2026-07-14 13:42:18+00:00,85.75999999999999,10,session-1784036780900-38r373,filtertrack-samples4.csv
2026-07-14 13:42:19+00:00,85.82,9,session-1784036780900-38r373,filtertrack-samples4.csv
2026-07-14 13:42:20+00:00,85.77,11,session-1784036780900-38r373,filtertrack-samples4.csv
2026-07-14 13:42:21+00:00,85.705,10,session-1784036780900-38r373,filtertrack-samples4.csv
2026-07-14 13:42:22+00:00,85.7,9,session-1784036780900-38r373,filtertrack-samples4.csv
2026-07-14 13:42:23+00:00,85.7,11,session-1784036780900-38r373,filtertrack-samples4.csv
2026-07-14 13:42:24+00:00,85.7,10,session-1784036780900-38r373,filtertrack-samples4.csv
2026-07-14 13:42:25+00:00,85.69,10,session-1784036780900-38r373,filtertrack-samples4.csv
2026-07-14 13:42:26+00:00,85.705,10,session-1784036780900-38r373,filtertrack-samples4.csv
2026-07-14 13:42:27+00:00,85.71,10,session-1784036780900-38r373,filtertrack-samples4.csv
2026-07-14 13:42:28+00:00,85.71,9,session-1784036780900-38r373,filtertrack-samples4.csv
2026-07-14 13:42:29+00:00,85.71,11,session-1784036780900-38r373,filtertrack-samples4.csv
2026-07-14 13:42:30+00:00,85.705,10,session-1784036780900-38r373,filtertrack-samples4.csv
2026-07-14 13:42:31+00:00,85.77,10,session-1784036780900-38r373,filtertrack-samples4.csv
2026-07-14 13:42:32+00:00,85.705,10,session-1784036780900-38r373,filtertrack-samples4.csv
2026-07-14 13:42:33+00:00,85.7,10,session-1784036780900-38r373,filtertrack-samples4.csv
2026-07-14 13:42:34+00:00,85.65,10,session-1784036780900-38r373,filtertrack-samples4.csv
2026-07-14 13:42:35+00:00,85.63499999999999,10,session-1784036780900-38r373,filtertrack-samples4.csv
2026-07-14 13:42:36+00:00,85.705,10,session-1784036780900-38r373,filtertrack-samples4.csv
2026-07-14 13:42:37+00:00,85.19,9,session-1784036780900-38r373,filtertrack-samples4.csv
2026-07-14 13:42:38+00:00,85.7,10,session-1784036780900-38r373,filtertrack-samples4.csv
2026-07-14 13:42:39+00:00,85.7,11,session-1784036780900-38r373,filtertrack-samples4.csv
2026-07-14 13:42:40+00:00,85.28,10,session-1784036780900-38r373,filtertrack-samples4.csv
2026-07-14 13:42:41+00:00,85.62,10,session-1784036780900-38r373,filtertrack-samples4.csv
2026-07-14 13:42:42+00:00,85.72,10,session-1784036780900-38r373,filtertrack-samples4.csv
2026-07-14 13:42:43+00:00,85.68,10,session-1784036780900-38r373,filtertrack-samples4.csv
2026-07-14 13:42:44+00:00,85.705,10,session-1784036780900-38r373,filtertrack-samples4.csv
2026-07-14 13:42:45+00:00,85.625,10,session-1784036780900-38r373,filtertrack-samples4.csv
2026-07-14 13:42:46+00:00,85.7,9,session-1784036780900-38r373,filtertrack-samples4.csv
2026-07-14 13:42:47+00:00,85.68,11,session-1784036780900-38r373,filtertrack-samples4.csv
2026-07-14 13:42:48+00:00,85.28,10,session-1784036780900-38r373,filtertrack-samples4.csv
2026-07-14 13:42:49+00:00,85.655,10,session-1784036780900-38r373,filtertrack-samples4.csv
2026-07-14 13:42:50+00:00,85.69,10,session-1784036780900-38r373,filtertrack-samples4.csv
2026-07-14 13:42:51+00:00,85.68,9,session-1784036780900-38r373,filtertrack-samples4.csv
2026-07-14 13:42:52+00:00,85.68,11,session-1784036780900-38r373,filtertrack-samples4.csv
2026-07-14 13:42:53+00:00,85.47999999999999,10,session-1784036780900-38r373,filtertrack-samples4.csv
2026-07-14 13:42:54+00:00,85.68,10,session-1784036780900-38r373,filtertrack-samples4.csv
2026-07-14 13:42:55+00:00,85.59,9,session-1784036780900-38r373,filtertrack-samples4.csv
2026-07-14 13:42:56+00:00,85.59,11,session-1784036780900-38r373,filtertrack-samples4.csv
2026-07-14 13:42:57+00:00,85.59,10,session-1784036780900-38r373,filtertrack-samples4.csv
2026-07-14 13:42:58+00:00,85.565,10,session-1784036780900-38r373,filtertrack-samples4.csv
2026-07-14 13:42:59+00:00,85.52,10,session-1784036780900-38r373,filtertrack-samples4.csv
2026-07-14 13:43:00+00:00,85.52,10,session-1784036780900-38r373,filtertrack-samples4.csv
2026-07-14 13:43:01+00:00,85.50999999999999,10,session-1784036780900-38r373,filtertrack-samples4.csv
2026-07-14 13:43:02+00:00,85.565,10,session-1784036780900-38r373,filtertrack-samples4.csv
2026-07-14 13:43:03+00:00,85.59,10,session-1784036780900-38r373,filtertrack-samples4.csv
2026-07-14 13:43:04+00:00,85.17,9,session-1784036780900-38r373,filtertrack-samples4.csv
2026-07-14 13:43:05+00:00,85.61,11,session-1784036780900-38r373,filtertrack-samples4.csv
2026-07-14 13:43:06+00:00,85.3,10,session-1784036780900-38r373,filtertrack-samples4.csv
2026-07-14 13:43:07+00:00,85.705,10,session-1784036780900-38r373,filtertrack-samples4.csv
2026-07-14 13:43:08+00:00,85.75,10,session-1784036780900-38r373,filtertrack-samples4.csv
2026-07-14 13:43:09+00:00,85.73,10,session-1784036780900-38r373,filtertrack-samples4.csv
2026-07-14 13:43:10+00:00,85.705,10,session-1784036780900-38r373,filtertrack-samples4.csv
2026-07-14 13:43:11+00:00,85.73,10,session-1784036780900-38r373,filtertrack-samples4.csv
2026-07-14 13:43:12+00:00,85.705,10,session-1784036780900-38r373,filtertrack-samples4.csv
2026-07-14 13:43:13+00:00,85.705,10,session-1784036780900-38r373,filtertrack-samples4.csv
2026-07-14 13:43:14+00:00,85.7,10,session-1784036780900-38r373,filtertrack-samples4.csv
2026-07-14 13:43:15+00:00,85.74,10,session-1784036780900-38r373,filtertrack-samples4.csv
2026-07-14 13:43:16+00:00,85.77,10,session-1784036780900-38r373,filtertrack-samples4.csv
2026-07-14 13:43:17+00:00,85.78999999999999,10,session-1784036780900-38r373,filtertrack-samples4.csv
2026-07-14 13:43:18+00:00,85.775,10,session-1784036780900-38r373,filtertrack-samples4.csv
2026-07-14 13:43:19+00:00,85.77,9,session-1784036780900-38r373,filtertrack-samples4.csv
2026-07-14 13:43:20+00:00,85.8,11,session-1784036780900-38r373,filtertrack-samples4.csv
2026-07-14 13:43:21+00:00,85.75999999999999,10,session-1784036780900-38r373,filtertrack-samples4.csv
2026-07-14 13:43:22+00:00,85.78,9,session-1784036780900-38r373,filtertrack-samples4.csv
2026-07-14 13:43:23+00:00,85.78,11,session-1784036780900-38r373,filtertrack-samples4.csv
2026-07-14 13:43:24+00:00,85.78,10,session-1784036780900-38r373,filtertrack-samples4.csv
2026-07-14 13:43:25+00:00,85.75,10,session-1784036780900-38r373,filtertrack-samples4.csv
2026-07-14 13:43:26+00:00,85.7,9,session-1784036780900-38r373,filtertrack-samples4.csv
2026-07-14 13:43:27+00:00,85.26,11,session-1784036780900-38r373,filtertrack-samples4.csv
2026-07-14 13:43:28+00:00,85.81,10,session-1784036780900-38r373,filtertrack-samples4.csv
2026-07-14 13:43:29+00:00,85.49000000000001,10,session-1784036780900-38r373,filtertrack-samples4.csv
2026-07-14 13:43:30+00:00,85.7,10,session-1784036780900-38r373,filtertrack-samples4.csv
2026-07-14 13:43:31+00:00,85.57,9,session-1784036780900-38r373,filtertrack-samples4.csv
2026-07-14 13:43:32+00:00,85.57,11,session-1784036780900-38r373,filtertrack-samples4.csv
2026-07-14 13:43:33+00:00,85.61,10,session-1784036780900-38r373,filtertrack-samples4.csv
2026-07-14 13:43:34+00:00,85.695,10,session-1784036780900-38r373,filtertrack-samples4.csv
2026-07-14 13:43:35+00:00,85.7,10,session-1784036780900-38r373,filtertrack-samples4.csv
2026-07-14 13:43:36+00:00,85.705,10,session-1784036780900-38r373,filtertrack-samples4.csv
2026-07-14 13:43:37+00:00,85.74000000000001,10,session-1784036780900-38r373,filtertrack-samples4.csv
2026-07-14 13:43:38+00:00,85.72,10,session-1784036780900-38r373,filtertrack-samples4.csv
2026-07-14 13:43:39+00:00,85.7,10,session-1784036780900-38r373,filtertrack-samples4.csv
2026-07-14 13:43:40+00:00,85.75,9,session-1784036780900-38r373,filtertrack-samples4.csv
2026-07-14 13:43:41+00:00,85.31,11,session-1784036780900-38r373,filtertrack-samples4.csv
2026-07-14 13:43:42+00:00,85.42,10,session-1784036780900-38r373,filtertrack-samples4.csv
2026-07-14 13:43:43+00:00,85.765,10,session-1784036780900-38r373,filtertrack-samples4.csv
2026-07-14 13:43:44+00:00,85.84,10,session-1784036780900-38r373,filtertrack-samples4.csv
2026-07-14 13:43:45+00:00,85.78999999999999,10,session-1784036780900-38r373,filtertrack-samples4.csv
2026-07-14 13:43:46+00:00,85.82,10,session-1784036780900-38r373,filtertrack-samples4.csv
2026-07-14 13:43:47+00:00,85.53999999999999,10,session-1784036780900-38r373,filtertrack-samples4.csv
2026-07-14 13:43:48+00:00,85.7,10,session-1784036780900-38r373,filtertrack-samples4.csv
2026-07-14 13:43:49+00:00,86.03,9,session-1784036780900-38r373,filtertrack-samples4.csv
2026-07-14 13:43:50+00:00,85.7,11,session-1784036780900-38r373,filtertrack-samples4.csv
2026-07-14 13:43:51+00:00,85.77,9,session-1784036780900-38r373,filtertrack-samples4.csv
2026-07-14 13:43:52+00:00,85.78,11,session-1784036780900-38r373,filtertrack-samples4.csv
2026-07-14 13:43:53+00:00,85.36,10,session-1784036780900-38r373,filtertrack-samples4.csv
2026-07-14 13:43:54+00:00,85.75999999999999,10,session-1784036780900-38r373,filtertrack-samples4.csv
2026-07-14 13:43:55+00:00,85.68,10,session-1784036780900-38r373,filtertrack-samples4.csv
2026-07-14 13:43:56+00:00,85.74000000000001,10,session-1784036780900-38r373,filtertrack-samples4.csv
2026-07-14 13:43:57+00:00,85.7,10,session-1784036780900-38r373,filtertrack-samples4.csv
2026-07-14 13:43:58+00:00,85.68,9,session-1784036780900-38r373,filtertrack-samples4.csv
2026-07-14 13:43:59+00:00,85.625,10,session-1784036780900-38r373,filtertrack-samples4.csv
2026-07-14 13:44:00+00:00,85.7,11,session-1784036780900-38r373,filtertrack-samples4.csv
2026-07-14 13:44:01+00:00,85.625,10,session-1784036780900-38r373,filtertrack-samples4.csv
2026-07-14 13:44:02+00:00,85.57,10,session-1784036780900-38r373,filtertrack-samples4.csv
2026-07-14 13:44:03+00:00,85.73,10,session-1784036780900-38r373,filtertrack-samples4.csv
2026-07-14 13:44:04+00:00,85.7,9,session-1784036780900-38r373,filtertrack-samples4.csv
2026-07-14 13:44:05+00:00,85.71,11,session-1784036780900-38r373,filtertrack-samples4.csv
2026-07-14 13:44:06+00:00,85.73,10,session-1784036780900-38r373,filtertrack-samples4.csv
2026-07-14 13:44:07+00:00,85.7,9,session-1784036780900-38r373,filtertrack-samples4.csv
2026-07-14 13:44:08+00:00,85.78,11,session-1784036780900-38r373,filtertrack-samples4.csv
2026-07-14 13:44:09+00:00,85.705,10,session-1784036780900-38r373,filtertrack-samples4.csv
2026-07-14 13:44:10+00:00,85.71,10,session-1784036780900-38r373,filtertrack-samples4.csv
2026-07-14 13:44:11+00:00,85.41,10,session-1784036780900-38r373,filtertrack-samples4.csv
2026-07-14 13:44:12+00:00,85.63,10,session-1784036780900-38r373,filtertrack-samples4.csv
2026-07-14 13:44:13+00:00,85.75,10,session-1784036780900-38r373,filtertrack-samples4.csv
2026-07-14 13:44:14+00:00,85.49000000000001,10,session-1784036780900-38r373,filtertrack-samples4.csv
2026-07-14 13:44:15+00:00,85.28,10,session-1784036780900-38r373,filtertrack-samples4.csv
2026-07-14 13:44:16+00:00,85.71,9,session-1784036780900-38r373,filtertrack-samples4.csv
2026-07-14 13:44:17+00:00,85.69,10,session-1784036780900-38r373,filtertrack-samples4.csv
2026-07-14 13:44:18+00:00,85.73,11,session-1784036780900-38r373,filtertrack-samples4.csv
2026-07-14 13:44:19+00:00,85.74000000000001,10,session-1784036780900-38r373,filtertrack-samples4.csv
2026-07-14 13:44:20+00:00,85.73,10,session-1784036780900-38r373,filtertrack-samples4.csv
2026-07-14 13:44:21+00:00,85.52,10,session-1784036780900-38r373,filtertrack-samples4.csv
2026-07-14 13:44:22+00:00,85.295,10,session-1784036780900-38r373,filtertrack-samples4.csv
2026-07-14 13:44:23+00:00,85.49000000000001,10,session-1784036780900-38r373,filtertrack-samples4.csv
2026-07-14 13:44:24+00:00,85.635,10,session-1784036780900-38r373,filtertrack-samples4.csv
2026-07-14 13:44:25+00:00,85.635,10,session-1784036780900-38r373,filtertrack-samples4.csv
2026-07-14 13:44:26+00:00,85.68,10,session-1784036780900-38r373,filtertrack-samples4.csv
2026-07-14 13:44:27+00:00,85.69,10,session-1784036780900-38r373,filtertrack-samples4.csv
2026-07-14 13:44:28+00:00,85.68,10,session-1784036780900-38r373,filtertrack-samples4.csv
2026-07-14 13:44:29+00:00,85.42500000000001,10,session-1784036780900-38r373,filtertrack-samples4.csv
2026-07-14 13:44:30+00:00,85.295,10,session-1784036780900-38r373,filtertrack-samples4.csv
2026-07-14 13:44:31+00:00,85.68,9,session-1784036780900-38r373,filtertrack-samples4.csv
2026-07-14 13:44:32+00:00,85.68,11,session-1784036780900-38r373,filtertrack-samples4.csv
2026-07-14 13:44:33+00:00,85.57,10,session-1784036780900-38r373,filtertrack-samples4.csv
2026-07-14 13:44:34+00:00,85.7,9,session-1784036780900-38r373,filtertrack-samples4.csv
2026-07-14 13:44:35+00:00,85.68,11,session-1784036780900-38r373,filtertrack-samples4.csv
2026-07-14 13:44:36+00:00,85.57,10,session-1784036780900-38r373,filtertrack-samples4.csv
2026-07-14 13:44:37+00:00,85.59,10,session-1784036780900-38r373,filtertrack-samples4.csv
2026-07-14 13:44:38+00:00,85.71,10,session-1784036780900-38r373,filtertrack-samples4.csv
2026-07-14 13:44:39+00:00,85.7,10,session-1784036780900-38r373,filtertrack-samples4.csv
2026-07-14 13:44:40+00:00,85.68,10,session-1784036780900-38r373,filtertrack-samples4.csv
2026-07-14 13:44:41+00:00,85.59,9,session-1784036780900-38r373,filtertrack-samples4.csv
2026-07-14 13:44:42+00:00,85.59,11,session-1784036780900-38r373,filtertrack-samples4.csv
2026-07-14 13:44:43+00:00,85.56,9,session-1784036780900-38r373,filtertrack-samples4.csv
2026-07-14 13:44:44+00:00,85.28,11,session-1784036780900-38r373,filtertrack-samples4.csv
2026-07-14 13:44:45+00:00,85.61,10,session-1784036780900-38r373,filtertrack-samples4.csv
2026-07-14 13:44:46+00:00,85.26,10,session-1784036780900-38r373,filtertrack-samples4.csv
2026-07-14 13:44:47+00:00,85.68,9,session-1784036780900-38r373,filtertrack-samples4.csv
2026-07-14 13:44:48+00:00,85.68,11,session-1784036780900-38r373,filtertrack-samples4.csv
2026-07-14 13:44:49+00:00,85.34,10,session-1784036780900-38r373,filtertrack-samples4.csv
2026-07-14 13:44:50+00:00,85.71,10,session-1784036780900-38r373,filtertrack-samples4.csv
2026-07-14 13:44:51+00:00,85.73,10,session-1784036780900-38r373,filtertrack-samples4.csv
2026-07-14 13:44:52+00:00,85.91,9,session-1784036780900-38r373,filtertrack-samples4.csv
2026-07-14 13:44:53+00:00,85.75,11,session-1784036780900-38r373,filtertrack-samples4.csv
2026-07-14 13:44:54+00:00,85.755,10,session-1784036780900-38r373,filtertrack-samples4.csv
2026-07-14 13:44:55+00:00,85.7,10,session-1784036780900-38r373,filtertrack-samples4.csv
2026-07-14 13:44:56+00:00,85.705,10,session-1784036780900-38r373,filtertrack-samples4.csv
2026-07-14 13:44:57+00:00,85.72,10,session-1784036780900-38r373,filtertrack-samples4.csv
2026-07-14 13:44:58+00:00,85.7,10,session-1784036780900-38r373,filtertrack-samples4.csv
2026-07-14 13:44:59+00:00,85.61,9,session-1784036780900-38r373,filtertrack-samples4.csv
2026-07-14 13:45:00+00:00,85.61,11,session-1784036780900-38r373,filtertrack-samples4.csv
2026-07-14 13:45:01+00:00,85.63,9,session-1784036780900-38r373,filtertrack-samples4.csv
2026-07-14 13:45:02+00:00,85.7,11,session-1784036780900-38r373,filtertrack-samples4.csv
2026-07-14 13:45:03+00:00,85.68,9,session-1784036780900-38r373,filtertrack-samples4.csv
2026-07-14 13:45:04+00:00,85.71,11,session-1784036780900-38r373,filtertrack-samples4.csv
2026-07-14 13:45:05+00:00,85.71,10,session-1784036780900-38r373,filtertrack-samples4.csv
2026-07-14 13:45:06+00:00,85.72999999999999,10,session-1784036780900-38r373,filtertrack-samples4.csv
2026-07-14 13:45:07+00:00,85.77,10,session-1784036780900-38r373,filtertrack-samples4.csv
2026-07-14 13:45:08+00:00,85.72,10,session-1784036780900-38r373,filtertrack-samples4.csv
2026-07-14 13:45:09+00:00,85.71,9,session-1784036780900-38r373,filtertrack-samples4.csv
2026-07-14 13:45:10+00:00,85.68,10,session-1784036780900-38r373,filtertrack-samples4.csv
2026-07-14 13:45:11+00:00,85.73,11,session-1784036780900-38r373,filtertrack-samples4.csv
2026-07-14 13:45:12+00:00,85.49000000000001,10,session-1784036780900-38r373,filtertrack-samples4.csv
2026-07-14 13:45:13+00:00,85.775,10,session-1784036780900-38r373,filtertrack-samples4.csv
2026-07-14 13:45:14+00:00,85.705,10,session-1784036780900-38r373,filtertrack-samples4.csv
2026-07-14 13:45:15+00:00,85.71,10,session-1784036780900-38r373,filtertrack-samples4.csv
2026-07-14 13:45:16+00:00,85.73,10,session-1784036780900-38r373,filtertrack-samples4.csv
2026-07-14 13:45:17+00:00,85.33500000000001,10,session-1784036780900-38r373,filtertrack-samples4.csv
2026-07-14 13:45:18+00:00,85.61,10,session-1784036780900-38r373,filtertrack-samples4.csv
2026-07-14 13:45:19+00:00,85.61,9,session-1784036780900-38r373,filtertrack-samples4.csv
2026-07-14 13:45:20+00:00,85.26,11,session-1784036780900-38r373,filtertrack-samples4.csv
2026-07-14 13:45:21+00:00,85.70500000000001,10,session-1784036780900-38r373,filtertrack-samples4.csv
2026-07-14 13:45:22+00:00,85.69,10,session-1784036780900-38r373,filtertrack-samples4.csv
2026-07-14 13:45:23+00:00,85.7,10,session-1784036780900-38r373,filtertrack-samples4.csv
2026-07-14 13:45:24+00:00,85.8,10,session-1784036780900-38r373,filtertrack-samples4.csv
2026-07-14 13:45:25+00:00,85.7,10,session-1784036780900-38r373,filtertrack-samples4.csv
2026-07-14 13:45:26+00:00,85.675,10,session-1784036780900-38r373,filtertrack-samples4.csv
2026-07-14 13:45:27+00:00,85.71,9,session-1784036780900-38r373,filtertrack-samples4.csv
2026-07-14 13:45:28+00:00,85.73,10,session-1784036780900-38r373,filtertrack-samples4.csv
2026-07-14 13:45:29+00:00,85.68,11,session-1784036780900-38r373,filtertrack-samples4.csv
2026-07-14 13:45:30+00:00,85.495,10,session-1784036780900-38r373,filtertrack-samples4.csv
2026-07-14 13:45:31+00:00,85.7,10,session-1784036780900-38r373,filtertrack-samples4.csv
2026-07-14 13:45:32+00:00,85.7,10,session-1784036780900-38r373,filtertrack-samples4.csv
2026-07-14 13:45:33+00:00,85.68,10,session-1784036780900-38r373,filtertrack-samples4.csv
2026-07-14 13:45:34+00:00,85.71,10,session-1784036780900-38r373,filtertrack-samples4.csv
2026-07-14 13:45:35+00:00,85.68,10,session-1784036780900-38r373,filtertrack-samples4.csv
2026-07-14 13:45:36+00:00,85.26,9,session-1784036780900-38r373,filtertrack-samples4.csv
2026-07-14 13:45:37+00:00,85.19999999999999,10,session-1784036780900-38r373,filtertrack-samples4.csv
2026-07-14 13:45:38+00:00,85.52,10,session-1784036780900-38r373,filtertrack-samples4.csv
2026-07-14 13:45:39+00:00,85.52,11,session-1784036780900-38r373,filtertrack-samples4.csv
2026-07-14 13:45:40+00:00,85.57,10,session-1784036780900-38r373,filtertrack-samples4.csv
2026-07-14 13:45:41+00:00,85.54,9,session-1784036780900-38r373,filtertrack-samples4.csv
2026-07-14 13:45:42+00:00,85.52,11,session-1784036780900-38r373,filtertrack-samples4.csv
2026-07-14 13:45:43+00:00,85.59,9,session-1784036780900-38r373,filtertrack-samples4.csv
2026-07-14 13:45:44+00:00,85.61,11,session-1784036780900-38r373,filtertrack-samples4.csv
2026-07-14 13:45:45+00:00,85.62,10,session-1784036780900-38r373,filtertrack-samples4.csv
2026-07-14 13:45:46+00:00,85.71,9,session-1784036780900-38r373,filtertrack-samples4.csv
2026-07-14 13:45:47+00:00,85.71,11,session-1784036780900-38r373,filtertrack-samples4.csv
2026-07-14 13:45:48+00:00,85.69,10,session-1784036780900-38r373,filtertrack-samples4.csv
2026-07-14 13:45:49+00:00,85.69,10,session-1784036780900-38r373,filtertrack-samples4.csv
2026-07-14 13:45:50+00:00,85.71,10,session-1784036780900-38r373,filtertrack-samples4.csv
2026-07-14 13:45:51+00:00,85.55,10,session-1784036780900-38r373,filtertrack-samples4.csv
2026-07-14 13:45:52+00:00,85.75,10,session-1784036780900-38r373,filtertrack-samples4.csv
2026-07-14 13:45:53+00:00,85.705,10,session-1784036780900-38r373,filtertrack-samples4.csv
2026-07-14 13:45:54+00:00,85.77,10,session-1784036780900-38r373,filtertrack-samples4.csv
2026-07-14 13:45:55+00:00,85.78,9,session-1784036780900-38r373,filtertrack-samples4.csv
2026-07-14 13:45:56+00:00,85.75999999999999,10,session-1784036780900-38r373,filtertrack-samples4.csv
2026-07-14 13:45:57+00:00,85.7,11,session-1784036780900-38r373,filtertrack-samples4.csv
2026-07-14 13:45:58+00:00,85.7,10,session-1784036780900-38r373,filtertrack-samples4.csv
2026-07-14 13:45:59+00:00,85.3,10,session-1784036780900-38r373,filtertrack-samples4.csv
2026-07-14 13:46:00+00:00,85.705,10,session-1784036780900-38r373,filtertrack-samples4.csv
2026-07-14 13:46:01+00:00,85.7,10,session-1784036780900-38r373,filtertrack-samples4.csv
2026-07-14 13:46:02+00:00,85.68,10,session-1784036780900-38r373,filtertrack-samples4.csv
2026-07-14 13:46:03+00:00,85.625,10,session-1784036780900-38r373,filtertrack-samples4.csv
2026-07-14 13:46:04+00:00,85.7,9,session-1784036780900-38r373,filtertrack-samples4.csv
2026-07-14 13:46:05+00:00,85.61,11,session-1784036780900-38r373,filtertrack-samples4.csv
2026-07-14 13:46:06+00:00,85.57,10,session-1784036780900-38r373,filtertrack-samples4.csv
2026-07-14 13:46:07+00:00,85.425,10,session-1784036780900-38r373,filtertrack-samples4.csv
2026-07-14 13:46:08+00:00,85.555,10,session-1784036780900-38r373,filtertrack-samples4.csv
2026-07-14 13:46:09+00:00,85.5,10,session-1784036780900-38r373,filtertrack-samples4.csv
2026-07-14 13:46:10+00:00,85.65,10,session-1784036780900-38r373,filtertrack-samples4.csv
2026-07-14 13:46:11+00:00,85.6,10,session-1784036780900-38r373,filtertrack-samples4.csv
2026-07-14 13:46:12+00:00,85.53,10,session-1784036780900-38r373,filtertrack-samples4.csv
2026-07-14 13:46:13+00:00,85.64,9,session-1784036780900-38r373,filtertrack-samples4.csv
2026-07-14 13:46:14+00:00,85.54,11,session-1784036780900-38r373,filtertrack-samples4.csv
2026-07-14 13:46:15+00:00,85.53,10,session-1784036780900-38r373,filtertrack-samples4.csv
2026-07-14 13:46:16+00:00,85.705,10,session-1784036780900-38r373,filtertrack-samples4.csv
2026-07-14 13:46:17+00:00,85.61,10,session-1784036780900-38r373,filtertrack-samples4.csv
2026-07-14 13:46:18+00:00,85.72999999999999,10,session-1784036780900-38r373,filtertrack-samples4.csv
2026-07-14 13:46:19+00:00,85.61,10,session-1784036780900-38r373,filtertrack-samples4.csv
2026-07-14 13:46:20+00:00,85.6,10,session-1784036780900-38r373,filtertrack-samples4.csv
2026-07-14 13:46:21+00:00,85.565,10,session-1784036780900-38r373,filtertrack-samples4.csv
2026-07-14 13:46:22+00:00,85.73,10,session-1784036780900-38r373,filtertrack-samples4.csv
2026-07-14 13:46:23+00:00,85.73,3,session-1784036780900-38r373,filtertrack-samples4.csv
