timestamp,distance_cm,local_mad_cm,session_id,source_file,elapsed_s
2026-07-09 13:24:23+00:00,26.8,1.4799999999999969,session-1783603457869-ue25e2,filtertrack-samples.csv,0.0
2026-07-09 13:24:24+00:00,26.685555555555556,1.0449999999999982,session-1783603457869-ue25e2,filtertrack-samples.csv,1.0
2026-07-09 13:24:25+00:00,26.685555555555556,1.0449999999999982,session-1783603457869-ue25e2,filtertrack-samples.csv,2.0
2026-07-09 13:24:26+00:00,26.685555555555556,1.0449999999999982,session-1783603457869-ue25e2,filtertrack-samples.csv,3.0
2026-07-09 13:24:27+00:00,26.215999999999998,0.5400000000000009,session-1783603457869-ue25e2,filtertrack-samples.csv,4.0
2026-07-09 13:24:28+00:00,25.677142857142854,0.4200000000000017,session-1783603457869-ue25e2,filtertrack-samples.csv,5.0
2026-07-09 13:24:29+00:00,25.689999999999998,0.4200000000000017,session-1783603457869-ue25e2,filtertrack-samples.csv,6.0
2026-07-09 13:24:30+00:00,25.689999999999998,0.16000000000000014,session-1783603457869-ue25e2,filtertrack-samples.csv,7.0
2026-07-09 13:24:31+00:00,25.75,0.22499999999999964,session-1783603457869-ue25e2,filtertrack-samples.csv,8.0
2026-07-09 13:24:42+00:00,25.18,0.0,session-1783603457869-ue25e2,filtertrack-samples.csv,19.0
2026-07-09 13:24:50+00:00,26.02,0.0,session-1783603457869-ue25e2,filtertrack-samples.csv,27.0
2026-07-09 13:24:51+00:00,26.02,0.0,session-1783603457869-ue25e2,filtertrack-samples.csv,28.0
2026-07-09 13:24:52+00:00,26.17,0.07500000000000107,session-1783603457869-ue25e2,filtertrack-samples.csv,29.0
2026-07-09 13:24:53+00:00,26.17,0.07500000000000107,session-1783603457869-ue25e2,filtertrack-samples.csv,30.0
2026-07-09 13:24:54+00:00,26.17,0.07500000000000107,session-1783603457869-ue25e2,filtertrack-samples.csv,31.0
2026-07-09 13:24:55+00:00,26.17,0.07500000000000107,session-1783603457869-ue25e2,filtertrack-samples.csv,32.0
2026-07-09 13:24:56+00:00,26.17,0.07500000000000107,session-1783603457869-ue25e2,filtertrack-samples.csv,33.0
2026-07-09 13:24:57+00:00,26.17,0.07500000000000107,session-1783603457869-ue25e2,filtertrack-samples.csv,34.0
2026-07-09 13:24:58+00:00,26.17,0.07500000000000107,session-1783603457869-ue25e2,filtertrack-samples.csv,35.0
2026-07-09 13:24:59+00:00,26.17,0.07500000000000107,session-1783603457869-ue25e2,filtertrack-samples.csv,36.0
2026-07-09 13:25:00+00:00,26.17,0.0,session-1783603457869-ue25e2,filtertrack-samples.csv,37.0
2026-07-09 13:25:01+00:00,26.17,0.0,session-1783603457869-ue25e2,filtertrack-samples.csv,38.0
2026-07-09 13:25:03+00:00,25.11,0.09500000000000064,session-1783603457869-ue25e2,filtertrack-samples.csv,40.0
2026-07-09 13:25:04+00:00,25.279999999999998,0.019999999999999574,session-1783603457869-ue25e2,filtertrack-samples.csv,41.0
2026-07-09 13:25:05+00:00,25.279999999999998,0.019999999999999574,session-1783603457869-ue25e2,filtertrack-samples.csv,42.0
2026-07-09 13:25:06+00:00,25.279999999999998,0.019999999999999574,session-1783603457869-ue25e2,filtertrack-samples.csv,43.0
2026-07-09 13:25:07+00:00,25.279999999999998,0.019999999999999574,session-1783603457869-ue25e2,filtertrack-samples.csv,44.0
2026-07-09 13:25:08+00:00,25.279999999999998,0.019999999999999574,session-1783603457869-ue25e2,filtertrack-samples.csv,45.0
2026-07-09 13:25:09+00:00,25.284999999999997,0.019999999999999574,session-1783603457869-ue25e2,filtertrack-samples.csv,46.0
2026-07-09 13:25:10+00:00,25.275625,0.019999999999999574,session-1783603457869-ue25e2,filtertrack-samples.csv,47.0
2026-07-09 13:25:11+00:00,25.277058823529416,0.019999999999999574,session-1783603457869-ue25e2,filtertrack-samples.csv,48.0
2026-07-09 13:25:12+00:00,25.277058823529416,0.019999999999999574,session-1783603457869-ue25e2,filtertrack-samples.csv,49.0
2026-07-09 13:25:13+00:00,25.275625,0.019999999999999574,session-1783603457869-ue25e2,filtertrack-samples.csv,50.0
2026-07-09 13:25:14+00:00,25.24333333333333,0.05000000000000071,session-1783603457869-ue25e2,filtertrack-samples.csv,51.0
2026-07-09 13:25:15+00:00,25.226666666666667,0.10500000000000043,session-1783603457869-ue25e2,filtertrack-samples.csv,52.0
2026-07-09 13:25:16+00:00,25.216666666666665,0.08500000000000085,session-1783603457869-ue25e2,filtertrack-samples.csv,53.0
2026-07-09 13:25:17+00:00,25.17736842105263,0.019999999999999574,session-1783603457869-ue25e2,filtertrack-samples.csv,54.0
2026-07-09 13:25:18+00:00,25.168571428571425,0.03999999999999915,session-1783603457869-ue25e2,filtertrack-samples.csv,55.0
2026-07-09 13:25:19+00:00,25.210384615384612,0.03999999999999915,session-1783603457869-ue25e2,filtertrack-samples.csv,56.0
2026-07-09 13:25:20+00:00,25.226799999999997,0.05000000000000071,session-1783603457869-ue25e2,filtertrack-samples.csv,57.0
2026-07-09 13:25:21+00:00,25.223750000000006,0.11999999999999744,session-1783603457869-ue25e2,filtertrack-samples.csv,58.0
2026-07-09 13:25:22+00:00,25.4395,0.23000000000000043,session-1783603457869-ue25e2,filtertrack-samples.csv,59.0
2026-07-09 13:25:23+00:00,25.491590909090903,0.2099999999999973,session-1783603457869-ue25e2,filtertrack-samples.csv,60.0
2026-07-09 13:25:24+00:00,25.7459375,0.17999999999999972,session-1783603457869-ue25e2,filtertrack-samples.csv,61.0
2026-07-09 13:25:25+00:00,25.801578947368423,0.20000000000000284,session-1783603457869-ue25e2,filtertrack-samples.csv,62.0
2026-07-09 13:25:26+00:00,25.820487804878052,0.21000000000000085,session-1783603457869-ue25e2,filtertrack-samples.csv,63.0
2026-07-09 13:25:27+00:00,25.840638297872346,0.17499999999999893,session-1783603457869-ue25e2,filtertrack-samples.csv,64.0
2026-07-09 13:25:28+00:00,25.872,0.13500000000000156,session-1783603457869-ue25e2,filtertrack-samples.csv,65.0
2026-07-09 13:25:29+00:00,25.933898305084753,0.16000000000000014,session-1783603457869-ue25e2,filtertrack-samples.csv,66.0
2026-07-09 13:25:30+00:00,25.983833333333333,0.1700000000000017,session-1783603457869-ue25e2,filtertrack-samples.csv,67.0
2026-07-09 13:25:31+00:00,26.014666666666667,0.1700000000000017,session-1783603457869-ue25e2,filtertrack-samples.csv,68.0
2026-07-09 13:25:32+00:00,26.08677966101695,0.15000000000000213,session-1783603457869-ue25e2,filtertrack-samples.csv,69.0
2026-07-09 13:25:33+00:00,26.170161290322582,0.1700000000000017,session-1783603457869-ue25e2,filtertrack-samples.csv,70.0
2026-07-09 13:25:34+00:00,26.22014705882353,0.21000000000000085,session-1783603457869-ue25e2,filtertrack-samples.csv,71.0
2026-07-09 13:25:35+00:00,26.26661764705883,0.19000000000000128,session-1783603457869-ue25e2,filtertrack-samples.csv,72.0
2026-07-09 13:25:36+00:00,26.291857142857147,0.04999999999999716,session-1783603457869-ue25e2,filtertrack-samples.csv,73.0
2026-07-09 13:25:37+00:00,26.338823529411766,0.04999999999999716,session-1783603457869-ue25e2,filtertrack-samples.csv,74.0
2026-07-09 13:25:38+00:00,26.389523809523812,0.04999999999999716,session-1783603457869-ue25e2,filtertrack-samples.csv,75.0
2026-07-09 13:25:39+00:00,26.434067796610176,0.029999999999997584,session-1783603457869-ue25e2,filtertrack-samples.csv,76.0
2026-07-09 13:25:40+00:00,26.484210526315792,0.029999999999997584,session-1783603457869-ue25e2,filtertrack-samples.csv,77.0
2026-07-09 13:25:41+00:00,26.529152542372877,0.04999999999999716,session-1783603457869-ue25e2,filtertrack-samples.csv,78.0
2026-07-09 13:25:42+00:00,26.566034482758617,0.06999999999999851,session-1783603457869-ue25e2,filtertrack-samples.csv,79.0
2026-07-09 13:25:43+00:00,26.610363636363626,0.19000000000000128,session-1783603457869-ue25e2,filtertrack-samples.csv,80.0
2026-07-09 13:25:44+00:00,26.67470588235294,0.17999999999999972,session-1783603457869-ue25e2,filtertrack-samples.csv,81.0
2026-07-09 13:25:45+00:00,26.734897959183673,0.14000000000000057,session-1783603457869-ue25e2,filtertrack-samples.csv,82.0
2026-07-09 13:25:46+00:00,26.796326530612244,0.14000000000000057,session-1783603457869-ue25e2,filtertrack-samples.csv,83.0
2026-07-09 13:25:47+00:00,26.839411764705883,0.16000000000000014,session-1783603457869-ue25e2,filtertrack-samples.csv,84.0
2026-07-09 13:25:48+00:00,26.86711538461538,0.1700000000000017,session-1783603457869-ue25e2,filtertrack-samples.csv,85.0
2026-07-09 13:25:49+00:00,26.906111111111105,0.16500000000000092,session-1783603457869-ue25e2,filtertrack-samples.csv,86.0
2026-07-09 13:25:50+00:00,26.96727272727273,0.120000000000001,session-1783603457869-ue25e2,filtertrack-samples.csv,87.0
2026-07-09 13:25:51+00:00,27.025090909090906,0.14000000000000057,session-1783603457869-ue25e2,filtertrack-samples.csv,88.0
2026-07-09 13:25:52+00:00,27.064545454545453,0.14999999999999858,session-1783603457869-ue25e2,filtertrack-samples.csv,89.0
2026-07-09 13:25:53+00:00,27.10982142857143,0.14999999999999858,session-1783603457869-ue25e2,filtertrack-samples.csv,90.0
2026-07-09 13:25:54+00:00,27.157818181818172,0.14000000000000057,session-1783603457869-ue25e2,filtertrack-samples.csv,91.0
2026-07-09 13:25:55+00:00,27.180199999999996,0.125,session-1783603457869-ue25e2,filtertrack-samples.csv,92.0
2026-07-09 13:25:56+00:00,27.225600000000004,0.11500000000000021,session-1783603457869-ue25e2,filtertrack-samples.csv,93.0
2026-07-09 13:25:57+00:00,27.274489795918363,0.07000000000000028,session-1783603457869-ue25e2,filtertrack-samples.csv,94.0
2026-07-09 13:25:58+00:00,27.313877551020404,0.07000000000000028,session-1783603457869-ue25e2,filtertrack-samples.csv,95.0
2026-07-09 13:25:59+00:00,27.402600000000003,0.14000000000000057,session-1783603457869-ue25e2,filtertrack-samples.csv,96.0
2026-07-09 13:26:00+00:00,27.470652173913045,0.19000000000000128,session-1783603457869-ue25e2,filtertrack-samples.csv,97.0
2026-07-09 13:26:01+00:00,27.5005,0.20000000000000284,session-1783603457869-ue25e2,filtertrack-samples.csv,98.0
2026-07-09 13:26:02+00:00,27.566216216216215,0.20000000000000107,session-1783603457869-ue25e2,filtertrack-samples.csv,99.0
2026-07-09 13:26:03+00:00,27.639375,0.26000000000000156,session-1783603457869-ue25e2,filtertrack-samples.csv,100.0
2026-07-09 13:26:04+00:00,27.875937500000003,0.4350000000000023,session-1783603457869-ue25e2,filtertrack-samples.csv,101.0
2026-07-09 13:26:05+00:00,28.075000000000003,0.6600000000000001,session-1783603457869-ue25e2,filtertrack-samples.csv,102.0
2026-07-09 13:26:06+00:00,28.72868421052631,1.1850000000000005,session-1783603457869-ue25e2,filtertrack-samples.csv,103.0
2026-07-09 13:26:39+00:00,94.188,1.289999999999992,session-1783603457869-ue25e2,filtertrack-samples.csv,136.0
2026-07-09 13:26:40+00:00,94.68822222222221,1.1000000000000085,session-1783603457869-ue25e2,filtertrack-samples.csv,137.0
2026-07-09 13:26:41+00:00,95.11288888888889,1.1799999999999997,session-1783603457869-ue25e2,filtertrack-samples.csv,138.0
2026-07-09 13:26:42+00:00,95.49565217391303,1.2899999999999991,session-1783603457869-ue25e2,filtertrack-samples.csv,139.0
2026-07-09 13:26:43+00:00,95.70934782608695,1.3099999999999952,session-1783603457869-ue25e2,filtertrack-samples.csv,140.0
2026-07-09 13:26:44+00:00,96.10536585365854,1.269999999999996,session-1783603457869-ue25e2,filtertrack-samples.csv,141.0
2026-07-09 13:26:45+00:00,96.4909523809524,1.0949999999999989,session-1783603457869-ue25e2,filtertrack-samples.csv,142.0
2026-07-09 13:26:46+00:00,97.04244444444446,1.3399999999999892,session-1783603457869-ue25e2,filtertrack-samples.csv,143.0
2026-07-09 13:26:47+00:00,97.45255319148937,1.3399999999999892,session-1783603457869-ue25e2,filtertrack-samples.csv,144.0
2026-07-09 13:26:48+00:00,97.80369565217394,1.3349999999999937,session-1783603457869-ue25e2,filtertrack-samples.csv,145.0
2026-07-09 13:26:49+00:00,98.32770833333335,1.2000000000000028,session-1783603457869-ue25e2,filtertrack-samples.csv,146.0
2026-07-09 13:26:50+00:00,98.5932,0.980000000000004,session-1783603457869-ue25e2,filtertrack-samples.csv,147.0
2026-07-09 13:26:51+00:00,99.19642857142857,0.519999999999996,session-1783603457869-ue25e2,filtertrack-samples.csv,148.0
2026-07-09 13:26:52+00:00,99.39142857142858,0.41499999999999915,session-1783603457869-ue25e2,filtertrack-samples.csv,149.0
2026-07-09 13:26:53+00:00,99.44311111111111,0.4399999999999977,session-1783603457869-ue25e2,filtertrack-samples.csv,150.0
2026-07-09 13:26:54+00:00,99.49155555555555,0.45999999999999375,session-1783603457869-ue25e2,filtertrack-samples.csv,151.0
2026-07-09 13:26:55+00:00,99.57130434782609,0.5400000000000063,session-1783603457869-ue25e2,filtertrack-samples.csv,152.0
2026-07-09 13:26:56+00:00,99.7240909090909,0.6199999999999903,session-1783603457869-ue25e2,filtertrack-samples.csv,153.0
2026-07-09 13:26:57+00:00,100.12446808510639,0.9399999999999977,session-1783603457869-ue25e2,filtertrack-samples.csv,154.0
2026-07-09 13:26:58+00:00,100.44021276595744,1.3199999999999932,session-1783603457869-ue25e2,filtertrack-samples.csv,155.0
2026-07-09 13:27:06+00:00,104.10214285714285,1.3799999999999955,session-1783603457869-ue25e2,filtertrack-samples.csv,163.0
2026-07-09 13:27:07+00:00,103.7705,0.6499999999999915,session-1783603457869-ue25e2,filtertrack-samples.csv,164.0
2026-07-09 13:27:08+00:00,103.84953488372092,0.6400000000000006,session-1783603457869-ue25e2,filtertrack-samples.csv,165.0
2026-07-09 13:27:09+00:00,103.8938095238095,0.4450000000000003,session-1783603457869-ue25e2,filtertrack-samples.csv,166.0
2026-07-09 13:27:10+00:00,103.886,0.41499999999999915,session-1783603457869-ue25e2,filtertrack-samples.csv,167.0
2026-07-09 13:27:11+00:00,103.9916326530612,0.2599999999999909,session-1783603457869-ue25e2,filtertrack-samples.csv,168.0
2026-07-09 13:27:12+00:00,104.00196078431371,0.25,session-1783603457869-ue25e2,filtertrack-samples.csv,169.0
2026-07-09 13:27:13+00:00,104.07072727272728,0.23000000000000398,session-1783603457869-ue25e2,filtertrack-samples.csv,170.0
2026-07-09 13:27:14+00:00,104.15822222222222,0.23999999999999488,session-1783603457869-ue25e2,filtertrack-samples.csv,171.0
2026-07-09 13:27:15+00:00,104.16957446808509,0.2499999999999929,session-1783603457869-ue25e2,filtertrack-samples.csv,172.0
2026-07-09 13:27:16+00:00,104.2429268292683,0.25,session-1783603457869-ue25e2,filtertrack-samples.csv,173.0
2026-07-09 13:27:17+00:00,104.64169811320754,0.4200000000000017,session-1783603457869-ue25e2,filtertrack-samples.csv,174.0
2026-07-09 13:27:18+00:00,104.74018867924528,0.4300000000000068,session-1783603457869-ue25e2,filtertrack-samples.csv,175.0
2026-07-09 13:27:19+00:00,104.86982142857143,0.539999999999992,session-1783603457869-ue25e2,filtertrack-samples.csv,176.0
2026-07-09 13:27:20+00:00,105.02551724137932,0.5350000000000037,session-1783603457869-ue25e2,filtertrack-samples.csv,177.0
2026-07-09 13:27:21+00:00,105.09264150943397,0.46000000000000085,session-1783603457869-ue25e2,filtertrack-samples.csv,178.0
2026-07-09 13:27:22+00:00,105.11313725490197,0.4399999999999977,session-1783603457869-ue25e2,filtertrack-samples.csv,179.0
2026-07-09 13:27:23+00:00,105.298,0.3649999999999878,session-1783603457869-ue25e2,filtertrack-samples.csv,180.0
2026-07-09 13:27:24+00:00,105.28878048780489,0.6300000000000026,session-1783603457869-ue25e2,filtertrack-samples.csv,181.0
2026-07-09 13:27:25+00:00,105.5931707317073,0.8599999999999994,session-1783603457869-ue25e2,filtertrack-samples.csv,182.0
2026-07-09 13:27:26+00:00,105.33,0.6899999999999977,session-1783603457869-ue25e2,filtertrack-samples.csv,183.0
2026-07-09 13:27:27+00:00,105.67,1.4699999999999989,session-1783603457869-ue25e2,filtertrack-samples.csv,184.0
2026-07-09 13:27:34+00:00,105.47999999999999,0.8499999999999943,session-1783603457869-ue25e2,filtertrack-samples.csv,191.0
2026-07-09 13:27:35+00:00,105.21424242424241,0.5,session-1783603457869-ue25e2,filtertrack-samples.csv,192.0
2026-07-09 13:27:36+00:00,105.11184210526315,0.4399999999999977,session-1783603457869-ue25e2,filtertrack-samples.csv,193.0
2026-07-09 13:27:37+00:00,104.95977777777777,0.45000000000000284,session-1783603457869-ue25e2,filtertrack-samples.csv,194.0
2026-07-09 13:27:38+00:00,104.85096153846156,0.45000000000000284,session-1783603457869-ue25e2,filtertrack-samples.csv,195.0
2026-07-09 13:27:39+00:00,104.80379310344827,0.4099999999999966,session-1783603457869-ue25e2,filtertrack-samples.csv,196.0
2026-07-09 13:27:40+00:00,104.7063492063492,0.29000000000000625,session-1783603457869-ue25e2,filtertrack-samples.csv,197.0
2026-07-09 13:27:41+00:00,104.531,0.22999999999998977,session-1783603457869-ue25e2,filtertrack-samples.csv,198.0
2026-07-09 13:27:42+00:00,104.45109090909092,0.20999999999999375,session-1783603457869-ue25e2,filtertrack-samples.csv,199.0
2026-07-09 13:27:43+00:00,104.45396551724136,0.18999999999999773,session-1783603457869-ue25e2,filtertrack-samples.csv,200.0
2026-07-09 13:27:44+00:00,104.46555555555553,0.18999999999999773,session-1783603457869-ue25e2,filtertrack-samples.csv,201.0
2026-07-09 13:27:45+00:00,104.44086206896552,0.12000000000000455,session-1783603457869-ue25e2,filtertrack-samples.csv,202.0
2026-07-09 13:27:46+00:00,104.471,0.18999999999999773,session-1783603457869-ue25e2,filtertrack-samples.csv,203.0
2026-07-09 13:27:47+00:00,104.47285714285715,0.20999999999999375,session-1783603457869-ue25e2,filtertrack-samples.csv,204.0
2026-07-09 13:27:48+00:00,104.58089285714286,0.30000000000000426,session-1783603457869-ue25e2,filtertrack-samples.csv,205.0
2026-07-09 13:27:49+00:00,104.67236363636361,0.44000000000001194,session-1783603457869-ue25e2,filtertrack-samples.csv,206.0
2026-07-09 13:27:50+00:00,104.81019607843136,0.5499999999999972,session-1783603457869-ue25e2,filtertrack-samples.csv,207.0
2026-07-09 13:27:51+00:00,104.9295918367347,0.4450000000000003,session-1783603457869-ue25e2,filtertrack-samples.csv,208.0
2026-07-09 13:27:52+00:00,104.96148936170212,0.4200000000000017,session-1783603457869-ue25e2,filtertrack-samples.csv,209.0
2026-07-09 13:27:53+00:00,105.07062499999999,0.4200000000000017,session-1783603457869-ue25e2,filtertrack-samples.csv,210.0
2026-07-09 13:27:54+00:00,105.18580000000001,0.269999999999996,session-1783603457869-ue25e2,filtertrack-samples.csv,211.0
2026-07-09 13:27:55+00:00,105.17285714285713,0.22499999999999432,session-1783603457869-ue25e2,filtertrack-samples.csv,212.0
2026-07-09 13:27:56+00:00,105.33653061224491,0.37999999999999545,session-1783603457869-ue25e2,filtertrack-samples.csv,213.0
2026-07-09 13:27:57+00:00,105.33500000000002,0.39000000000000057,session-1783603457869-ue25e2,filtertrack-samples.csv,214.0
2026-07-09 13:27:58+00:00,105.14106382978724,0.3400000000000034,session-1783603457869-ue25e2,filtertrack-samples.csv,215.0
2026-07-09 13:27:59+00:00,105.04510204081633,0.4099999999999966,session-1783603457869-ue25e2,filtertrack-samples.csv,216.0
2026-07-09 13:28:00+00:00,104.91075471698115,0.4399999999999977,session-1783603457869-ue25e2,filtertrack-samples.csv,217.0
2026-07-09 13:28:01+00:00,104.87115384615382,0.6600000000000108,session-1783603457869-ue25e2,filtertrack-samples.csv,218.0
2026-07-09 13:28:02+00:00,104.7370588235294,0.519999999999996,session-1783603457869-ue25e2,filtertrack-samples.csv,219.0
2026-07-09 13:28:03+00:00,104.57895833333333,0.46999999999999886,session-1783603457869-ue25e2,filtertrack-samples.csv,220.0
2026-07-09 13:28:04+00:00,104.20880952380953,0.44999999999998863,session-1783603457869-ue25e2,filtertrack-samples.csv,221.0
2026-07-09 13:28:05+00:00,104.10195652173914,0.4299999999999926,session-1783603457869-ue25e2,filtertrack-samples.csv,222.0
2026-07-09 13:28:06+00:00,104.02235294117646,0.4100000000000037,session-1783603457869-ue25e2,filtertrack-samples.csv,223.0
2026-07-09 13:28:07+00:00,103.93529411764706,0.25,session-1783603457869-ue25e2,filtertrack-samples.csv,224.0
2026-07-09 13:28:08+00:00,103.78442307692309,0.2600000000000051,session-1783603457869-ue25e2,filtertrack-samples.csv,225.0
2026-07-09 13:28:09+00:00,103.74018867924529,0.19000000000000483,session-1783603457869-ue25e2,filtertrack-samples.csv,226.0
2026-07-09 13:28:10+00:00,103.6988888888889,0.1600000000000108,session-1783603457869-ue25e2,filtertrack-samples.csv,227.0
2026-07-09 13:28:11+00:00,103.68928571428572,0.1600000000000108,session-1783603457869-ue25e2,filtertrack-samples.csv,228.0
2026-07-09 13:28:12+00:00,103.67036363636365,0.1700000000000017,session-1783603457869-ue25e2,filtertrack-samples.csv,229.0
2026-07-09 13:28:13+00:00,103.63935483870966,0.1600000000000108,session-1783603457869-ue25e2,filtertrack-samples.csv,230.0
2026-07-09 13:28:14+00:00,103.61838709677419,0.1600000000000108,session-1783603457869-ue25e2,filtertrack-samples.csv,231.0
2026-07-09 13:28:15+00:00,103.60983870967739,0.1600000000000108,session-1783603457869-ue25e2,filtertrack-samples.csv,232.0
2026-07-09 13:28:16+00:00,103.6088524590164,0.1600000000000108,session-1783603457869-ue25e2,filtertrack-samples.csv,233.0
2026-07-09 13:28:17+00:00,103.62049180327868,0.1700000000000017,session-1783603457869-ue25e2,filtertrack-samples.csv,234.0
2026-07-09 13:28:18+00:00,103.64907407407408,0.18999999999999773,session-1783603457869-ue25e2,filtertrack-samples.csv,235.0
2026-07-09 13:28:19+00:00,103.67529411764707,0.20999999999999375,session-1783603457869-ue25e2,filtertrack-samples.csv,236.0
2026-07-09 13:28:20+00:00,103.68888888888888,0.21999999999999886,session-1783603457869-ue25e2,filtertrack-samples.csv,237.0
2026-07-09 13:28:21+00:00,103.7004761904762,0.23999999999999488,session-1783603457869-ue25e2,filtertrack-samples.csv,238.0
2026-07-09 13:28:22+00:00,103.70463414634145,0.25,session-1783603457869-ue25e2,filtertrack-samples.csv,239.0
2026-07-09 13:28:23+00:00,103.9886,0.48499999999999943,session-1783603457869-ue25e2,filtertrack-samples.csv,240.0
2026-07-09 13:28:24+00:00,104.09450980392157,0.4199999999999875,session-1783603457869-ue25e2,filtertrack-samples.csv,241.0
2026-07-09 13:28:25+00:00,104.17529411764706,0.37999999999999545,session-1783603457869-ue25e2,filtertrack-samples.csv,242.0
2026-07-09 13:28:26+00:00,104.22423076923077,0.2600000000000051,session-1783603457869-ue25e2,filtertrack-samples.csv,243.0
2026-07-09 13:28:27+00:00,104.25836734693877,0.35999999999999943,session-1783603457869-ue25e2,filtertrack-samples.csv,244.0
2026-07-09 13:28:28+00:00,104.24428571428572,0.20999999999999375,session-1783603457869-ue25e2,filtertrack-samples.csv,245.0
2026-07-09 13:28:29+00:00,104.2321568627451,0.21999999999999886,session-1783603457869-ue25e2,filtertrack-samples.csv,246.0
2026-07-09 13:28:30+00:00,104.1648076923077,0.1799999999999926,session-1783603457869-ue25e2,filtertrack-samples.csv,247.0
2026-07-09 13:28:31+00:00,104.12529411764704,0.14999999999999147,session-1783603457869-ue25e2,filtertrack-samples.csv,248.0
2026-07-09 13:28:32+00:00,104.01404761904762,0.1599999999999966,session-1783603457869-ue25e2,filtertrack-samples.csv,249.0
2026-07-09 13:28:33+00:00,104.13634615384616,0.21999999999999886,session-1783603457869-ue25e2,filtertrack-samples.csv,250.0
2026-07-09 13:28:34+00:00,104.03404761904763,0.1699999999999946,session-1783603457869-ue25e2,filtertrack-samples.csv,251.0
2026-07-09 13:28:35+00:00,104.03441860465115,0.1599999999999966,session-1783603457869-ue25e2,filtertrack-samples.csv,252.0
2026-07-09 13:28:36+00:00,104.03644444444441,0.13999999999998636,session-1783603457869-ue25e2,filtertrack-samples.csv,253.0
2026-07-09 13:28:37+00:00,104.03119999999997,0.11999999999999034,session-1783603457869-ue25e2,filtertrack-samples.csv,254.0
2026-07-09 13:28:38+00:00,104.02799999999999,0.11999999999999034,session-1783603457869-ue25e2,filtertrack-samples.csv,255.0
2026-07-09 13:28:39+00:00,104.02041666666666,0.11999999999999034,session-1783603457869-ue25e2,filtertrack-samples.csv,256.0
2026-07-09 13:28:40+00:00,104.06040816326531,0.125,session-1783603457869-ue25e2,filtertrack-samples.csv,257.0
2026-07-09 13:28:41+00:00,104.06830188679245,0.11499999999999488,session-1783603457869-ue25e2,filtertrack-samples.csv,258.0
2026-07-09 13:28:42+00:00,104.06865384615386,0.11999999999999034,session-1783603457869-ue25e2,filtertrack-samples.csv,259.0
2026-07-09 13:28:43+00:00,104.04716981132077,0.10999999999999943,session-1783603457869-ue25e2,filtertrack-samples.csv,260.0
2026-07-09 13:28:44+00:00,104.05018518518519,0.060000000000002274,session-1783603457869-ue25e2,filtertrack-samples.csv,261.0
2026-07-09 13:28:45+00:00,104.09245614035086,0.11999999999999034,session-1783603457869-ue25e2,filtertrack-samples.csv,262.0
2026-07-09 13:28:46+00:00,104.09857142857143,0.11999999999999034,session-1783603457869-ue25e2,filtertrack-samples.csv,263.0
2026-07-09 13:28:47+00:00,104.05614035087719,0.14999999999999147,session-1783603457869-ue25e2,filtertrack-samples.csv,264.0
2026-07-09 13:28:48+00:00,104.05833333333334,0.11999999999999034,session-1783603457869-ue25e2,filtertrack-samples.csv,265.0
2026-07-09 13:28:49+00:00,104.06761904761906,0.14499999999999602,session-1783603457869-ue25e2,filtertrack-samples.csv,266.0
2026-07-09 13:28:50+00:00,104.0621875,0.14999999999999147,session-1783603457869-ue25e2,filtertrack-samples.csv,267.0
2026-07-09 13:28:51+00:00,104.04841269841269,0.14999999999999147,session-1783603457869-ue25e2,filtertrack-samples.csv,268.0
2026-07-09 13:28:52+00:00,104.05375000000001,0.1700000000000017,session-1783603457869-ue25e2,filtertrack-samples.csv,269.0
2026-07-09 13:28:53+00:00,104.06099999999999,0.18999999999999773,session-1783603457869-ue25e2,filtertrack-samples.csv,270.0
2026-07-09 13:28:54+00:00,104.05111111111111,0.18999999999999773,session-1783603457869-ue25e2,filtertrack-samples.csv,271.0
2026-07-09 13:28:55+00:00,103.99673913043478,0.1599999999999966,session-1783603457869-ue25e2,filtertrack-samples.csv,272.0
2026-07-09 13:28:56+00:00,103.99512195121949,0.15000000000000568,session-1783603457869-ue25e2,filtertrack-samples.csv,273.0
2026-07-09 13:28:57+00:00,104.06264705882354,0.14999999999999147,session-1783603457869-ue25e2,filtertrack-samples.csv,274.0
2026-07-09 13:29:12+00:00,104.29972222222221,0.14000000000000057,session-1783603749411-du6syw,filtertrack-samples2.csv,0.0
2026-07-09 13:29:13+00:00,104.31128205128205,0.18000000000000682,session-1783603749411-du6syw,filtertrack-samples2.csv,1.0
2026-07-09 13:29:14+00:00,104.33522727272727,0.14000000000000057,session-1783603749411-du6syw,filtertrack-samples2.csv,2.0
2026-07-09 13:29:15+00:00,104.30448979591837,0.18000000000000682,session-1783603749411-du6syw,filtertrack-samples2.csv,3.0
2026-07-09 13:29:16+00:00,104.29173076923077,0.18500000000001648,session-1783603749411-du6syw,filtertrack-samples2.csv,4.0
2026-07-09 13:29:17+00:00,104.31588235294119,0.14000000000000057,session-1783603749411-du6syw,filtertrack-samples2.csv,5.0
2026-07-09 13:29:18+00:00,104.32829787234046,0.14000000000000057,session-1783603749411-du6syw,filtertrack-samples2.csv,6.0
2026-07-09 13:29:19+00:00,104.31825,0.18000000000000682,session-1783603749411-du6syw,filtertrack-samples2.csv,7.0
2026-07-09 13:29:20+00:00,104.3704761904762,0.18000000000000682,session-1783603749411-du6syw,filtertrack-samples2.csv,8.0
2026-07-09 13:29:21+00:00,104.38023809523808,0.20999999999999375,session-1783603749411-du6syw,filtertrack-samples2.csv,9.0
2026-07-09 13:29:22+00:00,104.3121052631579,0.20000000000000284,session-1783603749411-du6syw,filtertrack-samples2.csv,10.0
2026-07-09 13:29:23+00:00,104.29794871794874,0.18999999999999773,session-1783603749411-du6syw,filtertrack-samples2.csv,11.0
2026-07-09 13:29:24+00:00,104.33641025641025,0.21000000000000796,session-1783603749411-du6syw,filtertrack-samples2.csv,12.0
2026-07-09 13:29:25+00:00,104.37083333333332,0.23000000000000398,session-1783603749411-du6syw,filtertrack-samples2.csv,13.0
2026-07-09 13:29:26+00:00,104.36975,0.17499999999999716,session-1783603749411-du6syw,filtertrack-samples2.csv,14.0
2026-07-09 13:29:27+00:00,104.40880952380952,0.21000000000000085,session-1783603749411-du6syw,filtertrack-samples2.csv,15.0
2026-07-09 13:29:28+00:00,104.39152173913044,0.09499999999999886,session-1783603749411-du6syw,filtertrack-samples2.csv,16.0
2026-07-09 13:29:29+00:00,104.41094339622641,0.1599999999999966,session-1783603749411-du6syw,filtertrack-samples2.csv,17.0
2026-07-09 13:29:30+00:00,104.37360000000001,0.06999999999999318,session-1783603749411-du6syw,filtertrack-samples2.csv,18.0
2026-07-09 13:29:31+00:00,104.40897959183675,0.1699999999999946,session-1783603749411-du6syw,filtertrack-samples2.csv,19.0
2026-07-09 13:29:32+00:00,104.51892857142857,0.21500000000001762,session-1783603749411-du6syw,filtertrack-samples2.csv,20.0
2026-07-09 13:29:33+00:00,104.56089285714286,0.2600000000000051,session-1783603749411-du6syw,filtertrack-samples2.csv,21.0
2026-07-09 13:29:34+00:00,104.55735849056603,0.25,session-1783603749411-du6syw,filtertrack-samples2.csv,22.0
2026-07-09 13:29:35+00:00,104.52576271186442,0.20999999999999375,session-1783603749411-du6syw,filtertrack-samples2.csv,23.0
2026-07-09 13:29:36+00:00,104.57166666666669,0.2650000000000077,session-1783603749411-du6syw,filtertrack-samples2.csv,24.0
2026-07-09 13:29:37+00:00,104.60610169491525,0.23999999999999488,session-1783603749411-du6syw,filtertrack-samples2.csv,25.0
2026-07-09 13:29:38+00:00,104.64116666666665,0.2150000000000034,session-1783603749411-du6syw,filtertrack-samples2.csv,26.0
2026-07-09 13:29:39+00:00,104.62933333333332,0.21999999999999886,session-1783603749411-du6syw,filtertrack-samples2.csv,27.0
2026-07-09 13:29:40+00:00,104.62777777777777,0.23000000000000398,session-1783603749411-du6syw,filtertrack-samples2.csv,28.0
2026-07-09 13:29:41+00:00,104.55166666666668,0.21000000000000796,session-1783603749411-du6syw,filtertrack-samples2.csv,29.0
2026-07-09 13:29:42+00:00,104.53131147540984,0.19000000000001194,session-1783603749411-du6syw,filtertrack-samples2.csv,30.0
2026-07-09 13:29:43+00:00,104.52573770491804,0.1700000000000017,session-1783603749411-du6syw,filtertrack-samples2.csv,31.0
2026-07-09 13:29:44+00:00,104.52954545454546,0.1700000000000017,session-1783603749411-du6syw,filtertrack-samples2.csv,32.0
2026-07-09 13:29:45+00:00,104.55696969696969,0.21000000000000796,session-1783603749411-du6syw,filtertrack-samples2.csv,33.0
2026-07-09 13:29:46+00:00,104.58446153846154,0.21000000000000796,session-1783603749411-du6syw,filtertrack-samples2.csv,34.0
2026-07-09 13:29:47+00:00,104.59180327868852,0.18999999999999773,session-1783603749411-du6syw,filtertrack-samples2.csv,35.0
2026-07-09 13:29:48+00:00,104.61793103448277,0.19000000000001194,session-1783603749411-du6syw,filtertrack-samples2.csv,36.0
2026-07-09 13:29:49+00:00,104.64125,0.22500000000000142,session-1783603749411-du6syw,filtertrack-samples2.csv,37.0
2026-07-09 13:29:50+00:00,104.68673076923076,0.18999999999999773,session-1783603749411-du6syw,filtertrack-samples2.csv,38.0
2026-07-09 13:29:51+00:00,104.77872340425533,0.09999999999999432,session-1783603749411-du6syw,filtertrack-samples2.csv,39.0
2026-07-09 13:29:52+00:00,104.80638297872339,0.030000000000001137,session-1783603749411-du6syw,filtertrack-samples2.csv,40.0
2026-07-09 13:29:53+00:00,104.8652,0.02999999999999403,session-1783603749411-du6syw,filtertrack-samples2.csv,41.0
2026-07-09 13:29:54+00:00,104.89304347826089,0.020000000000010232,session-1783603749411-du6syw,filtertrack-samples2.csv,42.0
2026-07-09 13:29:55+00:00,104.88227272727272,0.029999999999986926,session-1783603749411-du6syw,filtertrack-samples2.csv,43.0
2026-07-09 13:29:56+00:00,104.75653061224489,0.4200000000000017,session-1783603749411-du6syw,filtertrack-samples2.csv,44.0
2026-07-09 13:29:57+00:00,104.72056603773588,0.44000000000001194,session-1783603749411-du6syw,filtertrack-samples2.csv,45.0
2026-07-09 13:29:58+00:00,104.67145454545458,0.4200000000000017,session-1783603749411-du6syw,filtertrack-samples2.csv,46.0
2026-07-09 13:29:59+00:00,104.57264150943395,0.15000000000000568,session-1783603749411-du6syw,filtertrack-samples2.csv,47.0
2026-07-09 13:30:00+00:00,104.52892857142858,0.13000000000000256,session-1783603749411-du6syw,filtertrack-samples2.csv,48.0
2026-07-09 13:30:01+00:00,104.47982456140352,0.14000000000000057,session-1783603749411-du6syw,filtertrack-samples2.csv,49.0
2026-07-09 13:30:02+00:00,104.44183333333335,0.12000000000000455,session-1783603749411-du6syw,filtertrack-samples2.csv,50.0
2026-07-09 13:30:03+00:00,104.430625,0.04000000000000625,session-1783603749411-du6syw,filtertrack-samples2.csv,51.0
2026-07-09 13:30:04+00:00,104.41924242424243,0.04000000000000625,session-1783603749411-du6syw,filtertrack-samples2.csv,52.0
2026-07-09 13:30:05+00:00,104.41555555555556,0.04000000000000625,session-1783603749411-du6syw,filtertrack-samples2.csv,53.0
2026-07-09 13:30:06+00:00,104.4326984126984,0.04000000000000625,session-1783603749411-du6syw,filtertrack-samples2.csv,54.0
2026-07-09 13:30:07+00:00,104.42714285714287,0.060000000000002274,session-1783603749411-du6syw,filtertrack-samples2.csv,55.0
2026-07-09 13:30:08+00:00,104.42571428571428,0.060000000000002274,session-1783603749411-du6syw,filtertrack-samples2.csv,56.0
2026-07-09 13:30:09+00:00,104.42065573770492,0.07000000000000739,session-1783603749411-du6syw,filtertrack-samples2.csv,57.0
2026-07-09 13:30:10+00:00,104.43033333333334,0.060000000000002274,session-1783603749411-du6syw,filtertrack-samples2.csv,58.0
2026-07-09 13:30:11+00:00,104.43120689655173,0.05000000000000426,session-1783603749411-du6syw,filtertrack-samples2.csv,59.0
2026-07-09 13:30:12+00:00,104.43666666666667,0.04000000000000625,session-1783603749411-du6syw,filtertrack-samples2.csv,60.0
2026-07-09 13:30:13+00:00,104.42877192982456,0.04000000000000625,session-1783603749411-du6syw,filtertrack-samples2.csv,61.0
2026-07-09 13:30:14+00:00,104.43603448275861,0.04000000000000625,session-1783603749411-du6syw,filtertrack-samples2.csv,62.0
2026-07-09 13:30:15+00:00,104.44457627118645,0.04000000000000625,session-1783603749411-du6syw,filtertrack-samples2.csv,63.0
2026-07-09 13:30:16+00:00,104.43517241379311,0.04000000000000625,session-1783603749411-du6syw,filtertrack-samples2.csv,64.0
2026-07-09 13:30:17+00:00,104.43189655172414,0.04000000000000625,session-1783603749411-du6syw,filtertrack-samples2.csv,65.0
2026-07-09 13:30:18+00:00,104.42807017543859,0.04000000000000625,session-1783603749411-du6syw,filtertrack-samples2.csv,66.0
2026-07-09 13:30:19+00:00,104.45464285714287,0.04000000000000625,session-1783603749411-du6syw,filtertrack-samples2.csv,67.0
2026-07-09 13:30:20+00:00,104.4549090909091,0.04000000000000625,session-1783603749411-du6syw,filtertrack-samples2.csv,68.0
2026-07-09 13:30:21+00:00,104.45438596491229,0.04000000000000625,session-1783603749411-du6syw,filtertrack-samples2.csv,69.0
2026-07-09 13:30:22+00:00,104.43603448275861,0.04000000000000625,session-1783603749411-du6syw,filtertrack-samples2.csv,70.0
2026-07-09 13:30:23+00:00,104.43844827586207,0.04000000000000625,session-1783603749411-du6syw,filtertrack-samples2.csv,71.0
2026-07-09 13:30:24+00:00,104.43161290322583,0.04000000000000625,session-1783603749411-du6syw,filtertrack-samples2.csv,72.0
2026-07-09 13:30:25+00:00,104.42890625000001,0.04000000000000625,session-1783603749411-du6syw,filtertrack-samples2.csv,73.0
2026-07-09 13:30:26+00:00,104.424,0.04000000000000625,session-1783603749411-du6syw,filtertrack-samples2.csv,74.0
2026-07-09 13:30:27+00:00,104.43109375,0.04000000000000625,session-1783603749411-du6syw,filtertrack-samples2.csv,75.0
2026-07-09 13:30:28+00:00,104.4346153846154,0.04000000000000625,session-1783603749411-du6syw,filtertrack-samples2.csv,76.0
2026-07-09 13:30:29+00:00,104.4103076923077,0.030000000000001137,session-1783603749411-du6syw,filtertrack-samples2.csv,77.0
2026-07-09 13:30:30+00:00,104.40666666666668,0.04000000000000625,session-1783603749411-du6syw,filtertrack-samples2.csv,78.0
2026-07-09 13:30:31+00:00,104.38842105263159,0.060000000000002274,session-1783603749411-du6syw,filtertrack-samples2.csv,79.0
2026-07-09 13:30:32+00:00,104.37788461538463,0.07000000000000739,session-1783603749411-du6syw,filtertrack-samples2.csv,80.0
2026-07-09 13:30:33+00:00,104.28280701754387,0.21000000000000796,session-1783603749411-du6syw,filtertrack-samples2.csv,81.0
2026-07-09 13:30:34+00:00,104.17699999999999,0.4000000000000057,session-1783603749411-du6syw,filtertrack-samples2.csv,82.0
2026-07-09 13:30:35+00:00,104.15224137931033,0.1700000000000017,session-1783603749411-du6syw,filtertrack-samples2.csv,83.0
2026-07-09 13:30:36+00:00,104.09508771929823,0.12999999999999545,session-1783603749411-du6syw,filtertrack-samples2.csv,84.0
2026-07-09 13:30:37+00:00,103.9392,0.14000000000000057,session-1783603749411-du6syw,filtertrack-samples2.csv,85.0
2026-07-09 13:30:38+00:00,103.92035714285714,0.11999999999999034,session-1783603749411-du6syw,filtertrack-samples2.csv,86.0
2026-07-09 13:30:39+00:00,103.91125000000001,0.07000000000000739,session-1783603749411-du6syw,filtertrack-samples2.csv,87.0
2026-07-09 13:30:40+00:00,103.93363636363637,0.07000000000000739,session-1783603749411-du6syw,filtertrack-samples2.csv,88.0
2026-07-09 13:30:41+00:00,103.9562962962963,0.07000000000000739,session-1783603749411-du6syw,filtertrack-samples2.csv,89.0
2026-07-09 13:30:42+00:00,103.96509803921569,0.11999999999999034,session-1783603749411-du6syw,filtertrack-samples2.csv,90.0
2026-07-09 13:30:43+00:00,103.96489361702129,0.14999999999999147,session-1783603749411-du6syw,filtertrack-samples2.csv,91.0
2026-07-09 13:30:44+00:00,104.13711538461538,0.3500000000000085,session-1783603749411-du6syw,filtertrack-samples2.csv,92.0
2026-07-09 13:30:45+00:00,104.287868852459,0.4099999999999966,session-1783603749411-du6syw,filtertrack-samples2.csv,93.0
2026-07-09 13:30:46+00:00,104.30112903225805,0.4200000000000017,session-1783603749411-du6syw,filtertrack-samples2.csv,94.0
2026-07-09 13:30:47+00:00,104.305,0.4300000000000068,session-1783603749411-du6syw,filtertrack-samples2.csv,95.0
2026-07-09 13:30:48+00:00,104.31375,0.4200000000000017,session-1783603749411-du6syw,filtertrack-samples2.csv,96.0
2026-07-09 13:30:49+00:00,104.29676470588235,0.37000000000000455,session-1783603749411-du6syw,filtertrack-samples2.csv,97.0
2026-07-09 13:30:50+00:00,104.2841095890411,0.35499999999998977,session-1783603749411-du6syw,filtertrack-samples2.csv,98.0
2026-07-09 13:30:51+00:00,104.14584615384616,0.22999999999998977,session-1783603749411-du6syw,filtertrack-samples2.csv,99.0
2026-07-09 13:30:52+00:00,104.0272131147541,0.20999999999999375,session-1783603749411-du6syw,filtertrack-samples2.csv,100.0
2026-07-09 13:30:53+00:00,104.00435483870969,0.1700000000000017,session-1783603749411-du6syw,filtertrack-samples2.csv,101.0
2026-07-09 13:30:54+00:00,103.98820895522387,0.11999999999999034,session-1783603749411-du6syw,filtertrack-samples2.csv,102.0
2026-07-09 13:30:55+00:00,103.97823529411765,0.14000000000000057,session-1783603749411-du6syw,filtertrack-samples2.csv,103.0
2026-07-09 13:30:56+00:00,103.97388059701493,0.14000000000000057,session-1783603749411-du6syw,filtertrack-samples2.csv,104.0
2026-07-09 13:30:57+00:00,103.96861538461539,0.14000000000000057,session-1783603749411-du6syw,filtertrack-samples2.csv,105.0
2026-07-09 13:30:58+00:00,104.05296875,0.1599999999999966,session-1783603749411-du6syw,filtertrack-samples2.csv,106.0
2026-07-09 13:30:59+00:00,104.06739130434784,0.20999999999999375,session-1783603749411-du6syw,filtertrack-samples2.csv,107.0
2026-07-09 13:31:00+00:00,104.08661538461537,0.20999999999999375,session-1783603749411-du6syw,filtertrack-samples2.csv,108.0
2026-07-09 13:31:01+00:00,104.10761904761905,0.21000000000000796,session-1783603749411-du6syw,filtertrack-samples2.csv,109.0
2026-07-09 13:31:02+00:00,104.17473684210526,0.11999999999999034,session-1783603749411-du6syw,filtertrack-samples2.csv,110.0
2026-07-09 13:31:03+00:00,104.18586206896553,0.10999999999999943,session-1783603749411-du6syw,filtertrack-samples2.csv,111.0
2026-07-09 13:31:04+00:00,104.22362068965518,0.08499999999999375,session-1783603749411-du6syw,filtertrack-samples2.csv,112.0
2026-07-09 13:31:05+00:00,104.26573770491804,0.06999999999999318,session-1783603749411-du6syw,filtertrack-samples2.csv,113.0
2026-07-09 13:31:06+00:00,104.28868852459019,0.04999999999999716,session-1783603749411-du6syw,filtertrack-samples2.csv,114.0
2026-07-09 13:31:07+00:00,104.3065,0.04999999999999716,session-1783603749411-du6syw,filtertrack-samples2.csv,115.0
2026-07-09 13:31:08+00:00,104.3144262295082,0.04999999999999716,session-1783603749411-du6syw,filtertrack-samples2.csv,116.0
2026-07-09 13:31:09+00:00,104.33508771929827,0.15000000000000568,session-1783603749411-du6syw,filtertrack-samples2.csv,117.0
2026-07-09 13:31:10+00:00,104.34327586206898,0.14000000000000057,session-1783603749411-du6syw,filtertrack-samples2.csv,118.0
2026-07-09 13:31:11+00:00,104.34750000000001,0.12000000000000455,session-1783603749411-du6syw,filtertrack-samples2.csv,119.0
2026-07-09 13:31:12+00:00,104.3549180327869,0.12000000000000455,session-1783603749411-du6syw,filtertrack-samples2.csv,120.0
2026-07-09 13:31:13+00:00,104.36864406779661,0.12000000000000455,session-1783603749411-du6syw,filtertrack-samples2.csv,121.0
2026-07-09 13:31:14+00:00,104.37280701754386,0.12000000000000455,session-1783603749411-du6syw,filtertrack-samples2.csv,122.0
2026-07-09 13:31:15+00:00,104.35586206896551,0.12000000000000455,session-1783603749411-du6syw,filtertrack-samples2.csv,123.0
2026-07-09 13:31:16+00:00,104.36362068965518,0.14000000000000057,session-1783603749411-du6syw,filtertrack-samples2.csv,124.0
2026-07-09 13:31:17+00:00,104.37913793103449,0.14000000000000057,session-1783603749411-du6syw,filtertrack-samples2.csv,125.0
2026-07-09 13:31:18+00:00,104.35913793103448,0.13999999999999346,session-1783603749411-du6syw,filtertrack-samples2.csv,126.0
2026-07-09 13:31:19+00:00,104.33457627118642,0.04999999999999716,session-1783603749411-du6syw,filtertrack-samples2.csv,127.0
2026-07-09 13:31:20+00:00,104.30896551724138,0.09499999999999886,session-1783603749411-du6syw,filtertrack-samples2.csv,128.0
2026-07-09 13:31:21+00:00,104.27599999999998,0.15000000000000568,session-1783603749411-du6syw,filtertrack-samples2.csv,129.0
2026-07-09 13:31:22+00:00,104.25345454545457,0.10499999999999687,session-1783603749411-du6syw,filtertrack-samples2.csv,130.0
2026-07-09 13:31:23+00:00,104.23473684210525,0.15000000000000568,session-1783603749411-du6syw,filtertrack-samples2.csv,131.0
2026-07-09 13:31:24+00:00,104.1979661016949,0.1599999999999966,session-1783603749411-du6syw,filtertrack-samples2.csv,132.0
2026-07-09 13:31:25+00:00,104.13964912280703,0.24499999999999744,session-1783603749411-du6syw,filtertrack-samples2.csv,133.0
2026-07-09 13:31:26+00:00,104.09555555555555,0.23999999999999488,session-1783603749411-du6syw,filtertrack-samples2.csv,134.0
2026-07-09 13:31:27+00:00,104.0237037037037,0.23999999999999488,session-1783603749411-du6syw,filtertrack-samples2.csv,135.0
2026-07-09 13:31:28+00:00,103.99499999999999,0.269999999999996,session-1783603749411-du6syw,filtertrack-samples2.csv,136.0
2026-07-09 13:31:29+00:00,103.94127272727272,0.1700000000000017,session-1783603749411-du6syw,filtertrack-samples2.csv,137.0
2026-07-09 13:31:30+00:00,103.91017857142857,0.1600000000000037,session-1783603749411-du6syw,filtertrack-samples2.csv,138.0
2026-07-09 13:31:31+00:00,103.9252727272727,0.1700000000000017,session-1783603749411-du6syw,filtertrack-samples2.csv,139.0
2026-07-09 13:31:32+00:00,103.88927272727274,0.06999999999999318,session-1783603749411-du6syw,filtertrack-samples2.csv,140.0
2026-07-09 13:31:33+00:00,103.87509090909091,0.060000000000002274,session-1783603749411-du6syw,filtertrack-samples2.csv,141.0
2026-07-09 13:31:34+00:00,103.88240740740741,0.06999999999999318,session-1783603749411-du6syw,filtertrack-samples2.csv,142.0
2026-07-09 13:31:35+00:00,103.87847457627119,0.06999999999999318,session-1783603749411-du6syw,filtertrack-samples2.csv,143.0
2026-07-09 13:31:36+00:00,103.87629032258064,0.04000000000000625,session-1783603749411-du6syw,filtertrack-samples2.csv,144.0
2026-07-09 13:31:37+00:00,103.8831746031746,0.0449999999999946,session-1783603749411-du6syw,filtertrack-samples2.csv,145.0
2026-07-09 13:31:38+00:00,103.88064516129033,0.04999999999999716,session-1783603749411-du6syw,filtertrack-samples2.csv,146.0
2026-07-09 13:31:39+00:00,103.89333333333332,0.04000000000000625,session-1783603749411-du6syw,filtertrack-samples2.csv,147.0
2026-07-09 13:31:40+00:00,103.91296874999999,0.030000000000001137,session-1783603749411-du6syw,filtertrack-samples2.csv,148.0
2026-07-09 13:31:41+00:00,103.89560606060606,0.030000000000001137,session-1783603749411-du6syw,filtertrack-samples2.csv,149.0
2026-07-09 13:31:42+00:00,103.90730158730157,0.04000000000000625,session-1783603749411-du6syw,filtertrack-samples2.csv,150.0
2026-07-09 13:31:43+00:00,103.91383333333332,0.1349999999999909,session-1783603749411-du6syw,filtertrack-samples2.csv,151.0
2026-07-09 13:31:44+00:00,103.937,0.14999999999999147,session-1783603749411-du6syw,filtertrack-samples2.csv,152.0
2026-07-09 13:31:45+00:00,103.97813559322034,0.18000000000000682,session-1783603749411-du6syw,filtertrack-samples2.csv,153.0
2026-07-09 13:31:46+00:00,104.03721311475411,0.25499999999999545,session-1783603749411-du6syw,filtertrack-samples2.csv,154.0
2026-07-09 13:31:47+00:00,104.04737704918033,0.21000000000000796,session-1783603749411-du6syw,filtertrack-samples2.csv,155.0
2026-07-09 13:31:48+00:00,104.14348484848485,0.25,session-1783603749411-du6syw,filtertrack-samples2.csv,156.0
2026-07-09 13:31:49+00:00,104.21015151515151,0.21000000000000796,session-1783603749411-du6syw,filtertrack-samples2.csv,157.0
2026-07-09 13:31:50+00:00,104.24212121212122,0.20999999999999375,session-1783603749411-du6syw,filtertrack-samples2.csv,158.0
2026-07-09 13:31:51+00:00,104.32079365079365,0.18000000000000682,session-1783603749411-du6syw,filtertrack-samples2.csv,159.0
2026-07-09 13:31:52+00:00,104.325625,0.1700000000000017,session-1783603749411-du6syw,filtertrack-samples2.csv,160.0
2026-07-09 13:31:53+00:00,104.31142857142856,0.1700000000000017,session-1783603749411-du6syw,filtertrack-samples2.csv,161.0
2026-07-09 13:31:54+00:00,104.32954545454545,0.15000000000000568,session-1783603749411-du6syw,filtertrack-samples2.csv,162.0
2026-07-09 13:31:55+00:00,104.34848484848484,0.14000000000000057,session-1783603749411-du6syw,filtertrack-samples2.csv,163.0
2026-07-09 13:31:56+00:00,104.34814285714288,0.14000000000000057,session-1783603749411-du6syw,filtertrack-samples2.csv,164.0
2026-07-09 13:31:57+00:00,104.33057971014493,0.12999999999999545,session-1783603749411-du6syw,filtertrack-samples2.csv,165.0
2026-07-09 13:31:58+00:00,104.32573529411764,0.14000000000000057,session-1783603749411-du6syw,filtertrack-samples2.csv,166.0
2026-07-09 13:31:59+00:00,104.30984615384614,0.1700000000000017,session-1783603749411-du6syw,filtertrack-samples2.csv,167.0
2026-07-09 13:32:00+00:00,104.32951612903224,0.1599999999999966,session-1783603749411-du6syw,filtertrack-samples2.csv,168.0
2026-07-09 13:32:01+00:00,104.3267857142857,0.1600000000000108,session-1783603749411-du6syw,filtertrack-samples2.csv,169.0
2026-07-09 13:32:02+00:00,104.34907407407405,0.25500000000000256,session-1783603749411-du6syw,filtertrack-samples2.csv,170.0
2026-07-09 13:32:03+00:00,104.41884615384615,0.4200000000000017,session-1783603749411-du6syw,filtertrack-samples2.csv,171.0
2026-07-09 13:32:04+00:00,104.5208510638298,0.5749999999999886,session-1783603749411-du6syw,filtertrack-samples2.csv,172.0
2026-07-09 13:32:05+00:00,104.96127659574466,1.1899999999999977,session-1783603749411-du6syw,filtertrack-samples2.csv,173.0
2026-07-09 13:32:32+00:00,126.05980769230769,0.8800000000000026,session-1783603749411-du6syw,filtertrack-samples2.csv,200.0
2026-07-09 13:32:33+00:00,126.01839285714286,0.6799999999999997,session-1783603749411-du6syw,filtertrack-samples2.csv,201.0
2026-07-09 13:32:34+00:00,126.07875,0.5900000000000034,session-1783603749411-du6syw,filtertrack-samples2.csv,202.0
2026-07-09 13:32:35+00:00,126.16971830985916,0.5900000000000034,session-1783603749411-du6syw,filtertrack-samples2.csv,203.0
2026-07-09 13:32:36+00:00,126.35589041095889,0.6500000000000057,session-1783603749411-du6syw,filtertrack-samples2.csv,204.0
2026-07-09 13:32:37+00:00,126.44098591549294,0.6299999999999955,session-1783603749411-du6syw,filtertrack-samples2.csv,205.0
2026-07-09 13:32:38+00:00,126.475,0.7199999999999989,session-1783603749411-du6syw,filtertrack-samples2.csv,206.0
2026-07-09 13:32:39+00:00,126.58810344827586,0.8749999999999929,session-1783603749411-du6syw,filtertrack-samples2.csv,207.0
2026-07-09 13:32:40+00:00,126.70346153846155,0.875,session-1783603749411-du6syw,filtertrack-samples2.csv,208.0
2026-07-09 13:32:41+00:00,127.28857142857142,1.4300000000000068,session-1783603749411-du6syw,filtertrack-samples2.csv,209.0
2026-07-09 13:32:47+00:00,133.317375,1.5,session-1783603749411-du6syw,filtertrack-samples2.csv,215.0
2026-07-09 13:32:48+00:00,132.9520779220779,1.289999999999992,session-1783603749411-du6syw,filtertrack-samples2.csv,216.0
2026-07-09 13:32:49+00:00,132.90493670886073,1.3300000000000125,session-1783603749411-du6syw,filtertrack-samples2.csv,217.0
2026-07-09 13:32:51+00:00,132.12768115942032,1.0849999999999937,session-1783603749411-du6syw,filtertrack-samples2.csv,219.0
2026-07-09 13:32:52+00:00,131.72042857142858,0.9850000000000136,session-1783603749411-du6syw,filtertrack-samples2.csv,220.0
2026-07-09 13:32:53+00:00,131.30253968253967,0.9849999999999994,session-1783603749411-du6syw,filtertrack-samples2.csv,221.0
2026-07-09 13:32:54+00:00,131.33784615384616,0.8799999999999955,session-1783603749411-du6syw,filtertrack-samples2.csv,222.0
2026-07-09 13:32:55+00:00,131.17303030303032,0.6400000000000148,session-1783603749411-du6syw,filtertrack-samples2.csv,223.0
2026-07-09 13:32:56+00:00,131.32190476190473,0.8799999999999955,session-1783603749411-du6syw,filtertrack-samples2.csv,224.0
2026-07-09 13:32:57+00:00,131.51507692307692,1.0800000000000125,session-1783603749411-du6syw,filtertrack-samples2.csv,225.0
2026-07-09 13:32:58+00:00,132.093698630137,1.3599999999999852,session-1783603749411-du6syw,filtertrack-samples2.csv,226.0
2026-07-09 13:33:03+00:00,133.41693333333333,1.4699999999999989,session-1783603749411-du6syw,filtertrack-samples2.csv,231.0
2026-07-09 13:33:04+00:00,133.72148648648647,1.4000000000000057,session-1783603749411-du6syw,filtertrack-samples2.csv,232.0
2026-07-09 13:33:05+00:00,133.82780821917808,1.414999999999992,session-1783603749411-du6syw,filtertrack-samples2.csv,233.0
2026-07-09 13:33:06+00:00,133.82567567567568,1.4799999999999898,session-1783603749411-du6syw,filtertrack-samples2.csv,234.0
2026-07-09 13:33:07+00:00,133.69083333333333,1.2600000000000193,session-1783603749411-du6syw,filtertrack-samples2.csv,235.0
2026-07-09 13:33:08+00:00,133.66222222222223,1.240000000000009,session-1783603749411-du6syw,filtertrack-samples2.csv,236.0
2026-07-09 13:33:09+00:00,133.41657142857142,1.1099999999999994,session-1783603749411-du6syw,filtertrack-samples2.csv,237.0
2026-07-09 13:33:10+00:00,133.69780821917809,1.3250000000000028,session-1783603749411-du6syw,filtertrack-samples2.csv,238.0
2026-07-09 13:33:11+00:00,133.75851351351352,1.3199999999999932,session-1783603749411-du6syw,filtertrack-samples2.csv,239.0
2026-07-09 13:33:12+00:00,133.832,1.4199999999999875,session-1783603749411-du6syw,filtertrack-samples2.csv,240.0
2026-07-09 13:33:13+00:00,133.9329487179487,1.5,session-1783603749411-du6syw,filtertrack-samples2.csv,241.0
2026-07-09 13:33:47+00:00,129.73888888888888,1.0999999999999943,session-1783603749411-du6syw,filtertrack-samples2.csv,275.0
2026-07-09 13:34:26+00:00,128.99863636363636,0.6100000000000136,session-1783603749411-du6syw,filtertrack-samples2.csv,314.0
2026-07-09 13:34:27+00:00,129.0121951219512,0.6800000000000068,session-1783603749411-du6syw,filtertrack-samples2.csv,315.0
2026-07-09 13:34:30+00:00,129.0152380952381,0.7549999999999955,session-1783603749411-du6syw,filtertrack-samples2.csv,318.0
2026-07-09 13:34:31+00:00,129.02097560975608,0.6899999999999977,session-1783603749411-du6syw,filtertrack-samples2.csv,319.0
2026-07-09 13:34:32+00:00,129.01088888888884,0.6299999999999812,session-1783603749411-du6syw,filtertrack-samples2.csv,320.0
2026-07-09 13:34:33+00:00,128.9638095238095,0.5949999999999847,session-1783603749411-du6syw,filtertrack-samples2.csv,321.0
2026-07-09 13:34:34+00:00,128.96906976744182,0.6100000000000136,session-1783603749411-du6syw,filtertrack-samples2.csv,322.0
2026-07-09 13:34:35+00:00,128.98675,1.0300000000000011,session-1783603749411-du6syw,filtertrack-samples2.csv,323.0
2026-07-09 13:34:47+00:00,134.27469387755102,1.0699999999999932,session-1783603749411-du6syw,filtertrack-samples2.csv,335.0
2026-07-09 13:35:01+00:00,134.40211538461537,1.0700000000000216,session-1783603749411-du6syw,filtertrack-samples2.csv,349.0
2026-07-09 13:35:02+00:00,134.33115384615385,0.8700000000000045,session-1783603749411-du6syw,filtertrack-samples2.csv,350.0
2026-07-09 13:35:03+00:00,134.2823076923077,0.6300000000000239,session-1783603749411-du6syw,filtertrack-samples2.csv,351.0
2026-07-09 13:35:04+00:00,134.3043137254902,0.6300000000000239,session-1783603749411-du6syw,filtertrack-samples2.csv,352.0
2026-07-09 13:35:05+00:00,134.4144,0.8700000000000045,session-1783603749411-du6syw,filtertrack-samples2.csv,353.0
2026-07-09 13:35:06+00:00,134.40020833333332,0.9500000000000028,session-1783603749411-du6syw,filtertrack-samples2.csv,354.0
2026-07-09 13:35:12+00:00,128.2068085106383,0.8499999999999943,session-1783603749411-du6syw,filtertrack-samples2.csv,360.0
2026-07-09 13:35:13+00:00,128.24018181818184,0.589999999999975,session-1783603749411-du6syw,filtertrack-samples2.csv,361.0
2026-07-09 13:35:14+00:00,128.21566666666666,0.46999999999999886,session-1783603749411-du6syw,filtertrack-samples2.csv,362.0
2026-07-09 13:35:15+00:00,128.245,0.45000000000000284,session-1783603749411-du6syw,filtertrack-samples2.csv,363.0
2026-07-09 13:35:16+00:00,128.2284745762712,0.46999999999999886,session-1783603749411-du6syw,filtertrack-samples2.csv,364.0
2026-07-09 13:35:17+00:00,128.3139655172414,0.5999999999999943,session-1783603749411-du6syw,filtertrack-samples2.csv,365.0
2026-07-09 13:35:18+00:00,128.27915254237288,0.4700000000000131,session-1783603749411-du6syw,filtertrack-samples2.csv,366.0
2026-07-09 13:35:19+00:00,128.25016129032258,0.45999999999999375,session-1783603749411-du6syw,filtertrack-samples2.csv,367.0
2026-07-09 13:35:20+00:00,128.20640625,0.45000000000000284,session-1783603749411-du6syw,filtertrack-samples2.csv,368.0
2026-07-09 13:35:21+00:00,128.20870967741934,0.4700000000000131,session-1783603749411-du6syw,filtertrack-samples2.csv,369.0
2026-07-09 13:35:22+00:00,128.2744262295082,0.5999999999999943,session-1783603749411-du6syw,filtertrack-samples2.csv,370.0
2026-07-09 13:35:23+00:00,128.27105263157895,0.6099999999999994,session-1783603749411-du6syw,filtertrack-samples2.csv,371.0
2026-07-09 13:35:24+00:00,128.33535714285716,0.6899999999999977,session-1783603749411-du6syw,filtertrack-samples2.csv,372.0
2026-07-09 13:35:25+00:00,128.32185185185187,0.8699999999999903,session-1783603749411-du6syw,filtertrack-samples2.csv,373.0
2026-07-09 13:35:26+00:00,128.37473684210525,0.8600000000000136,session-1783603749411-du6syw,filtertrack-samples2.csv,374.0
2026-07-09 13:35:27+00:00,128.41321428571428,0.8600000000000136,session-1783603749411-du6syw,filtertrack-samples2.csv,375.0
2026-07-09 13:35:28+00:00,128.43157894736842,0.6999999999999886,session-1783603749411-du6syw,filtertrack-samples2.csv,376.0
2026-07-09 13:35:29+00:00,128.52578947368423,0.8799999999999955,session-1783603749411-du6syw,filtertrack-samples2.csv,377.0
2026-07-09 13:35:30+00:00,128.65035714285713,0.839999999999975,session-1783603749411-du6syw,filtertrack-samples2.csv,378.0
2026-07-09 13:35:31+00:00,128.70428571428573,0.8699999999999761,session-1783603749411-du6syw,filtertrack-samples2.csv,379.0
2026-07-09 13:35:32+00:00,128.72075471698113,0.970000000000006,session-1783603749411-du6syw,filtertrack-samples2.csv,380.0
2026-07-09 13:35:33+00:00,128.76375000000002,0.8700000000000045,session-1783603749411-du6syw,filtertrack-samples2.csv,381.0
2026-07-09 13:35:34+00:00,128.7498245614035,0.839999999999975,session-1783603749411-du6syw,filtertrack-samples2.csv,382.0
2026-07-09 13:35:35+00:00,128.76883333333333,0.6500000000000057,session-1783603749411-du6syw,filtertrack-samples2.csv,383.0
2026-07-09 13:35:36+00:00,128.73081967213113,0.6299999999999955,session-1783603749411-du6syw,filtertrack-samples2.csv,384.0
2026-07-09 13:35:37+00:00,128.713125,0.46000000000000796,session-1783603749411-du6syw,filtertrack-samples2.csv,385.0
2026-07-09 13:35:38+00:00,128.77138461538462,0.5299999999999869,session-1783603749411-du6syw,filtertrack-samples2.csv,386.0
2026-07-09 13:35:39+00:00,128.77852459016393,0.6400000000000148,session-1783603749411-du6syw,filtertrack-samples2.csv,387.0
2026-07-09 13:35:40+00:00,128.7642857142857,0.7499999999999858,session-1783603749411-du6syw,filtertrack-samples2.csv,388.0
2026-07-09 13:35:41+00:00,128.74607142857144,0.6299999999999955,session-1783603749411-du6syw,filtertrack-samples2.csv,389.0
2026-07-09 13:35:42+00:00,128.7890322580645,0.4399999999999977,session-1783603749411-du6syw,filtertrack-samples2.csv,390.0
2026-07-09 13:35:43+00:00,128.74666666666667,0.6299999999999955,session-1783603749411-du6syw,filtertrack-samples2.csv,391.0
2026-07-09 13:35:44+00:00,128.79314814814813,0.875,session-1783603749411-du6syw,filtertrack-samples2.csv,392.0
2026-07-09 13:35:45+00:00,128.84654545454543,0.8600000000000136,session-1783603749411-du6syw,filtertrack-samples2.csv,393.0
2026-07-09 13:35:46+00:00,128.95277777777778,0.875,session-1783603749411-du6syw,filtertrack-samples2.csv,394.0
2026-07-09 13:35:47+00:00,129.185306122449,1.3900000000000148,session-1783603749411-du6syw,filtertrack-samples2.csv,395.0
2026-07-09 13:35:49+00:00,129.2346,1.3899999999999864,session-1783603749411-du6syw,filtertrack-samples2.csv,397.0
2026-07-09 13:35:50+00:00,128.93549019607843,1.0300000000000011,session-1783603749411-du6syw,filtertrack-samples2.csv,398.0
2026-07-09 13:35:51+00:00,128.90918367346939,1.0900000000000034,session-1783603749411-du6syw,filtertrack-samples2.csv,399.0
2026-07-09 13:35:52+00:00,129.17215686274508,1.490000000000009,session-1783603749411-du6syw,filtertrack-samples2.csv,400.0
2026-07-09 13:35:53+00:00,128.86509433962263,0.8200000000000216,session-1783603749411-du6syw,filtertrack-samples2.csv,401.0
2026-07-09 13:35:54+00:00,128.82036363636365,0.700000000000017,session-1783603749411-du6syw,filtertrack-samples2.csv,402.0
2026-07-09 13:35:55+00:00,128.77192307692306,0.710000000000008,session-1783603749411-du6syw,filtertrack-samples2.csv,403.0
2026-07-09 13:35:56+00:00,128.69634615384615,0.8200000000000216,session-1783603749411-du6syw,filtertrack-samples2.csv,404.0
2026-07-09 13:35:57+00:00,128.71186440677965,0.6700000000000159,session-1783603749411-du6syw,filtertrack-samples2.csv,405.0
2026-07-09 13:35:58+00:00,128.7632786885246,0.4800000000000182,session-1783603749411-du6syw,filtertrack-samples2.csv,406.0
2026-07-09 13:35:59+00:00,128.77070175438595,0.6099999999999852,session-1783603749411-du6syw,filtertrack-samples2.csv,407.0
2026-07-09 13:36:00+00:00,128.77296296296296,0.7050000000000267,session-1783603749411-du6syw,filtertrack-samples2.csv,408.0
2026-07-09 13:36:01+00:00,128.77610169491527,0.5999999999999943,session-1783603749411-du6syw,filtertrack-samples2.csv,409.0
2026-07-09 13:36:02+00:00,128.80258064516127,0.4650000000000034,session-1783603749411-du6syw,filtertrack-samples2.csv,410.0
2026-07-09 13:36:03+00:00,128.77169491525422,0.5999999999999943,session-1783603749411-du6syw,filtertrack-samples2.csv,411.0
2026-07-09 13:36:04+00:00,128.8019298245614,0.5799999999999841,session-1783603749411-du6syw,filtertrack-samples2.csv,412.0
2026-07-09 13:36:05+00:00,128.79854545454543,0.8400000000000034,session-1783603749411-du6syw,filtertrack-samples2.csv,413.0
2026-07-09 13:36:06+00:00,128.8536,1.0649999999999977,session-1783603749411-du6syw,filtertrack-samples2.csv,414.0
2026-07-09 13:36:27+00:00,128.66500000000002,1.0999999999999943,session-1783603749411-du6syw,filtertrack-samples2.csv,435.0
2026-07-09 13:36:28+00:00,128.6807843137255,1.0999999999999943,session-1783603749411-du6syw,filtertrack-samples2.csv,436.0
2026-07-09 13:36:29+00:00,128.64219999999997,1.2600000000000122,session-1783603749411-du6syw,filtertrack-samples2.csv,437.0
2026-07-09 13:36:30+00:00,128.65490196078431,1.190000000000019,session-1783603749411-du6syw,filtertrack-samples2.csv,438.0
2026-07-09 13:36:31+00:00,128.58627118644068,0.7600000000000051,session-1783603749411-du6syw,filtertrack-samples2.csv,439.0
2026-07-09 13:36:32+00:00,128.5614285714286,0.8799999999999955,session-1783603749411-du6syw,filtertrack-samples2.csv,440.0
2026-07-09 13:36:33+00:00,128.58464285714288,0.8999999999999844,session-1783603749411-du6syw,filtertrack-samples2.csv,441.0
2026-07-09 13:36:34+00:00,128.58785714285713,0.8799999999999955,session-1783603749411-du6syw,filtertrack-samples2.csv,442.0
2026-07-09 13:36:35+00:00,128.53057692307692,1.1400000000000148,session-1783603749411-du6syw,filtertrack-samples2.csv,443.0
2026-07-09 13:36:38+00:00,128.6101923076923,1.3600000000000136,session-1783603749411-du6syw,filtertrack-samples2.csv,446.0
2026-07-09 13:36:39+00:00,128.53375,1.1049999999999898,session-1783603749411-du6syw,filtertrack-samples2.csv,447.0
2026-07-09 13:36:40+00:00,128.47258620689655,0.8449999999999989,session-1783603749411-du6syw,filtertrack-samples2.csv,448.0
2026-07-09 13:36:41+00:00,128.46634615384616,1.4499999999999886,session-1783603749411-du6syw,filtertrack-samples2.csv,449.0
2026-07-09 13:36:46+00:00,128.42814814814815,1.230000000000004,session-1783603749411-du6syw,filtertrack-samples2.csv,454.0
2026-07-09 13:36:48+00:00,128.2596153846154,1.279999999999987,session-1783603749411-du6syw,filtertrack-samples2.csv,456.0
2026-07-09 13:36:51+00:00,128.2543396226415,0.9599999999999937,session-1783603749411-du6syw,filtertrack-samples2.csv,459.0
2026-07-09 13:36:52+00:00,128.26333333333335,0.9399999999999977,session-1783603749411-du6syw,filtertrack-samples2.csv,460.0
2026-07-09 13:36:53+00:00,128.29117647058823,1.1200000000000045,session-1783603749411-du6syw,filtertrack-samples2.csv,461.0
2026-07-09 13:36:54+00:00,128.31719298245613,0.7299999999999898,session-1783603749411-du6syw,filtertrack-samples2.csv,462.0
2026-07-09 13:36:55+00:00,128.34416666666667,0.6400000000000006,session-1783603749411-du6syw,filtertrack-samples2.csv,463.0
2026-07-09 13:36:56+00:00,128.32614035087718,0.6599999999999966,session-1783603749411-du6syw,filtertrack-samples2.csv,464.0
2026-07-09 13:36:57+00:00,128.42090909090908,1.009999999999991,session-1783603749411-du6syw,filtertrack-samples2.csv,465.0
2026-07-09 13:36:58+00:00,128.4807843137255,1.144999999999996,session-1783603749411-du6syw,filtertrack-samples2.csv,466.0
2026-07-09 13:37:14+00:00,134.2304,0.6599999999999966,session-1783603749411-du6syw,filtertrack-samples2.csv,482.0
2026-07-09 13:37:15+00:00,134.21058823529413,0.6299999999999955,session-1783603749411-du6syw,filtertrack-samples2.csv,483.0
2026-07-09 13:37:16+00:00,134.22745454545452,0.47999999999998977,session-1783603749411-du6syw,filtertrack-samples2.csv,484.0
2026-07-09 13:37:17+00:00,134.28629629629629,0.46999999999999886,session-1783603749411-du6syw,filtertrack-samples2.csv,485.0
2026-07-09 13:37:18+00:00,134.32142857142858,0.4549999999999983,session-1783603749411-du6syw,filtertrack-samples2.csv,486.0
2026-07-09 13:37:19+00:00,134.33389830508472,0.3649999999999949,session-1783603749411-du6syw,filtertrack-samples2.csv,487.0
2026-07-09 13:37:20+00:00,134.35999999999999,0.4900000000000091,session-1783603749411-du6syw,filtertrack-samples2.csv,488.0
2026-07-09 13:37:21+00:00,134.36686274509805,1.019999999999996,session-1783603749411-du6syw,filtertrack-samples2.csv,489.0
2026-07-09 13:37:23+00:00,134.3058,1.259999999999991,session-1783603749411-du6syw,filtertrack-samples2.csv,491.0
2026-07-09 13:37:25+00:00,134.2942,1.3100000000000023,session-1783603749411-du6syw,filtertrack-samples2.csv,493.0
2026-07-09 13:37:31+00:00,134.17207547169812,0.4899999999999807,session-1783603749411-du6syw,filtertrack-samples2.csv,499.0
2026-07-09 13:37:32+00:00,134.15039215686275,0.5900000000000176,session-1783603749411-du6syw,filtertrack-samples2.csv,500.0
2026-07-09 13:37:37+00:00,128.31588235294117,0.8699999999999903,session-1783603749411-du6syw,filtertrack-samples2.csv,505.0
2026-07-09 13:37:38+00:00,128.39000000000001,1.0600000000000023,session-1783603749411-du6syw,filtertrack-samples2.csv,506.0
2026-07-09 13:37:40+00:00,128.39326530612243,1.4300000000000068,session-1783603749411-du6syw,filtertrack-samples2.csv,508.0
2026-07-09 13:37:41+00:00,128.435,1.0350000000000037,session-1783603749411-du6syw,filtertrack-samples2.csv,509.0
2026-07-09 13:37:42+00:00,128.48211538461538,1.0449999999999946,session-1783603749411-du6syw,filtertrack-samples2.csv,510.0
2026-07-09 13:37:43+00:00,128.49377358490568,1.0449999999999946,session-1783603749411-du6syw,filtertrack-samples2.csv,511.0
2026-07-09 13:37:44+00:00,128.47129629629632,0.8649999999999949,session-1783603749411-du6syw,filtertrack-samples2.csv,512.0
2026-07-09 13:37:45+00:00,128.39892857142857,0.8500000000000085,session-1783603749411-du6syw,filtertrack-samples2.csv,513.0
2026-07-09 13:37:46+00:00,128.33854545454545,0.8899999999999864,session-1783603749411-du6syw,filtertrack-samples2.csv,514.0
2026-07-09 13:37:47+00:00,128.3442307692308,1.2849999999999966,session-1783603749411-du6syw,filtertrack-samples2.csv,515.0
2026-07-09 13:37:48+00:00,128.31423076923076,1.1949999999999932,session-1783603749411-du6syw,filtertrack-samples2.csv,516.0
2026-07-09 13:37:49+00:00,128.26055555555556,1.0699999999999932,session-1783603749411-du6syw,filtertrack-samples2.csv,517.0
2026-07-09 13:37:50+00:00,128.2683673469388,1.4000000000000128,session-1783603749411-du6syw,filtertrack-samples2.csv,518.0
2026-07-09 13:37:52+00:00,134.26235294117646,0.789999999999992,session-1783603749411-du6syw,filtertrack-samples2.csv,520.0
2026-07-09 13:37:53+00:00,134.27603773584903,0.5,session-1783603749411-du6syw,filtertrack-samples2.csv,521.0
2026-07-09 13:37:54+00:00,134.24928571428572,0.32499999999998863,session-1783603749411-du6syw,filtertrack-samples2.csv,522.0
2026-07-09 13:37:55+00:00,134.26140625,0.20000000000001705,session-1783603749411-du6syw,filtertrack-samples2.csv,523.0
2026-07-09 13:37:56+00:00,134.26073529411764,0.18999999999999773,session-1783603749411-du6syw,filtertrack-samples2.csv,524.0
2026-07-09 13:37:57+00:00,134.2576119402985,0.18999999999999773,session-1783603749411-du6syw,filtertrack-samples2.csv,525.0
2026-07-09 13:37:58+00:00,134.2507462686567,0.19999999999998863,session-1783603749411-du6syw,filtertrack-samples2.csv,526.0
2026-07-09 13:37:59+00:00,134.26095238095235,0.20999999999999375,session-1783603749411-du6syw,filtertrack-samples2.csv,527.0
2026-07-09 13:38:00+00:00,134.22171875,0.2400000000000091,session-1783603749411-du6syw,filtertrack-samples2.csv,528.0
2026-07-09 13:38:01+00:00,134.19257575757575,0.37999999999999545,session-1783603749411-du6syw,filtertrack-samples2.csv,529.0
2026-07-09 13:38:02+00:00,134.16560606060602,0.4300000000000068,session-1783603749411-du6syw,filtertrack-samples2.csv,530.0
2026-07-09 13:38:03+00:00,134.1770588235294,0.36000000000001364,session-1783603749411-du6syw,filtertrack-samples2.csv,531.0
2026-07-09 13:38:04+00:00,134.15605633802818,0.37000000000000455,session-1783603749411-du6syw,filtertrack-samples2.csv,532.0
2026-07-09 13:38:05+00:00,134.1392537313433,0.410000000000025,session-1783603749411-du6syw,filtertrack-samples2.csv,533.0
2026-07-09 13:38:06+00:00,134.1816666666667,0.4200000000000159,session-1783603749411-du6syw,filtertrack-samples2.csv,534.0
2026-07-09 13:38:07+00:00,134.1745614035088,0.5550000000000068,session-1783603749411-du6syw,filtertrack-samples2.csv,535.0
2026-07-09 13:38:08+00:00,134.2986206896552,0.7050000000000125,session-1783603749411-du6syw,filtertrack-samples2.csv,536.0
2026-07-09 13:38:09+00:00,134.1868333333333,0.46999999999999886,session-1783603749411-du6syw,filtertrack-samples2.csv,537.0
2026-07-09 13:38:10+00:00,134.3162903225806,0.6349999999999909,session-1783603749411-du6syw,filtertrack-samples2.csv,538.0
2026-07-09 13:38:11+00:00,134.47564516129032,0.6899999999999977,session-1783603749411-du6syw,filtertrack-samples2.csv,539.0
2026-07-09 13:38:12+00:00,134.5217741935484,0.789999999999992,session-1783603749411-du6syw,filtertrack-samples2.csv,540.0
2026-07-09 13:38:13+00:00,134.56,1.3800000000000097,session-1783603749411-du6syw,filtertrack-samples2.csv,541.0
2026-07-09 13:38:15+00:00,134.59370370370368,1.2900000000000205,session-1783603749411-du6syw,filtertrack-samples2.csv,543.0
2026-07-09 13:38:16+00:00,134.429649122807,1.2600000000000193,session-1783603749411-du6syw,filtertrack-samples2.csv,544.0
2026-07-09 13:38:17+00:00,134.2553333333333,0.5199999999999818,session-1783603749411-du6syw,filtertrack-samples2.csv,545.0
2026-07-09 13:38:18+00:00,134.206,0.5,session-1783603749411-du6syw,filtertrack-samples2.csv,546.0
2026-07-09 13:38:19+00:00,134.17571428571432,0.5800000000000125,session-1783603749411-du6syw,filtertrack-samples2.csv,547.0
2026-07-09 13:38:20+00:00,134.08724137931034,0.6100000000000136,session-1783603749411-du6syw,filtertrack-samples2.csv,548.0
2026-07-09 13:38:21+00:00,134.00816666666668,0.5200000000000102,session-1783603749411-du6syw,filtertrack-samples2.csv,549.0
2026-07-09 13:38:22+00:00,134.00275862068963,0.5700000000000216,session-1783603749411-du6syw,filtertrack-samples2.csv,550.0
2026-07-09 13:38:23+00:00,134.02245901639344,0.5200000000000102,session-1783603749411-du6syw,filtertrack-samples2.csv,551.0
2026-07-09 13:38:24+00:00,134.0171875,0.39500000000001023,session-1783603749411-du6syw,filtertrack-samples2.csv,552.0
2026-07-09 13:38:25+00:00,134.02953846153846,0.3199999999999932,session-1783603749411-du6syw,filtertrack-samples2.csv,553.0
2026-07-09 13:38:26+00:00,134.06214285714285,0.5450000000000159,session-1783603749411-du6syw,filtertrack-samples2.csv,554.0
2026-07-09 13:38:27+00:00,132.84914285714285,1.1850000000000023,session-1783603749411-du6syw,filtertrack-samples2.csv,555.0
2026-07-09 13:38:31+00:00,128.679,1.1399999999999864,session-1783603749411-du6syw,filtertrack-samples2.csv,559.0
2026-07-09 13:38:35+00:00,128.6650980392157,0.6500000000000057,session-1783603749411-du6syw,filtertrack-samples2.csv,563.0
2026-07-09 13:38:36+00:00,128.67222222222222,0.6099999999999852,session-1783603749411-du6syw,filtertrack-samples2.csv,564.0
2026-07-09 13:38:37+00:00,128.6835849056604,0.6299999999999955,session-1783603749411-du6syw,filtertrack-samples2.csv,565.0
2026-07-09 13:38:38+00:00,128.67039215686273,0.6500000000000057,session-1783603749411-du6syw,filtertrack-samples2.csv,566.0
2026-07-09 13:38:39+00:00,128.66622641509434,0.6500000000000057,session-1783603749411-du6syw,filtertrack-samples2.csv,567.0
2026-07-09 13:38:40+00:00,128.68203703703705,0.6299999999999955,session-1783603749411-du6syw,filtertrack-samples2.csv,568.0
2026-07-09 13:38:41+00:00,128.67392156862743,0.6500000000000057,session-1783603749411-du6syw,filtertrack-samples2.csv,569.0
2026-07-09 13:38:42+00:00,128.68392156862745,0.6500000000000057,session-1783603749411-du6syw,filtertrack-samples2.csv,570.0
2026-07-09 13:38:43+00:00,128.675,0.589999999999975,session-1783603749411-du6syw,filtertrack-samples2.csv,571.0
2026-07-09 13:38:44+00:00,128.65666666666667,0.589999999999975,session-1783603749411-du6syw,filtertrack-samples2.csv,572.0
2026-07-09 13:38:45+00:00,128.67783333333333,0.46999999999998465,session-1783603749411-du6syw,filtertrack-samples2.csv,573.0
2026-07-09 13:38:46+00:00,128.66169491525423,0.589999999999975,session-1783603749411-du6syw,filtertrack-samples2.csv,574.0
2026-07-09 13:38:47+00:00,128.67967213114756,0.589999999999975,session-1783603749411-du6syw,filtertrack-samples2.csv,575.0
2026-07-09 13:38:48+00:00,128.64186440677963,0.6299999999999955,session-1783603749411-du6syw,filtertrack-samples2.csv,576.0
2026-07-09 13:38:49+00:00,128.60561403508774,0.7349999999999852,session-1783603749411-du6syw,filtertrack-samples2.csv,577.0
2026-07-09 13:38:50+00:00,128.60927272727272,0.835000000000008,session-1783603749411-du6syw,filtertrack-samples2.csv,578.0
2026-07-09 13:38:51+00:00,128.6240350877193,0.7600000000000193,session-1783603749411-du6syw,filtertrack-samples2.csv,579.0
2026-07-09 13:38:52+00:00,128.62016666666668,0.5999999999999943,session-1783603749411-du6syw,filtertrack-samples2.csv,580.0
2026-07-09 13:38:53+00:00,128.64327272727272,0.8050000000000068,session-1783603749411-du6syw,filtertrack-samples2.csv,581.0
2026-07-09 13:38:54+00:00,128.65192307692308,0.8550000000000182,session-1783603749411-du6syw,filtertrack-samples2.csv,582.0
2026-07-09 13:38:55+00:00,128.63927272727275,0.8100000000000023,session-1783603749411-du6syw,filtertrack-samples2.csv,583.0
2026-07-09 13:38:56+00:00,128.6042105263158,0.6300000000000239,session-1783603749411-du6syw,filtertrack-samples2.csv,584.0
2026-07-09 13:38:57+00:00,128.5257142857143,0.6300000000000239,session-1783603749411-du6syw,filtertrack-samples2.csv,585.0
2026-07-09 13:38:58+00:00,128.5148333333333,0.6300000000000239,session-1783603749411-du6syw,filtertrack-samples2.csv,586.0
2026-07-09 13:38:59+00:00,128.5057142857143,0.6400000000000148,session-1783603749411-du6syw,filtertrack-samples2.csv,587.0
2026-07-09 13:39:00+00:00,128.44298507462688,0.4899999999999807,session-1783603749411-du6syw,filtertrack-samples2.csv,588.0
2026-07-09 13:39:01+00:00,128.38057142857141,0.5,session-1783603749411-du6syw,filtertrack-samples2.csv,589.0
2026-07-09 13:39:02+00:00,128.3777777777778,0.46999999999999886,session-1783603749411-du6syw,filtertrack-samples2.csv,590.0
2026-07-09 13:39:03+00:00,128.3545945945946,0.4399999999999977,session-1783603749411-du6syw,filtertrack-samples2.csv,591.0
2026-07-09 13:39:04+00:00,128.36684210526315,0.44999999999998863,session-1783603749411-du6syw,filtertrack-samples2.csv,592.0
2026-07-09 13:39:05+00:00,128.35561643835618,0.44999999999998863,session-1783603749411-du6syw,filtertrack-samples2.csv,593.0
2026-07-09 13:39:06+00:00,128.42875,0.5900000000000105,session-1783603749411-du6syw,filtertrack-samples2.csv,594.0
2026-07-09 13:39:07+00:00,128.4979166666667,0.6200000000000117,session-1783603749411-du6syw,filtertrack-samples2.csv,595.0
2026-07-09 13:39:08+00:00,128.54647887323944,0.6599999999999966,session-1783603749411-du6syw,filtertrack-samples2.csv,596.0
2026-07-09 13:39:09+00:00,128.57492753623188,0.6399999999999864,session-1783603749411-du6syw,filtertrack-samples2.csv,597.0
2026-07-09 13:39:10+00:00,128.62782608695653,0.4749999999999943,session-1783603749411-du6syw,filtertrack-samples2.csv,598.0
2026-07-09 13:39:11+00:00,128.70746268656717,0.46999999999999886,session-1783603749411-du6syw,filtertrack-samples2.csv,599.0
2026-07-09 13:39:12+00:00,128.67772727272728,0.46000000000000796,session-1783603749411-du6syw,filtertrack-samples2.csv,600.0
2026-07-09 13:39:13+00:00,128.69058823529411,0.46999999999999886,session-1783603749411-du6syw,filtertrack-samples2.csv,601.0
2026-07-09 13:39:14+00:00,128.6955882352941,0.43499999999998806,session-1783603749411-du6syw,filtertrack-samples2.csv,602.0
2026-07-09 13:39:15+00:00,128.68528571428575,0.4399999999999977,session-1783603749411-du6syw,filtertrack-samples2.csv,603.0
2026-07-09 13:39:16+00:00,128.6589855072464,0.4399999999999977,session-1783603749411-du6syw,filtertrack-samples2.csv,604.0
2026-07-09 13:39:17+00:00,128.64056338028172,0.4299999999999784,session-1783603749411-du6syw,filtertrack-samples2.csv,605.0
2026-07-09 13:39:18+00:00,128.6318571428572,0.4399999999999977,session-1783603749411-du6syw,filtertrack-samples2.csv,606.0
2026-07-09 13:39:19+00:00,128.6554285714286,0.4499999999999744,session-1783603749411-du6syw,filtertrack-samples2.csv,607.0
2026-07-09 13:39:20+00:00,128.69179104477612,0.4749999999999801,session-1783603749411-du6syw,filtertrack-samples2.csv,608.0
2026-07-09 13:39:21+00:00,128.70342857142856,0.43499999999998806,session-1783603749411-du6syw,filtertrack-samples2.csv,609.0
2026-07-09 13:39:22+00:00,128.76785714285714,0.4200000000000159,session-1783603749411-du6syw,filtertrack-samples2.csv,610.0
2026-07-09 13:39:23+00:00,128.78450704225352,0.39500000000001023,session-1783603749411-du6syw,filtertrack-samples2.csv,611.0
2026-07-09 13:39:24+00:00,128.8524285714286,0.4200000000000159,session-1783603749411-du6syw,filtertrack-samples2.csv,612.0
2026-07-09 13:39:25+00:00,128.87972602739728,0.4300000000000068,session-1783603749411-du6syw,filtertrack-samples2.csv,613.0
2026-07-09 13:39:26+00:00,128.89324324324326,0.42500000000001137,session-1783603749411-du6syw,filtertrack-samples2.csv,614.0
2026-07-09 13:39:27+00:00,128.88056338028173,0.6099999999999852,session-1783603749411-du6syw,filtertrack-samples2.csv,615.0
2026-07-09 13:39:28+00:00,128.8563888888889,0.43499999999998806,session-1783603749411-du6syw,filtertrack-samples2.csv,616.0
2026-07-09 13:39:29+00:00,128.88458333333335,0.46000000000000796,session-1783603749411-du6syw,filtertrack-samples2.csv,617.0
2026-07-09 13:39:30+00:00,128.8929411764706,0.6899999999999977,session-1783603749411-du6syw,filtertrack-samples2.csv,618.0
2026-07-09 13:39:31+00:00,128.9315,0.8900000000000006,session-1783603749411-du6syw,filtertrack-samples2.csv,619.0
2026-07-09 13:39:32+00:00,128.9287931034483,1.0600000000000023,session-1783603749411-du6syw,filtertrack-samples2.csv,620.0
2026-07-09 13:39:33+00:00,128.9782456140351,1.1200000000000045,session-1783603749411-du6syw,filtertrack-samples2.csv,621.0
2026-07-09 13:39:34+00:00,129.20745454545454,1.3950000000000102,session-1783603749411-du6syw,filtertrack-samples2.csv,622.0
2026-07-09 13:39:37+00:00,133.2888524590164,1.4800000000000182,session-1783603749411-du6syw,filtertrack-samples2.csv,625.0
2026-07-09 13:39:38+00:00,134.30811320754714,0.5599999999999739,session-1783603749411-du6syw,filtertrack-samples2.csv,626.0
2026-07-09 13:39:39+00:00,134.27454545454543,0.22999999999998977,session-1783603749411-du6syw,filtertrack-samples2.csv,627.0
2026-07-09 13:39:40+00:00,134.29803921568626,0.6299999999999955,session-1783603749411-du6syw,filtertrack-samples2.csv,628.0
2026-07-09 13:39:47+00:00,129.32745098039214,1.299999999999983,session-1783603749411-du6syw,filtertrack-samples2.csv,635.0
2026-07-09 13:39:48+00:00,129.20592592592592,1.049999999999983,session-1783603749411-du6syw,filtertrack-samples2.csv,636.0
2026-07-09 13:39:49+00:00,129.18448275862067,0.6500000000000057,session-1783603749411-du6syw,filtertrack-samples2.csv,637.0
2026-07-09 13:39:50+00:00,129.13644067796608,0.6799999999999784,session-1783603749411-du6syw,filtertrack-samples2.csv,638.0
2026-07-09 13:39:51+00:00,129.13293103448274,0.7350000000000136,session-1783603749411-du6syw,filtertrack-samples2.csv,639.0
2026-07-09 13:39:52+00:00,129.01736842105265,0.674999999999983,session-1783603749411-du6syw,filtertrack-samples2.csv,640.0
2026-07-09 13:39:53+00:00,128.98526315789474,0.700000000000017,session-1783603749411-du6syw,filtertrack-samples2.csv,641.0
2026-07-09 13:39:54+00:00,128.93272727272725,0.769999999999996,session-1783603749411-du6syw,filtertrack-samples2.csv,642.0
2026-07-09 13:39:55+00:00,128.92333333333335,0.769999999999996,session-1783603749411-du6syw,filtertrack-samples2.csv,643.0
2026-07-09 13:39:56+00:00,128.69472727272728,1.124999999999993,session-1783603749411-du6syw,filtertrack-samples2.csv,644.0
2026-07-09 13:40:12+00:00,134.53040000000001,1.0100000000000335,session-1783603749411-du6syw,filtertrack-samples2.csv,660.0
2026-07-09 13:40:13+00:00,134.47551020408164,1.039999999999992,session-1783603749411-du6syw,filtertrack-samples2.csv,661.0
2026-07-09 13:40:14+00:00,134.43979591836734,0.7650000000000148,session-1783603749411-du6syw,filtertrack-samples2.csv,662.0
2026-07-09 13:40:15+00:00,134.44039999999998,0.8199999999999932,session-1783603749411-du6syw,filtertrack-samples2.csv,663.0
2026-07-09 13:40:37+00:00,128.71823529411768,0.6899999999999977,session-1783603749411-du6syw,filtertrack-samples2.csv,685.0
2026-07-09 13:40:38+00:00,128.69870370370367,0.644999999999996,session-1783603749411-du6syw,filtertrack-samples2.csv,686.0
2026-07-09 13:40:39+00:00,128.6963793103448,0.6300000000000239,session-1783603749411-du6syw,filtertrack-samples2.csv,687.0
2026-07-09 13:40:40+00:00,128.74224137931034,0.6200000000000045,session-1783603749411-du6syw,filtertrack-samples2.csv,688.0
2026-07-09 13:40:41+00:00,128.7935593220339,0.5900000000000318,session-1783603749411-du6syw,filtertrack-samples2.csv,689.0
2026-07-09 13:40:42+00:00,128.80435483870968,0.5599999999999739,session-1783603749411-du6syw,filtertrack-samples2.csv,690.0
2026-07-09 13:40:43+00:00,128.84365079365082,0.5,session-1783603749411-du6syw,filtertrack-samples2.csv,691.0
2026-07-09 13:40:44+00:00,128.87140625,0.46999999999999886,session-1783603749411-du6syw,filtertrack-samples2.csv,692.0
2026-07-09 13:40:45+00:00,128.87227272727273,0.44000000000002615,session-1783603749411-du6syw,filtertrack-samples2.csv,693.0
2026-07-09 13:40:46+00:00,128.86863636363637,0.46999999999999886,session-1783603749411-du6syw,filtertrack-samples2.csv,694.0
2026-07-09 13:40:47+00:00,128.8531343283582,0.4899999999999807,session-1783603749411-du6syw,filtertrack-samples2.csv,695.0
2026-07-09 13:40:48+00:00,128.8776119402985,0.45999999999999375,session-1783603749411-du6syw,filtertrack-samples2.csv,696.0
2026-07-09 13:40:49+00:00,128.8839393939394,0.46999999999999886,session-1783603749411-du6syw,filtertrack-samples2.csv,697.0
2026-07-09 13:40:50+00:00,128.8959090909091,0.46999999999999886,session-1783603749411-du6syw,filtertrack-samples2.csv,698.0
2026-07-09 13:40:51+00:00,128.90174603174603,0.5150000000000006,session-1783603749411-du6syw,filtertrack-samples2.csv,699.0
2026-07-09 13:40:52+00:00,128.9858064516129,0.5949999999999989,session-1783603749411-du6syw,filtertrack-samples2.csv,700.0
2026-07-09 13:40:53+00:00,129.03816666666665,0.6500000000000057,session-1783603749411-du6syw,filtertrack-samples2.csv,701.0
2026-07-09 13:40:54+00:00,129.0569090909091,0.75,session-1783603749411-du6syw,filtertrack-samples2.csv,702.0
2026-07-09 13:40:55+00:00,129.14814814814815,0.8249999999999886,session-1783603749411-du6syw,filtertrack-samples2.csv,703.0
2026-07-09 13:40:56+00:00,129.2209433962264,0.8900000000000006,session-1783603749411-du6syw,filtertrack-samples2.csv,704.0
2026-07-09 13:40:57+00:00,129.29346153846151,0.8899999999999864,session-1783603749411-du6syw,filtertrack-samples2.csv,705.0
2026-07-09 13:40:58+00:00,129.3525531914893,1.0149999999999864,session-1783603749411-du6syw,filtertrack-samples2.csv,706.0
2026-07-09 13:41:00+00:00,129.42765957446807,0.8200000000000074,session-1783603749411-du6syw,filtertrack-samples2.csv,708.0
2026-07-09 13:41:01+00:00,129.4722,0.7199999999999989,session-1783603749411-du6syw,filtertrack-samples2.csv,709.0
2026-07-09 13:41:02+00:00,129.48142857142858,0.7599999999999909,session-1783603749411-du6syw,filtertrack-samples2.csv,710.0
2026-07-09 13:41:03+00:00,129.46423076923077,0.7049999999999983,session-1783603749411-du6syw,filtertrack-samples2.csv,711.0
2026-07-09 13:41:04+00:00,129.46836363636365,0.6349999999999909,session-1783603749411-du6syw,filtertrack-samples2.csv,712.0
2026-07-09 13:41:05+00:00,129.47436363636365,0.5999999999999943,session-1783603749411-du6syw,filtertrack-samples2.csv,713.0
2026-07-09 13:41:06+00:00,129.4438596491228,0.539999999999992,session-1783603749411-du6syw,filtertrack-samples2.csv,714.0
2026-07-09 13:41:07+00:00,129.46071428571426,0.5900000000000034,session-1783603749411-du6syw,filtertrack-samples2.csv,715.0
2026-07-09 13:41:08+00:00,129.4638709677419,0.4200000000000159,session-1783603749411-du6syw,filtertrack-samples2.csv,716.0
2026-07-09 13:41:09+00:00,129.44952380952378,0.375,session-1783603749411-du6syw,filtertrack-samples2.csv,717.0
2026-07-09 13:41:10+00:00,129.4289230769231,0.4300000000000068,session-1783603749411-du6syw,filtertrack-samples2.csv,718.0
2026-07-09 13:41:11+00:00,129.35384615384615,0.44999999999998863,session-1783603749411-du6syw,filtertrack-samples2.csv,719.0
2026-07-09 13:41:12+00:00,129.26121212121214,0.5300000000000153,session-1783603749411-du6syw,filtertrack-samples2.csv,720.0
2026-07-09 13:41:13+00:00,129.22609375000002,0.4900000000000091,session-1783603749411-du6syw,filtertrack-samples2.csv,721.0
2026-07-09 13:41:14+00:00,129.23151515151514,0.5149999999999864,session-1783603749411-du6syw,filtertrack-samples2.csv,722.0
2026-07-09 13:41:15+00:00,129.20125,0.539999999999992,session-1783603749411-du6syw,filtertrack-samples2.csv,723.0
2026-07-09 13:41:16+00:00,129.21983606557376,0.6550000000000011,session-1783603749411-du6syw,filtertrack-samples2.csv,724.0
2026-07-09 13:41:17+00:00,129.20370967741934,0.6299999999999955,session-1783603749411-du6syw,filtertrack-samples2.csv,725.0
2026-07-09 13:41:18+00:00,129.20762711864407,0.6400000000000148,session-1783603749411-du6syw,filtertrack-samples2.csv,726.0
2026-07-09 13:41:19+00:00,129.19620689655173,0.6000000000000227,session-1783603749411-du6syw,filtertrack-samples2.csv,727.0
2026-07-09 13:41:20+00:00,129.20754385964912,0.6150000000000091,session-1783603749411-du6syw,filtertrack-samples2.csv,728.0
2026-07-09 13:41:21+00:00,129.28525423728814,0.5600000000000023,session-1783603749411-du6syw,filtertrack-samples2.csv,729.0
2026-07-09 13:41:22+00:00,129.3898275862069,0.4449999999999932,session-1783603749411-du6syw,filtertrack-samples2.csv,730.0
2026-07-09 13:41:23+00:00,129.4613559322034,0.4300000000000068,session-1783603749411-du6syw,filtertrack-samples2.csv,731.0
2026-07-09 13:41:24+00:00,129.4918181818182,0.6099999999999852,session-1783603749411-du6syw,filtertrack-samples2.csv,732.0
2026-07-09 13:41:25+00:00,129.49701754385964,0.5100000000000193,session-1783603749411-du6syw,filtertrack-samples2.csv,733.0
2026-07-09 13:41:26+00:00,129.4762711864407,0.3849999999999909,session-1783603749411-du6syw,filtertrack-samples2.csv,734.0
2026-07-09 13:41:27+00:00,129.519,0.4350000000000023,session-1783603749411-du6syw,filtertrack-samples2.csv,735.0
2026-07-09 13:41:28+00:00,129.52590163934428,0.4549999999999841,session-1783603749411-du6syw,filtertrack-samples2.csv,736.0
2026-07-09 13:41:29+00:00,129.55578947368423,0.4899999999999807,session-1783603749411-du6syw,filtertrack-samples2.csv,737.0
2026-07-09 13:41:30+00:00,129.60218181818186,0.6999999999999886,session-1783603749411-du6syw,filtertrack-samples2.csv,738.0
2026-07-09 13:41:31+00:00,129.60836363636366,0.7800000000000011,session-1783603749411-du6syw,filtertrack-samples2.csv,739.0
2026-07-09 13:41:32+00:00,129.6161111111111,0.8449999999999989,session-1783603749411-du6syw,filtertrack-samples2.csv,740.0
2026-07-09 13:41:33+00:00,129.59403846153847,0.8600000000000136,session-1783603749411-du6syw,filtertrack-samples2.csv,741.0
2026-07-09 13:41:34+00:00,129.53074074074075,0.8400000000000034,session-1783603749411-du6syw,filtertrack-samples2.csv,742.0
2026-07-09 13:41:35+00:00,129.47666666666666,0.6800000000000068,session-1783603749411-du6syw,filtertrack-samples2.csv,743.0
2026-07-09 13:41:36+00:00,129.44465517241377,0.8600000000000136,session-1783603749411-du6syw,filtertrack-samples2.csv,744.0
2026-07-09 13:41:37+00:00,129.38877192982457,0.8799999999999955,session-1783603749411-du6syw,filtertrack-samples2.csv,745.0
2026-07-09 13:41:38+00:00,129.30186440677966,0.7349999999999994,session-1783603749411-du6syw,filtertrack-samples2.csv,746.0
2026-07-09 13:41:39+00:00,129.25753846153847,0.6099999999999994,session-1783603749411-du6syw,filtertrack-samples2.csv,747.0
2026-07-09 13:41:40+00:00,129.25507692307693,0.6349999999999767,session-1783603749411-du6syw,filtertrack-samples2.csv,748.0
2026-07-09 13:41:41+00:00,129.21898305084747,0.8400000000000034,session-1783603749411-du6syw,filtertrack-samples2.csv,749.0
2026-07-09 13:41:42+00:00,129.17741379310345,0.8499999999999943,session-1783603749411-du6syw,filtertrack-samples2.csv,750.0
2026-07-09 13:41:43+00:00,129.16032786885245,0.6999999999999886,session-1783603749411-du6syw,filtertrack-samples2.csv,751.0
2026-07-09 13:41:44+00:00,129.18966101694915,0.6999999999999886,session-1783603749411-du6syw,filtertrack-samples2.csv,752.0
2026-07-09 13:41:45+00:00,129.20245283018866,0.9800000000000182,session-1783603749411-du6syw,filtertrack-samples2.csv,753.0
2026-07-09 13:41:46+00:00,129.19448979591837,1.0600000000000023,session-1783603749411-du6syw,filtertrack-samples2.csv,754.0
2026-07-09 13:41:48+00:00,134.6249019607843,0.6299999999999955,session-1783603749411-du6syw,filtertrack-samples2.csv,756.0
2026-07-09 13:41:49+00:00,134.5849090909091,0.6049999999999898,session-1783603749411-du6syw,filtertrack-samples2.csv,757.0
2026-07-09 13:41:50+00:00,134.55745762711865,0.5999999999999943,session-1783603749411-du6syw,filtertrack-samples2.csv,758.0
2026-07-09 13:41:51+00:00,134.56032786885245,0.46999999999999886,session-1783603749411-du6syw,filtertrack-samples2.csv,759.0
2026-07-09 13:41:52+00:00,134.55555555555554,0.4399999999999977,session-1783603749411-du6syw,filtertrack-samples2.csv,760.0
2026-07-09 13:41:53+00:00,134.54333333333335,0.4299999999999926,session-1783603749411-du6syw,filtertrack-samples2.csv,761.0
2026-07-09 13:41:54+00:00,134.538028169014,0.3299999999999841,session-1783603749411-du6syw,filtertrack-samples2.csv,762.0
2026-07-09 13:41:55+00:00,134.50847222222222,0.30999999999998806,session-1783603749411-du6syw,filtertrack-samples2.csv,763.0
2026-07-09 13:41:56+00:00,134.51,0.29999999999998295,session-1783603749411-du6syw,filtertrack-samples2.csv,764.0
2026-07-09 13:41:57+00:00,134.49897435897432,0.29999999999998295,session-1783603749411-du6syw,filtertrack-samples2.csv,765.0
2026-07-09 13:41:58+00:00,134.51434210526315,0.29999999999998295,session-1783603749411-du6syw,filtertrack-samples2.csv,766.0
2026-07-09 13:41:59+00:00,134.515974025974,0.28000000000000114,session-1783603749411-du6syw,filtertrack-samples2.csv,767.0
2026-07-09 13:42:00+00:00,134.5324358974359,0.28000000000000114,session-1783603749411-du6syw,filtertrack-samples2.csv,768.0
2026-07-09 13:42:01+00:00,134.53012658227848,0.28000000000000114,session-1783603749411-du6syw,filtertrack-samples2.csv,769.0
2026-07-09 13:42:02+00:00,134.5318987341772,0.28000000000000114,session-1783603749411-du6syw,filtertrack-samples2.csv,770.0
2026-07-09 13:42:03+00:00,134.52012345679012,0.25,session-1783603749411-du6syw,filtertrack-samples2.csv,771.0
2026-07-09 13:42:04+00:00,134.51291666666668,0.25,session-1783603749411-du6syw,filtertrack-samples2.csv,772.0
2026-07-09 13:42:05+00:00,134.52615384615382,0.23499999999999943,session-1783603749411-du6syw,filtertrack-samples2.csv,773.0
2026-07-09 13:42:06+00:00,134.51803571428573,0.22999999999998977,session-1783603749411-du6syw,filtertrack-samples2.csv,774.0
2026-07-09 13:42:07+00:00,134.51404255319147,0.22999999999998977,session-1783603749411-du6syw,filtertrack-samples2.csv,775.0
2026-07-14 12:15:16+00:00,85.49000000000001,0.01999999999999602,session-1784031314726-n0212a,filtertrack-samples3.csv,0.0
2026-07-14 12:15:17+00:00,85.48142857142857,0.01999999999999602,session-1784031314726-n0212a,filtertrack-samples3.csv,1.0
2026-07-14 12:15:18+00:00,85.46916666666667,0.030000000000001137,session-1784031314726-n0212a,filtertrack-samples3.csv,2.0
2026-07-14 12:15:19+00:00,85.47768292682927,0.030000000000001137,session-1784031314726-n0212a,filtertrack-samples3.csv,3.0
2026-07-14 12:15:20+00:00,85.47182795698924,0.030000000000001137,session-1784031314726-n0212a,filtertrack-samples3.csv,4.0
2026-07-14 12:15:21+00:00,85.4749494949495,0.030000000000001137,session-1784031314726-n0212a,filtertrack-samples3.csv,5.0
2026-07-14 12:15:22+00:00,85.4818,0.01999999999999602,session-1784031314726-n0212a,filtertrack-samples3.csv,6.0
2026-07-14 12:15:23+00:00,85.48131313131313,0.030000000000001137,session-1784031314726-n0212a,filtertrack-samples3.csv,7.0
2026-07-14 12:15:24+00:00,85.4835,0.030000000000001137,session-1784031314726-n0212a,filtertrack-samples3.csv,8.0
2026-07-14 12:15:25+00:00,85.47980198019805,0.030000000000001137,session-1784031314726-n0212a,filtertrack-samples3.csv,9.0
2026-07-14 12:15:26+00:00,85.48369999999998,0.04000000000000625,session-1784031314726-n0212a,filtertrack-samples3.csv,10.0
2026-07-14 12:15:27+00:00,85.48787878787878,0.030000000000015348,session-1784031314726-n0212a,filtertrack-samples3.csv,11.0
2026-07-14 12:15:28+00:00,85.4992,0.030000000000001137,session-1784031314726-n0212a,filtertrack-samples3.csv,12.0
2026-07-14 12:15:29+00:00,85.50060000000002,0.030000000000001137,session-1784031314726-n0212a,filtertrack-samples3.csv,13.0
2026-07-14 12:15:30+00:00,85.51080808080808,0.030000000000001137,session-1784031314726-n0212a,filtertrack-samples3.csv,14.0
2026-07-14 12:15:31+00:00,85.52020202020202,0.029999999999986926,session-1784031314726-n0212a,filtertrack-samples3.csv,15.0
2026-07-14 12:15:32+00:00,85.5340206185567,0.029999999999986926,session-1784031314726-n0212a,filtertrack-samples3.csv,16.0
2026-07-14 12:15:33+00:00,85.54747474747472,0.029999999999986926,session-1784031314726-n0212a,filtertrack-samples3.csv,17.0
2026-07-14 12:15:34+00:00,85.53737373737373,0.029999999999986926,session-1784031314726-n0212a,filtertrack-samples3.csv,18.0
2026-07-14 12:15:35+00:00,85.52894736842104,0.03499999999999659,session-1784031314726-n0212a,filtertrack-samples3.csv,19.0
2026-07-14 12:15:36+00:00,85.524,0.04000000000000625,session-1784031314726-n0212a,filtertrack-samples3.csv,20.0
2026-07-14 12:15:37+00:00,85.5059595959596,0.035000000000003695,session-1784031314726-n0212a,filtertrack-samples3.csv,21.0
2026-07-14 12:15:38+00:00,85.50131313131314,0.030000000000001137,session-1784031314726-n0212a,filtertrack-samples3.csv,22.0
2026-07-14 12:15:39+00:00,85.49565656565655,0.04000000000000625,session-1784031314726-n0212a,filtertrack-samples3.csv,23.0
2026-07-14 12:15:40+00:00,85.49393939393939,0.04000000000000625,session-1784031314726-n0212a,filtertrack-samples3.csv,24.0
2026-07-14 12:15:41+00:00,85.46848484848483,0.04000000000000625,session-1784031314726-n0212a,filtertrack-samples3.csv,25.0
2026-07-14 12:15:42+00:00,85.45683168316832,0.030000000000001137,session-1784031314726-n0212a,filtertrack-samples3.csv,26.0
2026-07-14 12:15:43+00:00,85.43333333333332,0.030000000000001137,session-1784031314726-n0212a,filtertrack-samples3.csv,27.0
2026-07-14 12:15:44+00:00,85.44222222222221,0.030000000000001137,session-1784031314726-n0212a,filtertrack-samples3.csv,28.0
2026-07-14 12:15:45+00:00,85.46989795918368,0.01999999999999602,session-1784031314726-n0212a,filtertrack-samples3.csv,29.0
2026-07-14 12:15:46+00:00,85.46908163265306,0.01999999999999602,session-1784031314726-n0212a,filtertrack-samples3.csv,30.0
2026-07-14 12:15:47+00:00,85.47434343434342,0.02499999999999858,session-1784031314726-n0212a,filtertrack-samples3.csv,31.0
2026-07-14 12:15:48+00:00,85.46816326530612,0.030000000000001137,session-1784031314726-n0212a,filtertrack-samples3.csv,32.0
2026-07-14 12:15:49+00:00,85.47474226804123,0.030000000000001137,session-1784031314726-n0212a,filtertrack-samples3.csv,33.0
2026-07-14 12:15:50+00:00,85.48114583333331,0.030000000000001137,session-1784031314726-n0212a,filtertrack-samples3.csv,34.0
2026-07-14 12:15:51+00:00,85.50020618556701,0.030000000000001137,session-1784031314726-n0212a,filtertrack-samples3.csv,35.0
2026-07-14 12:15:52+00:00,85.49979381443299,0.030000000000001137,session-1784031314726-n0212a,filtertrack-samples3.csv,36.0
2026-07-14 12:15:53+00:00,85.50999999999999,0.020000000000010232,session-1784031314726-n0212a,filtertrack-samples3.csv,37.0
2026-07-14 12:15:54+00:00,85.51408163265307,0.020000000000010232,session-1784031314726-n0212a,filtertrack-samples3.csv,38.0
2026-07-14 12:15:55+00:00,85.51268041237113,0.030000000000001137,session-1784031314726-n0212a,filtertrack-samples3.csv,39.0
2026-07-14 12:15:56+00:00,85.51846938775509,0.029999999999986926,session-1784031314726-n0212a,filtertrack-samples3.csv,40.0
2026-07-14 12:15:57+00:00,85.52391752577319,0.04000000000000625,session-1784031314726-n0212a,filtertrack-samples3.csv,41.0
2026-07-14 12:15:58+00:00,85.51673469387754,0.04000000000000625,session-1784031314726-n0212a,filtertrack-samples3.csv,42.0
2026-07-14 12:15:59+00:00,85.48625,0.030000000000001137,session-1784031314726-n0212a,filtertrack-samples3.csv,43.0
2026-07-14 12:16:00+00:00,85.45614583333334,0.030000000000001137,session-1784031314726-n0212a,filtertrack-samples3.csv,44.0
2026-07-14 12:16:01+00:00,85.43715789473684,0.04000000000000625,session-1784031314726-n0212a,filtertrack-samples3.csv,45.0
2026-07-14 12:16:02+00:00,85.43124999999999,0.045000000000001705,session-1784031314726-n0212a,filtertrack-samples3.csv,46.0
2026-07-14 12:16:03+00:00,85.439375,0.04999999999999716,session-1784031314726-n0212a,filtertrack-samples3.csv,47.0
2026-07-14 12:16:04+00:00,85.43294736842105,0.04000000000000625,session-1784031314726-n0212a,filtertrack-samples3.csv,48.0
2026-07-14 12:16:05+00:00,85.44082474226805,0.04000000000000625,session-1784031314726-n0212a,filtertrack-samples3.csv,49.0
2026-07-14 12:16:06+00:00,85.434375,0.035000000000003695,session-1784031314726-n0212a,filtertrack-samples3.csv,50.0
2026-07-14 12:16:07+00:00,85.43083333333333,0.030000000000001137,session-1784031314726-n0212a,filtertrack-samples3.csv,51.0
2026-07-14 12:16:08+00:00,85.4408163265306,0.030000000000001137,session-1784031314726-n0212a,filtertrack-samples3.csv,52.0
2026-07-14 12:16:09+00:00,85.4601,0.01999999999999602,session-1784031314726-n0212a,filtertrack-samples3.csv,53.0
2026-07-14 12:16:10+00:00,85.4949,0.01999999999999602,session-1784031314726-n0212a,filtertrack-samples3.csv,54.0
2026-07-14 12:16:11+00:00,85.50762376237624,0.01999999999999602,session-1784031314726-n0212a,filtertrack-samples3.csv,55.0
2026-07-14 12:16:12+00:00,85.50929999999998,0.01999999999999602,session-1784031314726-n0212a,filtertrack-samples3.csv,56.0
2026-07-14 12:16:13+00:00,85.5,0.01999999999999602,session-1784031314726-n0212a,filtertrack-samples3.csv,57.0
2026-07-14 12:16:14+00:00,85.49198019801979,0.01999999999999602,session-1784031314726-n0212a,filtertrack-samples3.csv,58.0
2026-07-14 12:16:15+00:00,85.48049999999999,0.01999999999999602,session-1784031314726-n0212a,filtertrack-samples3.csv,59.0
2026-07-14 12:16:16+00:00,85.46900000000001,0.030000000000001137,session-1784031314726-n0212a,filtertrack-samples3.csv,60.0
2026-07-14 12:16:17+00:00,85.4680198019802,0.05000000000001137,session-1784031314726-n0212a,filtertrack-samples3.csv,61.0
2026-07-14 12:16:18+00:00,85.46710000000002,0.05000000000001137,session-1784031314726-n0212a,filtertrack-samples3.csv,62.0
2026-07-14 12:16:19+00:00,85.46666666666667,0.05000000000001137,session-1784031314726-n0212a,filtertrack-samples3.csv,63.0
2026-07-14 12:16:20+00:00,85.4368,0.04999999999999716,session-1784031314726-n0212a,filtertrack-samples3.csv,64.0
2026-07-14 12:16:21+00:00,85.4535,0.05000000000001137,session-1784031314726-n0212a,filtertrack-samples3.csv,65.0
2026-07-14 12:16:22+00:00,85.4548484848485,0.05000000000001137,session-1784031314726-n0212a,filtertrack-samples3.csv,66.0
2026-07-14 12:16:23+00:00,85.4568,0.05000000000001137,session-1784031314726-n0212a,filtertrack-samples3.csv,67.0
2026-07-14 12:16:24+00:00,85.46609999999998,0.05000000000001137,session-1784031314726-n0212a,filtertrack-samples3.csv,68.0
2026-07-14 12:16:25+00:00,85.47757575757575,0.04000000000000625,session-1784031314726-n0212a,filtertrack-samples3.csv,69.0
2026-07-14 12:16:26+00:00,85.49,0.030000000000001137,session-1784031314726-n0212a,filtertrack-samples3.csv,70.0
2026-07-14 12:16:27+00:00,85.4866,0.01999999999999602,session-1784031314726-n0212a,filtertrack-samples3.csv,71.0
2026-07-14 12:16:28+00:00,85.48330000000001,0.01999999999999602,session-1784031314726-n0212a,filtertrack-samples3.csv,72.0
2026-07-14 12:16:29+00:00,85.4835,0.01999999999999602,session-1784031314726-n0212a,filtertrack-samples3.csv,73.0
2026-07-14 12:16:30+00:00,85.49693069306932,0.030000000000001137,session-1784031314726-n0212a,filtertrack-samples3.csv,74.0
2026-07-14 12:16:31+00:00,85.47469999999997,0.05000000000000426,session-1784031314726-n0212a,filtertrack-samples3.csv,75.0
2026-07-14 12:16:32+00:00,85.46663366336637,0.05000000000001137,session-1784031314726-n0212a,filtertrack-samples3.csv,76.0
2026-07-14 12:16:33+00:00,85.45405940594058,0.05000000000001137,session-1784031314726-n0212a,filtertrack-samples3.csv,77.0
2026-07-14 12:16:34+00:00,85.4411,0.05999999999998806,session-1784031314726-n0212a,filtertrack-samples3.csv,78.0
2026-07-14 12:16:35+00:00,85.4288118811881,0.030000000000001137,session-1784031314726-n0212a,filtertrack-samples3.csv,79.0
2026-07-14 12:16:36+00:00,85.4145,0.030000000000001137,session-1784031314726-n0212a,filtertrack-samples3.csv,80.0
2026-07-14 12:16:37+00:00,85.41399999999997,0.030000000000001137,session-1784031314726-n0212a,filtertrack-samples3.csv,81.0
2026-07-14 12:16:38+00:00,85.41019999999999,0.020000000000010232,session-1784031314726-n0212a,filtertrack-samples3.csv,82.0
2026-07-14 12:16:39+00:00,85.40019999999998,0.020000000000010232,session-1784031314726-n0212a,filtertrack-samples3.csv,83.0
2026-07-14 12:16:40+00:00,85.39900000000002,0.01999999999999602,session-1784031314726-n0212a,filtertrack-samples3.csv,84.0
2026-07-14 12:16:41+00:00,85.40540000000001,0.030000000000001137,session-1784031314726-n0212a,filtertrack-samples3.csv,85.0
2026-07-14 12:16:42+00:00,85.4094,0.030000000000001137,session-1784031314726-n0212a,filtertrack-samples3.csv,86.0
2026-07-14 12:16:43+00:00,85.4207,0.030000000000001137,session-1784031314726-n0212a,filtertrack-samples3.csv,87.0
2026-07-14 12:16:44+00:00,85.4379797979798,0.04999999999999716,session-1784031314726-n0212a,filtertrack-samples3.csv,88.0
2026-07-14 12:16:45+00:00,85.44484848484848,0.06999999999999318,session-1784031314726-n0212a,filtertrack-samples3.csv,89.0
2026-07-14 12:16:46+00:00,85.4577551020408,0.06999999999999318,session-1784031314726-n0212a,filtertrack-samples3.csv,90.0
2026-07-14 12:16:47+00:00,85.47,0.05000000000001137,session-1784031314726-n0212a,filtertrack-samples3.csv,91.0
2026-07-14 12:16:48+00:00,85.475,0.05000000000001137,session-1784031314726-n0212a,filtertrack-samples3.csv,92.0
2026-07-14 12:16:49+00:00,85.47896907216494,0.05000000000001137,session-1784031314726-n0212a,filtertrack-samples3.csv,93.0
2026-07-14 12:16:50+00:00,85.46530612244898,0.06999999999999318,session-1784031314726-n0212a,filtertrack-samples3.csv,94.0
2026-07-14 12:16:51+00:00,85.4452,0.06999999999999318,session-1784031314726-n0212a,filtertrack-samples3.csv,95.0
2026-07-14 12:16:52+00:00,85.43849999999999,0.06999999999999318,session-1784031314726-n0212a,filtertrack-samples3.csv,96.0
2026-07-14 12:16:53+00:00,85.42091836734694,0.05000000000001137,session-1784031314726-n0212a,filtertrack-samples3.csv,97.0
2026-07-14 12:16:54+00:00,85.40868686868684,0.030000000000001137,session-1784031314726-n0212a,filtertrack-samples3.csv,98.0
2026-07-14 12:16:55+00:00,85.40760000000002,0.030000000000001137,session-1784031314726-n0212a,filtertrack-samples3.csv,99.0
2026-07-14 12:16:56+00:00,85.40550000000002,0.020000000000010232,session-1784031314726-n0212a,filtertrack-samples3.csv,100.0
2026-07-14 12:16:57+00:00,85.3934,0.020000000000010232,session-1784031314726-n0212a,filtertrack-samples3.csv,101.0
2026-07-14 12:16:58+00:00,85.39710000000001,0.020000000000010232,session-1784031314726-n0212a,filtertrack-samples3.csv,102.0
2026-07-14 12:16:59+00:00,85.40861386138613,0.030000000000001137,session-1784031314726-n0212a,filtertrack-samples3.csv,103.0
2026-07-14 12:17:00+00:00,85.421,0.030000000000001137,session-1784031314726-n0212a,filtertrack-samples3.csv,104.0
2026-07-14 12:17:01+00:00,85.43299999999999,0.04999999999999716,session-1784031314726-n0212a,filtertrack-samples3.csv,105.0
2026-07-14 12:17:02+00:00,85.43898989898989,0.060000000000002274,session-1784031314726-n0212a,filtertrack-samples3.csv,106.0
2026-07-14 12:17:03+00:00,85.44871287128714,0.04999999999999716,session-1784031314726-n0212a,filtertrack-samples3.csv,107.0
2026-07-14 12:17:04+00:00,85.45759999999999,0.030000000000001137,session-1784031314726-n0212a,filtertrack-samples3.csv,108.0
2026-07-14 12:17:05+00:00,85.46909090909091,0.030000000000001137,session-1784031314726-n0212a,filtertrack-samples3.csv,109.0
2026-07-14 12:17:06+00:00,85.47679999999998,0.01999999999999602,session-1784031314726-n0212a,filtertrack-samples3.csv,110.0
2026-07-14 12:17:07+00:00,85.48373737373736,0.01999999999999602,session-1784031314726-n0212a,filtertrack-samples3.csv,111.0
2026-07-14 12:17:08+00:00,85.47730000000003,0.01999999999999602,session-1784031314726-n0212a,filtertrack-samples3.csv,112.0
2026-07-14 12:17:09+00:00,85.4792,0.02499999999999858,session-1784031314726-n0212a,filtertrack-samples3.csv,113.0
2026-07-14 12:17:10+00:00,85.4796,0.030000000000001137,session-1784031314726-n0212a,filtertrack-samples3.csv,114.0
2026-07-14 12:17:11+00:00,85.47680000000003,0.030000000000001137,session-1784031314726-n0212a,filtertrack-samples3.csv,115.0
2026-07-14 12:17:12+00:00,85.478,0.030000000000001137,session-1784031314726-n0212a,filtertrack-samples3.csv,116.0
2026-07-14 12:17:13+00:00,85.47808080808079,0.030000000000001137,session-1784031314726-n0212a,filtertrack-samples3.csv,117.0
2026-07-14 12:17:14+00:00,85.47303030303033,0.02499999999999858,session-1784031314726-n0212a,filtertrack-samples3.csv,118.0
2026-07-14 12:17:15+00:00,85.46850000000002,0.030000000000001137,session-1784031314726-n0212a,filtertrack-samples3.csv,119.0
2026-07-14 12:17:16+00:00,85.46469387755101,0.030000000000001137,session-1784031314726-n0212a,filtertrack-samples3.csv,120.0
2026-07-14 12:17:17+00:00,85.46343434343433,0.030000000000001137,session-1784031314726-n0212a,filtertrack-samples3.csv,121.0
2026-07-14 12:17:18+00:00,85.46051546391753,0.030000000000001137,session-1784031314726-n0212a,filtertrack-samples3.csv,122.0
2026-07-14 12:17:19+00:00,85.44824742268041,0.05000000000001137,session-1784031314726-n0212a,filtertrack-samples3.csv,123.0
2026-07-14 12:17:20+00:00,85.43583333333333,0.05000000000001137,session-1784031314726-n0212a,filtertrack-samples3.csv,124.0
2026-07-14 12:17:21+00:00,85.43074468085106,0.07000000000000739,session-1784031314726-n0212a,filtertrack-samples3.csv,125.0
2026-07-14 12:17:22+00:00,85.43385416666666,0.07000000000000739,session-1784031314726-n0212a,filtertrack-samples3.csv,126.0
2026-07-14 12:17:23+00:00,85.42649484536084,0.07000000000000739,session-1784031314726-n0212a,filtertrack-samples3.csv,127.0
2026-07-14 12:17:24+00:00,85.42360824742268,0.05000000000001137,session-1784031314726-n0212a,filtertrack-samples3.csv,128.0
2026-07-14 12:17:25+00:00,85.40061224489796,0.04000000000000625,session-1784031314726-n0212a,filtertrack-samples3.csv,129.0
2026-07-14 12:17:26+00:00,85.389,0.030000000000001137,session-1784031314726-n0212a,filtertrack-samples3.csv,130.0
2026-07-14 12:17:27+00:00,85.38160000000002,0.030000000000001137,session-1784031314726-n0212a,filtertrack-samples3.csv,131.0
2026-07-14 12:17:28+00:00,85.39130000000002,0.030000000000001137,session-1784031314726-n0212a,filtertrack-samples3.csv,132.0
2026-07-14 12:17:29+00:00,85.38969696969697,0.030000000000001137,session-1784031314726-n0212a,filtertrack-samples3.csv,133.0
2026-07-14 12:17:30+00:00,85.3959,0.035000000000003695,session-1784031314726-n0212a,filtertrack-samples3.csv,134.0
2026-07-14 12:17:31+00:00,85.40686868686869,0.030000000000001137,session-1784031314726-n0212a,filtertrack-samples3.csv,135.0
2026-07-14 12:17:32+00:00,85.39710000000001,0.04000000000000625,session-1784031314726-n0212a,filtertrack-samples3.csv,136.0
2026-07-14 12:17:33+00:00,85.39270000000002,0.04999999999999716,session-1784031314726-n0212a,filtertrack-samples3.csv,137.0
2026-07-14 12:17:34+00:00,85.39858585858585,0.07000000000000739,session-1784031314726-n0212a,filtertrack-samples3.csv,138.0
2026-07-14 12:17:35+00:00,85.40277227722773,0.07000000000000739,session-1784031314726-n0212a,filtertrack-samples3.csv,139.0
2026-07-14 12:17:36+00:00,85.42747474747475,0.07500000000000284,session-1784031314726-n0212a,filtertrack-samples3.csv,140.0
2026-07-14 12:17:37+00:00,85.4108163265306,0.07000000000000739,session-1784031314726-n0212a,filtertrack-samples3.csv,141.0
2026-07-14 12:17:38+00:00,85.4260606060606,0.07500000000000284,session-1784031314726-n0212a,filtertrack-samples3.csv,142.0
2026-07-14 12:17:39+00:00,85.43326732673269,0.05000000000001137,session-1784031314726-n0212a,filtertrack-samples3.csv,143.0
2026-07-14 12:17:40+00:00,85.4454,0.04000000000000625,session-1784031314726-n0212a,filtertrack-samples3.csv,144.0
2026-07-14 12:17:41+00:00,85.4531313131313,0.04000000000000625,session-1784031314726-n0212a,filtertrack-samples3.csv,145.0
2026-07-14 12:17:42+00:00,85.44757575757575,0.08499999999999375,session-1784031314726-n0212a,filtertrack-samples3.csv,146.0
2026-07-14 12:17:43+00:00,85.44500000000001,0.10000000000000853,session-1784031314726-n0212a,filtertrack-samples3.csv,147.0
2026-07-14 12:17:44+00:00,85.41622448979592,0.09000000000000341,session-1784031314726-n0212a,filtertrack-samples3.csv,148.0
2026-07-14 12:17:45+00:00,85.42062500000002,0.0799999999999983,session-1784031314726-n0212a,filtertrack-samples3.csv,149.0
2026-07-14 12:17:46+00:00,85.40242105263158,0.0799999999999983,session-1784031314726-n0212a,filtertrack-samples3.csv,150.0
2026-07-14 12:17:47+00:00,85.4198947368421,0.06999999999999318,session-1784031314726-n0212a,filtertrack-samples3.csv,151.0
2026-07-14 12:17:48+00:00,85.41175257731959,0.03999999999999204,session-1784031314726-n0212a,filtertrack-samples3.csv,152.0
2026-07-14 12:17:49+00:00,85.40556701030926,0.030000000000001137,session-1784031314726-n0212a,filtertrack-samples3.csv,153.0
2026-07-14 12:17:50+00:00,85.39595959595961,0.030000000000001137,session-1784031314726-n0212a,filtertrack-samples3.csv,154.0
2026-07-14 12:17:51+00:00,85.39370000000001,0.03999999999999204,session-1784031314726-n0212a,filtertrack-samples3.csv,155.0
2026-07-14 12:17:52+00:00,85.4001052631579,0.05000000000001137,session-1784031314726-n0212a,filtertrack-samples3.csv,156.0
2026-07-14 12:17:53+00:00,85.40788235294117,0.060000000000002274,session-1784031314726-n0212a,filtertrack-samples3.csv,157.0
2026-07-14 12:17:54+00:00,85.41175675675677,0.07000000000000739,session-1784031314726-n0212a,filtertrack-samples3.csv,158.0
2026-07-14 12:17:55+00:00,85.41015384615385,0.06999999999999318,session-1784031314726-n0212a,filtertrack-samples3.csv,159.0
2026-07-14 12:17:56+00:00,85.40909090909092,0.07000000000000739,session-1784031314726-n0212a,filtertrack-samples3.csv,160.0
2026-07-14 13:40:21+00:00,85.50529411764707,0.030000000000001137,session-1784036780900-38r373,filtertrack-samples4.csv,0.0
2026-07-14 13:40:22+00:00,85.4783606557377,0.04000000000000625,session-1784036780900-38r373,filtertrack-samples4.csv,1.0
2026-07-14 13:40:23+00:00,85.46112676056342,0.04999999999999716,session-1784036780900-38r373,filtertrack-samples4.csv,2.0
2026-07-14 13:40:24+00:00,85.45567901234568,0.04000000000000625,session-1784036780900-38r373,filtertrack-samples4.csv,3.0
2026-07-14 13:40:25+00:00,85.45010989010989,0.04000000000000625,session-1784036780900-38r373,filtertrack-samples4.csv,4.0
2026-07-14 13:40:26+00:00,85.45535353535355,0.030000000000001137,session-1784036780900-38r373,filtertrack-samples4.csv,5.0
2026-07-14 13:40:27+00:00,85.45415841584159,0.04000000000000625,session-1784036780900-38r373,filtertrack-samples4.csv,6.0
2026-07-14 13:40:28+00:00,85.4483,0.04000000000000625,session-1784036780900-38r373,filtertrack-samples4.csv,7.0
2026-07-14 13:40:29+00:00,85.4427,0.04000000000000625,session-1784036780900-38r373,filtertrack-samples4.csv,8.0
2026-07-14 13:40:30+00:00,85.44449999999999,0.035000000000003695,session-1784036780900-38r373,filtertrack-samples4.csv,9.0
2026-07-14 13:40:31+00:00,85.43689999999998,0.030000000000001137,session-1784036780900-38r373,filtertrack-samples4.csv,10.0
2026-07-14 13:40:32+00:00,85.43909090909091,0.01999999999999602,session-1784036780900-38r373,filtertrack-samples4.csv,11.0
2026-07-14 13:40:33+00:00,85.45170000000002,0.01999999999999602,session-1784036780900-38r373,filtertrack-samples4.csv,12.0
2026-07-14 13:40:34+00:00,85.47595959595961,0.01999999999999602,session-1784036780900-38r373,filtertrack-samples4.csv,13.0
2026-07-14 13:40:35+00:00,85.48999999999998,0.01999999999999602,session-1784036780900-38r373,filtertrack-samples4.csv,14.0
2026-07-14 13:40:36+00:00,85.49059405940595,0.01999999999999602,session-1784036780900-38r373,filtertrack-samples4.csv,15.0
2026-07-14 13:40:37+00:00,85.48270000000001,0.01999999999999602,session-1784036780900-38r373,filtertrack-samples4.csv,16.0
2026-07-14 13:40:38+00:00,85.4874,0.030000000000001137,session-1784036780900-38r373,filtertrack-samples4.csv,17.0
2026-07-14 13:40:39+00:00,85.50330000000002,0.030000000000001137,session-1784036780900-38r373,filtertrack-samples4.csv,18.0
2026-07-14 13:40:40+00:00,85.49999999999999,0.030000000000001137,session-1784036780900-38r373,filtertrack-samples4.csv,19.0
2026-07-14 13:40:41+00:00,85.495,0.030000000000001137,session-1784036780900-38r373,filtertrack-samples4.csv,20.0
2026-07-14 13:40:42+00:00,85.50841584158417,0.030000000000001137,session-1784036780900-38r373,filtertrack-samples4.csv,21.0
2026-07-14 13:40:43+00:00,85.5062,0.020000000000010232,session-1784036780900-38r373,filtertrack-samples4.csv,22.0
2026-07-14 13:40:44+00:00,85.4885,0.020000000000010232,session-1784036780900-38r373,filtertrack-samples4.csv,23.0
2026-07-14 13:40:45+00:00,85.48524752475248,0.020000000000010232,session-1784036780900-38r373,filtertrack-samples4.csv,24.0
2026-07-14 13:40:46+00:00,85.48819999999998,0.020000000000010232,session-1784036780900-38r373,filtertrack-samples4.csv,25.0
2026-07-14 13:40:47+00:00,85.49780000000001,0.025000000000005684,session-1784036780900-38r373,filtertrack-samples4.csv,26.0
2026-07-14 13:40:48+00:00,85.49080808080808,0.030000000000001137,session-1784036780900-38r373,filtertrack-samples4.csv,27.0
2026-07-14 13:40:49+00:00,85.49490000000002,0.030000000000001137,session-1784036780900-38r373,filtertrack-samples4.csv,28.0
2026-07-14 13:40:50+00:00,85.50219999999999,0.029999999999986926,session-1784036780900-38r373,filtertrack-samples4.csv,29.0
2026-07-14 13:40:51+00:00,85.50494949494951,0.029999999999986926,session-1784036780900-38r373,filtertrack-samples4.csv,30.0
2026-07-14 13:40:52+00:00,85.50454545454545,0.029999999999986926,session-1784036780900-38r373,filtertrack-samples4.csv,31.0
2026-07-14 13:40:53+00:00,85.51653061224489,0.029999999999986926,session-1784036780900-38r373,filtertrack-samples4.csv,32.0
2026-07-14 13:40:54+00:00,85.51178217821781,0.029999999999986926,session-1784036780900-38r373,filtertrack-samples4.csv,33.0
2026-07-14 13:40:55+00:00,85.51950000000001,0.030000000000001137,session-1784036780900-38r373,filtertrack-samples4.csv,34.0
2026-07-14 13:40:56+00:00,85.51509999999999,0.030000000000001137,session-1784036780900-38r373,filtertrack-samples4.csv,35.0
2026-07-14 13:40:57+00:00,85.52673469387756,0.04000000000000625,session-1784036780900-38r373,filtertrack-samples4.csv,36.0
2026-07-14 13:40:58+00:00,85.54710000000001,0.04999999999999716,session-1784036780900-38r373,filtertrack-samples4.csv,37.0
2026-07-14 13:40:59+00:00,85.53444444444445,0.060000000000002274,session-1784036780900-38r373,filtertrack-samples4.csv,38.0
2026-07-14 13:41:00+00:00,85.54363636363637,0.04999999999999716,session-1784036780900-38r373,filtertrack-samples4.csv,39.0
2026-07-14 13:41:01+00:00,85.54463157894739,0.05999999999999517,session-1784036780900-38r373,filtertrack-samples4.csv,40.0
2026-07-14 13:41:02+00:00,85.55840425531915,0.09500000000000597,session-1784036780900-38r373,filtertrack-samples4.csv,41.0
2026-07-14 13:41:03+00:00,85.54553191489363,0.10000000000000853,session-1784036780900-38r373,filtertrack-samples4.csv,42.0
2026-07-14 13:41:04+00:00,85.5394680851064,0.10000000000000853,session-1784036780900-38r373,filtertrack-samples4.csv,43.0
2026-07-14 13:41:05+00:00,85.53559139784947,0.12000000000000455,session-1784036780900-38r373,filtertrack-samples4.csv,44.0
2026-07-14 13:41:06+00:00,85.53709677419356,0.10500000000000398,session-1784036780900-38r373,filtertrack-samples4.csv,45.0
2026-07-14 13:41:07+00:00,85.51474226804122,0.06999999999999318,session-1784036780900-38r373,filtertrack-samples4.csv,46.0
2026-07-14 13:41:08+00:00,85.50156249999999,0.06999999999999318,session-1784036780900-38r373,filtertrack-samples4.csv,47.0
2026-07-14 13:41:09+00:00,85.51648936170211,0.05000000000001137,session-1784036780900-38r373,filtertrack-samples4.csv,48.0
2026-07-14 13:41:10+00:00,85.52489361702126,0.06999999999999318,session-1784036780900-38r373,filtertrack-samples4.csv,49.0
2026-07-14 13:41:11+00:00,85.5447311827957,0.07000000000000739,session-1784036780900-38r373,filtertrack-samples4.csv,50.0
2026-07-14 13:41:12+00:00,85.52935483870968,0.12000000000000455,session-1784036780900-38r373,filtertrack-samples4.csv,51.0
2026-07-14 13:41:13+00:00,85.54329787234042,0.13000000000000966,session-1784036780900-38r373,filtertrack-samples4.csv,52.0
2026-07-14 13:41:14+00:00,85.57366666666668,0.10999999999999943,session-1784036780900-38r373,filtertrack-samples4.csv,53.0
2026-07-14 13:41:15+00:00,85.59978021978021,0.09499999999999886,session-1784036780900-38r373,filtertrack-samples4.csv,54.0
2026-07-14 13:41:16+00:00,85.65844444444444,0.10999999999999943,session-1784036780900-38r373,filtertrack-samples4.csv,55.0
2026-07-14 13:41:17+00:00,85.65077777777779,0.09000000000000341,session-1784036780900-38r373,filtertrack-samples4.csv,56.0
2026-07-14 13:41:18+00:00,85.65771739130436,0.09499999999999886,session-1784036780900-38r373,filtertrack-samples4.csv,57.0
2026-07-14 13:41:19+00:00,85.64827956989247,0.09000000000000341,session-1784036780900-38r373,filtertrack-samples4.csv,58.0
2026-07-14 13:41:20+00:00,85.65766666666666,0.10999999999999943,session-1784036780900-38r373,filtertrack-samples4.csv,59.0
2026-07-14 13:41:21+00:00,85.63921348314607,0.10999999999999943,session-1784036780900-38r373,filtertrack-samples4.csv,60.0
2026-07-14 13:41:22+00:00,85.64087912087913,0.09000000000000341,session-1784036780900-38r373,filtertrack-samples4.csv,61.0
2026-07-14 13:41:23+00:00,85.64566666666666,0.09000000000000341,session-1784036780900-38r373,filtertrack-samples4.csv,62.0
2026-07-14 13:41:24+00:00,85.63386363636364,0.11000000000001364,session-1784036780900-38r373,filtertrack-samples4.csv,63.0
2026-07-14 13:41:25+00:00,85.57623655913977,0.09499999999999886,session-1784036780900-38r373,filtertrack-samples4.csv,64.0
2026-07-14 13:41:26+00:00,85.55340206185565,0.09999999999999432,session-1784036780900-38r373,filtertrack-samples4.csv,65.0
2026-07-14 13:41:27+00:00,85.55597938144332,0.09000000000000341,session-1784036780900-38r373,filtertrack-samples4.csv,66.0
2026-07-14 13:41:28+00:00,85.54395833333335,0.0799999999999983,session-1784036780900-38r373,filtertrack-samples4.csv,67.0
2026-07-14 13:41:29+00:00,85.54621052631579,0.0799999999999983,session-1784036780900-38r373,filtertrack-samples4.csv,68.0
2026-07-14 13:41:30+00:00,85.54473684210525,0.07000000000000739,session-1784036780900-38r373,filtertrack-samples4.csv,69.0
2026-07-14 13:41:31+00:00,85.54864583333334,0.07000000000000739,session-1784036780900-38r373,filtertrack-samples4.csv,70.0
2026-07-14 13:41:32+00:00,85.55322916666667,0.09000000000000341,session-1784036780900-38r373,filtertrack-samples4.csv,71.0
2026-07-14 13:41:33+00:00,85.53885416666667,0.07000000000000739,session-1784036780900-38r373,filtertrack-samples4.csv,72.0
2026-07-14 13:41:34+00:00,85.53670103092783,0.07000000000000739,session-1784036780900-38r373,filtertrack-samples4.csv,73.0
2026-07-14 13:41:35+00:00,85.52621052631578,0.0799999999999983,session-1784036780900-38r373,filtertrack-samples4.csv,74.0
2026-07-14 13:41:36+00:00,85.53479166666666,0.06999999999999318,session-1784036780900-38r373,filtertrack-samples4.csv,75.0
2026-07-14 13:41:37+00:00,85.51677083333334,0.07499999999999574,session-1784036780900-38r373,filtertrack-samples4.csv,76.0
2026-07-14 13:41:38+00:00,85.52927083333334,0.06999999999999318,session-1784036780900-38r373,filtertrack-samples4.csv,77.0
2026-07-14 13:41:39+00:00,85.5265306122449,0.060000000000002274,session-1784036780900-38r373,filtertrack-samples4.csv,78.0
2026-07-14 13:41:40+00:00,85.524,0.060000000000002274,session-1784036780900-38r373,filtertrack-samples4.csv,79.0
2026-07-14 13:41:41+00:00,85.53151515151517,0.04999999999999716,session-1784036780900-38r373,filtertrack-samples4.csv,80.0
2026-07-14 13:41:42+00:00,85.53444444444445,0.0800000000000054,session-1784036780900-38r373,filtertrack-samples4.csv,81.0
2026-07-14 13:41:43+00:00,85.5611111111111,0.09000000000000341,session-1784036780900-38r373,filtertrack-samples4.csv,82.0
2026-07-14 13:41:44+00:00,85.59741935483872,0.09000000000000341,session-1784036780900-38r373,filtertrack-samples4.csv,83.0
2026-07-14 13:41:45+00:00,85.62234042553192,0.07000000000000739,session-1784036780900-38r373,filtertrack-samples4.csv,84.0
2026-07-14 13:41:46+00:00,85.66640449438202,0.05000000000001137,session-1784036780900-38r373,filtertrack-samples4.csv,85.0
2026-07-14 13:41:47+00:00,85.6482105263158,0.05000000000000426,session-1784036780900-38r373,filtertrack-samples4.csv,86.0
2026-07-14 13:41:48+00:00,85.66673913043478,0.030000000000001137,session-1784036780900-38r373,filtertrack-samples4.csv,87.0
2026-07-14 13:41:49+00:00,85.66427083333333,0.030000000000001137,session-1784036780900-38r373,filtertrack-samples4.csv,88.0
2026-07-14 13:41:50+00:00,85.67020833333333,0.030000000000001137,session-1784036780900-38r373,filtertrack-samples4.csv,89.0
2026-07-14 13:41:51+00:00,85.65863157894738,0.030000000000001137,session-1784036780900-38r373,filtertrack-samples4.csv,90.0
2026-07-14 13:41:52+00:00,85.66010526315789,0.030000000000001137,session-1784036780900-38r373,filtertrack-samples4.csv,91.0
2026-07-14 13:41:53+00:00,85.66279569892473,0.04000000000000625,session-1784036780900-38r373,filtertrack-samples4.csv,92.0
2026-07-14 13:41:54+00:00,85.64999999999999,0.04000000000000625,session-1784036780900-38r373,filtertrack-samples4.csv,93.0
2026-07-14 13:41:55+00:00,85.63191489361702,0.06999999999999318,session-1784036780900-38r373,filtertrack-samples4.csv,94.0
2026-07-14 13:41:56+00:00,85.58653061224487,0.09499999999998465,session-1784036780900-38r373,filtertrack-samples4.csv,95.0
2026-07-14 13:41:57+00:00,85.59691489361704,0.0799999999999983,session-1784036780900-38r373,filtertrack-samples4.csv,96.0
2026-07-14 13:41:58+00:00,85.55778947368422,0.09000000000000341,session-1784036780900-38r373,filtertrack-samples4.csv,97.0
2026-07-14 13:41:59+00:00,85.55378947368422,0.09000000000000341,session-1784036780900-38r373,filtertrack-samples4.csv,98.0
2026-07-14 13:42:00+00:00,85.50948979591837,0.13000000000000966,session-1784036780900-38r373,filtertrack-samples4.csv,99.0
2026-07-14 13:42:01+00:00,85.49979381443299,0.13000000000000966,session-1784036780900-38r373,filtertrack-samples4.csv,100.0
2026-07-14 13:42:02+00:00,85.49161616161616,0.11000000000001364,session-1784036780900-38r373,filtertrack-samples4.csv,101.0
2026-07-14 13:42:03+00:00,85.48262626262627,0.12000000000001165,session-1784036780900-38r373,filtertrack-samples4.csv,102.0
2026-07-14 13:42:04+00:00,85.45828282828282,0.14000000000000057,session-1784036780900-38r373,filtertrack-samples4.csv,103.0
2026-07-14 13:42:05+00:00,85.4515,0.1599999999999966,session-1784036780900-38r373,filtertrack-samples4.csv,104.0
2026-07-14 13:42:06+00:00,85.4608163265306,0.14000000000000057,session-1784036780900-38r373,filtertrack-samples4.csv,105.0
2026-07-14 13:42:07+00:00,85.47168316831686,0.0899999999999892,session-1784036780900-38r373,filtertrack-samples4.csv,106.0
2026-07-14 13:42:08+00:00,85.49069999999998,0.06999999999999318,session-1784036780900-38r373,filtertrack-samples4.csv,107.0
2026-07-14 13:42:09+00:00,85.4879,0.04999999999999716,session-1784036780900-38r373,filtertrack-samples4.csv,108.0
2026-07-14 13:42:10+00:00,85.54171717171717,0.045000000000001705,session-1784036780900-38r373,filtertrack-samples4.csv,109.0
2026-07-14 13:42:11+00:00,85.55948979591837,0.04999999999999716,session-1784036780900-38r373,filtertrack-samples4.csv,110.0
2026-07-14 13:42:12+00:00,85.56968421052632,0.060000000000002274,session-1784036780900-38r373,filtertrack-samples4.csv,111.0
2026-07-14 13:42:13+00:00,85.57642105263159,0.060000000000002274,session-1784036780900-38r373,filtertrack-samples4.csv,112.0
2026-07-14 13:42:14+00:00,85.61452631578946,0.06999999999999318,session-1784036780900-38r373,filtertrack-samples4.csv,113.0
2026-07-14 13:42:15+00:00,85.63723404255319,0.10000000000000853,session-1784036780900-38r373,filtertrack-samples4.csv,114.0
2026-07-14 13:42:16+00:00,85.65989795918365,0.12999999999999545,session-1784036780900-38r373,filtertrack-samples4.csv,115.0
2026-07-14 13:42:17+00:00,85.67939393939392,0.12999999999999545,session-1784036780900-38r373,filtertrack-samples4.csv,116.0
2026-07-14 13:42:18+00:00,85.68499999999999,0.10000000000000853,session-1784036780900-38r373,filtertrack-samples4.csv,117.0
2026-07-14 13:42:19+00:00,85.70755102040816,0.0899999999999892,session-1784036780900-38r373,filtertrack-samples4.csv,118.0
2026-07-14 13:42:20+00:00,85.69313131313135,0.07000000000000739,session-1784036780900-38r373,filtertrack-samples4.csv,119.0
2026-07-14 13:42:21+00:00,85.68642857142858,0.04999999999999716,session-1784036780900-38r373,filtertrack-samples4.csv,120.0
2026-07-14 13:42:22+00:00,85.67877551020409,0.04000000000000625,session-1784036780900-38r373,filtertrack-samples4.csv,121.0
2026-07-14 13:42:23+00:00,85.68969387755106,0.029999999999986926,session-1784036780900-38r373,filtertrack-samples4.csv,122.0
2026-07-14 13:42:24+00:00,85.68525773195876,0.020000000000010232,session-1784036780900-38r373,filtertrack-samples4.csv,123.0
2026-07-14 13:42:25+00:00,85.67595959595961,0.020000000000010232,session-1784036780900-38r373,filtertrack-samples4.csv,124.0
2026-07-14 13:42:26+00:00,85.67602040816328,0.020000000000010232,session-1784036780900-38r373,filtertrack-samples4.csv,125.0
2026-07-14 13:42:27+00:00,85.6787755102041,0.020000000000010232,session-1784036780900-38r373,filtertrack-samples4.csv,126.0
2026-07-14 13:42:28+00:00,85.68686868686869,0.020000000000010232,session-1784036780900-38r373,filtertrack-samples4.csv,127.0
2026-07-14 13:42:29+00:00,85.6869387755102,0.020000000000010232,session-1784036780900-38r373,filtertrack-samples4.csv,128.0
2026-07-14 13:42:30+00:00,85.67724489795917,0.020000000000010232,session-1784036780900-38r373,filtertrack-samples4.csv,129.0
2026-07-14 13:42:31+00:00,85.67948453608247,0.020000000000010232,session-1784036780900-38r373,filtertrack-samples4.csv,130.0
2026-07-14 13:42:32+00:00,85.67463917525772,0.020000000000010232,session-1784036780900-38r373,filtertrack-samples4.csv,131.0
2026-07-14 13:42:33+00:00,85.67417582417583,0.030000000000001137,session-1784036780900-38r373,filtertrack-samples4.csv,132.0
2026-07-14 13:42:34+00:00,85.67184782608696,0.030000000000001137,session-1784036780900-38r373,filtertrack-samples4.csv,133.0
2026-07-14 13:42:35+00:00,85.66692307692308,0.030000000000001137,session-1784036780900-38r373,filtertrack-samples4.csv,134.0
2026-07-14 13:42:36+00:00,85.65477272727274,0.04000000000000625,session-1784036780900-38r373,filtertrack-samples4.csv,135.0
2026-07-14 13:42:37+00:00,85.63615384615385,0.04999999999999716,session-1784036780900-38r373,filtertrack-samples4.csv,136.0
2026-07-14 13:42:38+00:00,85.6320879120879,0.04999999999999716,session-1784036780900-38r373,filtertrack-samples4.csv,137.0
2026-07-14 13:42:39+00:00,85.61395604395604,0.04999999999999716,session-1784036780900-38r373,filtertrack-samples4.csv,138.0
2026-07-14 13:42:40+00:00,85.62604395604396,0.04999999999999716,session-1784036780900-38r373,filtertrack-samples4.csv,139.0
2026-07-14 13:42:41+00:00,85.62696629213484,0.04999999999999716,session-1784036780900-38r373,filtertrack-samples4.csv,140.0
2026-07-14 13:42:42+00:00,85.62545454545456,0.04999999999999716,session-1784036780900-38r373,filtertrack-samples4.csv,141.0
2026-07-14 13:42:43+00:00,85.61542553191491,0.04999999999999716,session-1784036780900-38r373,filtertrack-samples4.csv,142.0
2026-07-14 13:42:44+00:00,85.585,0.04999999999999716,session-1784036780900-38r373,filtertrack-samples4.csv,143.0
2026-07-14 13:42:45+00:00,85.597311827957,0.060000000000002274,session-1784036780900-38r373,filtertrack-samples4.csv,144.0
2026-07-14 13:42:46+00:00,85.61479166666668,0.04999999999999716,session-1784036780900-38r373,filtertrack-samples4.csv,145.0
2026-07-14 13:42:47+00:00,85.61172043010752,0.04999999999999716,session-1784036780900-38r373,filtertrack-samples4.csv,146.0
2026-07-14 13:42:48+00:00,85.59042553191489,0.04999999999999716,session-1784036780900-38r373,filtertrack-samples4.csv,147.0
2026-07-14 13:42:49+00:00,85.58326315789473,0.05000000000001137,session-1784036780900-38r373,filtertrack-samples4.csv,148.0
2026-07-14 13:42:50+00:00,85.57744680851063,0.05000000000001137,session-1784036780900-38r373,filtertrack-samples4.csv,149.0
2026-07-14 13:42:51+00:00,85.57861702127661,0.05000000000001137,session-1784036780900-38r373,filtertrack-samples4.csv,150.0
2026-07-14 13:42:52+00:00,85.55494949494953,0.07000000000000739,session-1784036780900-38r373,filtertrack-samples4.csv,151.0
2026-07-14 13:42:53+00:00,85.55447916666667,0.07000000000000739,session-1784036780900-38r373,filtertrack-samples4.csv,152.0
2026-07-14 13:42:54+00:00,85.55587628865979,0.07000000000000739,session-1784036780900-38r373,filtertrack-samples4.csv,153.0
2026-07-14 13:42:55+00:00,85.54397959183673,0.09000000000000341,session-1784036780900-38r373,filtertrack-samples4.csv,154.0
2026-07-14 13:42:56+00:00,85.52629999999999,0.07000000000000739,session-1784036780900-38r373,filtertrack-samples4.csv,155.0
2026-07-14 13:42:57+00:00,85.52949999999998,0.060000000000002274,session-1784036780900-38r373,filtertrack-samples4.csv,156.0
2026-07-14 13:42:58+00:00,85.54424242424241,0.04999999999999716,session-1784036780900-38r373,filtertrack-samples4.csv,157.0
2026-07-14 13:42:59+00:00,85.54929292929295,0.04000000000000625,session-1784036780900-38r373,filtertrack-samples4.csv,158.0
2026-07-14 13:43:00+00:00,85.50747474747475,0.04999999999999716,session-1784036780900-38r373,filtertrack-samples4.csv,159.0
2026-07-14 13:43:01+00:00,85.51489999999998,0.04000000000000625,session-1784036780900-38r373,filtertrack-samples4.csv,160.0
2026-07-14 13:43:02+00:00,85.48799999999997,0.04999999999999716,session-1784036780900-38r373,filtertrack-samples4.csv,161.0
2026-07-14 13:43:03+00:00,85.50767676767678,0.05000000000000426,session-1784036780900-38r373,filtertrack-samples4.csv,162.0
2026-07-14 13:43:04+00:00,85.52082474226805,0.0899999999999892,session-1784036780900-38r373,filtertrack-samples4.csv,163.0
2026-07-14 13:43:05+00:00,85.53072916666667,0.14499999999999602,session-1784036780900-38r373,filtertrack-samples4.csv,164.0
2026-07-14 13:43:06+00:00,85.55118279569892,0.12000000000000455,session-1784036780900-38r373,filtertrack-samples4.csv,165.0
2026-07-14 13:43:07+00:00,85.59175824175826,0.09499999999999886,session-1784036780900-38r373,filtertrack-samples4.csv,166.0
2026-07-14 13:43:08+00:00,85.62955056179776,0.0799999999999983,session-1784036780900-38r373,filtertrack-samples4.csv,167.0
2026-07-14 13:43:09+00:00,85.66344827586207,0.05999999999999517,session-1784036780900-38r373,filtertrack-samples4.csv,168.0
2026-07-14 13:43:10+00:00,85.65541666666667,0.04999999999999716,session-1784036780900-38r373,filtertrack-samples4.csv,169.0
2026-07-14 13:43:11+00:00,85.65649484536084,0.04000000000000625,session-1784036780900-38r373,filtertrack-samples4.csv,170.0
2026-07-14 13:43:12+00:00,85.68525252525255,0.04000000000000625,session-1784036780900-38r373,filtertrack-samples4.csv,171.0
2026-07-14 13:43:13+00:00,85.6811111111111,0.04999999999999716,session-1784036780900-38r373,filtertrack-samples4.csv,172.0
2026-07-14 13:43:14+00:00,85.67606060606063,0.04999999999999716,session-1784036780900-38r373,filtertrack-samples4.csv,173.0
2026-07-14 13:43:15+00:00,85.6915306122449,0.04999999999999716,session-1784036780900-38r373,filtertrack-samples4.csv,174.0
2026-07-14 13:43:16+00:00,85.70791666666666,0.04999999999999716,session-1784036780900-38r373,filtertrack-samples4.csv,175.0
2026-07-14 13:43:17+00:00,85.71103092783504,0.045000000000001705,session-1784036780900-38r373,filtertrack-samples4.csv,176.0
2026-07-14 13:43:18+00:00,85.73020833333332,0.030000000000001137,session-1784036780900-38r373,filtertrack-samples4.csv,177.0
2026-07-14 13:43:19+00:00,85.73744897959185,0.030000000000001137,session-1784036780900-38r373,filtertrack-samples4.csv,178.0
2026-07-14 13:43:20+00:00,85.7463,0.01999999999999602,session-1784036780900-38r373,filtertrack-samples4.csv,179.0
2026-07-14 13:43:21+00:00,85.75630000000001,0.01999999999999602,session-1784036780900-38r373,filtertrack-samples4.csv,180.0
2026-07-14 13:43:22+00:00,85.75546391752576,0.030000000000001137,session-1784036780900-38r373,filtertrack-samples4.csv,181.0
2026-07-14 13:43:23+00:00,85.76054347826086,0.030000000000001137,session-1784036780900-38r373,filtertrack-samples4.csv,182.0
2026-07-14 13:43:24+00:00,85.76043956043956,0.04000000000000625,session-1784036780900-38r373,filtertrack-samples4.csv,183.0
2026-07-14 13:43:25+00:00,85.72956989247312,0.04000000000000625,session-1784036780900-38r373,filtertrack-samples4.csv,184.0
2026-07-14 13:43:26+00:00,85.68371134020619,0.04999999999999716,session-1784036780900-38r373,filtertrack-samples4.csv,185.0
2026-07-14 13:43:27+00:00,85.65822916666667,0.06999999999999318,session-1784036780900-38r373,filtertrack-samples4.csv,186.0
2026-07-14 13:43:28+00:00,85.65154639175256,0.0799999999999983,session-1784036780900-38r373,filtertrack-samples4.csv,187.0
2026-07-14 13:43:29+00:00,85.62374999999999,0.09499999999999886,session-1784036780900-38r373,filtertrack-samples4.csv,188.0
2026-07-14 13:43:30+00:00,85.6097894736842,0.10500000000000398,session-1784036780900-38r373,filtertrack-samples4.csv,189.0
2026-07-14 13:43:31+00:00,85.58938144329899,0.09000000000000341,session-1784036780900-38r373,filtertrack-samples4.csv,190.0
2026-07-14 13:43:32+00:00,85.60947916666667,0.09000000000000341,session-1784036780900-38r373,filtertrack-samples4.csv,191.0
2026-07-14 13:43:33+00:00,85.64221052631581,0.07000000000000739,session-1784036780900-38r373,filtertrack-samples4.csv,192.0
2026-07-14 13:43:34+00:00,85.63010416666668,0.06999999999999318,session-1784036780900-38r373,filtertrack-samples4.csv,193.0
2026-07-14 13:43:35+00:00,85.64906250000001,0.04999999999999716,session-1784036780900-38r373,filtertrack-samples4.csv,194.0
2026-07-14 13:43:36+00:00,85.65852631578947,0.06999999999999318,session-1784036780900-38r373,filtertrack-samples4.csv,195.0
2026-07-14 13:43:37+00:00,85.64185567010311,0.07000000000000739,session-1784036780900-38r373,filtertrack-samples4.csv,196.0
2026-07-14 13:43:38+00:00,85.62775510204082,0.06999999999999318,session-1784036780900-38r373,filtertrack-samples4.csv,197.0
2026-07-14 13:43:39+00:00,85.63797979797981,0.060000000000002274,session-1784036780900-38r373,filtertrack-samples4.csv,198.0
2026-07-14 13:43:40+00:00,85.6472,0.07000000000000739,session-1784036780900-38r373,filtertrack-samples4.csv,199.0
2026-07-14 13:43:41+00:00,85.65369999999999,0.06999999999999318,session-1784036780900-38r373,filtertrack-samples4.csv,200.0
2026-07-14 13:43:42+00:00,85.656,0.0899999999999892,session-1784036780900-38r373,filtertrack-samples4.csv,201.0
2026-07-14 13:43:43+00:00,85.63549999999998,0.0899999999999892,session-1784036780900-38r373,filtertrack-samples4.csv,202.0
2026-07-14 13:43:44+00:00,85.63770000000001,0.0899999999999892,session-1784036780900-38r373,filtertrack-samples4.csv,203.0
2026-07-14 13:43:45+00:00,85.66489795918365,0.09000000000000341,session-1784036780900-38r373,filtertrack-samples4.csv,204.0
2026-07-14 13:43:46+00:00,85.64960396039605,0.10999999999999943,session-1784036780900-38r373,filtertrack-samples4.csv,205.0
2026-07-14 13:43:47+00:00,85.67367346938777,0.10999999999999943,session-1784036780900-38r373,filtertrack-samples4.csv,206.0
2026-07-14 13:43:48+00:00,85.69855670103092,0.0799999999999983,session-1784036780900-38r373,filtertrack-samples4.csv,207.0
2026-07-14 13:43:49+00:00,85.68226804123714,0.0899999999999892,session-1784036780900-38r373,filtertrack-samples4.csv,208.0
2026-07-14 13:43:50+00:00,85.69742268041239,0.05999999999999517,session-1784036780900-38r373,filtertrack-samples4.csv,209.0
2026-07-14 13:43:51+00:00,85.68212765957446,0.06999999999999318,session-1784036780900-38r373,filtertrack-samples4.csv,210.0
2026-07-14 13:43:52+00:00,85.69531914893616,0.04999999999999716,session-1784036780900-38r373,filtertrack-samples4.csv,211.0
2026-07-14 13:43:53+00:00,85.7127659574468,0.04999999999999716,session-1784036780900-38r373,filtertrack-samples4.csv,212.0
2026-07-14 13:43:54+00:00,85.71494505494506,0.04999999999999716,session-1784036780900-38r373,filtertrack-samples4.csv,213.0
2026-07-14 13:43:55+00:00,85.6821978021978,0.06500000000000483,session-1784036780900-38r373,filtertrack-samples4.csv,214.0
2026-07-14 13:43:56+00:00,85.68604395604395,0.07000000000000739,session-1784036780900-38r373,filtertrack-samples4.csv,215.0
2026-07-14 13:43:57+00:00,85.69433333333335,0.09000000000000341,session-1784036780900-38r373,filtertrack-samples4.csv,216.0
2026-07-14 13:43:58+00:00,85.67988636363636,0.09999999999999432,session-1784036780900-38r373,filtertrack-samples4.csv,217.0
2026-07-14 13:43:59+00:00,85.70563218390804,0.09499999999999886,session-1784036780900-38r373,filtertrack-samples4.csv,218.0
2026-07-14 13:44:00+00:00,85.68170454545454,0.09999999999999432,session-1784036780900-38r373,filtertrack-samples4.csv,219.0
2026-07-14 13:44:01+00:00,85.68989130434781,0.0800000000000054,session-1784036780900-38r373,filtertrack-samples4.csv,220.0
2026-07-14 13:44:02+00:00,85.66847826086955,0.08500000000000085,session-1784036780900-38r373,filtertrack-samples4.csv,221.0
2026-07-14 13:44:03+00:00,85.67307692307693,0.0799999999999983,session-1784036780900-38r373,filtertrack-samples4.csv,222.0
2026-07-14 13:44:04+00:00,85.67172043010753,0.10999999999999943,session-1784036780900-38r373,filtertrack-samples4.csv,223.0
2026-07-14 13:44:05+00:00,85.67489130434785,0.0799999999999983,session-1784036780900-38r373,filtertrack-samples4.csv,224.0
2026-07-14 13:44:06+00:00,85.69131868131868,0.07000000000000739,session-1784036780900-38r373,filtertrack-samples4.csv,225.0
2026-07-14 13:44:07+00:00,85.6672340425532,0.07500000000000284,session-1784036780900-38r373,filtertrack-samples4.csv,226.0
2026-07-14 13:44:08+00:00,85.67273684210528,0.09000000000000341,session-1784036780900-38r373,filtertrack-samples4.csv,227.0
2026-07-14 13:44:09+00:00,85.66673684210528,0.09000000000000341,session-1784036780900-38r373,filtertrack-samples4.csv,228.0
2026-07-14 13:44:10+00:00,85.66389473684211,0.10999999999999943,session-1784036780900-38r373,filtertrack-samples4.csv,229.0
2026-07-14 13:44:11+00:00,85.6341489361702,0.13000000000000966,session-1784036780900-38r373,filtertrack-samples4.csv,230.0
2026-07-14 13:44:12+00:00,85.63462365591397,0.13000000000000966,session-1784036780900-38r373,filtertrack-samples4.csv,231.0
2026-07-14 13:44:13+00:00,85.62106382978723,0.13000000000000966,session-1784036780900-38r373,filtertrack-samples4.csv,232.0
2026-07-14 13:44:14+00:00,85.62875000000001,0.13000000000000966,session-1784036780900-38r373,filtertrack-samples4.csv,233.0
2026-07-14 13:44:15+00:00,85.62814432989691,0.12000000000000455,session-1784036780900-38r373,filtertrack-samples4.csv,234.0
2026-07-14 13:44:16+00:00,85.62835051546392,0.09000000000000341,session-1784036780900-38r373,filtertrack-samples4.csv,235.0
2026-07-14 13:44:17+00:00,85.62531914893617,0.09000000000000341,session-1784036780900-38r373,filtertrack-samples4.csv,236.0
2026-07-14 13:44:18+00:00,85.60431578947369,0.060000000000002274,session-1784036780900-38r373,filtertrack-samples4.csv,237.0
2026-07-14 13:44:19+00:00,85.59744680851064,0.05999999999999517,session-1784036780900-38r373,filtertrack-samples4.csv,238.0
2026-07-14 13:44:20+00:00,85.60095744680852,0.05999999999999517,session-1784036780900-38r373,filtertrack-samples4.csv,239.0
2026-07-14 13:44:21+00:00,85.61467391304349,0.04999999999999716,session-1784036780900-38r373,filtertrack-samples4.csv,240.0
2026-07-14 13:44:22+00:00,85.62150537634409,0.09999999999999432,session-1784036780900-38r373,filtertrack-samples4.csv,241.0
2026-07-14 13:44:23+00:00,85.62739130434782,0.09999999999999432,session-1784036780900-38r373,filtertrack-samples4.csv,242.0
2026-07-14 13:44:24+00:00,85.60120879120879,0.07999999999999119,session-1784036780900-38r373,filtertrack-samples4.csv,243.0
2026-07-14 13:44:25+00:00,85.58044444444445,0.0899999999999963,session-1784036780900-38r373,filtertrack-samples4.csv,244.0
2026-07-14 13:44:26+00:00,85.52278350515464,0.10500000000001108,session-1784036780900-38r373,filtertrack-samples4.csv,245.0
2026-07-14 13:44:27+00:00,85.5271717171717,0.09000000000000341,session-1784036780900-38r373,filtertrack-samples4.csv,246.0
2026-07-14 13:44:28+00:00,85.56135416666666,0.07000000000000028,session-1784036780900-38r373,filtertrack-samples4.csv,247.0
2026-07-14 13:44:29+00:00,85.5443,0.0799999999999983,session-1784036780900-38r373,filtertrack-samples4.csv,248.0
2026-07-14 13:44:30+00:00,85.55838383838383,0.06999999999999318,session-1784036780900-38r373,filtertrack-samples4.csv,249.0
2026-07-14 13:44:31+00:00,85.58711340206186,0.05999999999999517,session-1784036780900-38r373,filtertrack-samples4.csv,250.0
2026-07-14 13:44:32+00:00,85.57697916666666,0.06999999999999318,session-1784036780900-38r373,filtertrack-samples4.csv,251.0
2026-07-14 13:44:33+00:00,85.55744897959181,0.07000000000000739,session-1784036780900-38r373,filtertrack-samples4.csv,252.0
2026-07-14 13:44:34+00:00,85.5773469387755,0.07000000000000739,session-1784036780900-38r373,filtertrack-samples4.csv,253.0
2026-07-14 13:44:35+00:00,85.63511111111112,0.060000000000002274,session-1784036780900-38r373,filtertrack-samples4.csv,254.0
2026-07-14 13:44:36+00:00,85.64351648351648,0.05000000000001137,session-1784036780900-38r373,filtertrack-samples4.csv,255.0
2026-07-14 13:44:37+00:00,85.61855670103093,0.06500000000001194,session-1784036780900-38r373,filtertrack-samples4.csv,256.0
2026-07-14 13:44:38+00:00,85.62031250000001,0.06999999999999318,session-1784036780900-38r373,filtertrack-samples4.csv,257.0
2026-07-14 13:44:39+00:00,85.63210526315791,0.07000000000000739,session-1784036780900-38r373,filtertrack-samples4.csv,258.0
2026-07-14 13:44:40+00:00,85.58769999999998,0.09000000000000341,session-1784036780900-38r373,filtertrack-samples4.csv,259.0
2026-07-14 13:44:41+00:00,85.58232323232323,0.09000000000000341,session-1784036780900-38r373,filtertrack-samples4.csv,260.0
2026-07-14 13:44:42+00:00,85.56292929292931,0.09000000000000341,session-1784036780900-38r373,filtertrack-samples4.csv,261.0
2026-07-14 13:44:43+00:00,85.56701030927833,0.09999999999999432,session-1784036780900-38r373,filtertrack-samples4.csv,262.0
2026-07-14 13:44:44+00:00,85.55010309278352,0.09499999999999886,session-1784036780900-38r373,filtertrack-samples4.csv,263.0
2026-07-14 13:44:45+00:00,85.5303125,0.10999999999999943,session-1784036780900-38r373,filtertrack-samples4.csv,264.0
2026-07-14 13:44:46+00:00,85.54208333333334,0.10499999999999687,session-1784036780900-38r373,filtertrack-samples4.csv,265.0
2026-07-14 13:44:47+00:00,85.5628125,0.10999999999999943,session-1784036780900-38r373,filtertrack-samples4.csv,266.0
2026-07-14 13:44:48+00:00,85.59846153846154,0.12000000000000455,session-1784036780900-38r373,filtertrack-samples4.csv,267.0
2026-07-14 13:44:49+00:00,85.6041935483871,0.11999999999999034,session-1784036780900-38r373,filtertrack-samples4.csv,268.0
2026-07-14 13:44:50+00:00,85.62172043010752,0.09999999999999432,session-1784036780900-38r373,filtertrack-samples4.csv,269.0
2026-07-14 13:44:51+00:00,85.62106382978722,0.09999999999999432,session-1784036780900-38r373,filtertrack-samples4.csv,270.0
2026-07-14 13:44:52+00:00,85.64631578947368,0.07000000000000739,session-1784036780900-38r373,filtertrack-samples4.csv,271.0
2026-07-14 13:44:53+00:00,85.65690721649486,0.060000000000002274,session-1784036780900-38r373,filtertrack-samples4.csv,272.0
2026-07-14 13:44:54+00:00,85.65354166666668,0.04000000000000625,session-1784036780900-38r373,filtertrack-samples4.csv,273.0
2026-07-14 13:44:55+00:00,85.66030612244897,0.04000000000000625,session-1784036780900-38r373,filtertrack-samples4.csv,274.0
2026-07-14 13:44:56+00:00,85.66262626262626,0.08500000000000085,session-1784036780900-38r373,filtertrack-samples4.csv,275.0
2026-07-14 13:44:57+00:00,85.65346938775511,0.0799999999999983,session-1784036780900-38r373,filtertrack-samples4.csv,276.0
2026-07-14 13:44:58+00:00,85.64580000000002,0.04999999999999716,session-1784036780900-38r373,filtertrack-samples4.csv,277.0
2026-07-14 13:44:59+00:00,85.63153061224492,0.04000000000000625,session-1784036780900-38r373,filtertrack-samples4.csv,278.0
2026-07-14 13:45:00+00:00,85.64727272727272,0.030000000000001137,session-1784036780900-38r373,filtertrack-samples4.csv,279.0
2026-07-14 13:45:01+00:00,85.65686868686868,0.030000000000001137,session-1784036780900-38r373,filtertrack-samples4.csv,280.0
2026-07-14 13:45:02+00:00,85.66414141414143,0.030000000000001137,session-1784036780900-38r373,filtertrack-samples4.csv,281.0
2026-07-14 13:45:03+00:00,85.67363636363636,0.04999999999999716,session-1784036780900-38r373,filtertrack-samples4.csv,282.0
2026-07-14 13:45:04+00:00,85.6772,0.04999999999999716,session-1784036780900-38r373,filtertrack-samples4.csv,283.0
2026-07-14 13:45:05+00:00,85.679801980198,0.029999999999986926,session-1784036780900-38r373,filtertrack-samples4.csv,284.0
2026-07-14 13:45:06+00:00,85.67,0.029999999999986926,session-1784036780900-38r373,filtertrack-samples4.csv,285.0
2026-07-14 13:45:07+00:00,85.67752475247525,0.029999999999986926,session-1784036780900-38r373,filtertrack-samples4.csv,286.0
2026-07-14 13:45:08+00:00,85.66619999999999,0.029999999999986926,session-1784036780900-38r373,filtertrack-samples4.csv,287.0
2026-07-14 13:45:09+00:00,85.69445544554456,0.030000000000001137,session-1784036780900-38r373,filtertrack-samples4.csv,288.0
2026-07-14 13:45:10+00:00,85.69079999999998,0.030000000000001137,session-1784036780900-38r373,filtertrack-samples4.csv,289.0
2026-07-14 13:45:11+00:00,85.692,0.030000000000001137,session-1784036780900-38r373,filtertrack-samples4.csv,290.0
2026-07-14 13:45:12+00:00,85.6737,0.030000000000001137,session-1784036780900-38r373,filtertrack-samples4.csv,291.0
2026-07-14 13:45:13+00:00,85.64737373737374,0.04000000000000625,session-1784036780900-38r373,filtertrack-samples4.csv,292.0
2026-07-14 13:45:14+00:00,85.64020618556704,0.04000000000000625,session-1784036780900-38r373,filtertrack-samples4.csv,293.0
2026-07-14 13:45:15+00:00,85.6455789473684,0.04000000000000625,session-1784036780900-38r373,filtertrack-samples4.csv,294.0
2026-07-14 13:45:16+00:00,85.63234042553192,0.060000000000002274,session-1784036780900-38r373,filtertrack-samples4.csv,295.0
2026-07-14 13:45:17+00:00,85.62241758241758,0.07500000000000284,session-1784036780900-38r373,filtertrack-samples4.csv,296.0
2026-07-14 13:45:18+00:00,85.64186813186814,0.06999999999999318,session-1784036780900-38r373,filtertrack-samples4.csv,297.0
2026-07-14 13:45:19+00:00,85.63021978021979,0.04999999999999716,session-1784036780900-38r373,filtertrack-samples4.csv,298.0
2026-07-14 13:45:20+00:00,85.62693181818182,0.08500000000000085,session-1784036780900-38r373,filtertrack-samples4.csv,299.0
2026-07-14 13:45:21+00:00,85.62183908045975,0.0799999999999983,session-1784036780900-38r373,filtertrack-samples4.csv,300.0
2026-07-14 13:45:22+00:00,85.63137931034483,0.08500000000000085,session-1784036780900-38r373,filtertrack-samples4.csv,301.0
2026-07-14 13:45:23+00:00,85.66,0.09000000000000341,session-1784036780900-38r373,filtertrack-samples4.csv,302.0
2026-07-14 13:45:24+00:00,85.66588235294118,0.07000000000000739,session-1784036780900-38r373,filtertrack-samples4.csv,303.0
2026-07-14 13:45:25+00:00,85.64954545454545,0.04999999999999716,session-1784036780900-38r373,filtertrack-samples4.csv,304.0
2026-07-14 13:45:26+00:00,85.65370786516854,0.04999999999999716,session-1784036780900-38r373,filtertrack-samples4.csv,305.0
2026-07-14 13:45:27+00:00,85.6591111111111,0.035000000000003695,session-1784036780900-38r373,filtertrack-samples4.csv,306.0
2026-07-14 13:45:28+00:00,85.65588888888888,0.030000000000001137,session-1784036780900-38r373,filtertrack-samples4.csv,307.0
2026-07-14 13:45:29+00:00,85.63566666666668,0.030000000000001137,session-1784036780900-38r373,filtertrack-samples4.csv,308.0
2026-07-14 13:45:30+00:00,85.63771739130436,0.030000000000001137,session-1784036780900-38r373,filtertrack-samples4.csv,309.0
2026-07-14 13:45:31+00:00,85.62344086021506,0.030000000000001137,session-1784036780900-38r373,filtertrack-samples4.csv,310.0
2026-07-14 13:45:32+00:00,85.58627659574469,0.030000000000001137,session-1784036780900-38r373,filtertrack-samples4.csv,311.0
2026-07-14 13:45:33+00:00,85.57436170212766,0.04999999999999716,session-1784036780900-38r373,filtertrack-samples4.csv,312.0
2026-07-14 13:45:34+00:00,85.5676595744681,0.09499999999999176,session-1784036780900-38r373,filtertrack-samples4.csv,313.0
2026-07-14 13:45:35+00:00,85.57947368421054,0.15000000000000568,session-1784036780900-38r373,filtertrack-samples4.csv,314.0
2026-07-14 13:45:36+00:00,85.57649484536083,0.10500000000000398,session-1784036780900-38r373,filtertrack-samples4.csv,315.0
2026-07-14 13:45:37+00:00,85.56092783505154,0.13000000000000966,session-1784036780900-38r373,filtertrack-samples4.csv,316.0
2026-07-14 13:45:38+00:00,85.54908163265307,0.14000000000000057,session-1784036780900-38r373,filtertrack-samples4.csv,317.0
2026-07-14 13:45:39+00:00,85.54680412371135,0.07000000000000739,session-1784036780900-38r373,filtertrack-samples4.csv,318.0
2026-07-14 13:45:40+00:00,85.53575757575754,0.05999999999998806,session-1784036780900-38r373,filtertrack-samples4.csv,319.0
2026-07-14 13:45:41+00:00,85.54525252525252,0.04999999999999716,session-1784036780900-38r373,filtertrack-samples4.csv,320.0
2026-07-14 13:45:42+00:00,85.57260416666666,0.04999999999999716,session-1784036780900-38r373,filtertrack-samples4.csv,321.0
2026-07-14 13:45:43+00:00,85.59652631578946,0.07000000000000739,session-1784036780900-38r373,filtertrack-samples4.csv,322.0
2026-07-14 13:45:44+00:00,85.60260416666667,0.07000000000000739,session-1784036780900-38r373,filtertrack-samples4.csv,323.0
2026-07-14 13:45:45+00:00,85.60315789473684,0.07000000000000739,session-1784036780900-38r373,filtertrack-samples4.csv,324.0
2026-07-14 13:45:46+00:00,85.65463917525773,0.06999999999999318,session-1784036780900-38r373,filtertrack-samples4.csv,325.0
2026-07-14 13:45:47+00:00,85.66020618556702,0.06999999999999318,session-1784036780900-38r373,filtertrack-samples4.csv,326.0
2026-07-14 13:45:48+00:00,85.67041666666667,0.06999999999999318,session-1784036780900-38r373,filtertrack-samples4.csv,327.0
2026-07-14 13:45:49+00:00,85.68070707070709,0.04999999999999716,session-1784036780900-38r373,filtertrack-samples4.csv,328.0
2026-07-14 13:45:50+00:00,85.69030303030301,0.04000000000000625,session-1784036780900-38r373,filtertrack-samples4.csv,329.0
2026-07-14 13:45:51+00:00,85.69530612244897,0.04999999999999716,session-1784036780900-38r373,filtertrack-samples4.csv,330.0
2026-07-14 13:45:52+00:00,85.680101010101,0.04999999999999716,session-1784036780900-38r373,filtertrack-samples4.csv,331.0
2026-07-14 13:45:53+00:00,85.66860000000001,0.045000000000001705,session-1784036780900-38r373,filtertrack-samples4.csv,332.0
2026-07-14 13:45:54+00:00,85.6667,0.04999999999999716,session-1784036780900-38r373,filtertrack-samples4.csv,333.0
2026-07-14 13:45:55+00:00,85.64484848484845,0.060000000000002274,session-1784036780900-38r373,filtertrack-samples4.csv,334.0
2026-07-14 13:45:56+00:00,85.64540816326529,0.060000000000002274,session-1784036780900-38r373,filtertrack-samples4.csv,335.0
2026-07-14 13:45:57+00:00,85.6508163265306,0.060000000000002274,session-1784036780900-38r373,filtertrack-samples4.csv,336.0
2026-07-14 13:45:58+00:00,85.64628865979384,0.04999999999999716,session-1784036780900-38r373,filtertrack-samples4.csv,337.0
2026-07-14 13:45:59+00:00,85.6380412371134,0.06499999999999773,session-1784036780900-38r373,filtertrack-samples4.csv,338.0
2026-07-14 13:46:00+00:00,85.63197916666667,0.030000000000001137,session-1784036780900-38r373,filtertrack-samples4.csv,339.0
2026-07-14 13:46:01+00:00,85.63541666666667,0.030000000000001137,session-1784036780900-38r373,filtertrack-samples4.csv,340.0
2026-07-14 13:46:02+00:00,85.61683673469386,0.04999999999999716,session-1784036780900-38r373,filtertrack-samples4.csv,341.0
2026-07-14 13:46:03+00:00,85.59257731958762,0.0799999999999983,session-1784036780900-38r373,filtertrack-samples4.csv,342.0
2026-07-14 13:46:04+00:00,85.58010204081631,0.0799999999999983,session-1784036780900-38r373,filtertrack-samples4.csv,343.0
2026-07-14 13:46:05+00:00,85.60408163265306,0.0799999999999983,session-1784036780900-38r373,filtertrack-samples4.csv,344.0
2026-07-14 13:46:06+00:00,85.59969387755105,0.0799999999999983,session-1784036780900-38r373,filtertrack-samples4.csv,345.0
2026-07-14 13:46:07+00:00,85.59676767676767,0.09000000000000341,session-1784036780900-38r373,filtertrack-samples4.csv,346.0
2026-07-14 13:46:08+00:00,85.59707070707071,0.09000000000000341,session-1784036780900-38r373,filtertrack-samples4.csv,347.0
2026-07-14 13:46:09+00:00,85.58545454545455,0.08500000000000085,session-1784036780900-38r373,filtertrack-samples4.csv,348.0
2026-07-14 13:46:10+00:00,85.57610000000003,0.06999999999999318,session-1784036780900-38r373,filtertrack-samples4.csv,349.0
2026-07-14 13:46:11+00:00,85.56110000000001,0.06499999999999773,session-1784036780900-38r373,filtertrack-samples4.csv,350.0
2026-07-14 13:46:12+00:00,85.56755102040815,0.07000000000000028,session-1784036780900-38r373,filtertrack-samples4.csv,351.0
2026-07-14 13:46:13+00:00,85.58867346938774,0.060000000000002274,session-1784036780900-38r373,filtertrack-samples4.csv,352.0
2026-07-14 13:46:14+00:00,85.5919587628866,0.0800000000000054,session-1784036780900-38r373,filtertrack-samples4.csv,353.0
2026-07-14 13:46:15+00:00,85.5758762886598,0.07000000000000739,session-1784036780900-38r373,filtertrack-samples4.csv,354.0
2026-07-14 13:46:16+00:00,85.55999999999997,0.07000000000000739,session-1784036780900-38r373,filtertrack-samples4.csv,355.0
2026-07-14 13:46:17+00:00,85.55783505154639,0.07000000000000739,session-1784036780900-38r373,filtertrack-samples4.csv,356.0
2026-07-14 13:46:18+00:00,85.57315789473684,0.09000000000000341,session-1784036780900-38r373,filtertrack-samples4.csv,357.0
2026-07-14 13:46:19+00:00,85.57573033707865,0.09000000000000341,session-1784036780900-38r373,filtertrack-samples4.csv,358.0
2026-07-14 13:46:20+00:00,85.58089743589741,0.09000000000000341,session-1784036780900-38r373,filtertrack-samples4.csv,359.0
2026-07-14 13:46:21+00:00,85.59550724637678,0.09000000000000341,session-1784036780900-38r373,filtertrack-samples4.csv,360.0
2026-07-14 13:46:22+00:00,85.58704918032782,0.09000000000000341,session-1784036780900-38r373,filtertrack-samples4.csv,361.0
2026-07-14 13:46:23+00:00,85.57862745098038,0.09999999999999432,session-1784036780900-38r373,filtertrack-samples4.csv,362.0
